filename,fold,true_label,pred_label,true_probability,pred_probability,confidence,margin,is_error
02122.jpg,3,乱堆,乱堆,0.4601622223854065,0.4601622223854065,0.4601622223854065,0.16080203652381897,False
00020.jpg,3,有漂浮物,乱占,0.27625134587287903,0.5198994278907776,0.5198994278907776,0.24364808201789856,True
02061.jpg,2,乱堆,乱堆,0.6004545092582703,0.6004545092582703,0.6004545092582703,0.29771509766578674,False
02124.jpg,1,乱采,乱采,0.6526600122451782,0.6526600122451782,0.6526600122451782,0.41244255006313324,False
02073.jpg,2,乱占,乱占,0.7023683190345764,0.7023683190345764,0.7023683190345764,0.5772374272346497,False
02090.jpg,0,乱占,乱占,0.7297203540802002,0.7297203540802002,0.7297203540802002,0.4687671661376953,False
02060.jpg,1,乱堆,乱堆,0.7459418177604675,0.7459418177604675,0.7459418177604675,0.5106470733880997,False
00779.jpg,0,有漂浮物,有漂浮物,0.749495267868042,0.749495267868042,0.749495267868042,0.5122701823711395,False
02489.jpg,3,乱建,有漂浮物,0.14298489689826965,0.753589928150177,0.753589928150177,0.6106050312519073,True
02138.jpg,0,乱堆,乱堆,0.7659466862678528,0.7659466862678528,0.7659466862678528,0.5406361222267151,False
02086.jpg,0,乱占,乱占,0.7741653323173523,0.7741653323173523,0.7741653323173523,0.5616919547319412,False
00633.jpg,0,有漂浮物,有漂浮物,0.7747334837913513,0.7747334837913513,0.7747334837913513,0.553633987903595,False
02056.jpg,1,乱采,乱采,0.7802644968032837,0.7802644968032837,0.7802644968032837,0.6752841025590897,False
02136.jpg,2,乱占,乱占,0.7943831086158752,0.7943831086158752,0.7943831086158752,0.6490780413150787,False
00756.jpg,3,有漂浮物,有漂浮物,0.8023764491081238,0.8023764491081238,0.8023764491081238,0.6563598215579987,False
02093.jpg,3,乱采,乱采,0.8040540218353271,0.8040540218353271,0.8040540218353271,0.7060816064476967,False
00086.jpg,0,有漂浮物,有漂浮物,0.8106648921966553,0.8106648921966553,0.8106648921966553,0.634143739938736,False
02077.jpg,2,乱占,乱占,0.8109530806541443,0.8109530806541443,0.8109530806541443,0.623530387878418,False
02062.jpg,3,乱占,有漂浮物,0.14055266976356506,0.8151684999465942,0.8151684999465942,0.6746158301830292,True
02089.jpg,3,乱占,有漂浮物,0.16680340468883514,0.817834198474884,0.817834198474884,0.6510307937860489,True
02045.jpg,2,乱占,乱占,0.8243810534477234,0.8243810534477234,0.8243810534477234,0.7452096417546272,False
02088.jpg,2,乱占,乱占,0.8291941285133362,0.8291941285133362,0.8291941285133362,0.7150963470339775,False
00114.jpg,3,正常,有漂浮物,0.02587725967168808,0.8331868052482605,0.8331868052482605,0.7027660757303238,True
02085.jpg,0,乱占,有漂浮物,0.15167319774627686,0.8393818140029907,0.8393818140029907,0.6877086162567139,True
02091.jpg,1,乱占,乱占,0.8465138673782349,0.8465138673782349,0.8465138673782349,0.6995553970336914,False
02094.jpg,0,乱采,乱采,0.8799764513969421,0.8799764513969421,0.8799764513969421,0.7620419412851334,False
00098.jpg,2,有漂浮物,有漂浮物,0.8867762684822083,0.8867762684822083,0.8867762684822083,0.788681648671627,False
02092.jpg,2,乱采,乱采,0.8948517441749573,0.8948517441749573,0.8948517441749573,0.8376353085041046,False
02082.jpg,3,乱占,乱占,0.8956058621406555,0.8956058621406555,0.8956058621406555,0.7943335622549057,False
00498.jpg,0,有漂浮物,有漂浮物,0.897280216217041,0.897280216217041,0.897280216217041,0.8208797127008438,False
00125.jpg,0,有漂浮物,有漂浮物,0.9003708958625793,0.9003708958625793,0.9003708958625793,0.8471377231180668,False
02055.jpg,1,乱采,乱采,0.9112449884414673,0.9112449884414673,0.9112449884414673,0.8450409471988678,False
00144.jpg,2,有漂浮物,有漂浮物,0.9157387018203735,0.9157387018203735,0.9157387018203735,0.8596528060734272,False
02074.jpg,3,乱占,乱占,0.917474091053009,0.917474091053009,0.917474091053009,0.8356450498104095,False
02053.jpg,0,乱采,乱采,0.9226198196411133,0.9226198196411133,0.9226198196411133,0.8535291031002998,False
02139.jpg,1,乱堆,乱堆,0.9237604737281799,0.9237604737281799,0.9237604737281799,0.851335272192955,False
02044.jpg,2,乱占,有漂浮物,0.06498420983552933,0.9242008328437805,0.9242008328437805,0.8592166230082512,True
00781.jpg,0,有漂浮物,有漂浮物,0.9272929430007935,0.9272929430007935,0.9272929430007935,0.8599723130464554,False
02075.jpg,0,乱占,乱占,0.9300834536552429,0.9300834536552429,0.9300834536552429,0.8697625584900379,False
00546.jpg,0,有漂浮物,有漂浮物,0.9335198998451233,0.9335198998451233,0.9335198998451233,0.9012631326913834,False
02054.jpg,0,乱采,乱采,0.9373688697814941,0.9373688697814941,0.9373688697814941,0.8965640775859356,False
02129.jpg,1,乱占,乱占,0.9408438801765442,0.9408438801765442,0.9408438801765442,0.9040772840380669,False
00586.jpg,0,有漂浮物,有漂浮物,0.941912829875946,0.941912829875946,0.941912829875946,0.8866906389594078,False
02128.jpg,3,乱占,乱占,0.9427231550216675,0.9427231550216675,0.9427231550216675,0.893514234572649,False
00092.jpg,2,有漂浮物,有漂浮物,0.9435901641845703,0.9435901641845703,0.9435901641845703,0.8963326178491116,False
02101.jpg,1,乱堆,乱堆,0.9481984376907349,0.9481984376907349,0.9481984376907349,0.9171326607465744,False
02067.jpg,0,乱采,乱采,0.9508641362190247,0.9508641362190247,0.9508641362190247,0.9173272959887981,False
02126.jpg,3,乱采,乱采,0.9544209241867065,0.9544209241867065,0.9544209241867065,0.9302221946418285,False
00106.jpg,2,有漂浮物,有漂浮物,0.95561683177948,0.95561683177948,0.95561683177948,0.9132593050599098,False
02063.jpg,0,乱采,乱采,0.9567692279815674,0.9567692279815674,0.9567692279815674,0.9320566542446613,False
00956.jpg,1,有漂浮物,有漂浮物,0.9581723213195801,0.9581723213195801,0.9581723213195801,0.9315947759896517,False
02058.jpg,3,乱占,乱占,0.9590743184089661,0.9590743184089661,0.9590743184089661,0.9296279642730951,False
00157.jpg,0,有漂浮物,有漂浮物,0.9596432447433472,0.9596432447433472,0.9596432447433472,0.9347594231367111,False
01220.jpg,0,有漂浮物,有漂浮物,0.961031973361969,0.961031973361969,0.961031973361969,0.9232465364038944,False
02486.jpg,1,乱建,乱占,0.01859263889491558,0.9625087380409241,0.9625087380409241,0.9439160991460085,True
00113.jpg,0,有漂浮物,有漂浮物,0.962755024433136,0.962755024433136,0.962755024433136,0.9321258347481489,False
00784.jpg,0,有漂浮物,有漂浮物,0.9642982482910156,0.9642982482910156,0.9642982482910156,0.9310592152178288,False
00628.jpg,0,有漂浮物,有漂浮物,0.9650977253913879,0.9650977253913879,0.9650977253913879,0.9351098295301199,False
02049.jpg,1,乱占,乱占,0.9655782580375671,0.9655782580375671,0.9655782580375671,0.9447857569903135,False
02071.jpg,0,乱采,乱采,0.9659038186073303,0.9659038186073303,0.9659038186073303,0.9320686161518097,False
00021.jpg,0,有漂浮物,有漂浮物,0.9665384888648987,0.9665384888648987,0.9665384888648987,0.9537502517923713,False
02095.jpg,1,乱采,乱采,0.9666067957878113,0.9666067957878113,0.9666067957878113,0.9402238558977842,False
00153.jpg,2,有漂浮物,有漂浮物,0.9668684601783752,0.9668684601783752,0.9668684601783752,0.9343605190515518,False
00085.jpg,3,有漂浮物,有漂浮物,0.9708134531974792,0.9708134531974792,0.9708134531974792,0.9580810526385903,False
02068.jpg,1,乱采,乱采,0.9737966656684875,0.9737966656684875,0.9737966656684875,0.9480478148907423,False
00751.jpg,0,有漂浮物,有漂浮物,0.9739612936973572,0.9739612936973572,0.9739612936973572,0.9502363298088312,False
00955.jpg,0,有漂浮物,有漂浮物,0.9740173816680908,0.9740173816680908,0.9740173816680908,0.9494379609823227,False
00192.jpg,1,有漂浮物,有漂浮物,0.9742038249969482,0.9742038249969482,0.9742038249969482,0.9545925818383694,False
02137.jpg,3,乱占,乱占,0.9743209481239319,0.9743209481239319,0.9743209481239319,0.950113208964467,False
02076.jpg,1,乱占,乱占,0.974859356880188,0.974859356880188,0.974859356880188,0.9669051617383957,False
02079.jpg,0,乱占,乱占,0.9748883247375488,0.9748883247375488,0.9748883247375488,0.9595445236191154,False
01213.jpg,0,有漂浮物,有漂浮物,0.9750908613204956,0.9750908613204956,0.9750908613204956,0.951551977545023,False
02487.jpg,2,乱建,有漂浮物,0.005493402015417814,0.9757781028747559,0.9757781028747559,0.963166686706245,True
00118.jpg,2,有漂浮物,有漂浮物,0.976344883441925,0.976344883441925,0.976344883441925,0.956473421305418,False
00026.jpg,0,有漂浮物,有漂浮物,0.9763922691345215,0.9763922691345215,0.9763922691345215,0.9623349709436297,False
00618.jpg,0,有漂浮物,有漂浮物,0.9768124222755432,0.9768124222755432,0.9768124222755432,0.9570813439786434,False
00535.jpg,0,有漂浮物,有漂浮物,0.9772329926490784,0.9772329926490784,0.9772329926490784,0.9690543841570616,False
00639.jpg,0,有漂浮物,有漂浮物,0.977342963218689,0.977342963218689,0.977342963218689,0.9631961965933442,False
00064.jpg,2,正常,有漂浮物,0.0026608684565871954,0.97740638256073,0.97740638256073,0.9649606579914689,True
02078.jpg,3,乱占,乱占,0.9778242707252502,0.9778242707252502,0.9778242707252502,0.9572809264063835,False
00148.jpg,2,有漂浮物,有漂浮物,0.9781386256217957,0.9781386256217957,0.9781386256217957,0.9571321420371532,False
02135.jpg,1,乱占,乱占,0.9786435961723328,0.9786435961723328,0.9786435961723328,0.9646776039153337,False
02065.jpg,2,乱采,乱采,0.9798293113708496,0.9798293113708496,0.9798293113708496,0.9662260543555021,False
00138.jpg,1,有漂浮物,有漂浮物,0.9805482625961304,0.9805482625961304,0.9805482625961304,0.9733765595592558,False
00137.jpg,0,有漂浮物,有漂浮物,0.980582058429718,0.980582058429718,0.980582058429718,0.9686531275510788,False
01222.jpg,0,有漂浮物,有漂浮物,0.9806671142578125,0.9806671142578125,0.9806671142578125,0.970591600984335,False
00197.jpg,2,有漂浮物,有漂浮物,0.9811842441558838,0.9811842441558838,0.9811842441558838,0.9654636569321156,False
00071.jpg,0,有漂浮物,有漂浮物,0.9815291166305542,0.9815291166305542,0.9815291166305542,0.9668653979897499,False
00709.jpg,2,有漂浮物,有漂浮物,0.9816488027572632,0.9816488027572632,0.9816488027572632,0.9679037509486079,False
00755.jpg,2,有漂浮物,有漂浮物,0.9819598197937012,0.9819598197937012,0.9819598197937012,0.971988563425839,False
02069.jpg,2,乱采,乱采,0.9826925992965698,0.9826925992965698,0.9826925992965698,0.9661922380328178,False
00103.jpg,3,有漂浮物,有漂浮物,0.9827248454093933,0.9827248454093933,0.9827248454093933,0.9715706733986735,False
00215.jpg,3,有漂浮物,有漂浮物,0.9832437634468079,0.9832437634468079,0.9832437634468079,0.9693616228178144,False
02072.jpg,1,乱占,乱占,0.9834550619125366,0.9834550619125366,0.9834550619125366,0.9679971979930997,False
00204.jpg,0,有漂浮物,有漂浮物,0.9836412668228149,0.9836412668228149,0.9836412668228149,0.9763050461187959,False
02144.jpg,2,乱占,乱占,0.983740508556366,0.983740508556366,0.983740508556366,0.9733848907053471,False
02059.jpg,0,乱占,乱占,0.9840170741081238,0.9840170741081238,0.9840170741081238,0.9777335417456925,False
00025.jpg,0,有漂浮物,有漂浮物,0.9853172898292542,0.9853172898292542,0.9853172898292542,0.9794354476034641,False
00939.jpg,0,有漂浮物,有漂浮物,0.9855256676673889,0.9855256676673889,0.9855256676673889,0.9727508993819356,False
00107.jpg,3,有漂浮物,有漂浮物,0.9857831001281738,0.9857831001281738,0.9857831001281738,0.9739248221740127,False
02048.jpg,0,乱占,乱占,0.9857912063598633,0.9857912063598633,0.9857912063598633,0.9745474644005299,False
00077.jpg,0,有漂浮物,有漂浮物,0.9857949018478394,0.9857949018478394,0.9857949018478394,0.979338139295578,False
01207.jpg,0,有漂浮物,有漂浮物,0.9867074489593506,0.9867074489593506,0.9867074489593506,0.9742212668061256,False
00758.jpg,1,有漂浮物,有漂浮物,0.9867881536483765,0.9867881536483765,0.9867881536483765,0.980312249623239,False
02098.jpg,0,乱堆,乱堆,0.9868287444114685,0.9868287444114685,0.9868287444114685,0.97840282227844,False
00582.jpg,0,有漂浮物,有漂浮物,0.9870065450668335,0.9870065450668335,0.9870065450668335,0.9748497642576694,False
02052.jpg,3,乱采,乱采,0.9870694875717163,0.9870694875717163,0.9870694875717163,0.979538637213409,False
02070.jpg,3,乱采,乱采,0.9871525168418884,0.9871525168418884,0.9871525168418884,0.9746530754491687,False
00805.jpg,1,有漂浮物,有漂浮物,0.9873321652412415,0.9873321652412415,0.9873321652412415,0.9749034876003861,False
02057.jpg,2,乱采,乱采,0.9873766899108887,0.9873766899108887,0.9873766899108887,0.9787965845316648,False
00206.jpg,3,有漂浮物,有漂浮物,0.9876246452331543,0.9876246452331543,0.9876246452331543,0.982225080486387,False
00159.jpg,2,有漂浮物,有漂浮物,0.9876669645309448,0.9876669645309448,0.9876669645309448,0.9810880422592163,False
02083.jpg,2,乱占,乱占,0.987779438495636,0.987779438495636,0.987779438495636,0.9785660775378346,False
00205.jpg,1,有漂浮物,有漂浮物,0.9877970814704895,0.9877970814704895,0.9877970814704895,0.9816834782250226,False
00624.jpg,0,有漂浮物,有漂浮物,0.9878051280975342,0.9878051280975342,0.9878051280975342,0.9766805451363325,False
00497.jpg,3,有漂浮物,有漂浮物,0.987866997718811,0.987866997718811,0.987866997718811,0.9796557165682316,False
02108.jpg,0,乱堆,乱堆,0.9878827333450317,0.9878827333450317,0.9878827333450317,0.9813200221396983,False
00791.jpg,2,有漂浮物,有漂浮物,0.9880224466323853,0.9880224466323853,0.9880224466323853,0.9796805437654257,False
02145.jpg,3,乱占,乱占,0.9880262613296509,0.9880262613296509,0.9880262613296509,0.9794363183900714,False
01141.jpg,0,有漂浮物,有漂浮物,0.9880996346473694,0.9880996346473694,0.9880996346473694,0.9825368649326265,False
01011.jpg,0,有漂浮物,有漂浮物,0.9881724715232849,0.9881724715232849,0.9881724715232849,0.9771666899323463,False
00213.jpg,2,有漂浮物,有漂浮物,0.9887329339981079,0.9887329339981079,0.9887329339981079,0.9787173811346292,False
00793.jpg,0,有漂浮物,有漂浮物,0.988764762878418,0.988764762878418,0.988764762878418,0.9843006706796587,False
02087.jpg,1,乱占,乱占,0.9889606833457947,0.9889606833457947,0.9889606833457947,0.9812213713303208,False
00692.jpg,0,有漂浮物,有漂浮物,0.9889969825744629,0.9889969825744629,0.9889969825744629,0.9784928429871798,False
01100.jpg,0,有漂浮物,有漂浮物,0.9890137314796448,0.9890137314796448,0.9890137314796448,0.9812228176742792,False
02084.jpg,3,乱占,乱占,0.9891342520713806,0.9891342520713806,0.9891342520713806,0.9807058954611421,False
01200.jpg,0,有漂浮物,有漂浮物,0.9892783761024475,0.9892783761024475,0.9892783761024475,0.9841924966312945,False
00819.jpg,0,有漂浮物,有漂浮物,0.9893855452537537,0.9893855452537537,0.9893855452537537,0.9818462333641946,False
00494.jpg,0,有漂浮物,有漂浮物,0.9895201921463013,0.9895201921463013,0.9895201921463013,0.9857728444039822,False
02081.jpg,2,乱占,乱占,0.9896275997161865,0.9896275997161865,0.9896275997161865,0.9797587031498551,False
01229.jpg,1,有漂浮物,有漂浮物,0.9896929860115051,0.9896929860115051,0.9896929860115051,0.9822755008935928,False
00008.jpg,0,有漂浮物,有漂浮物,0.9901970624923706,0.9901970624923706,0.9901970624923706,0.9845346985384822,False
02046.jpg,3,乱占,乱占,0.9902575016021729,0.9902575016021729,0.9902575016021729,0.9842325211502612,False
02103.jpg,3,乱堆,乱堆,0.990345299243927,0.990345299243927,0.990345299243927,0.9833247954957187,False
01106.jpg,0,有漂浮物,有漂浮物,0.990400493144989,0.990400493144989,0.990400493144989,0.9825528068467975,False
00945.jpg,0,有漂浮物,有漂浮物,0.9905744194984436,0.9905744194984436,0.9905744194984436,0.9853355935774744,False
02096.jpg,2,乱采,乱采,0.990584135055542,0.990584135055542,0.990584135055542,0.9854812752455473,False
02130.jpg,1,乱占,乱占,0.9908460974693298,0.9908460974693298,0.9908460974693298,0.9863616740331054,False
02100.jpg,0,乱堆,乱堆,0.9908506274223328,0.9908506274223328,0.9908506274223328,0.9875196982175112,False
00528.jpg,0,有漂浮物,有漂浮物,0.9909948706626892,0.9909948706626892,0.9909948706626892,0.9863651413470507,False
01227.jpg,0,有漂浮物,有漂浮物,0.9911404252052307,0.9911404252052307,0.9911404252052307,0.9855605368502438,False
00523.jpg,3,有漂浮物,有漂浮物,0.9911451935768127,0.9911451935768127,0.9911451935768127,0.9828597661107779,False
00087.jpg,1,有漂浮物,有漂浮物,0.9911778569221497,0.9911778569221497,0.9911778569221497,0.9870793907903135,False
01095.jpg,0,有漂浮物,有漂浮物,0.9912262558937073,0.9912262558937073,0.9912262558937073,0.9865954457782209,False
01226.jpg,0,有漂浮物,有漂浮物,0.9912712574005127,0.9912712574005127,0.9912712574005127,0.9865257833153009,False
02140.jpg,2,乱堆,乱堆,0.9912866950035095,0.9912866950035095,0.9912866950035095,0.9828268410637975,False
00757.jpg,0,有漂浮物,乱占,0.004662896040827036,0.9912945628166199,0.9912945628166199,0.9866316667757928,True
02104.jpg,0,乱堆,乱堆,0.9915750622749329,0.9915750622749329,0.9915750622749329,0.9863232565112412,False
02123.jpg,0,乱采,乱采,0.9917839765548706,0.9917839765548706,0.9917839765548706,0.9872134770266712,False
00004.jpg,2,有漂浮物,有漂浮物,0.9918758869171143,0.9918758869171143,0.9918758869171143,0.9862973089329898,False
01239.jpg,0,有漂浮物,有漂浮物,0.9920180439949036,0.9920180439949036,0.9920180439949036,0.9855836648494005,False
02150.jpg,0,乱堆,乱占,0.00035012775333598256,0.9920381307601929,0.9920381307601929,0.9859868241474032,True
02488.jpg,2,乱建,有漂浮物,0.006501275114715099,0.9923486709594727,0.9923486709594727,0.9858473958447576,True
00123.jpg,3,有漂浮物,有漂浮物,0.9923598170280457,0.9923598170280457,0.9923598170280457,0.9878746545873582,False
01093.jpg,2,有漂浮物,有漂浮物,0.9925605654716492,0.9925605654716492,0.9925605654716492,0.9890397717244923,False
00053.jpg,1,有漂浮物,有漂浮物,0.9927036762237549,0.9927036762237549,0.9927036762237549,0.9905321456026286,False
00196.jpg,1,有漂浮物,有漂浮物,0.9928910732269287,0.9928910732269287,0.9928910732269287,0.9878993844613433,False
00548.jpg,2,有漂浮物,有漂浮物,0.9931822419166565,0.9931822419166565,0.9931822419166565,0.9867997993715107,False
02134.jpg,0,乱占,乱占,0.9931928515434265,0.9931928515434265,0.9931928515434265,0.9902406078763306,False
02107.jpg,3,乱堆,乱堆,0.9932667016983032,0.9932667016983032,0.9932667016983032,0.9880072204396129,False
01091.jpg,0,有漂浮物,有漂浮物,0.9933852553367615,0.9933852553367615,0.9933852553367615,0.9897318861912936,False
00651.jpg,0,有漂浮物,有漂浮物,0.9934176206588745,0.9934176206588745,0.9934176206588745,0.9877423848956823,False
01243.jpg,0,有漂浮物,有漂浮物,0.9934440851211548,0.9934440851211548,0.9934440851211548,0.9894470502622426,False
02143.jpg,1,乱占,乱占,0.9936662316322327,0.9936662316322327,0.9936662316322327,0.9908478381112218,False
00158.jpg,1,有漂浮物,有漂浮物,0.9939875602722168,0.9939875602722168,0.9939875602722168,0.9917573067359626,False
00070.jpg,3,有漂浮物,有漂浮物,0.9941011071205139,0.9941011071205139,0.9941011071205139,0.9883774248883128,False
00031.jpg,0,有漂浮物,有漂浮物,0.9941493272781372,0.9941493272781372,0.9941493272781372,0.9913046713918447,False
02142.jpg,0,乱堆,乱堆,0.9942394495010376,0.9942394495010376,0.9942394495010376,0.9916339037008584,False
01125.jpg,0,有漂浮物,有漂浮物,0.9943044781684875,0.9943044781684875,0.9943044781684875,0.992179830558598,False
02109.jpg,3,乱堆,乱堆,0.994341254234314,0.994341254234314,0.994341254234314,0.989347763825208,False
02125.jpg,2,乱采,乱采,0.9943612813949585,0.9943612813949585,0.9943612813949585,0.9892692007124424,False
00629.jpg,1,有漂浮物,有漂浮物,0.994415283203125,0.994415283203125,0.994415283203125,0.9903114540502429,False
00203.jpg,3,有漂浮物,有漂浮物,0.994515061378479,0.994515061378479,0.994515061378479,0.992530379910022,False
00923.jpg,0,有漂浮物,有漂浮物,0.9946395754814148,0.9946395754814148,0.9946395754814148,0.9903336265124381,False
00030.jpg,3,有漂浮物,有漂浮物,0.9947357773780823,0.9947357773780823,0.9947357773780823,0.9913803383242339,False
00547.jpg,0,有漂浮物,有漂浮物,0.9949324727058411,0.9949324727058411,0.9949324727058411,0.9919401968363672,False
00028.jpg,2,有漂浮物,有漂浮物,0.9949333071708679,0.9949333071708679,0.9949333071708679,0.9909556098282337,False
02148.jpg,2,乱占,乱占,0.9949465394020081,0.9949465394020081,0.9949465394020081,0.9921641934197396,False
02099.jpg,1,乱堆,乱堆,0.994958221912384,0.994958221912384,0.994958221912384,0.9912441659253091,False
00039.jpg,0,有漂浮物,有漂浮物,0.994968831539154,0.994968831539154,0.994968831539154,0.9914463816676289,False
01004.jpg,0,有漂浮物,有漂浮物,0.9950963854789734,0.9950963854789734,0.9950963854789734,0.990581716876477,False
02050.jpg,2,乱占,乱占,0.9951668977737427,0.9951668977737427,0.9951668977737427,0.9922927895095199,False
01108.jpg,0,有漂浮物,有漂浮物,0.9951752424240112,0.9951752424240112,0.9951752424240112,0.9917903400491923,False
01232.jpg,0,有漂浮物,有漂浮物,0.9952141046524048,0.9952141046524048,0.9952141046524048,0.991408207686618,False
00054.jpg,2,有漂浮物,有漂浮物,0.9953238368034363,0.9953238368034363,0.9953238368034363,0.9919334661681205,False
02141.jpg,3,乱堆,乱堆,0.9953913688659668,0.9953913688659668,0.9953913688659668,0.991018577478826,False
00583.jpg,1,有漂浮物,有漂浮物,0.9953979849815369,0.9953979849815369,0.9953979849815369,0.9934346843510866,False
00747.jpg,0,有漂浮物,有漂浮物,0.9954584836959839,0.9954584836959839,0.9954584836959839,0.992049393011257,False
00091.jpg,1,有漂浮物,有漂浮物,0.9956759810447693,0.9956759810447693,0.9956759810447693,0.9943613723153248,False
01237.jpg,1,有漂浮物,有漂浮物,0.9957636594772339,0.9957636594772339,0.9957636594772339,0.99304751586169,False
00119.jpg,3,有漂浮物,有漂浮物,0.9958413243293762,0.9958413243293762,0.9958413243293762,0.993522436125204,False
00017.jpg,0,有漂浮物,有漂浮物,0.9958527088165283,0.9958527088165283,0.9958527088165283,0.9938808237202466,False
00225.jpg,2,有漂浮物,有漂浮物,0.9958738684654236,0.9958738684654236,0.9958738684654236,0.9923257639165968,False
02047.jpg,2,乱占,乱占,0.9959548711776733,0.9959548711776733,0.9959548711776733,0.9923421193379909,False
00783.jpg,3,有漂浮物,有漂浮物,0.9960198998451233,0.9960198998451233,0.9960198998451233,0.9925040444359183,False
02149.jpg,3,乱占,乱占,0.9960241317749023,0.9960241317749023,0.9960241317749023,0.9942971942946315,False
00790.jpg,1,有漂浮物,有漂浮物,0.9960599541664124,0.9960599541664124,0.9960599541664124,0.9924234803766012,False
00640.jpg,1,有漂浮物,有漂浮物,0.9960722923278809,0.9960722923278809,0.9960722923278809,0.9922369851265103,False
00944.jpg,0,有漂浮物,有漂浮物,0.9960973858833313,0.9960973858833313,0.9960973858833313,0.9938004422001541,False
02066.jpg,3,乱采,乱采,0.9961137771606445,0.9961137771606445,0.9961137771606445,0.9948624884709716,False
01157.jpg,0,有漂浮物,有漂浮物,0.9961138963699341,0.9961138963699341,0.9961138963699341,0.9939874599222094,False
01189.jpg,0,有漂浮物,有漂浮物,0.9962154030799866,0.9962154030799866,0.9962154030799866,0.9944948678603396,False
00444.jpg,0,有漂浮物,有漂浮物,0.9962208867073059,0.9962208867073059,0.9962208867073059,0.9928587968461215,False
01228.jpg,0,有漂浮物,有漂浮物,0.996337890625,0.996337890625,0.996337890625,0.9946798294549808,False
01225.jpg,0,有漂浮物,有漂浮物,0.9964382648468018,0.9964382648468018,0.9964382648468018,0.9946799718309194,False
02110.jpg,1,乱堆,乱堆,0.9964635968208313,0.9964635968208313,0.9964635968208313,0.9951075100107118,False
00042.jpg,3,有漂浮物,有漂浮物,0.9965026378631592,0.9965026378631592,0.9965026378631592,0.9938629569951445,False
00707.jpg,1,有漂浮物,有漂浮物,0.9965187311172485,0.9965187311172485,0.9965187311172485,0.9936167295090854,False
00049.jpg,1,有漂浮物,有漂浮物,0.9965386390686035,0.9965386390686035,0.9965386390686035,0.9953098297119141,False
00231.jpg,0,有漂浮物,有漂浮物,0.9966450333595276,0.9966450333595276,0.9966450333595276,0.9940862015355378,False
00084.jpg,2,有漂浮物,有漂浮物,0.9966895580291748,0.9966895580291748,0.9966895580291748,0.9943061040248722,False
00916.jpg,1,有漂浮物,有漂浮物,0.9967036843299866,0.9967036843299866,0.9967036843299866,0.9936018534936011,False
00187.jpg,0,有漂浮物,有漂浮物,0.996752142906189,0.996752142906189,0.996752142906189,0.99580701533705,False
00202.jpg,2,有漂浮物,有漂浮物,0.9967994689941406,0.9967994689941406,0.9967994689941406,0.995947243005503,False
00521.jpg,1,有漂浮物,有漂浮物,0.9968307614326477,0.9968307614326477,0.9968307614326477,0.995244751102291,False
00199.jpg,3,有漂浮物,有漂浮物,0.9968583583831787,0.9968583583831787,0.9968583583831787,0.9954085875069723,False
00009.jpg,2,有漂浮物,有漂浮物,0.9968844056129456,0.9968844056129456,0.9968844056129456,0.9959465085994452,False
01126.jpg,1,有漂浮物,有漂浮物,0.9968846440315247,0.9968846440315247,0.9968846440315247,0.995821867370978,False
01185.jpg,0,有漂浮物,有漂浮物,0.996915340423584,0.996915340423584,0.996915340423584,0.9939222207758576,False
00058.jpg,2,有漂浮物,有漂浮物,0.9969396591186523,0.9969396591186523,0.9969396591186523,0.9957882133312523,False
00529.jpg,1,有漂浮物,有漂浮物,0.9969902038574219,0.9969902038574219,0.9969902038574219,0.994498313171789,False
00182.jpg,0,有漂浮物,有漂浮物,0.9969923496246338,0.9969923496246338,0.9969923496246338,0.9945041013415903,False
01174.jpg,1,有漂浮物,有漂浮物,0.9970037341117859,0.9970037341117859,0.9970037341117859,0.9953798308270052,False
01092.jpg,1,有漂浮物,有漂浮物,0.9971049427986145,0.9971049427986145,0.9971049427986145,0.9952771699754521,False
00780.jpg,1,有漂浮物,有漂浮物,0.9971269965171814,0.9971269965171814,0.9971269965171814,0.9952319315634668,False
00055.jpg,3,有漂浮物,有漂浮物,0.99714595079422,0.99714595079422,0.99714595079422,0.9955656242091209,False
00880.jpg,0,有漂浮物,有漂浮物,0.9971803426742554,0.9971803426742554,0.9971803426742554,0.9944603347685188,False
00609.jpg,0,有漂浮物,有漂浮物,0.9972656965255737,0.9972656965255737,0.9972656965255737,0.9950411601457745,False
02147.jpg,1,乱占,乱占,0.9972934126853943,0.9972934126853943,0.9972934126853943,0.995768942986615,False
01046.jpg,0,有漂浮物,有漂浮物,0.9972938895225525,0.9972938895225525,0.9972938895225525,0.9948672901373357,False
00183.jpg,1,有漂浮物,有漂浮物,0.997305154800415,0.997305154800415,0.997305154800415,0.9960645441897213,False
00661.jpg,2,有漂浮物,有漂浮物,0.9973095655441284,0.9973095655441284,0.9973095655441284,0.9948162680957466,False
00211.jpg,0,有漂浮物,有漂浮物,0.9973106384277344,0.9973106384277344,0.9973106384277344,0.9963215319439769,False
00115.jpg,0,有漂浮物,有漂浮物,0.9973257780075073,0.9973257780075073,0.9973257780075073,0.9957952920813113,False
00131.jpg,1,有漂浮物,有漂浮物,0.9973397850990295,0.9973397850990295,0.9973397850990295,0.9963848198531196,False
00911.jpg,0,有漂浮物,有漂浮物,0.9973425269126892,0.9973425269126892,0.9973425269126892,0.995375390863046,False
00987.jpg,0,有漂浮物,有漂浮物,0.9973541498184204,0.9973541498184204,0.9973541498184204,0.9949638603720814,False
00953.jpg,1,有漂浮物,有漂浮物,0.9973948001861572,0.9973948001861572,0.9973948001861572,0.9956697029992938,False
00000.jpg,0,有漂浮物,有漂浮物,0.9974506497383118,0.9974506497383118,0.9974506497383118,0.996687711798586,False
00178.jpg,0,有漂浮物,有漂浮物,0.9974856376647949,0.9974856376647949,0.9974856376647949,0.9958321381127462,False
00563.jpg,0,有漂浮物,有漂浮物,0.9974926710128784,0.9974926710128784,0.9974926710128784,0.9964779438450933,False
01203.jpg,0,有漂浮物,有漂浮物,0.9975119829177856,0.9975119829177856,0.9975119829177856,0.9958389481762424,False
00840.jpg,0,有漂浮物,有漂浮物,0.9975333213806152,0.9975333213806152,0.9975333213806152,0.9951762168202549,False
00940.jpg,1,有漂浮物,有漂浮物,0.9975354671478271,0.9975354671478271,0.9975354671478271,0.9956507018068805,False
00797.jpg,0,有漂浮物,有漂浮物,0.9975469708442688,0.9975469708442688,0.9975469708442688,0.9951990235131234,False
00741.jpg,0,有漂浮物,有漂浮物,0.9975480437278748,0.9975480437278748,0.9975480437278748,0.995368046220392,False
00520.jpg,0,有漂浮物,有漂浮物,0.9975615739822388,0.9975615739822388,0.9975615739822388,0.996394689544104,False
00626.jpg,2,有漂浮物,有漂浮物,0.9975722432136536,0.9975722432136536,0.9975722432136536,0.995394320692867,False
00036.jpg,1,有漂浮物,有漂浮物,0.997591495513916,0.997591495513916,0.997591495513916,0.9959792796289548,False
00646.jpg,0,有漂浮物,有漂浮物,0.997591495513916,0.997591495513916,0.997591495513916,0.9954577414318919,False
00207.jpg,2,有漂浮物,有漂浮物,0.997601330280304,0.997601330280304,0.997601330280304,0.995448192814365,False
02118.jpg,0,乱占,乱占,0.9976603984832764,0.9976603984832764,0.9976603984832764,0.9962485977448523,False
01167.jpg,0,有漂浮物,有漂浮物,0.997681736946106,0.997681736946106,0.997681736946106,0.9966747155413032,False
01230.jpg,2,有漂浮物,有漂浮物,0.9976855516433716,0.9976855516433716,0.9976855516433716,0.9962764700176194,False
02111.jpg,2,正常,乱堆,9.33039264054969e-05,0.9976980090141296,0.9976980090141296,0.9962363505037501,True
00522.jpg,2,有漂浮物,有漂浮物,0.9977495074272156,0.9977495074272156,0.9977495074272156,0.9967969447025098,False
02064.jpg,1,乱采,乱采,0.99776291847229,0.99776291847229,0.99776291847229,0.9969433493097313,False
00032.jpg,1,有漂浮物,有漂浮物,0.9977813363075256,0.9977813363075256,0.9977813363075256,0.9967907961690798,False
00083.jpg,2,有漂浮物,有漂浮物,0.9977847933769226,0.9977847933769226,0.9977847933769226,0.9959504079306498,False
00150.jpg,3,有漂浮物,有漂浮物,0.9977927207946777,0.9977927207946777,0.9977927207946777,0.9967687277821824,False
01001.jpg,0,有漂浮物,有漂浮物,0.9978331923484802,0.9978331923484802,0.9978331923484802,0.9957986443769187,False
00209.jpg,0,有漂浮物,有漂浮物,0.9978647828102112,0.9978647828102112,0.9978647828102112,0.9963630880229175,False
02132.jpg,0,乱占,乱占,0.9978916049003601,0.9978916049003601,0.9978916049003601,0.9970283883740194,False
01193.jpg,0,有漂浮物,有漂浮物,0.9978922009468079,0.9978922009468079,0.9978922009468079,0.9968314622528851,False
00623.jpg,1,有漂浮物,有漂浮物,0.9979362487792969,0.9979362487792969,0.9979362487792969,0.996385260252282,False
00557.jpg,0,有漂浮物,有漂浮物,0.9979389309883118,0.9979389309883118,0.9979389309883118,0.9967941832728684,False
00232.jpg,1,有漂浮物,有漂浮物,0.9979580640792847,0.9979580640792847,0.9979580640792847,0.9969893528614193,False
00650.jpg,3,有漂浮物,有漂浮物,0.9979612827301025,0.9979612827301025,0.9979612827301025,0.995983291650191,False
02117.jpg,3,乱占,乱占,0.9979641437530518,0.9979641437530518,0.9979641437530518,0.9964081812649965,False
00754.jpg,1,有漂浮物,有漂浮物,0.9979830980300903,0.9979830980300903,0.9979830980300903,0.997240342781879,False
02080.jpg,1,乱占,乱占,0.9979907274246216,0.9979907274246216,0.9979907274246216,0.9963794407667592,False
00037.jpg,2,有漂浮物,有漂浮物,0.9980058073997498,0.9980058073997498,0.9980058073997498,0.9968632168602198,False
00789.jpg,0,有漂浮物,有漂浮物,0.9980531930923462,0.9980531930923462,0.9980531930923462,0.9961748013738543,False
01190.jpg,1,有漂浮物,有漂浮物,0.9980629086494446,0.9980629086494446,0.9980629086494446,0.9965297951130196,False
00161.jpg,3,有漂浮物,有漂浮物,0.9980986714363098,0.9980986714363098,0.9980986714363098,0.9963630597339943,False
02114.jpg,0,乱占,乱占,0.9981082677841187,0.9981082677841187,0.9981082677841187,0.9971600040444173,False
00753.jpg,1,有漂浮物,有漂浮物,0.9981162548065186,0.9981162548065186,0.9981162548065186,0.9968125047162175,False
00109.jpg,1,有漂浮物,有漂浮物,0.9981507658958435,0.9981507658958435,0.9981507658958435,0.997070936835371,False
01165.jpg,2,有漂浮物,有漂浮物,0.9981531500816345,0.9981531500816345,0.9981531500816345,0.9966583380009979,False
01136.jpg,0,有漂浮物,有漂浮物,0.9981560111045837,0.9981560111045837,0.9981560111045837,0.997474302421324,False
00170.jpg,2,有漂浮物,有漂浮物,0.998162567615509,0.998162567615509,0.998162567615509,0.996823268244043,False
00121.jpg,1,有漂浮物,有漂浮物,0.9981714487075806,0.9981714487075806,0.9981714487075806,0.9965089161414653,False
01127.jpg,1,有漂浮物,有漂浮物,0.9981739521026611,0.9981739521026611,0.9981739521026611,0.9974567185272463,False
00102.jpg,2,有漂浮物,有漂浮物,0.9981861710548401,0.9981861710548401,0.9981861710548401,0.997275943052955,False
00761.jpg,0,有漂浮物,有漂浮物,0.9981983304023743,0.9981983304023743,0.9981983304023743,0.9966769411694258,False
02146.jpg,0,乱占,乱占,0.9982190728187561,0.9982190728187561,0.9982190728187561,0.9974725054926239,False
00074.jpg,2,有漂浮物,有漂浮物,0.998219907283783,0.998219907283783,0.998219907283783,0.9967496083118021,False
00915.jpg,0,有漂浮物,有漂浮物,0.9982663989067078,0.9982663989067078,0.9982663989067078,0.9972935958066955,False
01087.jpg,2,有漂浮物,有漂浮物,0.9982768297195435,0.9982768297195435,0.9982768297195435,0.9965860814554617,False
00184.jpg,2,有漂浮物,有漂浮物,0.9982838034629822,0.9982838034629822,0.9982838034629822,0.9967822114704177,False
00785.jpg,2,有漂浮物,有漂浮物,0.9983031749725342,0.9983031749725342,0.9983031749725342,0.9972451037028804,False
01234.jpg,1,有漂浮物,有漂浮物,0.9983116388320923,0.9983116388320923,0.9983116388320923,0.9973905656370334,False
01088.jpg,2,有漂浮物,有漂浮物,0.9983160495758057,0.9983160495758057,0.9983160495758057,0.9966979292221367,False
01133.jpg,1,有漂浮物,有漂浮物,0.9983218312263489,0.9983218312263489,0.9983218312263489,0.9974565541488118,False
01006.jpg,0,有漂浮物,有漂浮物,0.9983219504356384,0.9983219504356384,0.9983219504356384,0.9970921437488869,False
00777.jpg,2,有漂浮物,有漂浮物,0.9983229041099548,0.9983229041099548,0.9983229041099548,0.9969011696521193,False
00669.jpg,2,有漂浮物,有漂浮物,0.9983318448066711,0.9983318448066711,0.9983318448066711,0.9971571967471391,False
00495.jpg,1,有漂浮物,有漂浮物,0.9983324408531189,0.9983324408531189,0.9983324408531189,0.9974805696401745,False
00075.jpg,1,有漂浮物,有漂浮物,0.9983502626419067,0.9983502626419067,0.9983502626419067,0.9973999147186987,False
00133.jpg,1,有漂浮物,有漂浮物,0.9983595013618469,0.9983595013618469,0.9983595013618469,0.99737321480643,False
01164.jpg,1,有漂浮物,有漂浮物,0.9983684420585632,0.9983684420585632,0.9983684420585632,0.9972713689785451,False
00142.jpg,1,有漂浮物,有漂浮物,0.9983760118484497,0.9983760118484497,0.9983760118484497,0.9977367144892924,False
02119.jpg,0,乱占,乱占,0.9983811378479004,0.9983811378479004,0.9983811378479004,0.9970363022293895,False
00773.jpg,2,有漂浮物,有漂浮物,0.9983919262886047,0.9983919262886047,0.9983919262886047,0.9969794353237376,False
00889.jpg,1,有漂浮物,有漂浮物,0.9983981251716614,0.9983981251716614,0.9983981251716614,0.9973502367502078,False
00969.jpg,0,有漂浮物,有漂浮物,0.9984022974967957,0.9984022974967957,0.9984022974967957,0.997177186771296,False
00656.jpg,1,有漂浮物,有漂浮物,0.9984025359153748,0.9984025359153748,0.9984025359153748,0.9975346500286832,False
01146.jpg,0,有漂浮物,有漂浮物,0.9984079003334045,0.9984079003334045,0.9984079003334045,0.9974368577240966,False
00771.jpg,0,有漂浮物,有漂浮物,0.9984126091003418,0.9984126091003418,0.9984126091003418,0.997938433312811,False
01163.jpg,0,有漂浮物,有漂浮物,0.9984235763549805,0.9984235763549805,0.9984235763549805,0.9973253707867116,False
00613.jpg,0,有漂浮物,有漂浮物,0.9984411597251892,0.9984411597251892,0.9984411597251892,0.9973641764372587,False
00625.jpg,1,有漂浮物,有漂浮物,0.998446524143219,0.998446524143219,0.998446524143219,0.997434786404483,False
00667.jpg,0,有漂浮物,有漂浮物,0.998460054397583,0.998460054397583,0.998460054397583,0.9977926324354485,False
00664.jpg,1,有漂浮物,有漂浮物,0.9984623193740845,0.9984623193740845,0.9984623193740845,0.9976820222218521,False
00641.jpg,1,有漂浮物,有漂浮物,0.9984631538391113,0.9984631538391113,0.9984631538391113,0.9969845762243494,False
00029.jpg,3,有漂浮物,有漂浮物,0.9984663724899292,0.9984663724899292,0.9984663724899292,0.997784451872576,False
00683.jpg,0,有漂浮物,有漂浮物,0.9984806180000305,0.9984806180000305,0.9984806180000305,0.9970084980595857,False
00954.jpg,3,有漂浮物,有漂浮物,0.9984835982322693,0.9984835982322693,0.9984835982322693,0.9974618939450011,False
01171.jpg,0,有漂浮物,有漂浮物,0.998496413230896,0.998496413230896,0.998496413230896,0.9978064335882664,False
00802.jpg,0,有漂浮物,有漂浮物,0.9985097050666809,0.9985097050666809,0.9985097050666809,0.9971732068806887,False
00743.jpg,1,有漂浮物,有漂浮物,0.9985418319702148,0.9985418319702148,0.9985418319702148,0.9972118008881807,False
00551.jpg,2,有漂浮物,有漂浮物,0.9985879063606262,0.9985879063606262,0.9985879063606262,0.9976023571798578,False
00214.jpg,2,有漂浮物,有漂浮物,0.9985969662666321,0.9985969662666321,0.9985969662666321,0.9975498921703547,False
01142.jpg,1,有漂浮物,有漂浮物,0.9985973238945007,0.9985973238945007,0.9985973238945007,0.997637412219774,False
01153.jpg,0,有漂浮物,有漂浮物,0.9986051917076111,0.9986051917076111,0.9986051917076111,0.997801581164822,False
00950.jpg,0,有漂浮物,有漂浮物,0.9986063838005066,0.9986063838005066,0.9986063838005066,0.9980115186190233,False
02043.jpg,1,乱占,乱占,0.9986396431922913,0.9986396431922913,0.9986396431922913,0.9975945675978437,False
01159.jpg,1,有漂浮物,有漂浮物,0.9986414313316345,0.9986414313316345,0.9986414313316345,0.9978049617493525,False
00993.jpg,0,有漂浮物,有漂浮物,0.9986435770988464,0.9986435770988464,0.9986435770988464,0.997421754989773,False
02105.jpg,1,乱堆,乱堆,0.9986491799354553,0.9986491799354553,0.9986491799354553,0.997801809979137,False
00489.jpg,0,有漂浮物,有漂浮物,0.9986513257026672,0.9986513257026672,0.9986513257026672,0.997722712578252,False
00068.jpg,1,有漂浮物,有漂浮物,0.9986557960510254,0.9986557960510254,0.9986557960510254,0.9975340277887881,False
00456.jpg,0,有漂浮物,有漂浮物,0.9986560344696045,0.9986560344696045,0.9986560344696045,0.9978936649858952,False
01137.jpg,1,有漂浮物,有漂浮物,0.9986577033996582,0.9986577033996582,0.9986577033996582,0.9975110118975863,False
01132.jpg,0,有漂浮物,有漂浮物,0.998670220375061,0.998670220375061,0.998670220375061,0.998034470656421,False
00078.jpg,1,有漂浮物,有漂浮物,0.9986735582351685,0.9986735582351685,0.9986735582351685,0.997941097477451,False
00817.jpg,0,有漂浮物,有漂浮物,0.9987233281135559,0.9987233281135559,0.9987233281135559,0.9976397096179426,False
01236.jpg,1,有漂浮物,有漂浮物,0.9987272620201111,0.9987272620201111,0.9987272620201111,0.9981950044166297,False
00671.jpg,0,有漂浮物,有漂浮物,0.9987333416938782,0.9987333416938782,0.9987333416938782,0.9981290319701657,False
01241.jpg,2,有漂浮物,有漂浮物,0.9987409710884094,0.9987409710884094,0.9987409710884094,0.9977309097303078,False
00782.jpg,2,有漂浮物,有漂浮物,0.9987456798553467,0.9987456798553467,0.9987456798553467,0.9979666842264123,False
01060.jpg,0,有漂浮物,有漂浮物,0.9987504482269287,0.9987504482269287,0.9987504482269287,0.9975225143134594,False
00143.jpg,2,有漂浮物,有漂浮物,0.998754620552063,0.998754620552063,0.998754620552063,0.997763114166446,False
01101.jpg,0,有漂浮物,有漂浮物,0.9987627267837524,0.9987627267837524,0.9987627267837524,0.9980076854117215,False
01147.jpg,0,有漂浮物,有漂浮物,0.9987801909446716,0.9987801909446716,0.9987801909446716,0.99791536165867,False
00655.jpg,0,有漂浮物,有漂浮物,0.9987849593162537,0.9987849593162537,0.9987849593162537,0.9981289533898234,False
00082.jpg,1,有漂浮物,有漂浮物,0.9987971782684326,0.9987971782684326,0.9987971782684326,0.997977560327854,False
00642.jpg,1,有漂浮物,有漂浮物,0.9988118410110474,0.9988118410110474,0.9988118410110474,0.997671672841534,False
01118.jpg,0,有漂浮物,有漂浮物,0.9988402724266052,0.9988402724266052,0.9988402724266052,0.9984985901101027,False
00224.jpg,1,有漂浮物,有漂浮物,0.9988453388214111,0.9988453388214111,0.9988453388214111,0.998381040582899,False
00101.jpg,1,有漂浮物,有漂浮物,0.9988528490066528,0.9988528490066528,0.9988528490066528,0.9983738087466918,False
00558.jpg,0,有漂浮物,有漂浮物,0.9988623857498169,0.9988623857498169,0.9988623857498169,0.9983152993372642,False
02131.jpg,2,乱占,乱占,0.9988681077957153,0.9988681077957153,0.9988681077957153,0.9982030161190778,False
00750.jpg,3,有漂浮物,有漂浮物,0.9988897442817688,0.9988897442817688,0.9988897442817688,0.997949042415712,False
02097.jpg,3,乱堆,乱堆,0.9988945126533508,0.9988945126533508,0.9988945126533508,0.9983506049611606,False
00668.jpg,1,有漂浮物,有漂浮物,0.9989056587219238,0.9989056587219238,0.9989056587219238,0.9984204724896699,False
01015.jpg,0,有漂浮物,有漂浮物,0.998907208442688,0.998907208442688,0.998907208442688,0.9983315970166586,False
00660.jpg,1,有漂浮物,有漂浮物,0.9989101886749268,0.9989101886749268,0.9989101886749268,0.9983087160508148,False
00812.jpg,0,有漂浮物,有漂浮物,0.9989110231399536,0.9989110231399536,0.9989110231399536,0.9979638485237956,False
00803.jpg,1,有漂浮物,有漂浮物,0.9989247918128967,0.9989247918128967,0.9989247918128967,0.9980773949064314,False
00194.jpg,3,有漂浮物,有漂浮物,0.9989253878593445,0.9989253878593445,0.9989253878593445,0.998093974776566,False
01114.jpg,0,有漂浮物,有漂浮物,0.998930037021637,0.998930037021637,0.998930037021637,0.9985162391967606,False
00226.jpg,3,有漂浮物,有漂浮物,0.998932421207428,0.998932421207428,0.998932421207428,0.9982125366223045,False
02112.jpg,2,乱占,乱占,0.9989432692527771,0.9989432692527771,0.9989432692527771,0.9984475276432931,False
01180.jpg,0,有漂浮物,有漂浮物,0.9989569187164307,0.9989569187164307,0.9989569187164307,0.9981036818353459,False
00865.jpg,0,有漂浮物,有漂浮物,0.9989581108093262,0.9989581108093262,0.9989581108093262,0.9980127397575416,False
00766.jpg,0,有漂浮物,有漂浮物,0.9989641904830933,0.9989641904830933,0.9989641904830933,0.9983119001262821,False
01094.jpg,3,有漂浮物,有漂浮物,0.9989646673202515,0.9989646673202515,0.9989646673202515,0.9982233564951457,False
02127.jpg,0,乱占,乱占,0.9989724159240723,0.9989724159240723,0.9989724159240723,0.9985332004143856,False
00798.jpg,0,有漂浮物,有漂浮物,0.9989732503890991,0.9989732503890991,0.9989732503890991,0.998038879071828,False
01069.jpg,0,有漂浮物,有漂浮物,0.9989871382713318,0.9989871382713318,0.9989871382713318,0.9985836916894186,False
00708.jpg,1,有漂浮物,有漂浮物,0.9990070462226868,0.9990070462226868,0.9990070462226868,0.9983894436154515,False
01131.jpg,3,有漂浮物,有漂浮物,0.9990217685699463,0.9990217685699463,0.9990217685699463,0.9985931250557769,False
01197.jpg,0,有漂浮物,有漂浮物,0.9990224838256836,0.9990224838256836,0.9990224838256836,0.9982731234631501,False
01016.jpg,1,有漂浮物,有漂浮物,0.9990230798721313,0.9990230798721313,0.9990230798721313,0.9984120663139038,False
00775.jpg,0,有漂浮物,有漂浮物,0.9990239143371582,0.9990239143371582,0.9990239143371582,0.998583387437975,False
01145.jpg,0,有漂浮物,有漂浮物,0.9990255832672119,0.9990255832672119,0.9990255832672119,0.9985538882901892,False
00079.jpg,2,有漂浮物,有漂浮物,0.9990261793136597,0.9990261793136597,0.9990261793136597,0.9983351590926759,False
00572.jpg,0,有漂浮物,有漂浮物,0.9990286827087402,0.9990286827087402,0.9990286827087402,0.9986361021001358,False
00965.jpg,0,有漂浮物,有漂浮物,0.9990447163581848,0.9990447163581848,0.9990447163581848,0.9982879852759652,False
00568.jpg,0,有漂浮物,有漂浮物,0.9990471005439758,0.9990471005439758,0.9990471005439758,0.9985679671226535,False
01204.jpg,1,有漂浮物,有漂浮物,0.9990535378456116,0.9990535378456116,0.9990535378456116,0.9985121933859773,False
00022.jpg,1,有漂浮物,有漂浮物,0.9990631937980652,0.9990631937980652,0.9990631937980652,0.9984407122828998,False
00891.jpg,0,有漂浮物,有漂浮物,0.9990692734718323,0.9990692734718323,0.9990692734718323,0.9987488455080893,False
00067.jpg,2,有漂浮物,有漂浮物,0.9990780353546143,0.9990780353546143,0.9990780353546143,0.9984179807361215,False
01109.jpg,2,有漂浮物,有漂浮物,0.9990823268890381,0.9990823268890381,0.9990823268890381,0.9982231294852681,False
00048.jpg,0,有漂浮物,有漂浮物,0.9990845918655396,0.9990845918655396,0.9990845918655396,0.9983098845114,False
01119.jpg,0,有漂浮物,有漂浮物,0.9990904331207275,0.9990904331207275,0.9990904331207275,0.9984355070046149,False
00649.jpg,1,有漂浮物,有漂浮物,0.9990971088409424,0.9990971088409424,0.9990971088409424,0.9982387374038808,False
00855.jpg,0,有漂浮物,有漂浮物,0.9991005659103394,0.9991005659103394,0.9991005659103394,0.9982563242083415,False
00924.jpg,1,有漂浮物,有漂浮物,0.999108612537384,0.999108612537384,0.999108612537384,0.9985813261591829,False
00487.jpg,2,有漂浮物,有漂浮物,0.9991253018379211,0.9991253018379211,0.9991253018379211,0.9988242707331665,False
00097.jpg,1,有漂浮物,有漂浮物,0.9991369843482971,0.9991369843482971,0.9991369843482971,0.9986148073803633,False
00154.jpg,3,有漂浮物,有漂浮物,0.9991381168365479,0.9991381168365479,0.9991381168365479,0.9986598747491371,False
00117.jpg,1,有漂浮物,有漂浮物,0.9991387128829956,0.9991387128829956,0.9991387128829956,0.9984041196876206,False
00536.jpg,2,有漂浮物,有漂浮物,0.9991621971130371,0.9991621971130371,0.9991621971130371,0.9986369382822886,False
00066.jpg,0,有漂浮物,有漂浮物,0.9991623163223267,0.9991623163223267,0.9991623163223267,0.9986774791323114,False
00112.jpg,2,有漂浮物,有漂浮物,0.9991625547409058,0.9991625547409058,0.9991625547409058,0.998381805664394,False
00630.jpg,2,有漂浮物,有漂浮物,0.9991693496704102,0.9991693496704102,0.9991693496704102,0.99851564981509,False
01140.jpg,3,有漂浮物,有漂浮物,0.9991697072982788,0.9991697072982788,0.9991697072982788,0.9987582282919902,False
00499.jpg,1,有漂浮物,有漂浮物,0.9991722106933594,0.9991722106933594,0.9991722106933594,0.9988033623667434,False
00549.jpg,1,有漂浮物,有漂浮物,0.9991722106933594,0.9991722106933594,0.9991722106933594,0.9986260224832222,False
00578.jpg,1,有漂浮物,有漂浮物,0.9991733431816101,0.9991733431816101,0.9991733431816101,0.9987504560267553,False
00526.jpg,2,有漂浮物,有漂浮物,0.9991785883903503,0.9991785883903503,0.9991785883903503,0.9987726931576617,False
00960.jpg,1,有漂浮物,有漂浮物,0.9991788268089294,0.9991788268089294,0.9991788268089294,0.9987713428563438,False
01181.jpg,0,有漂浮物,有漂浮物,0.9991791844367981,0.9991791844367981,0.9991791844367981,0.9984981085290201,False
00073.jpg,1,有漂浮物,有漂浮物,0.9991843104362488,0.9991843104362488,0.9991843104362488,0.9986305967904627,False
01107.jpg,1,有漂浮物,有漂浮物,0.9991877675056458,0.9991877675056458,0.9991877675056458,0.9989098850928713,False
00024.jpg,3,有漂浮物,有漂浮物,0.9991891980171204,0.9991891980171204,0.9991891980171204,0.9984556430135854,False
00663.jpg,0,有漂浮物,有漂浮物,0.9991901516914368,0.9991901516914368,0.9991901516914368,0.9987434862996452,False
01242.jpg,3,有漂浮物,有漂浮物,0.9991945624351501,0.9991945624351501,0.9991945624351501,0.9989044775429647,False
00600.jpg,0,有漂浮物,有漂浮物,0.9991951584815979,0.9991951584815979,0.9991951584815979,0.9984764896216802,False
00104.jpg,0,有漂浮物,有漂浮物,0.9991962313652039,0.9991962313652039,0.9991962313652039,0.998563245171681,False
00088.jpg,2,有漂浮物,有漂浮物,0.9991969466209412,0.9991969466209412,0.9991969466209412,0.9989281368325464,False
01154.jpg,1,有漂浮物,有漂浮物,0.9992007613182068,0.9992007613182068,0.9992007613182068,0.9988635969930328,False
00072.jpg,0,有漂浮物,有漂浮物,0.9992096424102783,0.9992096424102783,0.9992096424102783,0.9989974085765425,False
00949.jpg,3,有漂浮物,有漂浮物,0.999212384223938,0.999212384223938,0.999212384223938,0.9985988630214706,False
00988.jpg,1,有漂浮物,有漂浮物,0.9992169141769409,0.9992169141769409,0.9992169141769409,0.9986371747800149,False
01042.jpg,0,有漂浮物,有漂浮物,0.9992173910140991,0.9992173910140991,0.9992173910140991,0.9985091570997611,False
00545.jpg,3,有漂浮物,有漂浮物,0.999222993850708,0.999222993850708,0.999222993850708,0.9988845023908652,False
00126.jpg,1,有漂浮物,有漂浮物,0.9992233514785767,0.9992233514785767,0.9992233514785767,0.998583823966328,False
00530.jpg,2,有漂浮物,有漂浮物,0.999240517616272,0.999240517616272,0.999240517616272,0.9986394333536737,False
00958.jpg,3,有漂浮物,有漂浮物,0.999242901802063,0.999242901802063,0.999242901802063,0.9986591705237515,False
01121.jpg,1,有漂浮物,有漂浮物,0.9992430210113525,0.9992430210113525,0.9992430210113525,0.998897171637509,False
01110.jpg,2,有漂浮物,有漂浮物,0.999244213104248,0.999244213104248,0.999244213104248,0.9985212854808196,False
01111.jpg,3,有漂浮物,有漂浮物,0.9992457628250122,0.9992457628250122,0.9992457628250122,0.9988195280020591,False
00706.jpg,0,有漂浮物,有漂浮物,0.999262273311615,0.999262273311615,0.999262273311615,0.9987400308600627,False
00023.jpg,2,有漂浮物,有漂浮物,0.9992653727531433,0.9992653727531433,0.9992653727531433,0.99874870874919,False
00577.jpg,1,有漂浮物,有漂浮物,0.999268114566803,0.999268114566803,0.999268114566803,0.9988418702268973,False
02116.jpg,2,乱占,乱占,0.9992741942405701,0.9992741942405701,0.9992741942405701,0.9988462789915502,False
00689.jpg,0,有漂浮物,有漂浮物,0.9992768168449402,0.9992768168449402,0.9992768168449402,0.9987566028721631,False
00616.jpg,2,有漂浮物,有漂浮物,0.9992805123329163,0.9992805123329163,0.9992805123329163,0.9986740975291468,False
01103.jpg,1,有漂浮物,有漂浮物,0.9992855191230774,0.9992855191230774,0.9992855191230774,0.9988300005788915,False
01155.jpg,2,有漂浮物,有漂浮物,0.9992879033088684,0.9992879033088684,0.9992879033088684,0.9986539310193621,False
00990.jpg,1,有漂浮物,有漂浮物,0.9992941617965698,0.9992941617965698,0.9992941617965698,0.9987382198451087,False
00018.jpg,1,有漂浮物,有漂浮物,0.9992965459823608,0.9992965459823608,0.9992965459823608,0.9989596784871537,False
00047.jpg,3,有漂浮物,有漂浮物,0.9993014335632324,0.9993014335632324,0.9993014335632324,0.9990235195436981,False
00538.jpg,2,有漂浮物,有漂浮物,0.999302864074707,0.999302864074707,0.999302864074707,0.9987566044437699,False
00174.jpg,1,有漂浮物,有漂浮物,0.9993029832839966,0.9993029832839966,0.9993029832839966,0.998857574275462,False
00964.jpg,0,有漂浮物,有漂浮物,0.9993036985397339,0.9993036985397339,0.9993036985397339,0.998774245090317,False
01043.jpg,1,有漂浮物,有漂浮物,0.9993048906326294,0.9993048906326294,0.9993048906326294,0.9988744475122076,False
00627.jpg,3,有漂浮物,有漂浮物,0.9993056058883667,0.9993056058883667,0.9993056058883667,0.9988666727149393,False
00559.jpg,1,有漂浮物,有漂浮物,0.9993078708648682,0.9993078708648682,0.9993078708648682,0.9989719850418624,False
00105.jpg,1,有漂浮物,有漂浮物,0.9993084669113159,0.9993084669113159,0.9993084669113159,0.9986881085205823,False
01134.jpg,2,有漂浮物,有漂浮物,0.9993084669113159,0.9993084669113159,0.9993084669113159,0.9986918834038079,False
01113.jpg,0,有漂浮物,有漂浮物,0.9993124008178711,0.9993124008178711,0.9993124008178711,0.9990023619320709,False
02133.jpg,3,乱占,乱占,0.9993170499801636,0.9993170499801636,0.9993170499801636,0.99910437836661,False
00959.jpg,0,有漂浮物,有漂浮物,0.9993209838867188,0.9993209838867188,0.9993209838867188,0.9987789654405788,False
01139.jpg,2,有漂浮物,有漂浮物,0.9993213415145874,0.9993213415145874,0.9993213415145874,0.9986938157235272,False
00934.jpg,0,有漂浮物,有漂浮物,0.9993240833282471,0.9993240833282471,0.9993240833282471,0.998781003523618,False
01149.jpg,1,有漂浮物,有漂浮物,0.9993249177932739,0.9993249177932739,0.9993249177932739,0.998931453039404,False
00576.jpg,0,有漂浮物,有漂浮物,0.9993352293968201,0.9993352293968201,0.9993352293968201,0.9989879944187123,False
02102.jpg,2,乱堆,乱堆,0.9993354678153992,0.9993354678153992,0.9993354678153992,0.998810630699154,False
01160.jpg,2,有漂浮物,有漂浮物,0.9993355870246887,0.9993355870246887,0.9993355870246887,0.9987370814778842,False
01161.jpg,0,有漂浮物,有漂浮物,0.9993378520011902,0.9993378520011902,0.9993378520011902,0.9989899372158106,False
00792.jpg,3,有漂浮物,有漂浮物,0.9993452429771423,0.9993452429771423,0.9993452429771423,0.9988502695341595,False
01148.jpg,1,有漂浮物,有漂浮物,0.9993458390235901,0.9993458390235901,0.9993458390235901,0.9989644719171338,False
00986.jpg,0,有漂浮物,有漂浮物,0.9993459582328796,0.9993459582328796,0.9993459582328796,0.9987996750278398,False
00180.jpg,2,有漂浮物,有漂浮物,0.9993464350700378,0.9993464350700378,0.9993464350700378,0.9988495237776078,False
00678.jpg,0,有漂浮物,有漂浮物,0.9993532299995422,0.9993532299995422,0.9993532299995422,0.9988625839469023,False
00564.jpg,1,有漂浮物,有漂浮物,0.9993553757667542,0.9993553757667542,0.9993553757667542,0.9990462305722758,False
00994.jpg,1,有漂浮物,有漂浮物,0.9993566870689392,0.9993566870689392,0.9993566870689392,0.9988333741785027,False
00027.jpg,1,有漂浮物,有漂浮物,0.9993576407432556,0.9993576407432556,0.9993576407432556,0.9990980753791519,False
00173.jpg,0,有漂浮物,有漂浮物,0.9993647933006287,0.9993647933006287,0.9993647933006287,0.999064863921376,False
01194.jpg,1,有漂浮物,有漂浮物,0.9993684887886047,0.9993684887886047,0.9993684887886047,0.9989640991552733,False
00723.jpg,0,有漂浮物,有漂浮物,0.9993768334388733,0.9993768334388733,0.9993768334388733,0.9991459667799063,False
01176.jpg,0,有漂浮物,有漂浮物,0.9993817806243896,0.9993817806243896,0.9993817806243896,0.9988274164497852,False
01102.jpg,1,有漂浮物,有漂浮物,0.9993911981582642,0.9993911981582642,0.9993911981582642,0.9989156296360306,False
00481.jpg,3,有漂浮物,有漂浮物,0.999401330947876,0.999401330947876,0.999401330947876,0.9992046252737055,False
01210.jpg,2,有漂浮物,有漂浮物,0.9994028806686401,0.9994028806686401,0.9994028806686401,0.9988147642579861,False
00189.jpg,2,有漂浮物,有漂浮物,0.9994163513183594,0.9994163513183594,0.9994163513183594,0.998882424493786,False
00447.jpg,1,有漂浮物,有漂浮物,0.9994217157363892,0.9994217157363892,0.9994217157363892,0.9991287175216712,False
01070.jpg,1,有漂浮物,有漂浮物,0.9994319081306458,0.9994319081306458,0.9994319081306458,0.9992167048767442,False
00605.jpg,0,有漂浮物,有漂浮物,0.999433696269989,0.999433696269989,0.999433696269989,0.9989903988316655,False
00818.jpg,3,有漂浮物,有漂浮物,0.999433696269989,0.999433696269989,0.999433696269989,0.999165871005971,False
00100.jpg,0,正常,有漂浮物,0.00022246928710956126,0.9994348883628845,0.9994348883628845,0.9991628451389261,True
00776.jpg,1,有漂浮物,有漂浮物,0.9994385838508606,0.9994385838508606,0.9994385838508606,0.9991526474768762,False
01124.jpg,3,有漂浮物,有漂浮物,0.999444305896759,0.999444305896759,0.999444305896759,0.9991936855949461,False
00808.jpg,0,有漂浮物,有漂浮物,0.9994469285011292,0.9994469285011292,0.9994469285011292,0.9989386787638068,False
00659.jpg,0,有漂浮物,有漂浮物,0.9994521737098694,0.9994521737098694,0.9994521737098694,0.9992812641721684,False
00621.jpg,3,有漂浮物,有漂浮物,0.9994543194770813,0.9994543194770813,0.9994543194770813,0.9992272363160737,False
00228.jpg,1,有漂浮物,有漂浮物,0.9994552731513977,0.9994552731513977,0.9994552731513977,0.9992292958777398,False
00719.jpg,0,有漂浮物,有漂浮物,0.9994557499885559,0.9994557499885559,0.9994557499885559,0.9989465021062642,False
00672.jpg,1,有漂浮物,有漂浮物,0.9994562268257141,0.9994562268257141,0.9994562268257141,0.9989889144781046,False
01235.jpg,2,有漂浮物,有漂浮物,0.9994576573371887,0.9994576573371887,0.9994576573371887,0.9989611758501269,False
00905.jpg,0,有漂浮物,有漂浮物,0.9994587302207947,0.9994587302207947,0.9994587302207947,0.9990919316187501,False
01150.jpg,2,有漂浮物,有漂浮物,0.9994636178016663,0.9994636178016663,0.9994636178016663,0.9989898690255359,False
01240.jpg,1,有漂浮物,有漂浮物,0.9994670748710632,0.9994670748710632,0.9994670748710632,0.9992668677441543,False
00585.jpg,3,有漂浮物,有漂浮物,0.999468982219696,0.999468982219696,0.999468982219696,0.9992178657266777,False
01129.jpg,1,有漂浮物,有漂浮物,0.9994695782661438,0.9994695782661438,0.9994695782661438,0.9992475353647023,False
00850.jpg,0,有漂浮物,有漂浮物,0.9994713664054871,0.9994713664054871,0.9994713664054871,0.99896902567707,False
00035.jpg,0,有漂浮物,有漂浮物,0.9994742274284363,0.9994742274284363,0.9994742274284363,0.9991635321057402,False
00147.jpg,1,有漂浮物,有漂浮物,0.9994749426841736,0.9994749426841736,0.9994749426841736,0.999220616358798,False
01086.jpg,3,正常,有漂浮物,5.872110341442749e-05,0.9994762539863586,0.9994762539863586,0.9992974874912761,True
00836.jpg,0,有漂浮物,有漂浮物,0.9994826316833496,0.9994826316833496,0.9994826316833496,0.9990207514783833,False
00947.jpg,1,有漂浮物,有漂浮物,0.999484658241272,0.999484658241272,0.999484658241272,0.9992719509609742,False
00038.jpg,3,有漂浮物,有漂浮物,0.9994857311248779,0.9994857311248779,0.9994857311248779,0.9992136740766,False
01056.jpg,0,有漂浮物,有漂浮物,0.9994865655899048,0.9994865655899048,0.9994865655899048,0.9989817583118565,False
01037.jpg,0,有漂浮物,有漂浮物,0.9994891881942749,0.9994891881942749,0.9994891881942749,0.9992431641439907,False
00553.jpg,0,有漂浮物,有漂浮物,0.9994906187057495,0.9994906187057495,0.9994906187057495,0.9992429067497142,False
01214.jpg,1,有漂浮物,有漂浮物,0.9994925260543823,0.9994925260543823,0.9994925260543823,0.9990632615517825,False
00537.jpg,1,有漂浮物,有漂浮物,0.999492883682251,0.999492883682251,0.999492883682251,0.999174814496655,False
00665.jpg,2,有漂浮物,有漂浮物,0.9994932413101196,0.9994932413101196,0.9994932413101196,0.9990755551843904,False
01135.jpg,3,有漂浮物,有漂浮物,0.999500036239624,0.999500036239624,0.999500036239624,0.9992682374140713,False
00056.jpg,0,有漂浮物,有漂浮物,0.9995001554489136,0.9995001554489136,0.9995001554489136,0.999304579643649,False
00525.jpg,1,有漂浮物,有漂浮物,0.9995001554489136,0.9995001554489136,0.9995001554489136,0.9991511632397305,False
00132.jpg,0,有漂浮物,有漂浮物,0.9995073080062866,0.9995073080062866,0.9995073080062866,0.9992914570757421,False
00622.jpg,3,有漂浮物,有漂浮物,0.9995079040527344,0.9995079040527344,0.9995079040527344,0.9992503199027851,False
00181.jpg,3,有漂浮物,有漂浮物,0.9995089769363403,0.9995089769363403,0.9995089769363403,0.9990977599518374,False
00555.jpg,2,有漂浮物,有漂浮物,0.9995089769363403,0.9995089769363403,0.9995089769363403,0.9991163993254304,False
00089.jpg,3,有漂浮物,有漂浮物,0.9995094537734985,0.9995094537734985,0.9995094537734985,0.9990897163806949,False
00573.jpg,1,有漂浮物,有漂浮物,0.9995096921920776,0.9995096921920776,0.9995096921920776,0.9992088392318692,False
00096.jpg,1,正常,有漂浮物,0.00024820107501000166,0.9995099306106567,0.9995099306106567,0.9992617295356467,True
01024.jpg,0,有漂浮物,有漂浮物,0.9995105266571045,0.9995105266571045,0.9995105266571045,0.9991005120391492,False
01168.jpg,1,有漂浮物,有漂浮物,0.9995108842849731,0.9995108842849731,0.9995108842849731,0.9992597572563682,False
00080.jpg,3,有漂浮物,有漂浮物,0.9995124340057373,0.9995124340057373,0.9995124340057373,0.9991075909638312,False
00041.jpg,2,有漂浮物,有漂浮物,0.9995160102844238,0.9995160102844238,0.9995160102844238,0.9992235561949201,False
00742.jpg,3,有漂浮物,有漂浮物,0.999518871307373,0.999518871307373,0.999518871307373,0.9992716356937308,False
00016.jpg,3,有漂浮物,有漂浮物,0.999521017074585,0.999521017074585,0.999521017074585,0.9992764225462452,False
00574.jpg,2,有漂浮物,有漂浮物,0.9995241165161133,0.9995241165161133,0.9995241165161133,0.9991594370221719,False
00901.jpg,0,有漂浮物,有漂浮物,0.999528169631958,0.999528169631958,0.999528169631958,0.9992775282880757,False
00477.jpg,0,有漂浮物,有漂浮物,0.9995294809341431,0.9995294809341431,0.9995294809341431,0.9992976752837421,False
00175.jpg,2,有漂浮物,有漂浮物,0.9995301961898804,0.9995301961898804,0.9995301961898804,0.9992061581287999,False
00587.jpg,0,有漂浮物,有漂浮物,0.9995306730270386,0.9995306730270386,0.9995306730270386,0.9991492353728972,False
01000.jpg,3,有漂浮物,有漂浮物,0.9995357990264893,0.9995357990264893,0.9995357990264893,0.9992897635092959,False
00135.jpg,3,有漂浮物,有漂浮物,0.9995362758636475,0.9995362758636475,0.9995362758636475,0.9991906626673881,False
00657.jpg,2,有漂浮物,有漂浮物,0.999536395072937,0.999536395072937,0.999536395072937,0.9991354767116718,False
00930.jpg,0,有漂浮物,有漂浮物,0.9995368719100952,0.9995368719100952,0.9995368719100952,0.9992963007098297,False
00554.jpg,1,有漂浮物,有漂浮物,0.9995482563972473,0.9995482563972473,0.9995482563972473,0.9993086203758139,False
01208.jpg,1,有漂浮物,有漂浮物,0.9995518326759338,0.9995518326759338,0.9995518326759338,0.9991453891270794,False
00560.jpg,1,有漂浮物,有漂浮物,0.9995524287223816,0.9995524287223816,0.9995524287223816,0.9993308007105952,False
00569.jpg,1,有漂浮物,有漂浮物,0.9995588660240173,0.9995588660240173,0.9995588660240173,0.9993324234965257,False
01196.jpg,3,有漂浮物,有漂浮物,0.9995597004890442,0.9995597004890442,0.9995597004890442,0.9993496607639827,False
00596.jpg,0,有漂浮物,有漂浮物,0.999561607837677,0.999561607837677,0.999561607837677,0.9992714163963683,False
00163.jpg,0,有漂浮物,有漂浮物,0.9995649456977844,0.9995649456977844,0.9995649456977844,0.9993609691300662,False
00218.jpg,0,有漂浮物,有漂浮物,0.9995667338371277,0.9995667338371277,0.9995667338371277,0.9993797367933439,False
00531.jpg,3,有漂浮物,有漂浮物,0.9995692372322083,0.9995692372322083,0.9995692372322083,0.9993523163138889,False
00846.jpg,0,有漂浮物,有漂浮物,0.9995762705802917,0.9995762705802917,0.9995762705802917,0.9991788446495775,False
00643.jpg,2,有漂浮物,有漂浮物,0.9995782971382141,0.9995782971382141,0.9995782971382141,0.9992386918456759,False
00702.jpg,0,有漂浮物,有漂浮物,0.999584972858429,0.999584972858429,0.999584972858429,0.9993448595196242,False
00823.jpg,0,有漂浮物,有漂浮物,0.999584972858429,0.999584972858429,0.999584972858429,0.9992959060182329,False
00195.jpg,0,有漂浮物,有漂浮物,0.9995850920677185,0.9995850920677185,0.9995850920677185,0.9994144933152711,False
01115.jpg,1,有漂浮物,有漂浮物,0.9995877146720886,0.9995877146720886,0.9995877146720886,0.9994177805783693,False
00691.jpg,0,有漂浮物,有漂浮物,0.9995895028114319,0.9995895028114319,0.9995895028114319,0.9993278409237973,False
00223.jpg,0,有漂浮物,有漂浮物,0.9995909333229065,0.9995909333229065,0.9995909333229065,0.9994653864123393,False
01098.jpg,2,有漂浮物,有漂浮物,0.9995970129966736,0.9995970129966736,0.9995970129966736,0.9992764157650527,False
00210.jpg,3,有漂浮物,有漂浮物,0.9995991587638855,0.9995991587638855,0.9995991587638855,0.9994435209664516,False
00483.jpg,0,有漂浮物,有漂浮物,0.9995993971824646,0.9995993971824646,0.9995993971824646,0.9992843854706734,False
00984.jpg,0,有漂浮物,有漂浮物,0.9996008276939392,0.9996008276939392,0.9996008276939392,0.9993406915455125,False
01012.jpg,1,有漂浮物,有漂浮物,0.9996069073677063,0.9996069073677063,0.9996069073677063,0.999314997374313,False
00219.jpg,1,有漂浮物,有漂浮物,0.9996126294136047,0.9996126294136047,0.9996126294136047,0.9994681226526154,False
01090.jpg,3,有漂浮物,有漂浮物,0.9996144771575928,0.9996144771575928,0.9996144771575928,0.9994398276467109,False
02121.jpg,2,乱占,乱占,0.9996166229248047,0.9996166229248047,0.9996166229248047,0.9993016057705972,False
00804.jpg,3,有漂浮物,有漂浮物,0.9996180534362793,0.9996180534362793,0.9996180534362793,0.9994732633931562,False
00200.jpg,0,有漂浮物,有漂浮物,0.999618411064148,0.999618411064148,0.999618411064148,0.9994645835395204,False
00971.jpg,1,有漂浮物,有漂浮物,0.9996192455291748,0.9996192455291748,0.9996192455291748,0.9994292937335558,False
00592.jpg,0,有漂浮物,有漂浮物,0.999620795249939,0.999620795249939,0.999620795249939,0.9993885151925497,False
00684.jpg,0,有漂浮物,有漂浮物,0.9996213912963867,0.9996213912963867,0.9996213912963867,0.9992588070745114,False
00222.jpg,3,有漂浮物,有漂浮物,0.9996215105056763,0.9996215105056763,0.9996215105056763,0.9994612419686746,False
01130.jpg,3,有漂浮物,有漂浮物,0.9996260404586792,0.9996260404586792,0.9996260404586792,0.9994465473864693,False
01122.jpg,1,有漂浮物,有漂浮物,0.9996277093887329,0.9996277093887329,0.9996277093887329,0.9994550923292991,False
01019.jpg,0,有漂浮物,有漂浮物,0.9996320009231567,0.9996320009231567,0.9996320009231567,0.9994348651816836,False
00503.jpg,1,有漂浮物,有漂浮物,0.9996321201324463,0.9996321201324463,0.9996321201324463,0.9994578083133092,False
00676.jpg,3,有漂浮物,有漂浮物,0.9996322393417358,0.9996322393417358,0.9996322393417358,0.9993766279367264,False
00198.jpg,3,有漂浮物,有漂浮物,0.9996339082717896,0.9996339082717896,0.9996339082717896,0.9993628055090085,False
00166.jpg,3,有漂浮物,有漂浮物,0.9996340274810791,0.9996340274810791,0.9996340274810791,0.9993354786420241,False
00816.jpg,1,有漂浮物,有漂浮物,0.9996380805969238,0.9996380805969238,0.9996380805969238,0.999419869898702,False
00920.jpg,1,有漂浮物,有漂浮物,0.999638557434082,0.999638557434082,0.999638557434082,0.9994134198786924,False
01188.jpg,3,有漂浮物,有漂浮物,0.9996387958526611,0.9996387958526611,0.9996387958526611,0.9994510533870198,False
01029.jpg,0,有漂浮物,有漂浮物,0.9996424913406372,0.9996424913406372,0.9996424913406372,0.9993711876159068,False
00474.jpg,0,有漂浮物,有漂浮物,0.9996449947357178,0.9996449947357178,0.9996449947357178,0.9993336387851741,False
00951.jpg,1,有漂浮物,有漂浮物,0.9996471405029297,0.9996471405029297,0.9996471405029297,0.9994425486511318,False
01082.jpg,3,有漂浮物,有漂浮物,0.9996497631072998,0.9996497631072998,0.9996497631072998,0.9994634796166793,False
00673.jpg,1,有漂浮物,有漂浮物,0.9996505975723267,0.9996505975723267,0.9996505975723267,0.9993774306785781,False
00446.jpg,1,有漂浮物,有漂浮物,0.9996515512466431,0.9996515512466431,0.9996515512466431,0.9994819379062392,False
00063.jpg,1,有漂浮物,有漂浮物,0.999652624130249,0.999652624130249,0.999652624130249,0.9995041055663023,False
00752.jpg,1,有漂浮物,有漂浮物,0.9996529817581177,0.9996529817581177,0.9996529817581177,0.9993678207101766,False
00221.jpg,3,有漂浮物,有漂浮物,0.9996535778045654,0.9996535778045654,0.9996535778045654,0.9995374586142134,False
01211.jpg,2,有漂浮物,有漂浮物,0.9996542930603027,0.9996542930603027,0.9996542930603027,0.9993212310073432,False
00974.jpg,0,有漂浮物,有漂浮物,0.9996563196182251,0.9996563196182251,0.9996563196182251,0.999443990906002,False
01096.jpg,1,有漂浮物,有漂浮物,0.9996564388275146,0.9996564388275146,0.9996564388275146,0.9994386499165557,False
00140.jpg,3,有漂浮物,有漂浮物,0.9996578693389893,0.9996578693389893,0.9996578693389893,0.9995392278942745,False
00700.jpg,3,有漂浮物,有漂浮物,0.9996594190597534,0.9996594190597534,0.9996594190597534,0.9994028002256528,False
00767.jpg,1,有漂浮物,有漂浮物,0.9996625185012817,0.9996625185012817,0.9996625185012817,0.9995322157628834,False
00561.jpg,2,有漂浮物,有漂浮物,0.9996652603149414,0.9996652603149414,0.9996652603149414,0.9993904840957839,False
00696.jpg,0,有漂浮物,有漂浮物,0.9996654987335205,0.9996654987335205,0.9996654987335205,0.9995461591679486,False
00811.jpg,3,有漂浮物,有漂浮物,0.9996663331985474,0.9996663331985474,0.9996663331985474,0.9994903047627304,False
00229.jpg,2,有漂浮物,有漂浮物,0.9996699094772339,0.9996699094772339,0.9996699094772339,0.9993948635237757,False
02115.jpg,1,乱占,乱占,0.9996721744537354,0.9996721744537354,0.9996721744537354,0.9995680839419947,False
00504.jpg,2,有漂浮物,有漂浮物,0.9996756315231323,0.9996756315231323,0.9996756315231323,0.9995419761980884,False
01138.jpg,2,有漂浮物,有漂浮物,0.9996758699417114,0.9996758699417114,0.9996758699417114,0.9993890265759546,False
00831.jpg,0,有漂浮物,有漂浮物,0.9996763467788696,0.9996763467788696,0.9996763467788696,0.9994095008878503,False
00693.jpg,1,有漂浮物,有漂浮物,0.9996778964996338,0.9996778964996338,0.9996778964996338,0.9995122078835266,False
00193.jpg,2,有漂浮物,有漂浮物,0.9996784925460815,0.9996784925460815,0.9996784925460815,0.9994480068125995,False
00469.jpg,0,有漂浮物,有漂浮物,0.9996784925460815,0.9996784925460815,0.9996784925460815,0.9995045127725461,False
01223.jpg,2,有漂浮物,有漂浮物,0.9996793270111084,0.9996793270111084,0.9996793270111084,0.9994161038193852,False
00562.jpg,3,有漂浮物,有漂浮物,0.9996836185455322,0.9996836185455322,0.9996836185455322,0.9995236527902307,False
00220.jpg,2,有漂浮物,有漂浮物,0.9996837377548218,0.9996837377548218,0.9996837377548218,0.9994405326287961,False
00485.jpg,2,有漂浮物,有漂浮物,0.9996844530105591,0.9996844530105591,0.9996844530105591,0.9995421764033381,False
00533.jpg,3,有漂浮物,有漂浮物,0.999686598777771,0.999686598777771,0.999686598777771,0.9995234774978599,False
00532.jpg,3,有漂浮物,有漂浮物,0.9996868371963501,0.9996868371963501,0.9996868371963501,0.9995374407299096,False
00230.jpg,3,有漂浮物,有漂浮物,0.9996923208236694,0.9996923208236694,0.9996923208236694,0.9994797770050354,False
00824.jpg,1,有漂浮物,有漂浮物,0.9996950626373291,0.9996950626373291,0.9996950626373291,0.9995459564524936,False
01085.jpg,1,有漂浮物,有漂浮物,0.9996980428695679,0.9996980428695679,0.9996980428695679,0.9994854978431249,False
00095.jpg,0,有漂浮物,有漂浮物,0.9996998310089111,0.9996998310089111,0.9996998310089111,0.9996014696662314,False
00188.jpg,1,有漂浮物,有漂浮物,0.9996999502182007,0.9996999502182007,0.9996999502182007,0.9995801394470618,False
00014.jpg,2,有漂浮物,有漂浮物,0.9997010231018066,0.9997010231018066,0.9997010231018066,0.9995441486389609,False
00978.jpg,3,有漂浮物,有漂浮物,0.999702513217926,0.999702513217926,0.999702513217926,0.9995781725010602,False
01039.jpg,1,有漂浮物,有漂浮物,0.9997032284736633,0.9997032284736633,0.9997032284736633,0.9994559472543187,False
01172.jpg,1,有漂浮物,有漂浮物,0.9997034668922424,0.9997034668922424,0.9997034668922424,0.9995966962815146,False
00857.jpg,0,有漂浮物,有漂浮物,0.999703586101532,0.999703586101532,0.999703586101532,0.9994449431833345,False
00160.jpg,1,有漂浮物,有漂浮物,0.9997053742408752,0.9997053742408752,0.9997053742408752,0.9995992272015428,False
00475.jpg,0,有漂浮物,有漂浮物,0.9997068047523499,0.9997068047523499,0.9997068047523499,0.9995208741311217,False
00507.jpg,0,有漂浮物,有漂浮物,0.9997071623802185,0.9997071623802185,0.9997071623802185,0.999567906736047,False
00966.jpg,1,有漂浮物,有漂浮物,0.9997075200080872,0.9997075200080872,0.9997075200080872,0.9994968328683171,False
01089.jpg,3,有漂浮物,有漂浮物,0.9997076392173767,0.9997076392173767,0.9997076392173767,0.9995116403733846,False
00888.jpg,0,有漂浮物,有漂浮物,0.9997102618217468,0.9997102618217468,0.9997102618217468,0.9994495885912329,False
00567.jpg,0,有漂浮物,有漂浮物,0.9997147917747498,0.9997147917747498,0.9997147917747498,0.9996020182588836,False
00571.jpg,3,有漂浮物,有漂浮物,0.9997151494026184,0.9997151494026184,0.9997151494026184,0.9996140598377679,False
00711.jpg,0,有漂浮物,有漂浮物,0.9997164607048035,0.9997164607048035,0.9997164607048035,0.999549791958998,False
00762.jpg,1,有漂浮物,有漂浮物,0.999717652797699,0.999717652797699,0.999717652797699,0.9995883569499711,False
00772.jpg,1,有漂浮物,有漂浮物,0.9997206330299377,0.9997206330299377,0.9997206330299377,0.9996056345844408,False
01143.jpg,2,有漂浮物,有漂浮物,0.9997312426567078,0.9997312426567078,0.9997312426567078,0.9995524305559229,False
00517.jpg,1,有漂浮物,有漂浮物,0.9997355341911316,0.9997355341911316,0.9997355341911316,0.9996039431134705,False
00677.jpg,0,有漂浮物,有漂浮物,0.999738872051239,0.999738872051239,0.999738872051239,0.9995583038107725,False
00608.jpg,3,有漂浮物,有漂浮物,0.9997411370277405,0.9997411370277405,0.9997411370277405,0.9996290194030735,False
01084.jpg,1,有漂浮物,有漂浮物,0.9997419714927673,0.9997419714927673,0.9997419714927673,0.9995700077415677,False
00445.jpg,3,有漂浮物,有漂浮物,0.9997462630271912,0.9997462630271912,0.9997462630271912,0.9996407318103593,False
01014.jpg,3,有漂浮物,有漂浮物,0.9997476935386658,0.9997476935386658,0.9997476935386658,0.9996186460921308,False
00612.jpg,3,有漂浮物,有漂浮物,0.9997478127479553,0.9997478127479553,0.9997478127479553,0.9995373227720847,False
00654.jpg,3,有漂浮物,有漂浮物,0.9997506737709045,0.9997506737709045,0.9997506737709045,0.9995647350006038,False
01206.jpg,3,有漂浮物,有漂浮物,0.9997524619102478,0.9997524619102478,0.9997524619102478,0.9995935750048375,False
00534.jpg,3,有漂浮物,有漂浮物,0.9997525811195374,0.9997525811195374,0.9997525811195374,0.9996091788489139,False
00919.jpg,0,有漂浮物,有漂浮物,0.9997525811195374,0.9997525811195374,0.9997525811195374,0.9995723627362167,False
00094.jpg,0,有漂浮物,有漂浮物,0.9997543692588806,0.9997543692588806,0.9997543692588806,0.9996317105833441,False
01238.jpg,3,有漂浮物,有漂浮物,0.9997562766075134,0.9997562766075134,0.9997562766075134,0.999597233851091,False
02106.jpg,2,乱堆,乱堆,0.9997565150260925,0.9997565150260925,0.9997565150260925,0.9995844647783088,False
00860.jpg,0,有漂浮物,有漂浮物,0.9997569918632507,0.9997569918632507,0.9997569918632507,0.9995681237924146,False
00145.jpg,3,有漂浮物,有漂浮物,0.9997583031654358,0.9997583031654358,0.9997583031654358,0.9995554790657479,False
00164.jpg,1,有漂浮物,有漂浮物,0.9997617602348328,0.9997617602348328,0.9997617602348328,0.999662814741896,False
01052.jpg,0,有漂浮物,有漂浮物,0.9997631907463074,0.9997631907463074,0.9997631907463074,0.9995371438417351,False
01192.jpg,3,有漂浮物,有漂浮物,0.9997639060020447,0.9997639060020447,0.9997639060020447,0.9995926089177374,False
01224.jpg,3,有漂浮物,有漂浮物,0.9997639060020447,0.9997639060020447,0.9997639060020447,0.999603614633088,False
01025.jpg,1,有漂浮物,有漂浮物,0.9997679591178894,0.9997679591178894,0.9997679591178894,0.9995704111206578,False
00748.jpg,1,有漂浮物,有漂浮物,0.999768078327179,0.999768078327179,0.999768078327179,0.9996942600264447,False
00997.jpg,3,有漂浮物,有漂浮物,0.9997690320014954,0.9997690320014954,0.9997690320014954,0.9996651345354621,False
00617.jpg,3,有漂浮物,有漂浮物,0.999769389629364,0.999769389629364,0.999769389629364,0.9996605059786816,False
01033.jpg,0,有漂浮物,有漂浮物,0.9997766613960266,0.9997766613960266,0.9997766613960266,0.9996231097175041,False
00799.jpg,1,有漂浮物,有漂浮物,0.9997770190238953,0.9997770190238953,0.9997770190238953,0.9995988958980888,False
01005.jpg,3,有漂浮物,有漂浮物,0.9997784495353699,0.9997784495353699,0.9997784495353699,0.9995856640598504,False
00662.jpg,3,有漂浮物,有漂浮物,0.9997791647911072,0.9997791647911072,0.9997791647911072,0.9996390807064017,False
00006.jpg,0,有漂浮物,有漂浮物,0.9997797608375549,0.9997797608375549,0.9997797608375549,0.9996349473658483,False
00922.jpg,3,有漂浮物,有漂浮物,0.9997817873954773,0.9997817873954773,0.9997817873954773,0.9996349801513134,False
00979.jpg,0,有漂浮物,有漂浮物,0.9997879862785339,0.9997879862785339,0.9997879862785339,0.9996226027433295,False
00736.jpg,0,有漂浮物,有漂浮物,0.9997881054878235,0.9997881054878235,0.9997881054878235,0.999675103208574,False
00619.jpg,1,有漂浮物,有漂浮物,0.9997890591621399,0.9997890591621399,0.9997890591621399,0.9996942725992994,False
00110.jpg,3,有漂浮物,有漂浮物,0.9997901320457458,0.9997901320457458,0.9997901320457458,0.9996677083254326,False
02120.jpg,1,乱占,乱占,0.9997901320457458,0.9997901320457458,0.9997901320457458,0.9996764654642902,False
01199.jpg,1,有漂浮物,有漂浮物,0.9997907280921936,0.9997907280921936,0.9997907280921936,0.9996826894712285,False
00482.jpg,2,有漂浮物,有漂浮物,0.9997914433479309,0.9997914433479309,0.9997914433479309,0.9996666048828047,False
00152.jpg,1,有漂浮物,有漂浮物,0.9997959733009338,0.9997959733009338,0.9997959733009338,0.9996086591854692,False
00543.jpg,3,有漂浮物,有漂浮物,0.9997965693473816,0.9997965693473816,0.9997965693473816,0.9996952739020344,False
00705.jpg,3,有漂浮物,有漂浮物,0.9997982382774353,0.9997982382774353,0.9997982382774353,0.9996322057268117,False
01002.jpg,1,有漂浮物,有漂浮物,0.9998034834861755,0.9998034834861755,0.9998034834861755,0.9996560984582175,False
00081.jpg,0,有漂浮物,有漂浮物,0.999804675579071,0.999804675579071,0.999804675579071,0.9997234405527706,False
00637.jpg,2,有漂浮物,有漂浮物,0.9998050332069397,0.9998050332069397,0.9998050332069397,0.9996453601925168,False
01074.jpg,0,有漂浮物,有漂浮物,0.9998053908348083,0.9998053908348083,0.9998053908348083,0.9996950043350807,False
00108.jpg,0,有漂浮物,有漂浮物,0.9998055100440979,0.9998055100440979,0.9998055100440979,0.9997082843692624,False
00943.jpg,1,有漂浮物,有漂浮物,0.9998064637184143,0.9998064637184143,0.9998064637184143,0.9997350534249563,False
00763.jpg,1,有漂浮物,有漂浮物,0.9998074173927307,0.9998074173927307,0.9998074173927307,0.9997330171972862,False
00995.jpg,1,有漂浮物,有漂浮物,0.9998090863227844,0.9998090863227844,0.9998090863227844,0.9996894962750957,False
01097.jpg,2,有漂浮物,有漂浮物,0.9998125433921814,0.9998125433921814,0.9998125433921814,0.9996380297670839,False
00186.jpg,2,有漂浮物,有漂浮物,0.999812662601471,0.999812662601471,0.999812662601471,0.9996604491025209,False
00829.jpg,0,有漂浮物,有漂浮物,0.9998133778572083,0.9998133778572083,0.9998133778572083,0.9996574023680296,False
00973.jpg,3,有漂浮物,有漂浮物,0.9998143315315247,0.9998143315315247,0.9998143315315247,0.9997482872931869,False
00873.jpg,0,有漂浮物,有漂浮物,0.9998158812522888,0.9998158812522888,0.9998158812522888,0.9996822071843781,False
00584.jpg,2,有漂浮物,有漂浮物,0.9998171925544739,0.9998171925544739,0.9998171925544739,0.9997404298919719,False
00869.jpg,0,有漂浮物,有漂浮物,0.999817430973053,0.999817430973053,0.999817430973053,0.9996674301946769,False
00065.jpg,3,有漂浮物,有漂浮物,0.999818742275238,0.999818742275238,0.999818742275238,0.9996963150479132,False
00670.jpg,3,有漂浮物,有漂浮物,0.9998224377632141,0.9998224377632141,0.9998224377632141,0.9997004873875994,False
01209.jpg,2,有漂浮物,有漂浮物,0.9998236298561096,0.9998236298561096,0.9998236298561096,0.9996518199186539,False
02113.jpg,3,乱占,乱占,0.9998241066932678,0.9998241066932678,0.9998241066932678,0.9997441295490717,False
01064.jpg,3,有漂浮物,有漂浮物,0.9998264908790588,0.9998264908790588,0.9998264908790588,0.9996593147516251,False
01028.jpg,3,有漂浮物,有漂浮物,0.9998279809951782,0.9998279809951782,0.9998279809951782,0.9997553027860704,False
00542.jpg,3,有漂浮物,有漂浮物,0.9998292922973633,0.9998292922973633,0.9998292922973633,0.9997547450111597,False
01050.jpg,0,有漂浮物,有漂浮物,0.999830961227417,0.999830961227417,0.999830961227417,0.9996876877121395,False
01045.jpg,3,有漂浮物,有漂浮物,0.9998347759246826,0.9998347759246826,0.9998347759246826,0.9997430807052297,False
00124.jpg,2,有漂浮物,有漂浮物,0.9998366832733154,0.9998366832733154,0.9998366832733154,0.9996798258216586,False
01034.jpg,1,有漂浮物,有漂浮物,0.9998382329940796,0.9998382329940796,0.9998382329940796,0.9997560376432375,False
00201.jpg,1,有漂浮物,有漂浮物,0.9998387098312378,0.9998387098312378,0.9998387098312378,0.9997514692513505,False
00516.jpg,0,有漂浮物,有漂浮物,0.9998390674591064,0.9998390674591064,0.9998390674591064,0.9997470129528665,False
00809.jpg,1,有漂浮物,有漂浮物,0.9998397827148438,0.9998397827148438,0.9998397827148438,0.999710723379394,False
00778.jpg,3,有漂浮物,有漂浮物,0.9998400211334229,0.9998400211334229,0.9998400211334229,0.9997906515272916,False
00921.jpg,2,有漂浮物,有漂浮物,0.9998408555984497,0.9998408555984497,0.9998408555984497,0.9997478975565173,False
00443.jpg,3,有漂浮物,有漂浮物,0.9998438358306885,0.9998438358306885,0.9998438358306885,0.9997786864696536,False
00658.jpg,3,有漂浮物,有漂浮物,0.9998444318771362,0.9998444318771362,0.9998444318771362,0.9997678169020219,False
00190.jpg,3,有漂浮物,有漂浮物,0.9998447895050049,0.9998447895050049,0.9998447895050049,0.999739966900961,False
01009.jpg,3,有漂浮物,有漂浮物,0.9998452663421631,0.9998452663421631,0.9998452663421631,0.9997159539925633,False
00614.jpg,1,有漂浮物,有漂浮物,0.9998455047607422,0.9998455047607422,0.9998455047607422,0.9997615237734863,False
00057.jpg,1,有漂浮物,有漂浮物,0.999848484992981,0.999848484992981,0.999848484992981,0.9997318885871209,False
00591.jpg,0,有漂浮物,有漂浮物,0.9998492002487183,0.9998492002487183,0.9998492002487183,0.9997623837043648,False
00046.jpg,1,有漂浮物,有漂浮物,0.9998509883880615,0.9998509883880615,0.9998509883880615,0.9998008407746966,False
00794.jpg,1,有漂浮物,有漂浮物,0.9998515844345093,0.9998515844345093,0.9998515844345093,0.9997361207715585,False
00552.jpg,3,有漂浮物,有漂浮物,0.9998525381088257,0.9998525381088257,0.9998525381088257,0.9997892691753805,False
00090.jpg,0,有漂浮物,有漂浮物,0.9998528957366943,0.9998528957366943,0.9998528957366943,0.9997988845279906,False
00961.jpg,2,有漂浮物,有漂浮物,0.9998528957366943,0.9998528957366943,0.9998528957366943,0.9997874908003723,False
00165.jpg,2,有漂浮物,有漂浮物,0.9998536109924316,0.9998536109924316,0.9998536109924316,0.9997560953706852,False
00844.jpg,1,有漂浮物,有漂浮物,0.9998537302017212,0.9998537302017212,0.9998537302017212,0.9997695843339898,False
01166.jpg,3,有漂浮物,有漂浮物,0.9998542070388794,0.9998542070388794,0.9998542070388794,0.9997875120170647,False
00680.jpg,2,有漂浮物,有漂浮物,0.9998565912246704,0.9998565912246704,0.9998565912246704,0.9997854557659593,False
02051.jpg,3,乱占,乱占,0.99985671043396,0.99985671043396,0.99985671043396,0.9997923821065342,False
00800.jpg,2,有漂浮物,有漂浮物,0.9998582601547241,0.9998582601547241,0.9998582601547241,0.9997254911140772,False
00570.jpg,2,有漂浮物,有漂浮物,0.9998583793640137,0.9998583793640137,0.9998583793640137,0.9997332884522621,False
00011.jpg,0,有漂浮物,有漂浮物,0.9998589754104614,0.9998589754104614,0.9998589754104614,0.9997580685740104,False
00488.jpg,3,有漂浮物,有漂浮物,0.9998592138290405,0.9998592138290405,0.9998592138290405,0.9998065564032004,False
01128.jpg,2,有漂浮物,有漂浮物,0.9998593330383301,0.9998593330383301,0.9998593330383301,0.9998163552954793,False
00151.jpg,0,有漂浮物,有漂浮物,0.9998599290847778,0.9998599290847778,0.9998599290847778,0.9997764375366387,False
00033.jpg,2,正常,有漂浮物,4.424890903464984e-06,0.9998600482940674,0.9998600482940674,0.9997352012578631,True
01233.jpg,3,有漂浮物,有漂浮物,0.9998607635498047,0.9998607635498047,0.9998607635498047,0.9997860681760358,False
00550.jpg,3,有漂浮物,有漂浮物,0.9998618364334106,0.9998618364334106,0.9998618364334106,0.9998002735010232,False
01202.jpg,3,有漂浮物,有漂浮物,0.9998619556427002,0.9998619556427002,0.9998619556427002,0.9997578453767346,False
01219.jpg,2,有漂浮物,有漂浮物,0.999862551689148,0.999862551689148,0.999862551689148,0.9997664532493218,False
00687.jpg,3,有漂浮物,有漂浮物,0.9998682737350464,0.9998682737350464,0.9998682737350464,0.9997461986058624,False
00099.jpg,3,有漂浮物,有漂浮物,0.9998683929443359,0.9998683929443359,0.9998683929443359,0.999757242265332,False
00120.jpg,0,有漂浮物,有漂浮物,0.9998688697814941,0.9998688697814941,0.9998688697814941,0.9997935879509896,False
00176.jpg,3,有漂浮物,有漂浮物,0.9998695850372314,0.9998695850372314,0.9998695850372314,0.9997622739829239,False
00566.jpg,3,有漂浮物,有漂浮物,0.9998701810836792,0.9998701810836792,0.9998701810836792,0.9998060400830582,False
00581.jpg,3,有漂浮物,有漂浮物,0.999870777130127,0.999870777130127,0.999870777130127,0.999789059322211,False
00458.jpg,2,有漂浮物,有漂浮物,0.9998717308044434,0.9998717308044434,0.9998717308044434,0.9998089530345169,False
01201.jpg,2,有漂浮物,有漂浮物,0.9998719692230225,0.9998719692230225,0.9998719692230225,0.9998423150955205,False
01079.jpg,0,有漂浮物,有漂浮物,0.9998723268508911,0.9998723268508911,0.9998723268508911,0.9997963059795438,False
01026.jpg,0,有漂浮物,有漂浮物,0.999873161315918,0.999873161315918,0.999873161315918,0.9998289915747591,False
00093.jpg,3,有漂浮物,有漂浮物,0.9998732805252075,0.9998732805252075,0.9998732805252075,0.9997602686125902,False
00744.jpg,1,有漂浮物,有漂浮物,0.9998735189437866,0.9998735189437866,0.9998735189437866,0.9997733959244215,False
01117.jpg,3,有漂浮物,有漂浮物,0.9998785257339478,0.9998785257339478,0.9998785257339478,0.9997787925458397,False
00698.jpg,1,有漂浮物,有漂浮物,0.9998806715011597,0.9998806715011597,0.9998806715011597,0.9997880721784895,False
01175.jpg,3,有漂浮物,有漂浮物,0.9998834133148193,0.9998834133148193,0.9998834133148193,0.9998192714629113,False
00666.jpg,3,有漂浮物,有漂浮物,0.9998838901519775,0.9998838901519775,0.9998838901519775,0.9998277256418078,False
00807.jpg,3,有漂浮物,有漂浮物,0.9998854398727417,0.9998854398727417,0.9998854398727417,0.9998171610859572,False
00830.jpg,0,有漂浮物,有漂浮物,0.9998866319656372,0.9998866319656372,0.9998866319656372,0.9998055488104001,False
01071.jpg,2,有漂浮物,有漂浮物,0.9998875856399536,0.9998875856399536,0.9998875856399536,0.9998245611641323,False
00217.jpg,1,有漂浮物,有漂浮物,0.9998884201049805,0.9998884201049805,0.9998884201049805,0.9998329096815723,False
00012.jpg,1,有漂浮物,有漂浮物,0.9998892545700073,0.9998892545700073,0.9998892545700073,0.9998414015535673,False
00918.jpg,3,有漂浮物,有漂浮物,0.9998900890350342,0.9998900890350342,0.9998900890350342,0.9998246816612664,False
00015.jpg,0,有漂浮物,有漂浮物,0.9998902082443237,0.9998902082443237,0.9998902082443237,0.9998285232068156,False
00764.jpg,2,有漂浮物,有漂浮物,0.9998902082443237,0.9998902082443237,0.9998902082443237,0.9998286435657064,False
00019.jpg,2,有漂浮物,有漂浮物,0.9998918771743774,0.9998918771743774,0.9998918771743774,0.9998200410991558,False
00457.jpg,1,有漂浮物,有漂浮物,0.999891996383667,0.999891996383667,0.999891996383667,0.9998529397853417,False
00007.jpg,1,有漂浮物,有漂浮物,0.9998921155929565,0.9998921155929565,0.9998921155929565,0.9998498027707683,False
00556.jpg,3,有漂浮物,有漂浮物,0.9998931884765625,0.9998931884765625,0.9998931884765625,0.9998430387495318,False
00129.jpg,3,有漂浮物,有漂浮物,0.9998941421508789,0.9998941421508789,0.9998941421508789,0.9998228649419616,False
00172.jpg,1,有漂浮物,有漂浮物,0.999894380569458,0.999894380569458,0.999894380569458,0.9998444262964767,False
00127.jpg,2,有漂浮物,有漂浮物,0.9998947381973267,0.9998947381973267,0.9998947381973267,0.9997939754684921,False
00674.jpg,1,有漂浮物,有漂浮物,0.9998952150344849,0.9998952150344849,0.9998952150344849,0.9998253163794288,False
00652.jpg,1,有漂浮物,有漂浮物,0.9998955726623535,0.9998955726623535,0.9998955726623535,0.999806345331308,False
00900.jpg,3,有漂浮物,有漂浮物,0.9998956918716431,0.9998956918716431,0.9998956918716431,0.9998305391272879,False
00511.jpg,0,有漂浮物,有漂浮物,0.9998961687088013,0.9998961687088013,0.9998961687088013,0.9998297309139161,False
00191.jpg,0,有漂浮物,有漂浮物,0.9998966455459595,0.9998966455459595,0.9998966455459595,0.9998610144139093,False
00644.jpg,1,有漂浮物,有漂浮物,0.999896764755249,0.999896764755249,0.999896764755249,0.999804254330229,False
00931.jpg,1,有漂浮物,有漂浮物,0.9998977184295654,0.9998977184295654,0.9998977184295654,0.9998536337916448,False
00451.jpg,1,有漂浮物,有漂浮物,0.9998990297317505,0.9998990297317505,0.9998990297317505,0.9998495606887445,False
00136.jpg,0,有漂浮物,有漂浮物,0.9998995065689087,0.9998995065689087,0.9998995065689087,0.9998364813436638,False
01186.jpg,1,有漂浮物,有漂浮物,0.9998998641967773,0.9998998641967773,0.9998998641967773,0.999840772979951,False
00825.jpg,1,有漂浮物,有漂浮物,0.9999001026153564,0.9999001026153564,0.9999001026153564,0.9998548842013406,False
01044.jpg,2,有漂浮物,有漂浮物,0.9999006986618042,0.9999006986618042,0.9999006986618042,0.9998599269129045,False
00479.jpg,1,有漂浮物,有漂浮物,0.9999011754989624,0.9999011754989624,0.9999011754989624,0.999837032504729,False
01030.jpg,1,有漂浮物,有漂浮物,0.9999022483825684,0.9999022483825684,0.9999022483825684,0.9998466286633629,False
00005.jpg,3,有漂浮物,有漂浮物,0.9999023675918579,0.9999023675918579,0.9999023675918579,0.9998414004658116,False
00452.jpg,1,有漂浮物,有漂浮物,0.9999030828475952,0.9999030828475952,0.9999030828475952,0.9998470268510573,False
00770.jpg,3,有漂浮物,有漂浮物,0.9999030828475952,0.9999030828475952,0.9999030828475952,0.9998586522124242,False
01205.jpg,2,有漂浮物,有漂浮物,0.9999033212661743,0.9999033212661743,0.9999033212661743,0.999866342801397,False
00760.jpg,3,有漂浮物,有漂浮物,0.999903678894043,0.999903678894043,0.999903678894043,0.9998661913778051,False
01020.jpg,1,有漂浮物,有漂浮物,0.9999041557312012,0.9999041557312012,0.9999041557312012,0.999834800415556,False
01010.jpg,2,有漂浮物,有漂浮物,0.9999043941497803,0.9999043941497803,0.9999043941497803,0.9998305657791207,False
01047.jpg,1,有漂浮物,有漂浮物,0.9999053478240967,0.9999053478240967,0.9999053478240967,0.9998557817561959,False
00814.jpg,1,有漂浮物,有漂浮物,0.9999054670333862,0.9999054670333862,0.9999054670333862,0.9998606878143619,False
00002.jpg,1,有漂浮物,有漂浮物,0.9999055862426758,0.9999055862426758,0.9999055862426758,0.9998324038242572,False
00910.jpg,3,有漂浮物,有漂浮物,0.9999076128005981,0.9999076128005981,0.9999076128005981,0.9998605927357858,False
00884.jpg,0,有漂浮物,有漂浮物,0.9999077320098877,0.9999077320098877,0.9999077320098877,0.9998449519771384,False
00179.jpg,1,有漂浮物,有漂浮物,0.9999079704284668,0.9999079704284668,0.9999079704284668,0.9998623079045501,False
01221.jpg,1,有漂浮物,有漂浮物,0.9999086856842041,0.9999086856842041,0.9999086856842041,0.9998499391767837,False
00061.jpg,0,有漂浮物,有漂浮物,0.9999114274978638,0.9999114274978638,0.9999114274978638,0.9998431469357456,False
01065.jpg,0,有漂浮物,有漂浮物,0.9999114274978638,0.9999114274978638,0.9999114274978638,0.9998453768421314,False
01231.jpg,3,有漂浮物,有漂浮物,0.9999114274978638,0.9999114274978638,0.9999114274978638,0.9998750930717506,False
00486.jpg,2,有漂浮物,有漂浮物,0.9999117851257324,0.9999117851257324,0.9999117851257324,0.9998619274556404,False
01105.jpg,3,有漂浮物,有漂浮物,0.9999117851257324,0.9999117851257324,0.9999117851257324,0.999865764293645,False
00942.jpg,3,有漂浮物,有漂浮物,0.999911904335022,0.999911904335022,0.999911904335022,0.999861655622226,False
01075.jpg,1,有漂浮物,有漂浮物,0.9999123811721802,0.9999123811721802,0.9999123811721802,0.9998775748863409,False
00141.jpg,0,有漂浮物,有漂浮物,0.999914288520813,0.999914288520813,0.999914288520813,0.9998570145253325,False
00632.jpg,3,有漂浮物,有漂浮物,0.9999152421951294,0.9999152421951294,0.9999152421951294,0.9998909908354108,False
00787.jpg,2,有漂浮物,有漂浮物,0.999915361404419,0.999915361404419,0.999915361404419,0.9998337994111353,False
00878.jpg,3,有漂浮物,有漂浮物,0.9999159574508667,0.9999159574508667,0.9999159574508667,0.9998448177721002,False
01183.jpg,2,有漂浮物,有漂浮物,0.9999160766601562,0.9999160766601562,0.9999160766601562,0.9998643338258262,False
01191.jpg,2,有漂浮物,有漂浮物,0.9999165534973145,0.9999165534973145,0.9999165534973145,0.9998920641173754,False
00544.jpg,3,有漂浮物,有漂浮物,0.9999173879623413,0.9999173879623413,0.9999173879623413,0.9998824452777626,False
00842.jpg,1,有漂浮物,有漂浮物,0.9999191761016846,0.9999191761016846,0.9999191761016846,0.9998556553182425,False
00003.jpg,1,有漂浮物,有漂浮物,0.9999197721481323,0.9999197721481323,0.9999197721481323,0.9998865595116513,False
01187.jpg,2,有漂浮物,有漂浮物,0.9999200105667114,0.9999200105667114,0.9999200105667114,0.9998869919618301,False
00593.jpg,1,有漂浮物,有漂浮物,0.9999206066131592,0.9999206066131592,0.9999206066131592,0.9998963077123335,False
01038.jpg,3,有漂浮物,有漂浮物,0.9999210834503174,0.9999210834503174,0.9999210834503174,0.9998494554311037,False
01169.jpg,2,有漂浮物,有漂浮物,0.9999212026596069,0.9999212026596069,0.9999212026596069,0.9998537827996188,False
01040.jpg,2,有漂浮物,有漂浮物,0.9999217987060547,0.9999217987060547,0.9999217987060547,0.9998572774420609,False
00604.jpg,3,有漂浮物,有漂浮物,0.9999220371246338,0.9999220371246338,0.9999220371246338,0.9998660894452769,False
00588.jpg,1,有漂浮物,有漂浮物,0.9999223947525024,0.9999223947525024,0.9999223947525024,0.9998982849047025,False
01041.jpg,3,有漂浮物,有漂浮物,0.999922513961792,0.999922513961792,0.999922513961792,0.999884731714701,False
00801.jpg,3,有漂浮物,有漂浮物,0.9999233484268188,0.9999233484268188,0.9999233484268188,0.9998747401768924,False
00685.jpg,1,有漂浮物,有漂浮物,0.999923586845398,0.999923586845398,0.999923586845398,0.9998676390787296,False
01120.jpg,2,有漂浮物,有漂浮物,0.999923825263977,0.999923825263977,0.999923825263977,0.9998895582102705,False
00575.jpg,3,有漂浮物,有漂浮物,0.9999241828918457,0.9999241828918457,0.9999241828918457,0.9998917394841556,False
00914.jpg,3,有漂浮物,有漂浮物,0.9999241828918457,0.9999241828918457,0.9999241828918457,0.9998791396828892,False
00635.jpg,2,有漂浮物,有漂浮物,0.9999254941940308,0.9999254941940308,0.9999254941940308,0.9998555934216711,False
00908.jpg,3,有漂浮物,有漂浮物,0.9999254941940308,0.9999254941940308,0.9999254941940308,0.9998710554173158,False
00992.jpg,2,有漂浮物,有漂浮物,0.9999262094497681,0.9999262094497681,0.9999262094497681,0.9998933835449861,False
00227.jpg,0,有漂浮物,有漂浮物,0.9999263286590576,0.9999263286590576,0.9999263286590576,0.9998822427587584,False
01077.jpg,2,有漂浮物,有漂浮物,0.9999266862869263,0.9999266862869263,0.9999266862869263,0.9998924859974068,False
01195.jpg,2,有漂浮物,有漂浮物,0.9999266862869263,0.9999266862869263,0.9999266862869263,0.9998961488636269,False
01104.jpg,2,有漂浮物,有漂浮物,0.9999269247055054,0.9999269247055054,0.9999269247055054,0.9998877903781249,False
00963.jpg,3,有漂浮物,有漂浮物,0.999927282333374,0.999927282333374,0.999927282333374,0.9998830238437222,False
00034.jpg,3,有漂浮物,有漂浮物,0.9999291896820068,0.9999291896820068,0.9999291896820068,0.9998842341374257,False
00897.jpg,0,有漂浮物,有漂浮物,0.9999293088912964,0.9999293088912964,0.9999293088912964,0.999893676595093,False
00512.jpg,1,有漂浮物,有漂浮物,0.9999294281005859,0.9999294281005859,0.9999294281005859,0.9998821306871832,False
00724.jpg,1,有漂浮物,有漂浮物,0.999929666519165,0.999929666519165,0.999929666519165,0.9998757565590495,False
00694.jpg,2,有漂浮物,有漂浮物,0.9999300241470337,0.9999300241470337,0.9999300241470337,0.9998663784790551,False
00208.jpg,1,有漂浮物,有漂浮物,0.9999308586120605,0.9999308586120605,0.9999308586120605,0.9998978396506573,False
00715.jpg,0,有漂浮物,有漂浮物,0.9999310970306396,0.9999310970306396,0.9999310970306396,0.999872920121561,False
00970.jpg,3,有漂浮物,有漂浮物,0.9999310970306396,0.9999310970306396,0.9999310970306396,0.9998764448828297,False
00998.jpg,3,有漂浮物,有漂浮物,0.9999316930770874,0.9999316930770874,0.9999316930770874,0.9998897897967254,False
00171.jpg,3,有漂浮物,有漂浮物,0.9999319314956665,0.9999319314956665,0.9999319314956665,0.9998859995321254,False
00480.jpg,2,有漂浮物,有漂浮物,0.9999321699142456,0.9999321699142456,0.9999321699142456,0.9998995992682467,False
01156.jpg,3,有漂浮物,有漂浮物,0.9999327659606934,0.9999327659606934,0.9999327659606934,0.9999007002588769,False
01151.jpg,3,有漂浮物,有漂浮物,0.9999330043792725,0.9999330043792725,0.9999330043792725,0.9999015588728071,False
00601.jpg,1,有漂浮物,有漂浮物,0.999933123588562,0.999933123588562,0.999933123588562,0.9999043238713057,False
00703.jpg,1,有漂浮物,有漂浮物,0.9999333620071411,0.9999333620071411,0.9999333620071411,0.9999033564854471,False
00866.jpg,1,有漂浮物,有漂浮物,0.9999334812164307,0.9999334812164307,0.9999334812164307,0.9999079660719872,False
00845.jpg,3,有漂浮物,有漂浮物,0.9999336004257202,0.9999336004257202,0.9999336004257202,0.9998747375975654,False
00957.jpg,2,有漂浮物,有漂浮物,0.9999337196350098,0.9999337196350098,0.9999337196350098,0.9998720319126733,False
00606.jpg,1,有漂浮物,有漂浮物,0.9999343156814575,0.9999343156814575,0.9999343156814575,0.9998948741304048,False
01184.jpg,3,有漂浮物,有漂浮物,0.9999343156814575,0.9999343156814575,0.9999343156814575,0.9998857069003861,False
00508.jpg,1,有漂浮物,有漂浮物,0.9999347925186157,0.9999347925186157,0.9999347925186157,0.9998916433069098,False
00727.jpg,0,有漂浮物,有漂浮物,0.9999353885650635,0.9999353885650635,0.9999353885650635,0.9998842475615675,False
00043.jpg,0,有漂浮物,有漂浮物,0.9999357461929321,0.9999357461929321,0.9999357461929321,0.9999071705224196,False
00045.jpg,2,有漂浮物,有漂浮物,0.9999357461929321,0.9999357461929321,0.9999357461929321,0.9999062057941046,False
00982.jpg,0,有漂浮物,有漂浮物,0.9999362230300903,0.9999362230300903,0.9999362230300903,0.9999079250465002,False
00796.jpg,3,有漂浮物,有漂浮物,0.9999368190765381,0.9999368190765381,0.9999368190765381,0.9999038643436506,False
01007.jpg,1,有漂浮物,有漂浮物,0.9999382495880127,0.9999382495880127,0.9999382495880127,0.999903169406025,False
01152.jpg,3,有漂浮物,有漂浮物,0.9999382495880127,0.9999382495880127,0.9999382495880127,0.9999148811493797,False
00059.jpg,3,有漂浮物,有漂浮物,0.9999387264251709,0.9999387264251709,0.9999387264251709,0.9999121428645594,False
00749.jpg,2,有漂浮物,有漂浮物,0.9999387264251709,0.9999387264251709,0.9999387264251709,0.9998978734147386,False
00541.jpg,3,有漂浮物,有漂浮物,0.9999393224716187,0.9999393224716187,0.9999393224716187,0.9998991812826716,False
01158.jpg,3,有漂浮物,有漂浮物,0.9999394416809082,0.9999394416809082,0.9999394416809082,0.9999083623260958,False
00594.jpg,2,有漂浮物,有漂浮物,0.9999396800994873,0.9999396800994873,0.9999396800994873,0.999904047435848,False
00468.jpg,3,有漂浮物,有漂浮物,0.9999397993087769,0.9999397993087769,0.9999397993087769,0.9998904247768223,False
00620.jpg,2,有漂浮物,有漂浮物,0.9999399185180664,0.9999399185180664,0.9999399185180664,0.9999056509113871,False
01170.jpg,3,有漂浮物,有漂浮物,0.9999401569366455,0.9999401569366455,0.9999401569366455,0.9999172404423007,False
00938.jpg,3,有漂浮物,有漂浮物,0.9999403953552246,0.9999403953552246,0.9999403953552246,0.9999146296395338,False
00539.jpg,3,有漂浮物,有漂浮物,0.9999406337738037,0.9999406337738037,0.9999406337738037,0.9999067653734528,False
01123.jpg,2,有漂浮物,有漂浮物,0.9999418258666992,0.9999418258666992,0.9999418258666992,0.9999212032198557,False
00638.jpg,3,有漂浮物,有漂浮物,0.9999419450759888,0.9999419450759888,0.9999419450759888,0.9998933359238436,False
00962.jpg,2,有漂浮物,有漂浮物,0.9999420642852783,0.9999420642852783,0.9999420642852783,0.9999112267105374,False
01112.jpg,2,有漂浮物,有漂浮物,0.999942421913147,0.999942421913147,0.999942421913147,0.9998892433141009,False
00076.jpg,3,有漂浮物,有漂浮物,0.9999427795410156,0.9999427795410156,0.9999427795410156,0.9998912873634254,False
00111.jpg,3,有漂浮物,有漂浮物,0.9999427795410156,0.9999427795410156,0.9999427795410156,0.9999155654586502,False
00991.jpg,3,有漂浮物,有漂浮物,0.9999431371688843,0.9999431371688843,0.9999431371688843,0.9999165015196922,False
00484.jpg,1,有漂浮物,有漂浮物,0.9999434947967529,0.9999434947967529,0.9999434947967529,0.9999119258864084,False
00540.jpg,3,有漂浮物,有漂浮物,0.9999434947967529,0.9999434947967529,0.9999434947967529,0.9999044361866254,False
00580.jpg,1,有漂浮物,有漂浮物,0.9999434947967529,0.9999434947967529,0.9999434947967529,0.9999125968897715,False
00467.jpg,3,有漂浮物,有漂浮物,0.999943733215332,0.999943733215332,0.999943733215332,0.9999019111928646,False
00490.jpg,1,有漂浮物,有漂浮物,0.9999440908432007,0.9999440908432007,0.9999440908432007,0.9999198861041805,False
00448.jpg,1,有漂浮物,有漂浮物,0.999944806098938,0.999944806098938,0.999944806098938,0.9999236117073451,False
01173.jpg,2,有漂浮物,有漂浮物,0.9999449253082275,0.9999449253082275,0.9999449253082275,0.999912034611043,False
00647.jpg,1,有漂浮物,有漂浮物,0.9999454021453857,0.9999454021453857,0.9999454021453857,0.9998975464404793,False
00765.jpg,3,有漂浮物,有漂浮物,0.9999454021453857,0.9999454021453857,0.9999454021453857,0.9999136476581043,False
00590.jpg,3,有漂浮物,有漂浮物,0.999945878982544,0.999945878982544,0.999945878982544,0.999929145535134,False
01198.jpg,3,有漂浮物,有漂浮物,0.999945878982544,0.999945878982544,0.999945878982544,0.9999173030228121,False
01099.jpg,3,有漂浮物,有漂浮物,0.9999459981918335,0.9999459981918335,0.9999459981918335,0.9999142436827242,False
00904.jpg,3,有漂浮物,有漂浮物,0.9999462366104126,0.9999462366104126,0.9999462366104126,0.9999153386197577,False
00050.jpg,2,有漂浮物,有漂浮物,0.9999465942382812,0.9999465942382812,0.9999465942382812,0.9999126594193513,False
00699.jpg,2,有漂浮物,有漂浮物,0.9999468326568604,0.9999468326568604,0.9999468326568604,0.9999176360888669,False
00044.jpg,1,有漂浮物,有漂浮物,0.9999469518661499,0.9999469518661499,0.9999469518661499,0.9999200021393335,False
00524.jpg,0,有漂浮物,有漂浮物,0.9999473094940186,0.9999473094940186,0.9999473094940186,0.9999242130961647,False
00473.jpg,3,有漂浮物,有漂浮物,0.9999476671218872,0.9999476671218872,0.9999476671218872,0.9999171886465774,False
00936.jpg,1,有漂浮物,有漂浮物,0.9999479055404663,0.9999479055404663,0.9999479055404663,0.9999226379914035,False
01217.jpg,1,有漂浮物,有漂浮物,0.9999487400054932,0.9999487400054932,0.9999487400054932,0.9999088329532242,False
00981.jpg,1,有漂浮物,有漂浮物,0.9999488592147827,0.9999488592147827,0.9999488592147827,0.9999230429093586,False
01080.jpg,1,有漂浮物,有漂浮物,0.9999490976333618,0.9999490976333618,0.9999490976333618,0.9999286353249772,False
00450.jpg,1,有漂浮物,有漂浮物,0.9999494552612305,0.9999494552612305,0.9999494552612305,0.9999273733919836,False
00519.jpg,3,有漂浮物,有漂浮物,0.9999498128890991,0.9999498128890991,0.9999498128890991,0.9999311453066184,False
01162.jpg,3,有漂浮物,有漂浮物,0.9999498128890991,0.9999498128890991,0.9999498128890991,0.9999289061870513,False
00156.jpg,0,有漂浮物,有漂浮物,0.9999500513076782,0.9999500513076782,0.9999500513076782,0.9999266825943778,False
00527.jpg,3,有漂浮物,有漂浮物,0.9999500513076782,0.9999500513076782,0.9999500513076782,0.9999290627747541,False
00598.jpg,2,有漂浮物,有漂浮物,0.9999508857727051,0.9999508857727051,0.9999508857727051,0.9999247650994221,False
00852.jpg,1,有漂浮物,有漂浮物,0.9999508857727051,0.9999508857727051,0.9999508857727051,0.9999078200598888,False
00837.jpg,1,有漂浮物,有漂浮物,0.9999513626098633,0.9999513626098633,0.9999513626098633,0.9999217639942799,False
00631.jpg,2,有漂浮物,有漂浮物,0.9999518394470215,0.9999518394470215,0.9999518394470215,0.999912320094154,False
00610.jpg,1,有漂浮物,有漂浮物,0.9999521970748901,0.9999521970748901,0.9999521970748901,0.9999259741343849,False
00859.jpg,3,有漂浮物,有漂浮物,0.9999523162841797,0.9999523162841797,0.9999523162841797,0.9999109003365447,False
01144.jpg,3,有漂浮物,有漂浮物,0.9999524354934692,0.9999524354934692,0.9999524354934692,0.9999288834405888,False
00701.jpg,3,有漂浮物,有漂浮物,0.9999525547027588,0.9999525547027588,0.9999525547027588,0.9999290026462404,False
00122.jpg,2,有漂浮物,有漂浮物,0.9999526739120483,0.9999526739120483,0.9999526739120483,0.9999212891452771,False
00999.jpg,3,有漂浮物,有漂浮物,0.9999526739120483,0.9999526739120483,0.9999526739120483,0.9999166207526287,False
00876.jpg,2,有漂浮物,有漂浮物,0.9999527931213379,0.9999527931213379,0.9999527931213379,0.9999303195872926,False
00952.jpg,2,有漂浮物,有漂浮物,0.9999529123306274,0.9999529123306274,0.9999529123306274,0.9999193070834735,False
01177.jpg,1,有漂浮物,有漂浮物,0.9999529123306274,0.9999529123306274,0.9999529123306274,0.9999288487906597,False
00611.jpg,2,有漂浮物,有漂浮物,0.999953031539917,0.999953031539917,0.999953031539917,0.999935043944788,False
00774.jpg,3,有漂浮物,有漂浮物,0.999953031539917,0.999953031539917,0.999953031539917,0.9999329649272113,False
00493.jpg,3,有漂浮物,有漂浮物,0.9999533891677856,0.9999533891677856,0.9999533891677856,0.9999260682816384,False
00902.jpg,1,有漂浮物,有漂浮物,0.999954342842102,0.999954342842102,0.999954342842102,0.999933517554382,False
00478.jpg,1,有漂浮物,有漂浮物,0.9999545812606812,0.9999545812606812,0.9999545812606812,0.9999350177095039,False
01022.jpg,2,有漂浮物,有漂浮物,0.9999552965164185,0.9999552965164185,0.9999552965164185,0.9999283465640474,False
01032.jpg,3,有漂浮物,有漂浮物,0.9999560117721558,0.9999560117721558,0.9999560117721558,0.9999278235554812,False
01078.jpg,3,有漂浮物,有漂浮物,0.9999561309814453,0.9999561309814453,0.9999561309814453,0.9999431242540595,False
00935.jpg,1,有漂浮物,有漂浮物,0.9999562501907349,0.9999562501907349,0.9999562501907349,0.9999348057208408,False
00847.jpg,1,有漂浮物,有漂浮物,0.9999563694000244,0.9999563694000244,0.9999563694000244,0.9999309531485778,False
00470.jpg,1,有漂浮物,有漂浮物,0.9999567270278931,0.9999567270278931,0.9999567270278931,0.9999351143560489,False
00820.jpg,1,有漂浮物,有漂浮物,0.9999570846557617,0.9999570846557617,0.9999570846557617,0.9999299232858903,False
00459.jpg,1,有漂浮物,有漂浮物,0.9999572038650513,0.9999572038650513,0.9999572038650513,0.9999307751240849,False
01021.jpg,3,有漂浮物,有漂浮物,0.999957799911499,0.999957799911499,0.999957799911499,0.9999271420165314,False
00146.jpg,0,有漂浮物,有漂浮物,0.9999579191207886,0.9999579191207886,0.9999579191207886,0.9999331400413212,False
00463.jpg,2,有漂浮物,有漂浮物,0.9999585151672363,0.9999585151672363,0.9999585151672363,0.999934824563752,False
00721.jpg,2,有漂浮物,有漂浮物,0.9999585151672363,0.9999585151672363,0.9999585151672363,0.999921171754977,False
00139.jpg,2,有漂浮物,有漂浮物,0.999958872795105,0.999958872795105,0.999958872795105,0.9999331568797061,False
00185.jpg,3,有漂浮物,有漂浮物,0.999958872795105,0.999958872795105,0.999958872795105,0.9999212732145679,False
00472.jpg,3,有漂浮物,有漂浮物,0.999958872795105,0.999958872795105,0.999958872795105,0.9999374282688223,False
01083.jpg,0,有漂浮物,有漂浮物,0.9999589920043945,0.9999589920043945,0.9999589920043945,0.9999292773172783,False
00233.jpg,2,有漂浮物,有漂浮物,0.9999591112136841,0.9999591112136841,0.9999591112136841,0.9999268562241923,False
00615.jpg,1,有漂浮物,有漂浮物,0.9999592304229736,0.9999592304229736,0.9999592304229736,0.9999456525902133,False
00948.jpg,2,有漂浮物,有漂浮物,0.9999592304229736,0.9999592304229736,0.9999592304229736,0.9999280288102455,False
01031.jpg,2,有漂浮物,有漂浮物,0.9999592304229736,0.9999592304229736,0.9999592304229736,0.9999301473217201,False
00455.jpg,3,有漂浮物,有漂浮物,0.9999594688415527,0.9999594688415527,0.9999594688415527,0.9999314452088583,False
01116.jpg,2,有漂浮物,有漂浮物,0.9999599456787109,0.9999599456787109,0.9999599456787109,0.9999258775897033,False
00813.jpg,2,有漂浮物,有漂浮物,0.9999603033065796,0.9999603033065796,0.9999603033065796,0.9999422451783175,False
00851.jpg,1,有漂浮物,有漂浮物,0.9999604225158691,0.9999604225158691,0.9999604225158691,0.9999262210731104,False
00728.jpg,1,有漂浮物,有漂浮物,0.9999607801437378,0.9999607801437378,0.9999607801437378,0.9999428974988405,False
00449.jpg,1,有漂浮物,有漂浮物,0.9999608993530273,0.9999608993530273,0.9999608993530273,0.9999447752506967,False
01051.jpg,1,有漂浮物,有漂浮物,0.9999608993530273,0.9999608993530273,0.9999608993530273,0.9999381607249234,False
00926.jpg,3,有漂浮物,有漂浮物,0.9999611377716064,0.9999611377716064,0.9999611377716064,0.9999391846522485,False
00810.jpg,2,有漂浮物,有漂浮物,0.999961256980896,0.999961256980896,0.999961256980896,0.9999351870046667,False
00636.jpg,3,有漂浮物,有漂浮物,0.9999614953994751,0.9999614953994751,0.9999614953994751,0.9999302937139873,False
00786.jpg,1,有漂浮物,有漂浮物,0.9999617338180542,0.9999617338180542,0.9999617338180542,0.9999389061740658,False
01036.jpg,3,有漂浮物,有漂浮物,0.9999617338180542,0.9999617338180542,0.9999617338180542,0.9999354593601311,False
00212.jpg,1,有漂浮物,有漂浮物,0.9999618530273438,0.9999618530273438,0.9999618530273438,0.999948972626953,False
00907.jpg,3,有漂浮物,有漂浮物,0.999962329864502,0.999962329864502,0.999962329864502,0.9999388235355582,False
00466.jpg,3,有漂浮物,有漂浮物,0.9999624490737915,0.9999624490737915,0.9999624490737915,0.9999339283986046,False
00788.jpg,3,有漂浮物,有漂浮物,0.9999631643295288,0.9999631643295288,0.9999631643295288,0.9999352498471126,False
00505.jpg,2,有漂浮物,有漂浮物,0.9999634027481079,0.9999634027481079,0.9999634027481079,0.999942290593026,False
00599.jpg,3,有漂浮物,有漂浮物,0.999963641166687,0.999963641166687,0.999963641166687,0.9999432981076097,False
00985.jpg,3,有漂浮物,有漂浮物,0.9999637603759766,0.9999637603759766,0.9999637603759766,0.999938981152809,False
00912.jpg,1,有漂浮物,有漂浮物,0.9999641180038452,0.9999641180038452,0.9999641180038452,0.9999489707624889,False
00815.jpg,2,有漂浮物,有漂浮物,0.9999642372131348,0.9999642372131348,0.9999642372131348,0.9999407308387163,False
00833.jpg,1,有漂浮物,有漂浮物,0.9999650716781616,0.9999650716781616,0.9999650716781616,0.9999496256696148,False
00052.jpg,0,有漂浮物,有漂浮物,0.9999655485153198,0.9999655485153198,0.9999655485153198,0.9999439778257511,False
00871.jpg,2,有漂浮物,有漂浮物,0.9999655485153198,0.9999655485153198,0.9999655485153198,0.9999447636291734,False
00514.jpg,3,有漂浮物,有漂浮物,0.9999657869338989,0.9999657869338989,0.9999657869338989,0.9999475158438145,False
00134.jpg,2,有漂浮物,有漂浮物,0.9999661445617676,0.9999661445617676,0.9999661445617676,0.9999498939105251,False
00906.jpg,1,有漂浮物,有漂浮物,0.9999663829803467,0.9999663829803467,0.9999663829803467,0.999954859540594,False
01081.jpg,2,有漂浮物,有漂浮物,0.9999676942825317,0.9999676942825317,0.9999676942825317,0.9999498464076169,False
00130.jpg,1,有漂浮物,有漂浮物,0.9999679327011108,0.9999679327011108,0.9999679327011108,0.999941709347695,False
00607.jpg,2,有漂浮物,有漂浮物,0.9999681711196899,0.9999681711196899,0.9999681711196899,0.9999568705434285,False
00968.jpg,3,有漂浮物,有漂浮物,0.9999682903289795,0.9999682903289795,0.9999682903289795,0.9999507876509597,False
01003.jpg,2,有漂浮物,有漂浮物,0.9999688863754272,0.9999688863754272,0.9999688863754272,0.9999435193985846,False
00597.jpg,1,有漂浮物,有漂浮物,0.9999691247940063,0.9999691247940063,0.9999691247940063,0.9999566161850453,False
01212.jpg,3,有漂浮物,有漂浮物,0.9999692440032959,0.9999692440032959,0.9999692440032959,0.9999581619877063,False
00875.jpg,1,有漂浮物,有漂浮物,0.999969482421875,0.999969482421875,0.999969482421875,0.999953421041937,False
00933.jpg,3,有漂浮物,有漂浮物,0.9999701976776123,0.9999701976776123,0.9999701976776123,0.9999547817296843,False
01178.jpg,2,有漂浮物,有漂浮物,0.9999701976776123,0.9999701976776123,0.9999701976776123,0.9999519977372984,False
00975.jpg,1,有漂浮物,有漂浮物,0.999970555305481,0.999970555305481,0.999970555305481,0.9999593426446154,False
01008.jpg,2,有漂浮物,有漂浮物,0.999970555305481,0.999970555305481,0.999970555305481,0.9999520687524637,False
00491.jpg,2,有漂浮物,有漂浮物,0.9999715089797974,0.9999715089797974,0.9999715089797974,0.9999608514854117,False
00169.jpg,1,有漂浮物,有漂浮物,0.9999716281890869,0.9999716281890869,0.9999716281890869,0.9999521024783462,False
00460.jpg,2,有漂浮物,有漂浮物,0.9999717473983765,0.9999717473983765,0.9999717473983765,0.999948056482026,False
00634.jpg,1,有漂浮物,有漂浮物,0.999971866607666,0.999971866607666,0.999971866607666,0.9999608061862091,False
00697.jpg,2,有漂浮物,有漂浮物,0.999971866607666,0.999971866607666,0.999971866607666,0.9999561772528978,False
00116.jpg,2,有漂浮物,有漂浮物,0.9999721050262451,0.9999721050262451,0.9999721050262451,0.9999459327300428,False
00861.jpg,1,有漂浮物,有漂浮物,0.9999727010726929,0.9999727010726929,0.9999727010726929,0.9999560974010819,False
00946.jpg,2,有漂浮物,有漂浮物,0.9999734163284302,0.9999734163284302,0.9999734163284302,0.9999519295652135,False
00040.jpg,1,有漂浮物,有漂浮物,0.9999736547470093,0.9999736547470093,0.9999736547470093,0.9999604429622195,False
01023.jpg,3,有漂浮物,有漂浮物,0.9999737739562988,0.9999737739562988,0.9999737739562988,0.9999588322525597,False
00967.jpg,2,有漂浮物,有漂浮物,0.9999744892120361,0.9999744892120361,0.9999744892120361,0.9999593418133372,False
00822.jpg,3,有漂浮物,有漂浮物,0.9999746084213257,0.9999746084213257,0.9999746084213257,0.9999550444772467,False
01179.jpg,3,有漂浮物,有漂浮物,0.9999748468399048,0.9999748468399048,0.9999748468399048,0.9999619410909872,False
00010.jpg,3,有漂浮物,有漂浮物,0.999975323677063,0.999975323677063,0.999975323677063,0.9999612047377013,False
00149.jpg,3,有漂浮物,有漂浮物,0.9999755620956421,0.9999755620956421,0.9999755620956421,0.9999533064546995,False
00510.jpg,3,有漂浮物,有漂浮物,0.9999756813049316,0.9999756813049316,0.9999756813049316,0.9999644247009201,False
00454.jpg,2,有漂浮物,有漂浮物,0.9999759197235107,0.9999759197235107,0.9999759197235107,0.9999637246346538,False
01072.jpg,3,有漂浮物,有漂浮物,0.9999759197235107,0.9999759197235107,0.9999759197235107,0.9999633865736541,False
00759.jpg,2,有漂浮物,有漂浮物,0.9999760389328003,0.9999760389328003,0.9999760389328003,0.999968118920151,False
00872.jpg,3,有漂浮物,有漂浮物,0.999976396560669,0.999976396560669,0.999976396560669,0.9999612195197187,False
01049.jpg,3,有漂浮物,有漂浮物,0.999976396560669,0.999976396560669,0.999976396560669,0.9999593990814901,False
00856.jpg,1,有漂浮物,有漂浮物,0.9999769926071167,0.9999769926071167,0.9999769926071167,0.9999668825121262,False
01027.jpg,2,有漂浮物,有漂浮物,0.9999772310256958,0.9999772310256958,0.9999772310256958,0.9999655259916835,False
00589.jpg,2,有漂浮物,有漂浮物,0.9999774694442749,0.9999774694442749,0.9999774694442749,0.9999679347120036,False
00828.jpg,3,有漂浮物,有漂浮物,0.9999775886535645,0.9999775886535645,0.9999775886535645,0.9999605911525578,False
00069.jpg,2,有漂浮物,有漂浮物,0.9999778270721436,0.9999778270721436,0.9999778270721436,0.9999616395871271,False
00732.jpg,1,有漂浮物,有漂浮物,0.9999778270721436,0.9999778270721436,0.9999778270721436,0.9999618281781295,False
00989.jpg,2,有漂浮物,有漂浮物,0.9999780654907227,0.9999780654907227,0.9999780654907227,0.9999619411100866,False
01035.jpg,2,有漂浮物,有漂浮物,0.9999781847000122,0.9999781847000122,0.9999781847000122,0.9999606476303597,False
01216.jpg,2,有漂浮物,有漂浮物,0.9999783039093018,0.9999783039093018,0.9999783039093018,0.999960350958645,False
00769.jpg,3,有漂浮物,有漂浮物,0.9999786615371704,0.9999786615371704,0.9999786615371704,0.9999698777191952,False
00492.jpg,3,有漂浮物,有漂浮物,0.9999788999557495,0.9999788999557495,0.9999788999557495,0.9999668704258511,False
00595.jpg,3,有漂浮物,有漂浮物,0.9999788999557495,0.9999788999557495,0.9999788999557495,0.9999712235940024,False
00675.jpg,2,有漂浮物,有漂浮物,0.9999790191650391,0.9999790191650391,0.9999790191650391,0.9999641065378455,False
00832.jpg,1,有漂浮物,有漂浮物,0.9999790191650391,0.9999790191650391,0.9999790191650391,0.9999700094622312,False
01076.jpg,2,有漂浮物,有漂浮物,0.9999792575836182,0.9999792575836182,0.9999792575836182,0.9999703179928474,False
00892.jpg,2,有漂浮物,有漂浮物,0.9999793767929077,0.9999793767929077,0.9999793767929077,0.9999730870044914,False
00653.jpg,2,有漂浮物,有漂浮物,0.9999794960021973,0.9999794960021973,0.9999794960021973,0.9999624319425493,False
00890.jpg,1,有漂浮物,有漂浮物,0.9999794960021973,0.9999794960021973,0.9999794960021973,0.9999719681100032,False
00864.jpg,3,有漂浮物,有漂浮物,0.9999796152114868,0.9999796152114868,0.9999796152114868,0.9999659038530808,False
01048.jpg,2,有漂浮物,有漂浮物,0.9999799728393555,0.9999799728393555,0.9999799728393555,0.9999680602004446,False
00502.jpg,0,有漂浮物,有漂浮物,0.999980092048645,0.999980092048645,0.999980092048645,0.9999708144750912,False
00895.jpg,2,有漂浮物,有漂浮物,0.9999809265136719,0.9999809265136719,0.9999809265136719,0.9999739914846941,False
01053.jpg,1,有漂浮物,有漂浮物,0.9999809265136719,0.9999809265136719,0.9999809265136719,0.9999675065755582,False
00518.jpg,2,有漂浮物,有漂浮物,0.9999814033508301,0.9999814033508301,0.9999814033508301,0.9999735449300715,False
00932.jpg,2,有漂浮物,有漂浮物,0.9999814033508301,0.9999814033508301,0.9999814033508301,0.9999704503115936,False
00602.jpg,2,有漂浮物,有漂浮物,0.9999815225601196,0.9999815225601196,0.9999815225601196,0.9999739356107966,False
00739.jpg,3,有漂浮物,有漂浮物,0.9999815225601196,0.9999815225601196,0.9999815225601196,0.999972530415107,False
00885.jpg,1,有漂浮物,有漂浮物,0.9999816417694092,0.9999816417694092,0.9999816417694092,0.9999722731363363,False
00462.jpg,2,有漂浮物,有漂浮物,0.9999817609786987,0.9999817609786987,0.9999817609786987,0.9999734608281869,False
00513.jpg,2,有漂浮物,有漂浮物,0.9999818801879883,0.9999818801879883,0.9999818801879883,0.9999703565699747,False
00688.jpg,3,有漂浮物,有漂浮物,0.9999818801879883,0.9999818801879883,0.9999818801879883,0.9999734328457635,False
01073.jpg,1,有漂浮物,有漂浮物,0.9999819993972778,0.9999819993972778,0.9999819993972778,0.9999750372180642,False
00695.jpg,3,有漂浮物,有漂浮物,0.9999821186065674,0.9999821186065674,0.9999821186065674,0.9999723386363257,False
01018.jpg,3,有漂浮物,有漂浮物,0.9999825954437256,0.9999825954437256,0.9999825954437256,0.999974582019604,False
00060.jpg,3,有漂浮物,有漂浮物,0.9999828338623047,0.9999828338623047,0.9999828338623047,0.9999674778209737,False
00168.jpg,0,有漂浮物,有漂浮物,0.9999836683273315,0.9999836683273315,0.9999836683273315,0.9999737730586276,False
00645.jpg,3,有漂浮物,有漂浮物,0.9999840259552002,0.9999840259552002,0.9999840259552002,0.9999706321614212,False
00795.jpg,2,有漂浮物,有漂浮物,0.9999840259552002,0.9999840259552002,0.9999840259552002,0.999974169260895,False
01057.jpg,1,有漂浮物,有漂浮物,0.9999843835830688,0.9999843835830688,0.9999843835830688,0.9999702092545704,False
00496.jpg,2,有漂浮物,有漂浮物,0.9999847412109375,0.9999847412109375,0.9999847412109375,0.9999787628198646,False
00515.jpg,2,有漂浮物,有漂浮物,0.9999847412109375,0.9999847412109375,0.9999847412109375,0.9999752621142761,False
00682.jpg,3,有漂浮物,有漂浮物,0.9999847412109375,0.9999847412109375,0.9999847412109375,0.9999754635946374,False
00565.jpg,2,有漂浮物,有漂浮物,0.9999850988388062,0.9999850988388062,0.9999850988388062,0.9999777882503622,False
00679.jpg,1,有漂浮物,有漂浮物,0.9999853372573853,0.9999853372573853,0.9999853372573853,0.9999813857793924,False
00704.jpg,2,有漂浮物,有漂浮物,0.9999853372573853,0.9999853372573853,0.9999853372573853,0.9999755189774078,False
00972.jpg,2,有漂浮物,有漂浮物,0.9999853372573853,0.9999853372573853,0.9999853372573853,0.9999774788057039,False
00471.jpg,2,有漂浮物,有漂浮物,0.9999854564666748,0.9999854564666748,0.9999854564666748,0.9999768256448078,False
00731.jpg,0,有漂浮物,有漂浮物,0.9999854564666748,0.9999854564666748,0.9999854564666748,0.9999763226796858,False
00686.jpg,2,有漂浮物,有漂浮物,0.9999855756759644,0.9999855756759644,0.9999855756759644,0.9999735460660304,False
00909.jpg,2,有漂浮物,有漂浮物,0.9999855756759644,0.9999855756759644,0.9999855756759644,0.9999781354413244,False
00465.jpg,3,有漂浮物,有漂浮物,0.999985933303833,0.999985933303833,0.999985933303833,0.999977336125994,False
00870.jpg,1,有漂浮物,有漂浮物,0.999985933303833,0.999985933303833,0.999985933303833,0.9999806367363817,False
00806.jpg,2,有漂浮物,有漂浮物,0.9999862909317017,0.9999862909317017,0.9999862909317017,0.9999752519324829,False
00051.jpg,3,有漂浮物,有漂浮物,0.9999865293502808,0.9999865293502808,0.9999865293502808,0.9999762398692837,False
00896.jpg,3,有漂浮物,有漂浮物,0.9999868869781494,0.9999868869781494,0.9999868869781494,0.9999808851748639,False
00843.jpg,2,有漂浮物,有漂浮物,0.999987006187439,0.999987006187439,0.999987006187439,0.9999767568160678,False
00937.jpg,2,有漂浮物,有漂浮物,0.9999874830245972,0.9999874830245972,0.9999874830245972,0.9999815511409906,False
00898.jpg,1,有漂浮物,有漂浮物,0.9999877214431763,0.9999877214431763,0.9999877214431763,0.9999832959870218,False
00648.jpg,2,有漂浮物,有漂浮物,0.9999878406524658,0.9999878406524658,0.9999878406524658,0.999976951534336,False
00464.jpg,2,有漂浮物,有漂浮物,0.9999879598617554,0.9999879598617554,0.9999879598617554,0.9999797883428982,False
00849.jpg,3,有漂浮物,有漂浮物,0.9999884366989136,0.9999884366989136,0.9999884366989136,0.9999785799609526,False
00893.jpg,2,有漂浮物,有漂浮物,0.9999884366989136,0.9999884366989136,0.9999884366989136,0.9999842630936655,False
00603.jpg,2,有漂浮物,有漂浮物,0.9999886751174927,0.9999886751174927,0.9999886751174927,0.9999852420025945,False
00903.jpg,2,有漂浮物,有漂浮物,0.9999887943267822,0.9999887943267822,0.9999887943267822,0.9999843688660803,False
00579.jpg,2,有漂浮物,有漂浮物,0.9999889135360718,0.9999889135360718,0.9999889135360718,0.9999799213246661,False
00826.jpg,3,有漂浮物,有漂浮物,0.9999889135360718,0.9999889135360718,0.9999889135360718,0.9999808214215591,False
00839.jpg,3,有漂浮物,有漂浮物,0.9999889135360718,0.9999889135360718,0.9999889135360718,0.9999808214215591,False
00506.jpg,3,有漂浮物,有漂浮物,0.9999890327453613,0.9999890327453613,0.9999890327453613,0.9999835036128388,False
00681.jpg,2,有漂浮物,有漂浮物,0.9999890327453613,0.9999890327453613,0.9999890327453613,0.9999836316956134,False
00854.jpg,3,有漂浮物,有漂浮物,0.9999890327453613,0.9999890327453613,0.9999890327453613,0.999980683758622,False
00913.jpg,2,有漂浮物,有漂浮物,0.99998939037323,0.99998939037323,0.99998939037323,0.9999837079662939,False
01215.jpg,2,有漂浮物,有漂浮物,0.9999895095825195,0.9999895095825195,0.9999895095825195,0.9999810786584931,False
00841.jpg,2,有漂浮物,有漂浮物,0.9999896287918091,0.9999896287918091,0.9999896287918091,0.9999803148184583,False
00881.jpg,1,有漂浮物,有漂浮物,0.9999896287918091,0.9999896287918091,0.9999896287918091,0.9999850270369279,False
01182.jpg,1,有漂浮物,有漂浮物,0.9999899864196777,0.9999899864196777,0.9999899864196777,0.9999857387952034,False
00980.jpg,2,有漂浮物,有漂浮物,0.9999901056289673,0.9999901056289673,0.9999901056289673,0.9999837664408915,False
00013.jpg,3,有漂浮物,有漂浮物,0.9999902248382568,0.9999902248382568,0.9999902248382568,0.999984813222909,False
00453.jpg,2,有漂浮物,有漂浮物,0.9999902248382568,0.9999902248382568,0.9999902248382568,0.9999850711142244,False
01218.jpg,3,有漂浮物,有漂浮物,0.9999904632568359,0.9999904632568359,0.9999904632568359,0.9999834051777725,False
00746.jpg,3,有漂浮物,有漂浮物,0.9999905824661255,0.9999905824661255,0.9999905824661255,0.9999859986478441,False
01055.jpg,3,有漂浮物,有漂浮物,0.9999905824661255,0.9999905824661255,0.9999905824661255,0.9999842432748665,False
00874.jpg,3,有漂浮物,有漂浮物,0.999990701675415,0.999990701675415,0.999990701675415,0.9999832759203855,False
01013.jpg,2,有漂浮物,有漂浮物,0.9999909400939941,0.9999909400939941,0.9999909400939941,0.9999859741128603,False
01062.jpg,1,有漂浮物,有漂浮物,0.9999910593032837,0.9999910593032837,0.9999910593032837,0.9999873616841342,False
00879.jpg,3,有漂浮物,有漂浮物,0.9999915361404419,0.9999915361404419,0.9999915361404419,0.9999880625471178,False
00720.jpg,1,有漂浮物,有漂浮物,0.9999916553497314,0.9999916553497314,0.9999916553497314,0.9999885779163833,False
01017.jpg,2,有漂浮物,有漂浮物,0.9999916553497314,0.9999916553497314,0.9999916553497314,0.9999883666173446,False
00745.jpg,2,有漂浮物,有漂浮物,0.9999922513961792,0.9999922513961792,0.9999922513961792,0.9999895355692843,False
00853.jpg,2,有漂浮物,有漂浮物,0.9999922513961792,0.9999922513961792,0.9999922513961792,0.9999867866631575,False
00927.jpg,2,有漂浮物,有漂浮物,0.9999922513961792,0.9999922513961792,0.9999922513961792,0.9999869960138312,False
00925.jpg,2,有漂浮物,有漂浮物,0.9999926090240479,0.9999926090240479,0.9999926090240479,0.9999876527244851,False
00877.jpg,3,有漂浮物,有漂浮物,0.9999927282333374,0.9999927282333374,0.9999927282333374,0.9999898031710472,False
00735.jpg,3,有漂浮物,有漂浮物,0.9999929666519165,0.9999929666519165,0.9999929666519165,0.9999890382296144,False
00977.jpg,2,有漂浮物,有漂浮物,0.999993085861206,0.999993085861206,0.999993085861206,0.9999907628891833,False
00476.jpg,2,有漂浮物,有漂浮物,0.9999932050704956,0.9999932050704956,0.9999932050704956,0.9999896905258083,False
00827.jpg,2,有漂浮物,有漂浮物,0.9999935626983643,0.9999935626983643,0.9999935626983643,0.9999888517977524,False
00941.jpg,2,有漂浮物,有漂浮物,0.9999935626983643,0.9999935626983643,0.9999935626983643,0.9999883073087403,False
00712.jpg,1,有漂浮物,有漂浮物,0.9999940395355225,0.9999940395355225,0.9999940395355225,0.9999918142625575,False
01066.jpg,1,有漂浮物,有漂浮物,0.9999940395355225,0.9999940395355225,0.9999940395355225,0.9999910216176886,False
00717.jpg,2,有漂浮物,有漂浮物,0.9999947547912598,0.9999947547912598,0.9999947547912598,0.9999914596189683,False
00501.jpg,3,有漂浮物,有漂浮物,0.9999949932098389,0.9999949932098389,0.9999949932098389,0.9999928067090877,False
00734.jpg,3,有漂浮物,有漂浮物,0.9999949932098389,0.9999949932098389,0.9999949932098389,0.9999917236800684,False
00835.jpg,3,有漂浮物,有漂浮物,0.9999949932098389,0.9999949932098389,0.9999949932098389,0.99999161989399,False
00996.jpg,2,有漂浮物,有漂浮物,0.9999953508377075,0.9999953508377075,0.9999953508377075,0.9999931686027139,False
00868.jpg,3,有漂浮物,有漂浮物,0.9999955892562866,0.9999955892562866,0.9999955892562866,0.999993293342186,False
00768.jpg,2,有漂浮物,有漂浮物,0.9999957084655762,0.9999957084655762,0.9999957084655762,0.9999942376475701,False
00821.jpg,2,有漂浮物,有漂浮物,0.9999957084655762,0.9999957084655762,0.9999957084655762,0.9999928061577066,False
00862.jpg,2,有漂浮物,有漂浮物,0.9999957084655762,0.9999957084655762,0.9999957084655762,0.9999937292634513,False
00983.jpg,2,有漂浮物,有漂浮物,0.9999957084655762,0.9999957084655762,0.9999957084655762,0.9999940155643117,False
00730.jpg,3,有漂浮物,有漂浮物,0.9999958276748657,0.9999958276748657,0.9999958276748657,0.9999939611093396,False
00740.jpg,2,有漂浮物,有漂浮物,0.9999958276748657,0.9999958276748657,0.9999958276748657,0.9999943278472756,False
00710.jpg,3,有漂浮物,有漂浮物,0.9999960660934448,0.9999960660934448,0.9999960660934448,0.9999938233629564,False
01059.jpg,3,有漂浮物,有漂浮物,0.9999960660934448,0.9999960660934448,0.9999960660934448,0.9999938145849683,False
00461.jpg,2,有漂浮物,有漂浮物,0.9999963045120239,0.9999963045120239,0.9999963045120239,0.9999943936811633,False
00848.jpg,2,有漂浮物,有漂浮物,0.9999963045120239,0.9999963045120239,0.9999963045120239,0.9999936307788175,False
00690.jpg,2,有漂浮物,有漂浮物,0.9999964237213135,0.9999964237213135,0.9999964237213135,0.9999951155476765,False
00722.jpg,3,有漂浮物,有漂浮物,0.999996542930603,0.999996542930603,0.999996542930603,0.9999949711236695,False
00883.jpg,3,有漂浮物,有漂浮物,0.999996542930603,0.999996542930603,0.999996542930603,0.9999945944116462,False
01058.jpg,2,有漂浮物,有漂浮物,0.999996542930603,0.999996542930603,0.999996542930603,0.9999936800304567,False
00509.jpg,2,有漂浮物,有漂浮物,0.9999966621398926,0.9999966621398926,0.9999966621398926,0.9999949954830072,False
00737.jpg,1,有漂浮物,有漂浮物,0.9999967813491821,0.9999967813491821,0.9999967813491821,0.9999953557818344,False
01054.jpg,2,有漂浮物,有漂浮物,0.9999969005584717,0.9999969005584717,0.9999969005584717,0.9999945409958855,False
00726.jpg,3,有漂浮物,有漂浮物,0.9999970197677612,0.9999970197677612,0.9999970197677612,0.999995701333205,False
00714.jpg,3,有漂浮物,有漂浮物,0.9999972581863403,0.9999972581863403,0.9999972581863403,0.9999957436381237,False
00894.jpg,2,有漂浮物,有漂浮物,0.9999973773956299,0.9999973773956299,0.9999973773956299,0.9999965360673286,False
00929.jpg,2,有漂浮物,有漂浮物,0.9999973773956299,0.9999973773956299,0.9999973773956299,0.9999953748599637,False
00887.jpg,3,有漂浮物,有漂浮物,0.9999974966049194,0.9999974966049194,0.9999974966049194,0.9999962532020845,False
00899.jpg,2,有漂浮物,有漂浮物,0.999997615814209,0.999997615814209,0.999997615814209,0.9999965809624882,False
00738.jpg,2,有漂浮物,有漂浮物,0.9999977350234985,0.9999977350234985,0.9999977350234985,0.9999960716169198,False
00733.jpg,2,有漂浮物,有漂浮物,0.9999978542327881,0.9999978542327881,0.9999978542327881,0.9999964286639624,False
00863.jpg,2,有漂浮物,有漂浮物,0.9999978542327881,0.9999978542327881,0.9999978542327881,0.9999968551302345,False
01067.jpg,2,有漂浮物,有漂浮物,0.9999979734420776,0.9999979734420776,0.9999979734420776,0.9999968931545027,False
00716.jpg,1,有漂浮物,有漂浮物,0.9999980926513672,0.9999980926513672,0.9999980926513672,0.9999973869435053,False
01068.jpg,3,有漂浮物,有漂浮物,0.9999980926513672,0.9999980926513672,0.9999980926513672,0.9999965239089761,False
00917.jpg,2,有漂浮物,有漂浮物,0.9999982118606567,0.9999982118606567,0.9999982118606567,0.999997457698214,False
00500.jpg,2,有漂浮物,有漂浮物,0.9999983310699463,0.9999983310699463,0.9999983310699463,0.9999975514464836,False
00838.jpg,2,有漂浮物,有漂浮物,0.9999983310699463,0.9999983310699463,0.9999983310699463,0.9999973924994947,False
00858.jpg,2,有漂浮物,有漂浮物,0.9999983310699463,0.9999983310699463,0.9999983310699463,0.9999975027844243,False
00867.jpg,2,有漂浮物,有漂浮物,0.9999983310699463,0.9999983310699463,0.9999983310699463,0.9999975345155576,False
00834.jpg,2,有漂浮物,有漂浮物,0.9999984502792358,0.9999984502792358,0.9999984502792358,0.9999976056571427,False
00928.jpg,2,有漂浮物,有漂浮物,0.9999985694885254,0.9999985694885254,0.9999985694885254,0.9999976345770278,False
00976.jpg,2,有漂浮物,有漂浮物,0.9999985694885254,0.9999985694885254,0.9999985694885254,0.9999979957517553,False
01061.jpg,2,有漂浮物,有漂浮物,0.9999985694885254,0.9999985694885254,0.9999985694885254,0.9999974082426206,False
00718.jpg,3,有漂浮物,有漂浮物,0.9999986886978149,0.9999986886978149,0.9999986886978149,0.9999980486481377,False
01063.jpg,2,有漂浮物,有漂浮物,0.9999988079071045,0.9999988079071045,0.9999988079071045,0.9999979227504809,False
00725.jpg,2,有漂浮物,有漂浮物,0.9999991655349731,0.9999991655349731,0.9999991655349731,0.9999987863179172,False
00886.jpg,2,有漂浮物,有漂浮物,0.9999991655349731,0.9999991655349731,0.9999991655349731,0.9999987696683093,False
00713.jpg,2,有漂浮物,有漂浮物,0.9999992847442627,0.9999992847442627,0.9999992847442627,0.9999989298916319,False
00882.jpg,2,有漂浮物,有漂浮物,0.9999995231628418,0.9999995231628418,0.9999995231628418,0.9999993397853899,False
00729.jpg,2,有漂浮物,有漂浮物,0.9999997615814209,0.9999997615814209,0.9999997615814209,0.9999996772964934,False
