filename,fold,true_label_id,true_label,pred_label_id,pred_label,logit_乱采,logit_乱建,logit_乱堆,logit_乱占,logit_有漂浮物,logit_正常,prob_乱采,prob_乱建,prob_乱堆,prob_乱占,prob_有漂浮物,prob_正常
00000.jpg,0,4,有漂浮物,4,有漂浮物,,,,,,,3.452647342793304e-05,6.741478148411131e-05,2.7745757558335117e-05,4.949514544024558e-06,0.9998107526644625,5.4610808523158276e-05
00006.jpg,0,4,有漂浮物,4,有漂浮物,,,,,,,8.48166786506063e-08,7.591807392098273e-07,3.0286749633654375e-09,3.0294584493921063e-07,0.9999982397317099,6.102963523201557e-07
00008.jpg,0,4,有漂浮物,4,有漂浮物,,,,,,,3.11285567964371e-05,0.0003998851649094392,0.00036727715301145236,0.0005454421924970833,0.9981912072218769,0.00046505971090873307
00011.jpg,0,4,有漂浮物,4,有漂浮物,,,,,,,7.507599799960763e-07,1.878965857596786e-05,1.2550831202026643e-06,2.779056359545359e-05,0.9999467950266382,4.6189080900346134e-06
00015.jpg,0,4,有漂浮物,4,有漂浮物,,,,,,,1.6764607110268693e-07,8.167547511264065e-07,3.654516966196764e-09,2.374945047732608e-07,0.9999923609650347,6.413485121253933e-06
00017.jpg,0,4,有漂浮物,4,有漂浮物,,,,,,,4.797085828480424e-06,0.00014530068071967579,2.331186195628898e-06,7.158371446604126e-07,0.9998448044928943,2.0507172171876625e-06
00021.jpg,0,4,有漂浮物,4,有漂浮物,,,,,,,0.00028015253374020984,0.0006235991398585023,0.001407087679527174,3.46727342717894e-05,0.9971883183729308,0.0004661695396716648
00025.jpg,0,4,有漂浮物,4,有漂浮物,,,,,,,0.0002668161686268395,0.0015478629783784988,0.0001061089389468799,0.0005879803445241268,0.9812673743246366,0.01622385724488692
00026.jpg,0,4,有漂浮物,4,有漂浮物,,,,,,,0.00013133701916934014,0.0012393467919358716,4.84651028727975e-05,0.0003850771625749515,0.9963803296662525,0.0018154442571945042
00031.jpg,0,4,有漂浮物,4,有漂浮物,,,,,,,6.153255213954691e-07,4.5546531474313846e-05,5.076149289103422e-06,0.00016736319726412346,0.9993914366596016,0.00038996213684940474
00035.jpg,0,4,有漂浮物,4,有漂浮物,,,,,,,5.4234109914153865e-05,1.9747590152406713e-05,8.181769459277267e-06,6.208428675616132e-06,0.9985466784620496,0.0013649496397488995
00039.jpg,0,4,有漂浮物,4,有漂浮物,,,,,,,2.2095512654242463e-05,0.0003658191892410978,2.2097480039644033e-06,0.0001952551243734379,0.9993205090537896,9.411137193782525e-05
00043.jpg,0,4,有漂浮物,4,有漂浮物,,,,,,,1.1090131127107792e-06,5.321296296229053e-06,8.7554698965405e-06,2.0195333838816692e-07,0.9999082669387531,7.634532860301103e-05
00048.jpg,0,4,有漂浮物,4,有漂浮物,,,,,,,4.652337719897638e-06,2.75218295599706e-05,5.86903843586654e-06,0.0003882833467551188,0.9995535043087225,2.0169138806687108e-05
00052.jpg,0,4,有漂浮物,4,有漂浮物,,,,,,,8.132622137610529e-08,1.5621430262613574e-07,7.640110011637777e-09,2.812573119872277e-08,0.999999550765132,1.7592850293435819e-07
00056.jpg,0,4,有漂浮物,4,有漂浮物,,,,,,,4.729563934881877e-06,2.4526491123093625e-05,3.438564316235155e-06,1.4809401616861176e-06,0.9999628552441738,2.969196290208372e-06
00061.jpg,0,4,有漂浮物,4,有漂浮物,,,,,,,4.104181772409455e-06,5.233396980382182e-06,9.879735586431046e-07,1.624822016825449e-05,0.9998376874789108,0.00013573874860948876
00066.jpg,0,4,有漂浮物,4,有漂浮物,,,,,,,1.2804815732221672e-05,9.854221198668963e-06,1.983155741284049e-06,1.858298653996274e-06,0.9999507269487597,2.2772559914009022e-05
00071.jpg,0,4,有漂浮物,4,有漂浮物,,,,,,,5.043581007995898e-05,0.0001731073632561472,0.00013913499549480417,0.0069181679496530465,0.9906249249649534,0.002094228916562744
00072.jpg,0,4,有漂浮物,4,有漂浮物,,,,,,,1.0788882118021629e-05,3.722753956504333e-05,2.3000234117486546e-06,1.5040953996093318e-07,0.9999451955684063,4.337576958953087e-06
00077.jpg,0,4,有漂浮物,4,有漂浮物,,,,,,,6.200968935716736e-05,6.290488587380607e-05,0.00010761074883413757,3.3043864257929195e-05,0.9934799902964228,0.006254440515254179
00081.jpg,0,4,有漂浮物,4,有漂浮物,,,,,,,1.0538353737128653e-06,3.881947137571097e-07,1.4879338064348426e-07,9.209095371176024e-09,0.9999966264053161,1.7735621205111203e-06
00086.jpg,0,4,有漂浮物,4,有漂浮物,,,,,,,2.7001939593590115e-05,6.367369737104124e-05,0.0006884496566447554,0.03477120457650716,0.9633932216543746,0.0010564484755089143
00090.jpg,0,4,有漂浮物,4,有漂浮物,,,,,,,2.1492768616156466e-07,2.7615748150018963e-05,2.3987568566660233e-06,4.020129555216099e-07,0.9999480701901247,2.129836422690414e-05
00094.jpg,0,4,有漂浮物,4,有漂浮物,,,,,,,9.071830996481903e-08,1.0607445480298595e-06,3.8103745595076264e-08,2.9395731148756566e-06,0.9999797582686134,1.611259166827813e-05
00095.jpg,0,4,有漂浮物,4,有漂浮物,,,,,,,6.845604783092698e-06,7.872182042180077e-05,7.24833920476315e-05,1.0114852637142194e-06,0.9997290642181729,0.00011187347931080743
00100.jpg,0,5,正常,4,有漂浮物,,,,,,,1.1436924575365084e-06,4.265940842786719e-06,4.226771491245495e-06,3.266019368040468e-06,0.9999645435865921,2.2553989248169843e-05
00104.jpg,0,4,有漂浮物,4,有漂浮物,,,,,,,6.504318692257805e-07,2.7703002165859506e-06,2.533750546400675e-06,6.961831982391423e-08,0.9999684682100625,2.5507688985464084e-05
00108.jpg,0,4,有漂浮物,4,有漂浮物,,,,,,,6.826178692157675e-08,8.204314159886746e-06,1.5351177845839018e-06,9.124799375050234e-07,0.9999236782387686,6.560158756270815e-05
00113.jpg,0,4,有漂浮物,4,有漂浮物,,,,,,,2.6434954113091598e-05,4.640885493760513e-05,1.622122757950109e-05,8.597368636811063e-06,0.9956096778413805,0.004292659753352541
00115.jpg,0,4,有漂浮物,4,有漂浮物,,,,,,,3.5256147631818916e-05,0.00012253681862085786,0.00010880473451876265,0.0002684701692573507,0.9991273163187931,0.0003376158111781883
00120.jpg,0,4,有漂浮物,4,有漂浮物,,,,,,,6.884222246688393e-06,2.607119074182685e-05,2.4983810722579758e-06,5.909251960630017e-06,0.9999412641210251,1.737283295334542e-05
00125.jpg,0,4,有漂浮物,4,有漂浮物,,,,,,,0.0017778876659376845,0.00040191801939254835,0.00015321672133763542,0.0013520965288969634,0.9870062901353964,0.009308590929038813
00132.jpg,0,4,有漂浮物,4,有漂浮物,,,,,,,3.250351627491e-09,4.6328098234428226e-06,6.162761912588271e-08,2.6599077591833673e-09,0.9999944601998508,8.394524471349074e-07
00136.jpg,0,4,有漂浮物,4,有漂浮物,,,,,,,1.9547567269895766e-06,2.9293292121121643e-05,5.634081840200533e-06,1.887813189122193e-05,0.9999416366790442,2.603058376179763e-06
00137.jpg,0,4,有漂浮物,4,有漂浮物,,,,,,,0.00011485800275979665,0.000733435639716312,0.0001307045003781376,0.0001035130133208893,0.9931013378700225,0.005816150973802283
00141.jpg,0,4,有漂浮物,4,有漂浮物,,,,,,,4.865146165958011e-06,1.654170002280487e-05,3.6694799510376413e-06,6.285651819364988e-05,0.9998636657012867,4.8401454379846194e-05
00146.jpg,0,4,有漂浮物,4,有漂浮物,,,,,,,2.2722030376033532e-07,2.634196182321768e-06,4.479397156510612e-08,7.764568421250073e-08,0.9999877624204452,9.253723412968639e-06
00151.jpg,0,4,有漂浮物,4,有漂浮物,,,,,,,2.20091547545669e-05,7.160482772985769e-06,4.700280607225271e-06,8.30393245127419e-06,0.9994003876178971,0.0005574385315169079
00156.jpg,0,4,有漂浮物,4,有漂浮物,,,,,,,4.2300872171634746e-10,1.7438233205733313e-08,1.2921591978585187e-10,2.1128335765170715e-09,0.9999999680911685,1.1805539925632857e-08
00157.jpg,0,4,有漂浮物,4,有漂浮物,,,,,,,0.0019220942084650344,0.0001614838915361434,1.2219305673166052e-05,1.3062997702731513e-05,0.9939194280983698,0.003971711498253224
00163.jpg,0,4,有漂浮物,4,有漂浮物,,,,,,,5.734638937543106e-08,1.794043786550237e-05,9.337283227149179e-08,3.7660669851392943e-07,0.9999795980373483,1.9341988661315814e-06
00168.jpg,0,4,有漂浮物,4,有漂浮物,,,,,,,3.3523764723766936e-08,3.2124686033518066e-07,9.94524894258787e-08,4.2562677238549393e-07,0.9999943066623358,4.813487777309744e-06
00173.jpg,0,4,有漂浮物,4,有漂浮物,,,,,,,1.3273926659702614e-07,2.9140730425509056e-06,4.168277802563872e-06,1.2216847217988508e-07,0.9999898364878794,2.826253536544987e-06
00178.jpg,0,4,有漂浮物,4,有漂浮物,,,,,,,9.996536778961265e-07,2.5848999323410707e-06,5.397369104726287e-07,9.111744612623751e-08,0.9999913465205316,4.438071501551643e-06
00182.jpg,0,4,有漂浮物,4,有漂浮物,,,,,,,2.8604494825502014e-05,7.660468906815638e-06,9.650154236043125e-07,1.0528065204989775e-05,0.99854478143163,0.0014074605240091144
00187.jpg,0,4,有漂浮物,4,有漂浮物,,,,,,,7.5956535270241e-05,0.000773617327606797,0.003004706711242719,8.49107779348991e-05,0.9958642843443593,0.00019652430358609176
00191.jpg,0,4,有漂浮物,4,有漂浮物,,,,,,,7.005221743754686e-08,4.435685817219438e-07,7.702618543440803e-07,5.388665547711538e-08,0.9999983739994829,2.8823120804990524e-07
00195.jpg,0,4,有漂浮物,4,有漂浮物,,,,,,,1.3053290867988385e-05,1.3262754183858417e-05,2.9492924671568914e-06,7.031826938367328e-06,0.9998895301294095,7.417270613325367e-05
00200.jpg,0,4,有漂浮物,4,有漂浮物,,,,,,,1.9429155997436282e-07,1.031079342744627e-05,7.189064194823883e-08,3.0258557952998175e-07,0.9999792727641967,9.8476745943277e-06
00204.jpg,0,4,有漂浮物,4,有漂浮物,,,,,,,0.0019756716831234554,0.0005522204715849902,0.007098239073960661,0.0002983540688836814,0.9810101431390116,0.009065371563435743
00209.jpg,0,4,有漂浮物,4,有漂浮物,,,,,,,6.370258070899547e-06,0.00011724658164193158,1.8775289318131507e-05,0.00010405637889203025,0.9997052269392959,4.8324552781081556e-05
00211.jpg,0,4,有漂浮物,4,有漂浮物,,,,,,,4.3123707335475904e-05,2.0704317918091657e-05,2.246419718530958e-05,3.036109157835918e-07,0.9998860765921617,2.7327574483706118e-05
00218.jpg,0,4,有漂浮物,4,有漂浮物,,,,,,,7.558272942498769e-07,1.2879891258126413e-05,1.512758511021162e-06,7.726599175050906e-08,0.999980816029076,3.958227869067654e-06
00223.jpg,0,4,有漂浮物,4,有漂浮物,,,,,,,4.623755770848435e-06,2.1307505469258563e-05,2.340179964985523e-05,8.590762274457605e-08,0.9999487851962089,1.7958352784046222e-06
00227.jpg,0,4,有漂浮物,4,有漂浮物,,,,,,,3.3881769449838836e-06,6.102642188787851e-06,3.359356462481387e-07,1.0297235877156633e-05,0.9999779551073539,1.92090198892805e-06
00231.jpg,0,4,有漂浮物,4,有漂浮物,,,,,,,6.047626736315437e-05,0.0013541531881533582,1.5948704820413656e-05,3.097135182758616e-06,0.9981978339130776,0.00036849079140275465
00444.jpg,0,4,有漂浮物,4,有漂浮物,,,,,,,6.736494745262211e-05,6.678617198486523e-06,0.00014804800793668244,0.00016593587887815274,0.9995968905675745,1.5081980959577931e-05
00456.jpg,0,4,有漂浮物,4,有漂浮物,,,,,,,0.00011749212862672257,3.0141798104976544e-06,3.180243134498929e-05,0.00017495972153403066,0.9996636219896087,9.109549075147197e-06
00469.jpg,0,4,有漂浮物,4,有漂浮物,,,,,,,1.0193777912319985e-05,1.4729817390426933e-06,7.434090002599391e-06,5.321546031736174e-06,0.9999735542623859,2.0233419283195417e-06
00474.jpg,0,4,有漂浮物,4,有漂浮物,,,,,,,1.4448779931486718e-05,3.1205302111477255e-06,4.423623224230487e-05,3.925803043297203e-05,0.9998887371868096,1.0199240372603224e-05
00475.jpg,0,4,有漂浮物,4,有漂浮物,,,,,,,4.116917054223448e-06,9.668078001524275e-07,1.068188726910086e-05,1.1905852031602212e-06,0.9999816569183424,1.38688433109312e-06
00477.jpg,0,4,有漂浮物,4,有漂浮物,,,,,,,1.730598437569321e-05,4.640165879593406e-06,4.2952831191274234e-05,2.4609926290699434e-06,0.9999266940601858,5.945965738835349e-06
00483.jpg,0,4,有漂浮物,4,有漂浮物,,,,,,,5.387014300503506e-06,5.530961294663867e-07,8.348423544673411e-06,1.09670552758574e-05,0.9999725136557878,2.2307549615696427e-06
00489.jpg,0,4,有漂浮物,4,有漂浮物,,,,,,,4.1101666772805e-05,4.569698139362576e-06,1.409496528318597e-05,6.178833614133586e-05,0.9998707745654025,7.670768260953445e-06
00494.jpg,0,4,有漂浮物,4,有漂浮物,,,,,,,0.000383849134997981,0.00011877145841725506,0.0005377431934415977,2.7932550960176343e-05,0.9972783739928159,0.0016533296693669818
00498.jpg,0,4,有漂浮物,4,有漂浮物,,,,,,,0.025805024418688618,0.00031798734428974866,0.005910477062337554,0.0014755612748342287,0.9624847206456035,0.004006229254246435
00502.jpg,0,4,有漂浮物,4,有漂浮物,,,,,,,4.372752087009383e-08,1.8078717316575815e-06,1.5759402194667877e-07,1.3921742994840652e-08,0.9999977957874608,1.8109752174196095e-07
00507.jpg,0,4,有漂浮物,4,有漂浮物,,,,,,,8.851449331307746e-08,5.016596809669648e-06,3.2101761895497495e-07,5.2569664871832106e-08,0.9999939732153317,5.48086081589824e-07
00511.jpg,0,4,有漂浮物,4,有漂浮物,,,,,,,1.949037986085313e-08,2.0107747827689578e-06,1.759523138922942e-07,2.3200040446258434e-09,0.9999976933616708,9.810084879653193e-08
00516.jpg,0,4,有漂浮物,4,有漂浮物,,,,,,,1.1101055672348935e-07,4.696600633084716e-06,2.2816067368293948e-07,7.041360555776332e-08,0.9999948176006836,7.621384737849045e-08
00520.jpg,0,4,有漂浮物,4,有漂浮物,,,,,,,1.8303507743339887e-07,8.148409992627461e-06,3.3055635426108036e-07,6.488468166399615e-07,0.9999885650439505,2.124107808621758e-06
00524.jpg,0,4,有漂浮物,4,有漂浮物,,,,,,,2.0643292539790075e-06,1.0405690072846403e-06,3.16354446165062e-06,1.465289519549695e-07,0.9999923759090114,1.209119313652816e-06
00528.jpg,0,4,有漂浮物,4,有漂浮物,,,,,,,6.603735223326587e-06,6.3370150923802015e-06,8.412666582595654e-05,1.3544440079547513e-05,0.9998342701326355,5.511801114321552e-05
00535.jpg,0,4,有漂浮物,4,有漂浮物,,,,,,,0.00011634806532543096,2.3397159042420485e-05,0.0006238525127757725,4.3243528756178564e-05,0.998707526072115,0.000485632661985266
00546.jpg,0,4,有漂浮物,4,有漂浮物,,,,,,,0.00011097676873609993,2.6879018895441308e-05,0.0011429479666514293,2.1389849631284993e-05,0.998491014275707,0.00020679212037872914
00547.jpg,0,4,有漂浮物,4,有漂浮物,,,,,,,4.972826774975328e-05,1.3600990419702896e-05,0.00031818336593380435,4.760065974798466e-06,0.9992439568816213,0.0003697704283005565
00553.jpg,0,4,有漂浮物,4,有漂浮物,,,,,,,8.411170423624829e-06,1.4559504228864946e-05,1.8000903355929178e-05,4.3769118956399495e-07,0.9998855425111204,7.304821968177381e-05
00557.jpg,0,4,有漂浮物,4,有漂浮物,,,,,,,3.389840631168427e-05,3.812369433594792e-05,2.3150520484273753e-05,2.8115426812686613e-06,0.9994105544898864,0.0004914613463004038
00558.jpg,0,4,有漂浮物,4,有漂浮物,,,,,,,1.001834371172066e-05,2.4033684773588695e-05,1.404832523935757e-05,2.4334323707231745e-06,0.9998103820861526,0.00013908412775202704
00563.jpg,0,4,有漂浮物,4,有漂浮物,,,,,,,3.817031018997827e-05,3.8168380022314016e-05,2.6089697456252742e-05,2.5256485084676314e-06,0.9996858104925197,0.0002092354713032529
00567.jpg,0,4,有漂浮物,4,有漂浮物,,,,,,,1.748054296777761e-05,9.324683046201284e-06,1.318964992996941e-05,1.1123880983154244e-06,0.9999036773367821,5.521539917570306e-05
00568.jpg,0,4,有漂浮物,4,有漂浮物,,,,,,,2.9773824124959432e-05,5.437536426199199e-05,5.048673646842307e-05,1.657832609787597e-06,0.9996740074285677,0.00018969881396705893
00572.jpg,0,4,有漂浮物,4,有漂浮物,,,,,,,2.4299832068243125e-05,6.677653088487304e-05,5.405004199513011e-05,2.508575036406735e-06,0.999653094063543,0.0001992709564724095
00576.jpg,0,4,有漂浮物,4,有漂浮物,,,,,,,1.0576185063106495e-05,2.5767949536605765e-05,1.9665080298422095e-05,1.1513787084839262e-06,0.9997249505249767,0.00021788888141683049
00582.jpg,0,4,有漂浮物,4,有漂浮物,,,,,,,6.93910289299243e-05,0.00011222413177032392,1.2754299325780266e-05,0.0004092777517361067,0.998953063797158,0.0004432889910798313
00586.jpg,0,4,有漂浮物,4,有漂浮物,,,,,,,0.0011292080416065882,0.0001226381805689366,8.083279802964307e-05,0.004102506426401682,0.9913235068049026,0.003241307748490435
00587.jpg,0,4,有漂浮物,4,有漂浮物,,,,,,,2.627570606627557e-06,1.132338062665125e-05,2.99731376977631e-06,3.406114071635123e-06,0.9999780854802514,1.560140673940656e-06
00591.jpg,0,4,有漂浮物,4,有漂浮物,,,,,,,3.1180053028878756e-06,1.1819936126108222e-05,9.715083154222926e-06,1.119290267516603e-06,0.9999729092925264,1.318392622996735e-06
00592.jpg,0,4,有漂浮物,4,有漂浮物,,,,,,,2.9448495446419153e-06,1.1954300947939727e-05,1.1894161699598456e-05,1.5295763556448435e-06,0.9999690376033913,2.639508061018921e-06
00596.jpg,0,4,有漂浮物,4,有漂浮物,,,,,,,3.7911240614892483e-06,1.6942078269553465e-05,1.6829428916744398e-05,3.3085783973468382e-06,0.999955524142231,3.604648123838398e-06
00600.jpg,0,4,有漂浮物,4,有漂浮物,,,,,,,1.9577766122643903e-06,5.41857414294488e-06,2.0608789168069367e-06,2.798896612569782e-05,0.9999619687092385,6.050949637746832e-07
00605.jpg,0,4,有漂浮物,4,有漂浮物,,,,,,,3.9389659199823046e-06,3.500220069832824e-06,4.6314633280070376e-06,8.22639855732934e-06,0.9999792787045927,4.242475320382064e-07
00609.jpg,0,4,有漂浮物,4,有漂浮物,,,,,,,5.910780943297699e-05,1.6460419555925004e-05,2.203632685873298e-05,3.407922535841207e-05,0.999867277787601,1.0384311929733261e-06
00613.jpg,0,4,有漂浮物,4,有漂浮物,,,,,,,8.97853213212567e-05,8.370876044679635e-05,0.00010091722841370113,3.0482493517687285e-05,0.999656812414662,3.829378163847325e-05
00618.jpg,0,4,有漂浮物,4,有漂浮物,,,,,,,0.00030278999486576033,2.886654703733309e-05,0.00013450041715811574,0.0008424851688914445,0.99866177582519,2.958204685750229e-05
00624.jpg,0,4,有漂浮物,4,有漂浮物,,,,,,,8.44892062706075e-05,1.3854623292788016e-05,6.447528725663387e-06,0.0005001061151718849,0.9993856708336197,9.431692919150315e-06
00628.jpg,0,4,有漂浮物,4,有漂浮物,,,,,,,0.001230151154213597,0.00010122017191386082,0.00022552686698361878,0.003153097664134279,0.9951804585410222,0.0001095456017323017
00633.jpg,0,4,有漂浮物,4,有漂浮物,,,,,,,0.00037678863129557487,0.00016269290980954653,8.852215652287305e-05,0.13929478608079346,0.8598894420970323,0.00018776812454624462
00639.jpg,0,4,有漂浮物,4,有漂浮物,,,,,,,0.0006366094278610733,4.976625950030538e-06,1.1533945569958751e-05,0.000711536276934677,0.9986328984931608,2.4452305235544697e-06
00646.jpg,0,4,有漂浮物,4,有漂浮物,,,,,,,3.7571279917956507e-05,3.043944689962776e-06,9.215191191822545e-06,7.408129216503129e-05,0.9998758188763789,2.694156563758455e-07
00651.jpg,0,4,有漂浮物,4,有漂浮物,,,,,,,4.6829341539066995e-05,3.467544262377717e-05,5.680947415182914e-05,0.0003061462515955648,0.9995508743310456,4.665159044197962e-06
00655.jpg,0,4,有漂浮物,4,有漂浮物,,,,,,,3.953422518340348e-05,6.209997462486706e-05,7.678115753019751e-05,1.1568171790339852e-05,0.9987409635065043,0.0010690529643669678
00659.jpg,0,4,有漂浮物,4,有漂浮物,,,,,,,1.9847545669003633e-05,1.7013398326730765e-05,4.483261928048502e-05,6.2530790943610386e-06,0.9996747039916101,0.00023734936601944864
00663.jpg,0,4,有漂浮物,4,有漂浮物,,,,,,,1.4976354805692024e-05,1.5834371871390067e-05,2.0628616777621658e-05,9.725696321775594e-06,0.9999131151431759,2.57198170475504e-05
00667.jpg,0,4,有漂浮物,4,有漂浮物,,,,,,,1.688111202067721e-05,0.00011466342478283118,5.5860935079211514e-05,3.4529300177312177e-06,0.9993848190133238,0.00042432258477577883
00671.jpg,0,4,有漂浮物,4,有漂浮物,,,,,,,3.3890065278342914e-05,1.359544433314251e-05,6.438647104490212e-05,2.4294387194843334e-06,0.9997000458722641,0.00018565270835994377
00677.jpg,0,4,有漂浮物,4,有漂浮物,,,,,,,2.233964776451225e-06,4.3660685708911495e-06,3.5737426106834015e-05,8.851789875285529e-07,0.9999555490715341,1.2282900241894616e-06
00678.jpg,0,4,有漂浮物,4,有漂浮物,,,,,,,5.720790484780847e-06,5.902668345900124e-06,9.797249705060063e-05,4.2934434731006105e-06,0.9998845938199554,1.5167806902550752e-06
00683.jpg,0,4,有漂浮物,4,有漂浮物,,,,,,,2.672036995173806e-06,1.5071987545318053e-05,5.087029896865088e-06,2.7483667472046893e-05,0.9999454611869532,4.224091137297148e-06
00684.jpg,0,4,有漂浮物,4,有漂浮物,,,,,,,5.625080904765391e-07,4.59472724156457e-06,3.427951141781042e-06,7.603514159143697e-06,0.999980777581928,3.033717438933448e-06
00689.jpg,0,4,有漂浮物,4,有漂浮物,,,,,,,1.0496722411949908e-05,5.936797241408057e-05,1.0469263798159726e-05,5.605950541879377e-05,0.9996685954408261,0.00019501109513098014
00691.jpg,0,4,有漂浮物,4,有漂浮物,,,,,,,3.5951411467743885e-06,2.852525076338907e-05,1.4853195818630355e-05,3.522109116399096e-06,0.9999342746244237,1.5229678730917172e-05
00692.jpg,0,4,有漂浮物,4,有漂浮物,,,,,,,1.3970127469955266e-05,0.00010265585036347659,6.427536606406023e-05,0.0006116017893800801,0.9991255831796432,8.191368707933493e-05
00696.jpg,0,4,有漂浮物,4,有漂浮物,,,,,,,6.205482871567505e-05,7.23139870262045e-06,0.0001794846152120673,2.5377639462178297e-06,0.9997429027133552,5.788680068233553e-06
00702.jpg,0,4,有漂浮物,4,有漂浮物,,,,,,,9.184549831483422e-06,1.0068353208052808e-05,6.46357607688382e-05,9.36365174372212e-06,0.9999055305072895,1.2171771584454012e-06
00706.jpg,0,4,有漂浮物,4,有漂浮物,,,,,,,7.133029448613868e-05,3.581161147661316e-05,0.00017443514783370068,0.00010642851609817108,0.9996006878680679,1.1306562037668135e-05
00711.jpg,0,4,有漂浮物,4,有漂浮物,,,,,,,3.938993094747083e-06,5.883235094752539e-06,4.5266979741912616e-05,4.12003915366756e-06,0.999931699611208,9.091141706823559e-06
00715.jpg,0,4,有漂浮物,4,有漂浮物,,,,,,,4.056022834960784e-06,5.020816565451092e-06,3.276381273918725e-05,2.465791999415779e-06,0.9999529615490498,2.7320068112100554e-06
00719.jpg,0,4,有漂浮物,4,有漂浮物,,,,,,,4.76817055025603e-06,4.444076409959211e-06,5.859999363679831e-06,1.9975560951039204e-05,0.9999626572247469,2.294967978108538e-06
00723.jpg,0,4,有漂浮物,4,有漂浮物,,,,,,,1.3450011858535192e-05,5.0054979634571175e-06,3.52296854810111e-05,2.629713068216272e-06,0.9999397839565192,3.901135109457002e-06
00727.jpg,0,4,有漂浮物,4,有漂浮物,,,,,,,1.1469839979218658e-07,6.493890081461366e-07,2.8097689116726845e-06,7.049155803100972e-07,0.9999956284860698,9.274203036569683e-08
00731.jpg,0,4,有漂浮物,4,有漂浮物,,,,,,,9.611932576762761e-08,3.221398965793871e-07,3.665039617780679e-07,1.867423605161848e-07,0.9999988872632001,1.412312553301054e-07
00736.jpg,0,4,有漂浮物,4,有漂浮物,,,,,,,4.127896035024374e-06,1.1466807058854288e-05,1.3604923972498278e-05,1.2151863835578873e-05,0.9999556778404438,2.9706686542154007e-06
00741.jpg,0,4,有漂浮物,4,有漂浮物,,,,,,,1.8740512444393892e-06,3.312394458293317e-06,6.671658863137147e-06,6.932298290061541e-06,0.9999798453720113,1.364225132673413e-06
00747.jpg,0,4,有漂浮物,4,有漂浮物,,,,,,,6.350406351592405e-05,0.0002041547972719405,0.00038484546573632833,0.00014717367901658865,0.9990552892493187,0.00014503274514044828
00751.jpg,0,4,有漂浮物,4,有漂浮物,,,,,,,0.0001071437433781807,4.57317365687402e-05,0.0005644148457449783,0.0004789510631963348,0.9987657714245067,3.798718660492618e-05
00757.jpg,0,4,有漂浮物,3,乱占,,,,,,,0.0021686278330199055,0.0003098699911913583,0.0001482567538586065,0.8027156892930929,0.19375429014934126,0.0009032659794960612
00761.jpg,0,4,有漂浮物,4,有漂浮物,,,,,,,6.216521188681789e-06,8.279445917059769e-06,1.1550515401131934e-05,2.2328431190184395e-05,0.9999200064448176,3.161864148543747e-05
00766.jpg,0,4,有漂浮物,4,有漂浮物,,,,,,,1.63520762567084e-05,9.896799422351e-05,3.7657840179142474e-05,5.984298185364122e-06,0.9998099731007261,3.1064690429234285e-05
00771.jpg,0,4,有漂浮物,4,有漂浮物,,,,,,,2.0539881358176682e-05,6.320090611157406e-05,0.0001960654345981012,3.0374527038701715e-06,0.9996236417836267,9.35145416013711e-05
00775.jpg,0,4,有漂浮物,4,有漂浮物,,,,,,,8.188027776017867e-06,9.129755297384737e-06,2.502480656033143e-06,4.729102462672497e-07,0.9999435829608926,3.612386513164603e-05
00779.jpg,0,4,有漂浮物,4,有漂浮物,,,,,,,0.00028283772690950446,0.00014120395094987587,8.762595168654449e-05,0.002035874127098974,0.9973036342591166,0.00014882398423851707
00781.jpg,0,4,有漂浮物,4,有漂浮物,,,,,,,0.0001361201736157813,3.7869580402922276e-05,3.628449656353645e-05,0.0002772325277638902,0.9995036746888001,8.818532853656162e-06
00784.jpg,0,4,有漂浮物,4,有漂浮物,,,,,,,2.0709780458049185e-05,5.456474449387493e-06,8.364901283558868e-06,0.00011987748465232171,0.9998444493880555,1.1419711011842897e-06
00789.jpg,0,4,有漂浮物,4,有漂浮物,,,,,,,5.53351673463043e-07,8.042366719038557e-06,2.7216417193932682e-06,4.623208608503223e-05,0.9999390904118248,3.3601419783719096e-06
00793.jpg,0,4,有漂浮物,4,有漂浮物,,,,,,,5.150690580524304e-05,3.5350758546528106e-05,0.00032730864827006947,8.583054467637046e-06,0.9991674486021088,0.00040980203080151213
00797.jpg,0,4,有漂浮物,4,有漂浮物,,,,,,,3.3629186276142932e-06,3.0904360240028036e-06,6.166071295542349e-06,0.0001318081108022925,0.9998481352529378,7.43721031249596e-06
00798.jpg,0,4,有漂浮物,4,有漂浮物,,,,,,,1.1793120365229536e-06,3.5957513347558437e-06,4.724873884605087e-06,4.765976206536804e-05,0.9999412180526975,1.6222479812467881e-06
00802.jpg,0,4,有漂浮物,4,有漂浮物,,,,,,,1.6962974657963547e-05,1.487840587633478e-05,5.993244374152879e-06,8.717058647390864e-05,0.9998700450187787,4.949769838843187e-06
00808.jpg,0,4,有漂浮物,4,有漂浮物,,,,,,,3.166223575253287e-06,6.610280212215692e-06,4.694692715481889e-06,5.055584323736124e-05,0.9999287844671622,6.188493097577241e-06
00812.jpg,0,4,有漂浮物,4,有漂浮物,,,,,,,1.727323838217938e-05,2.504526311587047e-05,2.8010495601557835e-06,0.00023083313567649958,0.999702238803542,2.1808509723418007e-05
00817.jpg,0,4,有漂浮物,4,有漂浮物,,,,,,,2.7033801358216757e-05,1.147855460646558e-05,8.01520208301077e-06,3.3347696158851456e-05,0.9999105757636817,9.548982111668975e-06
00819.jpg,0,4,有漂浮物,4,有漂浮物,,,,,,,6.895466477452802e-05,0.0001601757114618031,6.216419567024399e-05,8.088571501357962e-05,0.9995565372800409,7.128243303888525e-05
00823.jpg,0,4,有漂浮物,4,有漂浮物,,,,,,,1.0991862813357624e-05,3.8947510778551384e-05,4.998732554025494e-06,2.388337992268014e-05,0.9998816142604207,3.9564253510788136e-05
00829.jpg,0,4,有漂浮物,4,有漂浮物,,,,,,,2.3741367115007788e-05,2.4439187774941362e-05,1.1044021271239362e-05,3.2345850179410734e-05,0.9998756911559652,3.273841769417834e-05
00830.jpg,0,4,有漂浮物,4,有漂浮物,,,,,,,8.169565893102335e-06,1.027456867599168e-05,5.8438095743444435e-06,1.1044096217279744e-05,0.9999428853556225,2.178260401687985e-05
00831.jpg,0,4,有漂浮物,4,有漂浮物,,,,,,,6.294892900114716e-05,3.993655718155899e-05,4.375398704015301e-05,8.250803160164807e-05,0.9996726591741691,9.819332100630235e-05
00836.jpg,0,4,有漂浮物,4,有漂浮物,,,,,,,2.2220894360440464e-05,3.83806149854081e-05,4.3849347212302787e-05,6.92277249718435e-05,0.9997907910328886,3.5530385581615465e-05
00840.jpg,0,4,有漂浮物,4,有漂浮物,,,,,,,2.2268476554380163e-05,4.6563196234954604e-05,2.987696435378955e-05,0.00042325517946561596,0.9994590251583142,1.901102507720563e-05
00846.jpg,0,4,有漂浮物,4,有漂浮物,,,,,,,8.700184145416007e-06,9.739714764874154e-06,1.9161581898722192e-05,2.8248213024899717e-05,0.9999300472544645,4.10305170175416e-06
00850.jpg,0,4,有漂浮物,4,有漂浮物,,,,,,,3.219429930486129e-06,8.503568233593823e-06,8.92787413808414e-06,2.1876936153142963e-05,0.9999544242474303,3.047944114443075e-06
00855.jpg,0,4,有漂浮物,4,有漂浮物,,,,,,,7.273887439331488e-06,1.683704570940989e-05,8.920934401114662e-06,5.6353595259123636e-05,0.9999013624408069,9.25209638434718e-06
00857.jpg,0,4,有漂浮物,4,有漂浮物,,,,,,,1.542771938669313e-05,3.538173241871423e-05,7.856021537085504e-06,3.973187652398781e-05,0.9998594949278764,4.2107722257125196e-05
00860.jpg,0,4,有漂浮物,4,有漂浮物,,,,,,,1.4072380890883897e-05,1.9130001605498993e-05,1.8920199297724543e-06,3.0165333467801532e-05,0.9998445128453074,9.022741879867838e-05
00865.jpg,0,4,有漂浮物,4,有漂浮物,,,,,,,1.0403766992529373e-05,2.9463590255661797e-05,1.5327889530609386e-05,8.17964891052349e-05,0.9998479608653932,1.504739872259365e-05
00869.jpg,0,4,有漂浮物,4,有漂浮物,,,,,,,1.4666194791217888e-06,5.2537515921750615e-06,2.3895587081186508e-06,4.068390400566822e-06,0.9999854982909204,1.3233888996451026e-06
00873.jpg,0,4,有漂浮物,4,有漂浮物,,,,,,,4.468594835924988e-06,1.8134192326623953e-05,8.554802593457822e-06,9.620679782201364e-06,0.999947804194032,1.1417536429931726e-05
00880.jpg,0,4,有漂浮物,4,有漂浮物,,,,,,,2.3155036922244024e-05,1.0869409289616812e-05,1.4825750864872606e-05,0.00018767557773937546,0.9997511522919114,1.2321933272412123e-05
00884.jpg,0,4,有漂浮物,4,有漂浮物,,,,,,,1.5479664083110797e-05,9.284369313446903e-06,1.663202114912668e-05,4.1350069492471565e-06,0.9999430564120054,1.1412526499646676e-05
00888.jpg,0,4,有漂浮物,4,有漂浮物,,,,,,,2.2444840573983926e-06,4.6513336143755295e-06,1.2231196656326742e-06,2.5976456460747425e-05,0.9999640966644091,1.8079417929363696e-06
00891.jpg,0,4,有漂浮物,4,有漂浮物,,,,,,,5.477452105914673e-05,8.257744246855406e-05,4.809554072861116e-05,7.587258524838295e-06,0.9997080060462242,9.895919099454063e-05
00897.jpg,0,4,有漂浮物,4,有漂浮物,,,,,,,2.792979075340457e-07,6.383346456465058e-07,8.984061817998023e-07,1.763880441520164e-07,0.9999964834359437,1.5241372769606409e-06
00901.jpg,0,4,有漂浮物,4,有漂浮物,,,,,,,1.3784346060640997e-05,1.5590112158394637e-05,5.00742657381437e-06,1.1185335474327778e-05,0.9999465503814073,7.882398325524374e-06
00905.jpg,0,4,有漂浮物,4,有漂浮物,,,,,,,3.880258606137946e-05,1.8725175238875583e-05,5.907836591284816e-06,1.256824929015117e-05,0.9999100849298782,1.3911222940009763e-05
00911.jpg,0,4,有漂浮物,4,有漂浮物,,,,,,,0.0002664853171788418,0.0002543590552342427,0.00017660187562567204,0.00012712802355151708,0.9990876110377162,8.781469069353169e-05
00915.jpg,0,4,有漂浮物,4,有漂浮物,,,,,,,3.868774514959302e-05,1.6813377173743037e-05,5.24514934160869e-06,2.2720548686178692e-05,0.9998421495444044,7.438363524451007e-05
00919.jpg,0,4,有漂浮物,4,有漂浮物,,,,,,,6.570174894534105e-06,1.4729215653630786e-05,1.5615564383140634e-05,1.0585583547301897e-05,0.9999266261205829,2.587334093860771e-05
00923.jpg,0,4,有漂浮物,4,有漂浮物,,,,,,,8.821374389661739e-05,0.00015106982276560978,0.000421707198718689,0.0002131155225872671,0.9989806274741174,0.0001452662379145954
00930.jpg,0,4,有漂浮物,4,有漂浮物,,,,,,,7.463910084741581e-06,3.251250980194098e-05,2.5444909407861445e-06,8.78628442614895e-06,0.9999417432513696,6.949553376606578e-06
00934.jpg,0,4,有漂浮物,4,有漂浮物,,,,,,,3.42598838579535e-05,3.609526595003055e-05,1.6305365960199154e-05,7.327405519579278e-05,0.9998182467784311,2.18186506049919e-05
00939.jpg,0,4,有漂浮物,4,有漂浮物,,,,,,,0.0006508836430316548,0.00023910151300706744,0.00014995751882401707,0.0023972915770706774,0.9964183852224323,0.00014438052563423552
00944.jpg,0,4,有漂浮物,4,有漂浮物,,,,,,,4.9585492930305576e-05,5.6958611778054566e-05,0.00010406314070996248,2.1757018087205855e-05,0.9997632950716218,4.340664872687414e-06
00945.jpg,0,4,有漂浮物,4,有漂浮物,,,,,,,4.7236415702314944e-05,7.059596239292891e-05,2.2131239856163253e-05,2.757691535853916e-05,0.9998288983702041,3.561096485987e-06
00950.jpg,0,4,有漂浮物,4,有漂浮物,,,,,,,4.5998575746148555e-06,5.390193141706599e-05,5.630605563413744e-06,6.499160572520806e-06,0.9991106765002133,0.0008186919446588568
00955.jpg,0,4,有漂浮物,4,有漂浮物,,,,,,,3.757621648269571e-05,3.233685467824905e-05,1.498772590256267e-06,0.0002591097003563836,0.9996474080697112,2.2070386181303272e-05
00959.jpg,0,4,有漂浮物,4,有漂浮物,,,,,,,1.493690782601416e-06,9.727588933983707e-06,2.701884315870295e-06,1.166995967786178e-05,0.999959526894759,1.4879981530675084e-05
00964.jpg,0,4,有漂浮物,4,有漂浮物,,,,,,,9.629546499755052e-06,3.328010897644606e-05,3.406829839877055e-05,3.988600041209697e-05,0.9998152585842208,6.78774614920474e-05
00965.jpg,0,4,有漂浮物,4,有漂浮物,,,,,,,2.4201287159583314e-05,7.16346503050261e-05,4.0939466749935586e-05,8.966221974114959e-05,0.9996042427415361,0.00016931963450821826
00969.jpg,0,4,有漂浮物,4,有漂浮物,,,,,,,0.00020035890179522178,6.32177873959791e-05,7.324297652513812e-05,0.00024468814499223324,0.9991684961427874,0.00024999604650402843
00974.jpg,0,4,有漂浮物,4,有漂浮物,,,,,,,6.946866055992386e-06,6.6180254878317175e-06,3.767872530388541e-07,2.660671980038853e-06,0.9999827720601706,6.25589052564962e-07
00979.jpg,0,4,有漂浮物,4,有漂浮物,,,,,,,6.856124277341546e-07,2.533113034100457e-06,1.1067532951866906e-05,1.1408765647145624e-06,0.999983849382317,7.234827045391045e-07
00982.jpg,0,4,有漂浮物,4,有漂浮物,,,,,,,2.259766360971102e-05,1.785847572795787e-06,1.0132158585931783e-05,9.878740105829993e-07,0.999962867049639,1.62940658186152e-06
00984.jpg,0,4,有漂浮物,4,有漂浮物,,,,,,,1.2142374995661135e-06,5.1258921189490915e-05,5.540037702984185e-06,4.110736920282705e-06,0.9999214935988275,1.6382467860251155e-05
00986.jpg,0,4,有漂浮物,4,有漂浮物,,,,,,,1.6244821967784577e-06,2.406163057068962e-05,9.319082809109316e-06,1.476762354299989e-05,0.9999350726788694,1.5154502011100137e-05
00987.jpg,0,4,有漂浮物,4,有漂浮物,,,,,,,1.3925534839465657e-05,2.926741435634255e-05,2.636704882145821e-05,0.00010336900060775627,0.9997501242819201,7.694671945495167e-05
00993.jpg,0,4,有漂浮物,4,有漂浮物,,,,,,,1.1592989360290735e-05,2.857202584383015e-05,6.51576532572133e-06,6.776367975182633e-05,0.999844475377963,4.108016175536976e-05
01001.jpg,0,4,有漂浮物,4,有漂浮物,,,,,,,5.613569287580891e-06,1.3442982432186795e-05,2.4826017124502306e-06,6.659963522752087e-05,0.999902492565976,9.36864536428351e-06
01004.jpg,0,4,有漂浮物,4,有漂浮物,,,,,,,9.31215162660043e-06,7.870527480620547e-05,3.6403109259106066e-05,0.00018367118753771043,0.9996675649011592,2.4343375611305565e-05
01006.jpg,0,4,有漂浮物,4,有漂浮物,,,,,,,2.1061188175287993e-06,0.0001594777028143531,1.266193932351248e-05,3.046616034407962e-05,0.9997785913123391,1.6696766361534644e-05
01011.jpg,0,4,有漂浮物,4,有漂浮物,,,,,,,8.492970538264204e-05,0.00014236050415941564,0.00015376144141981686,0.0011057114463799713,0.9983858376936543,0.0001273992090038154
01015.jpg,0,4,有漂浮物,4,有漂浮物,,,,,,,5.119411507113076e-06,0.00020641700015455456,4.657768275352715e-06,4.033692622895702e-06,0.999763783767047,1.5988360392960493e-05
01019.jpg,0,4,有漂浮物,4,有漂浮物,,,,,,,1.2675448041358618e-06,6.480407140034166e-05,1.9231459846204396e-06,2.5243338261996594e-06,0.9999148322928397,1.4648611144923711e-05
01024.jpg,0,4,有漂浮物,4,有漂浮物,,,,,,,2.2598333684089474e-06,1.528128781874653e-05,1.7499398065998287e-06,1.2653328848886126e-05,0.9999543617109155,1.3693899241989619e-05
01026.jpg,0,4,有漂浮物,4,有漂浮物,,,,,,,3.753261849807966e-08,5.859206879885278e-06,5.299701775572339e-07,2.614568886058842e-08,0.9999918909750275,1.6561696077011403e-06
01029.jpg,0,4,有漂浮物,4,有漂浮物,,,,,,,3.6509685859943368e-06,9.464850472730009e-06,7.378378116333382e-07,3.0675129736866458e-06,0.9999775799334601,5.4988966959650775e-06
01033.jpg,0,4,有漂浮物,4,有漂浮物,,,,,,,2.1141581738952786e-07,2.8573202799781343e-06,5.281555791488045e-07,2.8298058177243015e-07,0.9999954263563559,6.937713858956229e-07
01037.jpg,0,4,有漂浮物,4,有漂浮物,,,,,,,1.0087074547960235e-06,6.178171120529906e-05,1.6794185307324665e-06,3.5787606822756565e-06,0.9999225524494628,9.398952664118469e-06
01042.jpg,0,4,有漂浮物,4,有漂浮物,,,,,,,4.682110706199219e-06,1.0588217529594578e-05,2.8533031414682014e-06,3.045473332613735e-05,0.9999304668765289,2.095475876774971e-05
01046.jpg,0,4,有漂浮物,4,有漂浮物,,,,,,,5.522718864449377e-06,3.123349504851166e-05,1.0711109320423271e-05,0.00010489313439584736,0.9998200828037815,2.7556738589282892e-05
01050.jpg,0,4,有漂浮物,4,有漂浮物,,,,,,,2.7639505613792754e-07,2.39750219019788e-06,1.0538735925747425e-07,8.580087154184779e-07,0.9999952492587704,1.113447908686201e-06
01052.jpg,0,4,有漂浮物,4,有漂浮物,,,,,,,1.9528902131855306e-06,1.4671280834990771e-06,1.0097841541191898e-06,2.688572247213882e-05,0.9999620801185456,6.604356531349463e-06
01056.jpg,0,4,有漂浮物,4,有漂浮物,,,,,,,1.2195711355743444e-06,3.4584943882180267e-06,4.386158298885367e-06,4.815021320529805e-05,0.9999399098645633,2.875698408688417e-06
01060.jpg,0,4,有漂浮物,4,有漂浮物,,,,,,,7.116737381706467e-06,2.816074458354894e-06,3.172062252525117e-06,0.0005257550398447987,0.9994574300111486,3.710074913855552e-06
01065.jpg,0,4,有漂浮物,4,有漂浮物,,,,,,,1.112396142648945e-06,8.85705461877579e-06,4.8911949126368875e-06,1.2082226845772148e-05,0.9999567201698721,1.633695760800366e-05
01069.jpg,0,4,有漂浮物,4,有漂浮物,,,,,,,7.23376386195526e-05,3.2440092192443764e-05,8.13310319518667e-05,2.2021058877576352e-05,0.9995140452411774,0.0002778249371812356
01074.jpg,0,4,有漂浮物,4,有漂浮物,,,,,,,1.1238185272097655e-06,5.601923863932386e-06,1.889333416877593e-06,2.5308910621356402e-06,0.9999722968573668,1.6557175763021932e-05
01079.jpg,0,4,有漂浮物,4,有漂浮物,,,,,,,6.541241370720928e-06,1.2159642310464905e-05,8.697148870225131e-06,7.537119622630831e-06,0.9999304506858337,3.461416199225169e-05
01083.jpg,0,4,有漂浮物,4,有漂浮物,,,,,,,3.725695755701099e-07,7.324240924330783e-07,1.6909438942610943e-07,1.0149403397360297e-07,0.9999965554590995,2.068958809097634e-06
01091.jpg,0,4,有漂浮物,4,有漂浮物,,,,,,,9.725142272994478e-05,4.882985759783318e-05,0.0001854545371218647,3.5921046902647246e-06,0.9994329766128334,0.00023189546502667103
01095.jpg,0,4,有漂浮物,4,有漂浮物,,,,,,,9.69633497048644e-05,3.4114489219515795e-05,0.0001064165655375829,2.362769194078144e-06,0.999491990658758,0.00026815216758601415
01100.jpg,0,4,有漂浮物,4,有漂浮物,,,,,,,0.0002359574910226818,3.111266426834126e-05,0.0004296433018709095,0.00016928363490370616,0.999109794196101,2.420871183342283e-05
01101.jpg,0,4,有漂浮物,4,有漂浮物,,,,,,,4.356710477363027e-06,1.4379289394676213e-05,2.943856476359396e-05,7.006743943379525e-06,0.9999242142622446,2.0604429176322608e-05
01106.jpg,0,4,有漂浮物,4,有漂浮物,,,,,,,2.0568425758854073e-05,9.710871980677612e-05,0.0005112747979979561,0.0001700763844140499,0.9991693788196878,3.15928523345962e-05
01108.jpg,0,4,有漂浮物,4,有漂浮物,,,,,,,2.318234006323588e-05,4.8126859591792724e-05,0.00011664809220154505,5.4747491285905135e-05,0.9996456010750995,0.0001116941417580127
01113.jpg,0,4,有漂浮物,4,有漂浮物,,,,,,,1.2821159395485094e-05,7.506503861194248e-06,0.0002598244186113373,1.1767128053131862e-05,0.9996847807737032,2.3300016375605808e-05
01114.jpg,0,4,有漂浮物,4,有漂浮物,,,,,,,4.7457853235075465e-05,1.1194426651355443e-05,0.0005994344126989096,8.540520367367053e-06,0.9992367245500166,9.6648237030788e-05
01118.jpg,0,4,有漂浮物,4,有漂浮物,,,,,,,3.3090788193733056e-05,1.972120436074498e-05,0.0005122034725883798,8.000107321951744e-06,0.9994091679938022,1.7816433732889055e-05
01119.jpg,0,4,有漂浮物,4,有漂浮物,,,,,,,7.483005627266295e-05,8.500856756373089e-05,0.00020331039774060968,8.666472753379827e-05,0.9994880935860943,6.20926647948854e-05
01125.jpg,0,4,有漂浮物,4,有漂浮物,,,,,,,5.797189542725508e-05,0.00018998863578138689,0.0004493262855905796,4.8965155495991744e-05,0.9988316527803828,0.00042209524732192915
01132.jpg,0,4,有漂浮物,4,有漂浮物,,,,,,,2.3240907720000335e-05,7.311569934671161e-05,0.00024995433347708073,1.2965655283014105e-05,0.9996088676564115,3.185574776174759e-05
01136.jpg,0,4,有漂浮物,4,有漂浮物,,,,,,,2.281068663162701e-05,1.8121951766372523e-05,0.00027040877291948794,2.6793952460354787e-05,0.9996454530984459,1.6411537776197498e-05
01141.jpg,0,4,有漂浮物,4,有漂浮物,,,,,,,0.0005024977431758153,0.0001155104272634234,0.0014369185473460154,0.00026515923005817135,0.9975411773507513,0.00013873670140544429
01145.jpg,0,4,有漂浮物,4,有漂浮物,,,,,,,2.961728224460174e-06,4.180696246064174e-06,4.019001645403642e-06,6.694613020835894e-07,0.9998704472738279,0.00011772183875390228
01146.jpg,0,4,有漂浮物,4,有漂浮物,,,,,,,3.052536103431003e-06,6.371270027233343e-06,6.817384502387435e-06,3.199947122538254e-06,0.9996928344276914,0.00028772443455280113
01147.jpg,0,4,有漂浮物,4,有漂浮物,,,,,,,6.635588110150687e-07,3.489455933549121e-06,2.685876610961917e-06,1.0372791256893823e-06,0.9999404963887861,5.1627440732586174e-05
01153.jpg,0,4,有漂浮物,4,有漂浮物,,,,,,,2.8320032194019994e-06,7.3503414238793165e-06,2.193205242004383e-06,1.3436308371075957e-06,0.9998826417966505,0.0001036390226269376
01157.jpg,0,4,有漂浮物,4,有漂浮物,,,,,,,1.1375146239347335e-05,4.3871588355459174e-05,1.16075190053705e-05,5.138526275764231e-06,0.9989764396594008,0.0009515675607232978
01161.jpg,0,4,有漂浮物,4,有漂浮物,,,,,,,5.825001323452071e-06,1.0633128623081778e-05,4.282905543972957e-06,1.2459103131406876e-06,0.9998262939503342,0.0001517191038621816
01163.jpg,0,4,有漂浮物,4,有漂浮物,,,,,,,1.61654504692498e-05,8.570909383917777e-06,9.388592098764882e-06,1.341357590573288e-05,0.9996561677379014,0.00029629373424084113
01167.jpg,0,4,有漂浮物,4,有漂浮物,,,,,,,1.7598710974742018e-05,2.8485160308911625e-05,2.8945041467858195e-05,1.5486940716424253e-05,0.9986353119976806,0.0012741721488514542
01171.jpg,0,4,有漂浮物,4,有漂浮物,,,,,,,2.1960763355315275e-05,2.2103623960582002e-05,1.4624685582736323e-05,1.2679627968613588e-05,0.9983274509010225,0.0016011803981104407
01176.jpg,0,4,有漂浮物,4,有漂浮物,,,,,,,1.9568237199434683e-06,1.2123951297448556e-06,1.6179592461666428e-07,3.3132404094275486e-06,0.9999926390296751,7.16715141302304e-07
01180.jpg,0,4,有漂浮物,4,有漂浮物,,,,,,,3.893372879588209e-06,8.562777713359157e-07,2.0744148782526516e-07,4.3728554835940535e-06,0.9999892331722026,1.4368801749294057e-06
01181.jpg,0,4,有漂浮物,4,有漂浮物,,,,,,,7.380602662466812e-06,1.6345641162339357e-06,1.9781634591613937e-06,8.591265170115969e-06,0.9999788097930487,1.6056115433259772e-06
01185.jpg,0,4,有漂浮物,4,有漂浮物,,,,,,,1.318146004326085e-05,8.660263655103577e-06,3.35263577198486e-07,0.0001373998017785934,0.9998397308464055,6.923645402197307e-07
01189.jpg,0,4,有漂浮物,4,有漂浮物,,,,,,,5.917078116801825e-05,7.140296123519901e-06,2.3392689432613646e-06,3.559835585451183e-06,0.9999254806178538,2.309200326176141e-06
01193.jpg,0,4,有漂浮物,4,有漂浮物,,,,,,,7.799128140896279e-05,1.9555386426787855e-06,3.603573143853898e-07,3.57424850341006e-06,0.9999156036797466,5.148943839487998e-07
01197.jpg,0,4,有漂浮物,4,有漂浮物,,,,,,,1.0779801148829858e-05,7.069151693300291e-07,6.339672319188513e-08,3.317196439068095e-06,0.9999850257721343,1.069183850535522e-07
01200.jpg,0,4,有漂浮物,4,有漂浮物,,,,,,,0.008267614119539576,1.781708833447072e-05,0.008815059821837074,1.9180527497789816e-05,0.9828559826525246,2.4345790266604067e-05
01203.jpg,0,4,有漂浮物,4,有漂浮物,,,,,,,0.0001376938052143616,8.631131147408804e-06,6.560664783180684e-07,0.00011312327841728994,0.9997261572098792,1.3738508863392597e-05
01207.jpg,0,4,有漂浮物,4,有漂浮物,,,,,,,5.566141907741844e-06,3.912326396017349e-06,7.512488969375657e-07,4.9054428778647735e-05,0.9999400838058233,6.320481973109386e-07
01213.jpg,0,4,有漂浮物,4,有漂浮物,,,,,,,9.495057529773441e-05,4.895204494192286e-06,1.0018756958032607e-06,0.000847256578677177,0.999048229388831,3.6663770040884978e-06
01220.jpg,0,4,有漂浮物,4,有漂浮物,,,,,,,0.00022085766686300506,5.590991470802581e-05,3.0804937187924907e-06,0.0009414587446728637,0.9987722251090838,6.468070953512616e-06
01222.jpg,0,4,有漂浮物,4,有漂浮物,,,,,,,0.0008941362543892725,5.872783517256486e-05,0.0011332642946441669,1.6848190213288773e-05,0.9975752858358516,0.0003217375897291401
01225.jpg,0,4,有漂浮物,4,有漂浮物,,,,,,,0.00016208567550151973,6.378491000797186e-05,0.0005001069320634845,7.656245791289051e-05,0.9991226711591298,7.478886538447471e-05
01226.jpg,0,4,有漂浮物,4,有漂浮物,,,,,,,0.000553074308510748,0.00015439661592183622,0.0011285296029431352,0.00018468866881435832,0.9979347348620944,4.4575941715496266e-05
01227.jpg,0,4,有漂浮物,4,有漂浮物,,,,,,,0.0004448150249807561,3.2363852106287204e-05,0.00039258905637564416,0.00017891596761583487,0.9989239845812333,2.7331517688126826e-05
01228.jpg,0,4,有漂浮物,4,有漂浮物,,,,,,,0.00031582298805311865,2.5108315844613034e-05,0.00023376126036869037,6.025515310286676e-05,0.9992959281099142,6.912417271658765e-05
01232.jpg,0,4,有漂浮物,4,有漂浮物,,,,,,,1.3419581189984188e-05,7.333979257360008e-05,2.3517772813258803e-05,2.2597567119347276e-05,0.999860293833631,6.831452672768855e-06
01239.jpg,0,4,有漂浮物,4,有漂浮物,,,,,,,0.0002391226660302119,9.678424942132868e-05,0.00032848710946827,0.00025088988163483037,0.9990600755521761,2.4640541269169667e-05
01243.jpg,0,4,有漂浮物,4,有漂浮物,,,,,,,0.0009739827479333359,0.00012224629975422853,0.031183076234082896,0.00034324715963758866,0.9673613619311575,1.6085627434477505e-05
02048.jpg,0,3,乱占,3,乱占,,,,,,,0.006989936468225665,3.2613771538305996e-05,0.00012217324677211337,0.984098615071646,0.008703321203949146,5.334023786875761e-05
02053.jpg,0,0,乱采,0,乱采,,,,,,,0.9660072171198721,4.0700475146479616e-05,0.0014751017930190015,0.0013069717688781388,0.03106794771753839,0.0001020611255460873
02054.jpg,0,0,乱采,0,乱采,,,,,,,0.9577843987974506,0.00011243989063974267,0.018304210910206453,0.00020477503402820157,0.023365208990704274,0.0002289663769705535
02059.jpg,0,3,乱占,3,乱占,,,,,,,0.006531727160265185,0.0011133099528365742,0.016418446087957294,0.957277981899745,0.006264055578575192,0.01239447932062101
02063.jpg,0,0,乱采,0,乱采,,,,,,,0.9817216898631531,8.338328032655034e-05,0.0033295256533830936,0.001560224970741943,0.012326723957484206,0.0009784522749111432
02067.jpg,0,0,乱采,0,乱采,,,,,,,0.9641353599555258,0.0007232599668114967,0.004058118388338401,0.001013695663376787,0.027973550798451097,0.002096015227496478
02071.jpg,0,0,乱采,0,乱采,,,,,,,0.9974287978696248,1.6011952292097896e-05,1.9243370955449296e-05,0.002440754045018542,1.5639601459070087e-05,7.955316065017658e-05
02075.jpg,0,3,乱占,3,乱占,,,,,,,0.0015019981592442006,0.001312948275044858,0.0003204037880340508,0.9818713320362072,0.013878314837663691,0.0011150029038059347
02079.jpg,0,3,乱占,3,乱占,,,,,,,0.0016150740496555472,1.4264208504687644e-05,4.5978345418529465e-05,0.9969377870100604,0.0011677400840219255,0.00021915630233893495
02085.jpg,0,3,乱占,4,有漂浮物,,,,,,,0.001994470365854862,0.00017305358548890562,4.412142676052601e-05,0.15470267969184273,0.8427987429647646,0.0002869319652883316
02086.jpg,0,3,乱占,3,乱占,,,,,,,0.0007719945027628733,0.00011762926879074148,1.8592330471451468e-05,0.9592912797043931,0.039511742839617565,0.0002887613539642689
02090.jpg,0,3,乱占,3,乱占,,,,,,,0.00011859048969824298,0.0003590503630198494,3.182626516808664e-06,0.9810366294397478,0.016961983271581067,0.001520563809436296
02094.jpg,0,0,乱采,0,乱采,,,,,,,0.992376027585594,5.488541293234291e-06,8.500712273308533e-05,0.006918967961675934,0.00041490077079775993,0.00019960801790601325
02098.jpg,0,2,乱堆,2,乱堆,,,,,,,3.608209470490198e-05,4.791987163555078e-05,0.9986701759136554,1.1487914437065247e-05,0.0008957412151367978,0.00033859299043039436
02100.jpg,0,2,乱堆,2,乱堆,,,,,,,5.3165445475085636e-05,3.2452682269421454e-05,0.997528866268163,6.6807337624722206e-06,0.0020523484838840954,0.0003264863864456654
02104.jpg,0,2,乱堆,2,乱堆,,,,,,,6.137895204663807e-05,8.338763386855413e-05,0.9979032900658886,6.042064915672699e-05,0.0002463372596779284,0.0016451854393614114
02108.jpg,0,2,乱堆,2,乱堆,,,,,,,0.00025366290623827294,0.00014766333479409403,0.9930358643480536,0.00016805364364435554,0.0003948855950230485,0.005999870172246633
02114.jpg,0,3,乱占,3,乱占,,,,,,,0.000718648243643386,7.958401937651287e-05,0.0004219349501793815,0.9875481425249877,0.011079087720912383,0.00015260254090070666
02118.jpg,0,3,乱占,3,乱占,,,,,,,0.0005654938929179163,3.0063622669355577e-05,0.00014499440857920006,0.9769310840429817,0.022297722009669407,3.064202318249489e-05
02119.jpg,0,3,乱占,3,乱占,,,,,,,0.0006738630157309622,1.246042478125109e-05,4.4245259409417166e-05,0.9941106918217714,0.0051264592771353345,3.228020117162292e-05
02123.jpg,0,0,乱采,0,乱采,,,,,,,0.9892365567508133,3.130527284480019e-05,0.0005020295509176074,8.527644471271892e-05,0.010093491537511611,5.1340443199601564e-05
02127.jpg,0,3,乱占,3,乱占,,,,,,,0.0002491694736721661,6.973720701587375e-05,0.00012915526902206842,0.9991303745911202,0.00028198228677914916,0.0001395811723906219
02132.jpg,0,3,乱占,3,乱占,,,,,,,0.00024092303499760723,0.00010183207454046576,5.580146656512736e-05,0.999177826962402,0.00034974550018956695,7.387096130538085e-05
02134.jpg,0,3,乱占,3,乱占,,,,,,,0.0029200748595965753,0.00046286519413978353,0.0006820021645267074,0.9932116037415419,0.0024640422568654404,0.00025941178332965806
02138.jpg,0,2,乱堆,2,乱堆,,,,,,,0.0005603416461205527,0.0002648512255817299,0.7919915442849348,9.23722102293152e-06,0.20652220535437846,0.0006518202679614703
02142.jpg,0,2,乱堆,2,乱堆,,,,,,,0.0002249211163335865,3.0415341202868156e-06,0.9995970377808628,1.1165391284945623e-06,0.0001705528114050741,3.3302181496008644e-06
02146.jpg,0,3,乱占,3,乱占,,,,,,,0.0003614080024983109,4.8833857389019406e-05,2.1222605339961806e-05,0.996876214021037,0.0025574375772270575,0.00013488393650881348
02150.jpg,0,2,乱堆,3,乱占,,,,,,,0.0009437096241246046,4.275399129502058e-05,9.579782144819261e-05,0.9988416985428047,3.4506395863886584e-05,4.153362446353075e-05
00002.jpg,1,4,有漂浮物,4,有漂浮物,,,,,,,2.5740151850129848e-08,2.0993459823060284e-07,4.345121792722492e-08,1.8948803015642875e-09,0.9999973244739335,2.3945052182119973e-06
00003.jpg,1,4,有漂浮物,4,有漂浮物,,,,,,,3.4936314796798014e-08,3.1773471229999606e-07,2.5140450663007124e-09,6.545886640528837e-08,0.9999995652110066,1.4145054710874943e-08
00007.jpg,1,4,有漂浮物,4,有漂浮物,,,,,,,6.100702156616338e-07,6.200157735475577e-06,9.63613054257364e-08,3.4317061004974086e-07,0.9999925731307202,1.7710941325325096e-07
00012.jpg,1,4,有漂浮物,4,有漂浮物,,,,,,,2.5523735280993595e-07,7.110222047150027e-07,4.8383206613342996e-06,4.176352621394784e-09,0.9999936097465005,5.814969280208655e-07
00018.jpg,1,4,有漂浮物,4,有漂浮物,,,,,,,1.660623714273147e-06,1.1123044736660865e-05,1.925721573836096e-05,5.682461040179705e-06,0.9998223776229626,0.00013989903180793988
00022.jpg,1,4,有漂浮物,4,有漂浮物,,,,,,,3.327183822203764e-05,1.4222295838657391e-05,0.00011854079736365357,6.777631904424084e-08,0.9998312281100568,2.669182199790465e-06
00027.jpg,1,4,有漂浮物,4,有漂浮物,,,,,,,2.1871123262324066e-06,6.379522349285314e-06,1.4918740728916918e-07,1.6287842864011914e-05,0.9999648698876342,1.0126447418953011e-05
00032.jpg,1,4,有漂浮物,4,有漂浮物,,,,,,,0.0005704376705912582,0.0012609002965396872,0.00010169037055413098,9.7344159494655e-05,0.9978755453981487,9.408210467155331e-05
00036.jpg,1,4,有漂浮物,4,有漂浮物,,,,,,,0.0035143873345128427,0.0003097088627730182,0.00017153690833611788,0.0014131712848764817,0.9735914578305791,0.02099973777892242
00040.jpg,1,4,有漂浮物,4,有漂浮物,,,,,,,2.948322875972665e-06,1.7612361578697499e-06,2.7531830537182615e-06,3.840579217567941e-09,0.9999903433636431,2.190053690128476e-06
00044.jpg,1,4,有漂浮物,4,有漂浮物,,,,,,,9.361281884737117e-06,3.4000714938012844e-05,3.5399526038045184e-06,1.2755154407601019e-07,0.9999327747681122,2.0195730917433612e-05
00046.jpg,1,4,有漂浮物,4,有漂浮物,,,,,,,2.288301172794087e-05,3.811315261280409e-05,2.6937235283054726e-06,3.3536743492956647e-06,0.9998875215533665,4.543488441524792e-05
00049.jpg,1,4,有漂浮物,4,有漂浮物,,,,,,,8.175407268911475e-05,0.00015107784632964127,2.580518546671966e-05,1.391457604919918e-05,0.9996970009898949,3.044732957031626e-05
00053.jpg,1,4,有漂浮物,4,有漂浮物,,,,,,,0.00014443066269752465,0.0003420514273377535,0.0003202682067537605,3.169301056857406e-05,0.999120460856403,4.1095836239450995e-05
00057.jpg,1,4,有漂浮物,4,有漂浮物,,,,,,,8.370793771783397e-08,1.4937492191593071e-06,1.8552683297466982e-07,1.2928397327158738e-08,0.9999886002779521,9.623809660667102e-06
00063.jpg,1,4,有漂浮物,4,有漂浮物,,,,,,,9.05244552363238e-06,3.5552853507908604e-05,8.892180901854613e-06,2.9149707403935466e-05,0.9998873906732848,2.9962139377739837e-05
00068.jpg,1,4,有漂浮物,4,有漂浮物,,,,,,,2.6882864587889912e-06,1.8160048653720283e-05,1.838832382006001e-05,3.625663203887756e-06,0.9988713972491476,0.001085740428715864
00073.jpg,1,4,有漂浮物,4,有漂浮物,,,,,,,1.8419084381536183e-07,1.7254553734118037e-06,3.75776847856858e-07,5.445939215661598e-06,0.9998873646838052,0.00010490395391402596
00075.jpg,1,4,有漂浮物,4,有漂浮物,,,,,,,5.212961411352028e-05,3.473608907194757e-05,0.0021924517061436186,4.470518215028021e-07,0.9976566307584837,6.360478036565486e-05
00078.jpg,1,4,有漂浮物,4,有漂浮物,,,,,,,1.5336900186652773e-07,1.3997291686863705e-05,8.960089849769249e-07,1.821082274778141e-07,0.9999842339772251,5.372448736248788e-07
00082.jpg,1,4,有漂浮物,4,有漂浮物,,,,,,,1.4642540292268027e-06,1.1195293287529217e-05,8.56710066214508e-06,6.290363030413184e-05,0.9997924815660681,0.00012338815564896848
00087.jpg,1,4,有漂浮物,4,有漂浮物,,,,,,,5.614824183026818e-07,9.144028799678443e-06,5.283421231980883e-05,1.3187297706645139e-05,0.9998580979956087,6.617498314706409e-05
00091.jpg,1,4,有漂浮物,4,有漂浮物,,,,,,,0.0018862263384268113,0.0017328617326661264,0.00041301105476033263,5.8036160655166916e-05,0.9958411543476618,6.871036582956185e-05
00096.jpg,1,5,正常,4,有漂浮物,,,,,,,5.145855571239973e-06,5.00778455572316e-06,1.5230008663203905e-06,1.1037613127511387e-08,0.9999842454013429,4.066920050601222e-06
00097.jpg,1,4,有漂浮物,4,有漂浮物,,,,,,,0.00018276164089382527,0.0004127717359889137,0.003876305586179186,7.906368947321953e-06,0.9954870669917251,3.3187676265791114e-05
00101.jpg,1,4,有漂浮物,4,有漂浮物,,,,,,,4.129041984791425e-06,2.6660852278465998e-05,1.5477021905024013e-05,2.5055184492537817e-05,0.9998926182979774,3.605960136199845e-05
00105.jpg,1,4,有漂浮物,4,有漂浮物,,,,,,,2.265958990073022e-06,4.9019920743820064e-06,6.8070026944324536e-06,1.1253024547590388e-07,0.9995958448472734,0.0003900676687224201
00109.jpg,1,4,有漂浮物,4,有漂浮物,,,,,,,2.1230885863197096e-05,3.1929694648481815e-05,3.54782776132974e-06,3.4845058502905824e-05,0.9998718418461248,3.660468709922687e-05
00117.jpg,1,4,有漂浮物,4,有漂浮物,,,,,,,1.826793059059902e-06,5.502316010974212e-06,4.299361442681487e-06,2.581025367854889e-05,0.9996299606836831,0.0003326005921255119
00121.jpg,1,4,有漂浮物,4,有漂浮物,,,,,,,7.582888337488635e-05,5.8283466746550085e-05,5.829827936588811e-06,0.0009883637913692112,0.9988603932582629,1.1300772309942378e-05
00126.jpg,1,4,有漂浮物,4,有漂浮物,,,,,,,4.113067914007792e-06,5.058169542693977e-06,2.0338752915282855e-05,1.009822726038207e-07,0.9973939744673155,0.0025764145600400286
00130.jpg,1,4,有漂浮物,4,有漂浮物,,,,,,,1.447559222198217e-08,1.7227548935701032e-06,1.0150596734239459e-06,1.3288256103343632e-07,0.9999870902891864,1.0024538093536564e-05
00131.jpg,1,4,有漂浮物,4,有漂浮物,,,,,,,9.983079829989269e-06,2.477830442423857e-05,5.8877756050346234e-06,5.479721403647467e-06,0.9998815970862461,7.227403249084998e-05
00133.jpg,1,4,有漂浮物,4,有漂浮物,,,,,,,1.292037567901457e-05,3.0470213603759563e-05,0.00010567877387621989,5.84151320173877e-07,0.9984290377118537,0.0014213087736670862
00138.jpg,1,4,有漂浮物,4,有漂浮物,,,,,,,0.00016038656972946482,0.00034741683752667976,3.474040189833615e-05,4.064947090756073e-05,0.9992633933505338,0.00015341336940400083
00142.jpg,1,4,有漂浮物,4,有漂浮物,,,,,,,9.708118304507164e-05,0.00010163800424842298,5.207245156279467e-05,3.0598595726008533e-07,0.9996182417668908,0.00013066060829544751
00147.jpg,1,4,有漂浮物,4,有漂浮物,,,,,,,1.0192070278851828e-06,1.9833059504323674e-05,4.017140290767394e-07,5.875402733255021e-07,0.9999576649088657,2.0493570299641843e-05
00152.jpg,1,4,有漂浮物,4,有漂浮物,,,,,,,1.4896996284299732e-06,2.1041071559083405e-06,4.772459961120879e-08,8.552059479840048e-08,0.9999251750660211,7.10978820002322e-05
00158.jpg,1,4,有漂浮物,4,有漂浮物,,,,,,,0.0014587573889744123,0.0011922057028155692,6.001649080307775e-06,0.0003367874067063012,0.9958463768811868,0.0011598709712366008
00160.jpg,1,4,有漂浮物,4,有漂浮物,,,,,,,2.518007124807348e-06,2.5504721409123914e-05,4.296108295705779e-05,2.0254443922058703e-06,0.9999169634532501,1.0027290866811559e-05
00164.jpg,1,4,有漂浮物,4,有漂浮物,,,,,,,1.291646289099228e-06,4.218064251010553e-06,5.455382381117704e-06,6.66852305704408e-08,0.9999854678396028,3.50038224533577e-06
00169.jpg,1,4,有漂浮物,4,有漂浮物,,,,,,,1.1019433363819883e-08,1.403615837903272e-07,3.0266268824943904e-08,1.16595158745655e-08,0.9999985579150356,1.2487781626579072e-06
00172.jpg,1,4,有漂浮物,4,有漂浮物,,,,,,,5.843063974397657e-07,1.3033103453570784e-05,2.955747458660353e-06,7.288897133188035e-09,0.9999686617983973,1.4757755395996583e-05
00174.jpg,1,4,有漂浮物,4,有漂浮物,,,,,,,4.871910577169625e-06,2.8179160696252372e-05,0.0005144505348699854,1.1778057787618923e-07,0.9994105568920193,4.182372125954349e-05
00179.jpg,1,4,有漂浮物,4,有漂浮物,,,,,,,5.140288602852523e-06,8.975077747137214e-06,3.080991964802871e-06,7.896094900370791e-09,0.9999811910710451,1.6046745451541604e-06
00183.jpg,1,4,有漂浮物,4,有漂浮物,,,,,,,4.678240688712622e-06,1.2840614067147167e-05,8.416380001173105e-06,1.4512210503975783e-07,0.9999736560036294,2.6363950845120594e-07
00188.jpg,1,4,有漂浮物,4,有漂浮物,,,,,,,4.775200353361416e-07,1.449556162878269e-05,1.286692613094618e-06,4.2626392122149225e-08,0.9999777123199509,5.985279379731861e-06
00192.jpg,1,4,有漂浮物,4,有漂浮物,,,,,,,0.0009062160238136979,0.002297659890267963,0.0014361284717889443,0.0001414350660224111,0.898579256254966,0.09663930429314098
00196.jpg,1,4,有漂浮物,4,有漂浮物,,,,,,,6.400836909337922e-06,2.3680028663077988e-05,0.0001857523473034615,1.409528711367044e-06,0.9995045675536012,0.0002781897048116555
00201.jpg,1,4,有漂浮物,4,有漂浮物,,,,,,,1.6775455013821337e-08,3.7492046061537005e-06,8.415239337328278e-07,6.610727185728925e-09,0.9999952588389454,1.2704633255189924e-07
00205.jpg,1,4,有漂浮物,4,有漂浮物,,,,,,,0.0009804902681846053,0.00011795130319078228,0.00012882716559708927,1.8809264399708645e-05,0.9986451805316962,0.00010874146693154725
00208.jpg,1,4,有漂浮物,4,有漂浮物,,,,,,,9.230730679986444e-08,5.370111620447715e-06,1.207995744865743e-06,1.5094342238193496e-08,0.9999925467345676,7.677564179553299e-07
00212.jpg,1,4,有漂浮物,4,有漂浮物,,,,,,,4.772833108323414e-07,6.04040422691129e-06,7.756347289243247e-07,5.646997786876149e-07,0.9999732279684952,1.8914009459598814e-05
00217.jpg,1,4,有漂浮物,4,有漂浮物,,,,,,,2.586410391815436e-05,0.00015425160863874414,6.633230448787731e-05,1.089551619992169e-06,0.9995046257351743,0.00024783669616092326
00219.jpg,1,4,有漂浮物,4,有漂浮物,,,,,,,2.1120730382659996e-06,6.357710568935858e-06,2.2691823131429715e-06,1.6594367225305556e-07,0.9999852275688267,3.867521580904076e-06
00224.jpg,1,4,有漂浮物,4,有漂浮物,,,,,,,5.330459901545679e-06,8.84472299733799e-05,1.9955438847354362e-05,4.987924858005006e-07,0.9998530653848647,3.270269392714445e-05
00228.jpg,1,4,有漂浮物,4,有漂浮物,,,,,,,1.370491439363532e-06,2.3204985486603895e-05,5.502346238269395e-06,8.335464265986014e-08,0.9999636709152885,6.167906904640534e-06
00232.jpg,1,4,有漂浮物,4,有漂浮物,,,,,,,2.8385689809173995e-05,5.188340582428356e-05,6.804401676159285e-06,1.0614421202517516e-05,0.9989775722867723,0.000924739794715453
00446.jpg,1,4,有漂浮物,4,有漂浮物,,,,,,,6.878131705081359e-05,1.3364379565550297e-05,0.0003776838151758438,0.00013088975741678177,0.9993562394831285,5.3041247662507794e-05
00447.jpg,1,4,有漂浮物,4,有漂浮物,,,,,,,0.00011025740695470317,1.8554458976957883e-05,0.0007976599262038112,0.00023454842000421357,0.9986617762326899,0.0001772035551703616
00448.jpg,1,4,有漂浮物,4,有漂浮物,,,,,,,1.005698056867984e-05,3.1790869954236407e-06,7.523435005887257e-05,1.036147258630145e-05,0.9998907752919309,1.0392817859599585e-05
00449.jpg,1,4,有漂浮物,4,有漂浮物,,,,,,,9.453479805375446e-06,3.7866725263599185e-06,5.112793608555768e-05,2.4992103984352806e-05,0.9998914461443428,1.919366325562615e-05
00450.jpg,1,4,有漂浮物,4,有漂浮物,,,,,,,6.517947036316978e-06,2.4953241354926717e-06,7.349705083910744e-05,1.5397808465033023e-05,0.9998907487690273,1.1343100496792022e-05
00451.jpg,1,4,有漂浮物,4,有漂浮物,,,,,,,1.5829184991894067e-05,4.693589923031129e-06,5.593829088932056e-05,1.5604006827540813e-05,0.9998967267407105,1.120818665776425e-05
00452.jpg,1,4,有漂浮物,4,有漂浮物,,,,,,,2.198818399491742e-05,3.6275975261676286e-06,9.87893690671626e-05,5.177373841346847e-05,0.9998078902815829,1.593082941548341e-05
00457.jpg,1,4,有漂浮物,4,有漂浮物,,,,,,,0.00011871708317793346,3.305753454060612e-06,3.959946319412921e-05,3.43584906106059e-05,0.9997897164547903,1.4302754772908734e-05
00459.jpg,1,4,有漂浮物,4,有漂浮物,,,,,,,4.255079852952695e-05,4.476623929172067e-06,6.455078647600956e-05,6.811654918492633e-05,0.9998119453838997,8.359857980499346e-06
00470.jpg,1,4,有漂浮物,4,有漂浮物,,,,,,,6.95192113278981e-06,2.0254243451608514e-06,1.5205392836742008e-05,4.960945097450791e-06,0.9999668419889406,4.014327647258679e-06
00478.jpg,1,4,有漂浮物,4,有漂浮物,,,,,,,1.4008595546217083e-05,1.3717345578847319e-06,5.519879862639856e-05,3.816362062676591e-07,0.9999280830217129,9.562133504180686e-07
00479.jpg,1,4,有漂浮物,4,有漂浮物,,,,,,,3.9492103369099874e-05,2.33206049371416e-06,6.20488167047406e-05,1.0350678822426065e-05,0.9998799980389481,5.77830166198132e-06
00484.jpg,1,4,有漂浮物,4,有漂浮物,,,,,,,2.6350288006169904e-05,8.623063934407264e-07,3.5024738864062017e-06,9.751925640120895e-06,0.9999570102502666,2.5227558073386392e-06
00490.jpg,1,4,有漂浮物,4,有漂浮物,,,,,,,5.424045451062674e-06,2.849543372497877e-06,1.2535001349707268e-05,3.9553620751931015e-06,0.9999722201297483,3.015918003320888e-06
00495.jpg,1,4,有漂浮物,4,有漂浮物,,,,,,,0.00011735399452673394,1.2458741785182753e-05,7.628978350266362e-07,9.219075307665124e-06,0.9998560526980531,4.152592492320846e-06
00499.jpg,1,4,有漂浮物,4,有漂浮物,,,,,,,2.2857378635404238e-05,5.624378938848072e-05,5.509854697980849e-06,2.384005143073376e-05,0.999845772261825,4.577666402240124e-05
00503.jpg,1,4,有漂浮物,4,有漂浮物,,,,,,,7.436672609751876e-06,3.0236256870087053e-05,5.271766799134514e-07,4.373605085998724e-06,0.999954528274649,2.8980141051510982e-06
00508.jpg,1,4,有漂浮物,4,有漂浮物,,,,,,,6.478351186200986e-08,4.652667564093338e-06,3.661666255786352e-07,5.721874942090493e-08,0.9999946668006173,1.923629317782157e-07
00512.jpg,1,4,有漂浮物,4,有漂浮物,,,,,,,3.211114329341422e-07,8.158967036938267e-06,1.44024390583323e-07,1.5378573475226795e-07,0.9999899676321379,1.2544792669152752e-06
00517.jpg,1,4,有漂浮物,4,有漂浮物,,,,,,,8.04862770176969e-07,1.7489199028306678e-05,8.448805175291902e-07,1.1952093240228044e-06,0.9999788868107905,7.790375693639411e-07
00521.jpg,1,4,有漂浮物,4,有漂浮物,,,,,,,0.0003474885835427532,0.00092852266721157,0.0013842841952894972,5.311270527495989e-05,0.9972181004561762,6.849139250491762e-05
00525.jpg,1,4,有漂浮物,4,有漂浮物,,,,,,,1.850459818072966e-05,5.899932842027971e-06,0.00013341797674197526,6.263058278924361e-06,0.9997928544523341,4.305998162240146e-05
00529.jpg,1,4,有漂浮物,4,有漂浮物,,,,,,,8.138956856528211e-05,4.8027983342108024e-05,0.00038150798937148996,0.00014439169267677383,0.9983580266567135,0.000986656109330814
00537.jpg,1,4,有漂浮物,4,有漂浮物,,,,,,,2.8629701436797927e-05,7.907942352423473e-06,0.00012643213415434692,1.2313777978355662e-05,0.9997747729616734,4.994348240451024e-05
00549.jpg,1,4,有漂浮物,4,有漂浮物,,,,,,,5.8150840519214495e-05,1.8791310447394835e-05,0.0002128743124733773,0.00015776630303938015,0.9995008734760735,5.154375744716101e-05
00554.jpg,1,4,有漂浮物,4,有漂浮物,,,,,,,9.607311827494317e-06,1.1873090273475254e-05,1.5117388789110614e-05,4.247666131852693e-06,0.9999123097093744,4.684483360366388e-05
00559.jpg,1,4,有漂浮物,4,有漂浮物,,,,,,,9.917284245262774e-05,3.966783520748111e-05,7.57654020642952e-05,1.4642075718829755e-05,0.9994467519926424,0.00032399985191429437
00560.jpg,1,4,有漂浮物,4,有漂浮物,,,,,,,5.79348397741993e-05,1.017955357854696e-05,1.9493073279804135e-05,9.930866527648641e-06,0.9997896997455678,0.00011276192127192695
00564.jpg,1,4,有漂浮物,4,有漂浮物,,,,,,,0.00010167446826749341,4.127756806496975e-05,0.00010304509661563592,1.3397472410721587e-05,0.9995043442567729,0.00023626113786817676
00569.jpg,1,4,有漂浮物,4,有漂浮物,,,,,,,2.2521685642034464e-05,2.626173091613261e-05,2.9893193508372036e-05,8.423884980743902e-06,0.9998343606982634,7.853880668930364e-05
00573.jpg,1,4,有漂浮物,4,有漂浮物,,,,,,,3.7213573187228466e-05,3.9263613228758754e-05,2.361603412283912e-05,7.557029986986527e-06,0.9997940879710268,9.826177844746591e-05
00577.jpg,1,4,有漂浮物,4,有漂浮物,,,,,,,4.72676058805074e-05,6.919452518873913e-05,5.666011787073477e-05,1.8010295136391446e-05,0.9995311194691,0.0002777479868237157
00578.jpg,1,4,有漂浮物,4,有漂浮物,,,,,,,2.431852983365659e-05,2.7970107334057493e-05,3.095597713621076e-05,7.139644198904372e-06,0.9997985856799303,0.00011103006156691076
00580.jpg,1,4,有漂浮物,4,有漂浮物,,,,,,,8.220336248235717e-05,2.0459765692386125e-05,1.9864918526457858e-05,1.6152435550548246e-06,0.9997818211451568,9.403556458695545e-05
00583.jpg,1,4,有漂浮物,4,有漂浮物,,,,,,,0.011353554002061584,4.139079571599997e-05,0.00039036891002991074,0.0002829969189867223,0.9879242421386379,7.4472345677892e-06
00588.jpg,1,4,有漂浮物,4,有漂浮物,,,,,,,5.687163929456812e-06,9.86256203897207e-06,1.3267030274124574e-05,4.856034816015783e-07,0.9999681370765857,2.5605636901367843e-06
00593.jpg,1,4,有漂浮物,4,有漂浮物,,,,,,,5.757632032546942e-06,1.6161842103721607e-05,1.524402193575888e-05,1.3759443197926305e-06,0.9999476564928657,1.3804066742509672e-05
00597.jpg,1,4,有漂浮物,4,有漂浮物,,,,,,,3.43186143062256e-06,3.853925986983074e-06,3.5003527781025266e-06,9.375197934813288e-07,0.9999877252884837,5.510515271795656e-07
00601.jpg,1,4,有漂浮物,4,有漂浮物,,,,,,,8.304500212931548e-06,6.929820040677008e-06,1.2763516892365825e-05,3.4405868168586553e-06,0.9999655665475514,2.9950284857336186e-06
00606.jpg,1,4,有漂浮物,4,有漂浮物,,,,,,,2.8736785892939643e-06,7.144850388396779e-06,4.2707294452537546e-06,1.2285959304641163e-05,0.9999693917434919,4.033038780525855e-06
00610.jpg,1,4,有漂浮物,4,有漂浮物,,,,,,,2.958367205988707e-06,9.458863688900168e-07,1.5653477718554252e-06,4.129754919462107e-07,0.9999940268768891,9.054627224414162e-08
00614.jpg,1,4,有漂浮物,4,有漂浮物,,,,,,,9.205498609506474e-06,6.641391128552992e-06,9.233310562242928e-06,6.055252691694259e-06,0.9999679893936392,8.751533688670474e-07
00615.jpg,1,4,有漂浮物,4,有漂浮物,,,,,,,8.201732553411068e-07,2.5008923998412817e-06,3.2377256621886318e-06,3.1777968208004497e-07,0.9999925733470308,5.50081969562602e-07
00619.jpg,1,4,有漂浮物,4,有漂浮物,,,,,,,3.327706777067274e-06,8.285310764366527e-06,3.4494174236453033e-06,5.592356167009548e-06,0.9999590645173034,2.0280691564348968e-05
00623.jpg,1,4,有漂浮物,4,有漂浮物,,,,,,,0.00015337975573197123,2.9441227627607496e-05,1.414799327377927e-05,0.0021444950608460515,0.9976007469435774,5.7789018943203877e-05
00625.jpg,1,4,有漂浮物,4,有漂浮物,,,,,,,0.00033678220654165996,3.927522214626429e-05,1.5601239873976783e-05,0.0008826308169927526,0.9986937179459898,3.199256845558326e-05
00629.jpg,1,4,有漂浮物,4,有漂浮物,,,,,,,7.193414690659035e-05,5.2436787920343856e-05,1.2326615206496869e-05,0.0024577046404969326,0.9972906418981909,0.00011495591127868608
00634.jpg,1,4,有漂浮物,4,有漂浮物,,,,,,,2.9129960824818803e-06,3.5980970485838117e-06,4.749725954064481e-06,2.3331477614260776e-06,0.9999649240363381,2.148199681534102e-05
00640.jpg,1,4,有漂浮物,4,有漂浮物,,,,,,,0.00024126695908505415,1.846221932461103e-05,2.154184292114719e-05,0.0013656721162691988,0.9983460575246876,6.999337712306134e-06
00641.jpg,1,4,有漂浮物,4,有漂浮物,,,,,,,0.0001432617143333227,2.227921193000631e-05,1.9377776934380334e-05,0.0004879356875796196,0.999323285301429,3.860307793753944e-06
00642.jpg,1,4,有漂浮物,4,有漂浮物,,,,,,,6.454584836399952e-05,1.2581745111473973e-05,1.73459941452046e-05,0.00032245466592968006,0.9995812171011642,1.854645285319988e-06
00644.jpg,1,4,有漂浮物,4,有漂浮物,,,,,,,2.409549415649497e-06,1.698867038657314e-06,1.1223112094981847e-07,1.2982759663958978e-05,0.9999826084498368,1.8814292409676675e-07
00647.jpg,1,4,有漂浮物,4,有漂浮物,,,,,,,2.753446835970831e-05,3.5157311169048682e-06,2.257598037174813e-06,2.3952914617265103e-05,0.9999418883323924,8.509554764913613e-07
00649.jpg,1,4,有漂浮物,4,有漂浮物,,,,,,,3.591966459181602e-05,3.0911531397363737e-06,3.400755523987088e-07,5.684553745879927e-05,0.9999034922331884,3.113360687919398e-07
00652.jpg,1,4,有漂浮物,4,有漂浮物,,,,,,,1.353220382415693e-05,5.6252811468118135e-06,1.2727855439372505e-06,5.3790451234434344e-05,0.999925287274329,4.920039215229876e-07
00656.jpg,1,4,有漂浮物,4,有漂浮物,,,,,,,4.222732341276432e-05,5.291930195436721e-05,0.0001140365438536912,2.9276133107410147e-05,0.9991445237333136,0.0006170169643581005
00660.jpg,1,4,有漂浮物,4,有漂浮物,,,,,,,4.910586959481953e-05,0.0001360711980798552,4.652757493569839e-05,5.1137953198688277e-05,0.9992716052100424,0.0004455521941487073
00664.jpg,1,4,有漂浮物,4,有漂浮物,,,,,,,7.841894046968739e-05,6.671874011297948e-05,6.290601777145294e-05,3.9190443031995966e-05,0.9993119909567786,0.0004407749018352367
00668.jpg,1,4,有漂浮物,4,有漂浮物,,,,,,,1.5698987906270367e-05,7.440104915104849e-05,8.662603667511681e-05,1.158331441714763e-05,0.9995106234025803,0.0003010672092701608
00672.jpg,1,4,有漂浮物,4,有漂浮物,,,,,,,5.1629374884859067e-05,2.6099742265295962e-05,0.0003987674069167042,4.831017942749302e-06,0.99946385069396,5.482176403019358e-05
00673.jpg,1,4,有漂浮物,4,有漂浮物,,,,,,,8.51979802029224e-05,3.060519831658796e-05,0.0001858805549837147,1.3590444737061301e-05,0.9996059567509932,7.876907076665392e-05
00674.jpg,1,4,有漂浮物,4,有漂浮物,,,,,,,1.748663114361037e-05,1.606812112512592e-05,7.239596019532261e-05,2.338833254485228e-06,0.9998542280145347,3.7482439746818425e-05
00679.jpg,1,4,有漂浮物,4,有漂浮物,,,,,,,7.589207120627809e-06,9.41202165991753e-06,3.179587290536099e-05,4.419439199550026e-06,0.99994106926077,5.714198344651301e-06
00685.jpg,1,4,有漂浮物,4,有漂浮物,,,,,,,1.9666818866058346e-05,7.945838788060411e-05,0.00015727680589243997,0.0002088203363801722,0.9993543493758601,0.00018042827512054383
00693.jpg,1,4,有漂浮物,4,有漂浮物,,,,,,,9.895909061543968e-06,0.00013011200702655256,8.807546290021358e-05,3.061182082836266e-05,0.9995073039920128,0.00023400080817062116
00698.jpg,1,4,有漂浮物,4,有漂浮物,,,,,,,7.030459254889306e-05,1.3982982015181276e-05,0.0002629075660823129,1.3376016765702994e-05,0.99963284851606,6.580326527761123e-06
00703.jpg,1,4,有漂浮物,4,有漂浮物,,,,,,,9.497113035009933e-06,1.0082921110620365e-05,6.834841679470025e-05,2.2371615082858242e-05,0.9998888467950685,8.531389085218309e-07
00707.jpg,1,4,有漂浮物,4,有漂浮物,,,,,,,0.00014391863705750605,0.00013000594247216272,0.00042557209184767393,0.0034323445716905143,0.9958185382965509,4.962046038119697e-05
00708.jpg,1,4,有漂浮物,4,有漂浮物,,,,,,,6.257021451361472e-05,1.8779828882423975e-05,0.00022099671856056792,0.00035774030820567637,0.9993365526734147,3.3602564229739222e-06
00712.jpg,1,4,有漂浮物,4,有漂浮物,,,,,,,1.0753575467977543e-06,1.398807605115655e-06,4.8851525666760106e-06,2.7164863018120426e-07,0.9999922609738787,1.080597723153285e-07
00716.jpg,1,4,有漂浮物,4,有漂浮物,,,,,,,2.0178112666569066e-06,1.4757503520776215e-06,5.6079037315478535e-06,4.6471450931891704e-07,0.9999901833980126,2.504221278295196e-07
00720.jpg,1,4,有漂浮物,4,有漂浮物,,,,,,,8.617737124848777e-07,2.3411426062377334e-06,1.0118621602018532e-05,3.1214391681019787e-07,0.9999857823590758,5.839590866709625e-07
00724.jpg,1,4,有漂浮物,4,有漂浮物,,,,,,,2.1872077523369265e-05,8.220379405884076e-06,0.00019780982781652723,1.0159908014434326e-06,0.9997674204844309,3.6612400218308512e-06
00728.jpg,1,4,有漂浮物,4,有漂浮物,,,,,,,6.528596931002833e-07,5.343235749332288e-06,2.7522519174175193e-05,5.470045053643881e-06,0.9999607456399849,2.6570034493196053e-07
00732.jpg,1,4,有漂浮物,4,有漂浮物,,,,,,,8.485058867888037e-07,4.174515629574154e-06,2.167055015059321e-06,3.6839948556528065e-07,0.9999923683657181,7.315826490904092e-08
00737.jpg,1,4,有漂浮物,4,有漂浮物,,,,,,,3.891633594459421e-07,4.571006922384319e-06,8.32314153944854e-07,1.808092504788783e-06,0.999992287627495,1.1179556443420832e-07
00743.jpg,1,4,有漂浮物,4,有漂浮物,,,,,,,7.219167405449153e-06,1.6038049674062062e-05,0.00067351167090747,5.558473519362683e-06,0.9992921730565598,5.499581933600286e-06
00744.jpg,1,4,有漂浮物,4,有漂浮物,,,,,,,4.043656463930491e-07,2.9557048063148466e-06,4.915611694256627e-05,4.622948723067896e-07,0.9999463768642809,6.446534515299149e-07
00748.jpg,1,4,有漂浮物,4,有漂浮物,,,,,,,6.39978527786448e-06,5.639603591426852e-05,2.8774609596248157e-05,4.827413432746888e-05,0.9998385078210216,2.1647613862588865e-05
00752.jpg,1,4,有漂浮物,4,有漂浮物,,,,,,,8.904976665303726e-06,1.950576737765763e-05,3.544132743460471e-06,0.00016842097856041918,0.9997940483473734,5.575797279624294e-06
00753.jpg,1,4,有漂浮物,4,有漂浮物,,,,,,,3.5119082442146257e-05,0.00010001493483688425,9.322995088439736e-05,0.001288039890183396,0.9983866547007549,9.694144089826105e-05
00754.jpg,1,4,有漂浮物,4,有漂浮物,,,,,,,2.8746950833401976e-05,0.00019293603745187724,8.60196561945368e-05,0.00021877909737840168,0.9993172829039481,0.00015623535419360303
00758.jpg,1,4,有漂浮物,4,有漂浮物,,,,,,,0.001032381804594686,0.00022519158054026348,0.0010509770680333078,0.0016358724935556673,0.995831932393202,0.00022364466007396207
00762.jpg,1,4,有漂浮物,4,有漂浮物,,,,,,,3.744242817665307e-05,1.1350607303659918e-05,3.8240344049546515e-05,1.6265724710830718e-05,0.9998678900227095,2.8810873049676383e-05
00763.jpg,1,4,有漂浮物,4,有漂浮物,,,,,,,8.503037080917093e-05,1.607516272329257e-05,9.141867058315259e-05,1.978543532945921e-05,0.999661449740102,0.00012624062045296124
00767.jpg,1,4,有漂浮物,4,有漂浮物,,,,,,,0.00012747375316448818,2.9117213797757868e-05,2.9954323614019945e-05,2.5832918907762076e-05,0.9997508108506459,3.681093987001943e-05
00772.jpg,1,4,有漂浮物,4,有漂浮物,,,,,,,5.169372109056571e-06,2.7042040050803826e-05,3.9928717852928984e-05,2.2242911487449474e-06,0.9998678433104482,5.779226839015202e-05
00776.jpg,1,4,有漂浮物,4,有漂浮物,,,,,,,2.0340668371557117e-05,3.953038342462128e-05,1.2778618228888624e-05,1.0212675496527359e-05,0.9997488102172697,0.00016832743720859392
00780.jpg,1,4,有漂浮物,4,有漂浮物,,,,,,,5.25743598091286e-05,6.283834812317186e-05,1.7530129087152422e-05,0.0002211364300782239,0.9996080017891245,3.791894377790499e-05
00786.jpg,1,4,有漂浮物,4,有漂浮物,,,,,,,1.910641688365154e-06,5.008693767509429e-06,3.958405586566643e-06,4.2987051104498183e-05,0.9999443677249279,1.7674829253268518e-06
00790.jpg,1,4,有漂浮物,4,有漂浮物,,,,,,,0.00032463427963280326,0.0005691378846251346,4.026373608445171e-05,0.013198061400825993,0.985082185051607,0.0007857176472244535
00794.jpg,1,4,有漂浮物,4,有漂浮物,,,,,,,6.373917915765052e-06,5.869181883250983e-06,6.39308237094953e-06,1.5339636241165818e-05,0.9999630807890102,2.9433925786509868e-06
00799.jpg,1,4,有漂浮物,4,有漂浮物,,,,,,,2.314932290395721e-06,5.681139186315543e-06,5.5866046576781315e-06,4.7825718769370124e-05,0.9999359104885658,2.6811165304655412e-06
00803.jpg,1,4,有漂浮物,4,有漂浮物,,,,,,,2.7838118604096444e-05,3.5171863340179036e-05,2.8951492687035685e-06,0.00019573291753762623,0.9997246884206111,1.3673530638306601e-05
00805.jpg,1,4,有漂浮物,4,有漂浮物,,,,,,,0.00012314426426053598,9.326500302623242e-05,2.911984426876658e-05,0.004668354226227146,0.9950234553892268,6.266127299039707e-05
00809.jpg,1,4,有漂浮物,4,有漂浮物,,,,,,,3.1199914884655146e-05,2.7231822550793453e-05,1.092880940152735e-05,0.00016714174158642656,0.99975177520638,1.1722505196469574e-05
00814.jpg,1,4,有漂浮物,4,有漂浮物,,,,,,,2.1239012534243125e-05,1.4025285979752148e-05,7.65837372958062e-06,3.839120220843128e-06,0.9999518239959562,1.4142115794368946e-06
00816.jpg,1,4,有漂浮物,4,有漂浮物,,,,,,,0.0008169913227569585,9.335483711303517e-05,8.145085279896496e-05,0.0010347194637119596,0.9977454299236654,0.00022805359995370502
00820.jpg,1,4,有漂浮物,4,有漂浮物,,,,,,,8.88983879528215e-05,0.0001394058051222569,3.3068052906821084e-05,0.00040740440625930445,0.9992123272777698,0.00011889606998885817
00824.jpg,1,4,有漂浮物,4,有漂浮物,,,,,,,4.479694705651216e-05,5.711267405082079e-05,4.1350758709044174e-05,0.00012123107305349058,0.999633882512112,0.00010162603501811188
00825.jpg,1,4,有漂浮物,4,有漂浮物,,,,,,,2.075558168103531e-05,4.192063986505537e-05,1.7232869581292312e-05,8.791781963255995e-05,0.9997743883931947,5.778469604516541e-05
00832.jpg,1,4,有漂浮物,4,有漂浮物,,,,,,,1.9836872983569417e-05,3.083240993132669e-05,1.1559690435747919e-05,5.66761435617468e-05,0.9998278377798787,5.325710320882681e-05
00833.jpg,1,4,有漂浮物,4,有漂浮物,,,,,,,2.280567156741338e-05,3.701351651707309e-05,2.0718595943967762e-05,6.396423695816208e-05,0.9997718278375629,8.367014145052092e-05
00837.jpg,1,4,有漂浮物,4,有漂浮物,,,,,,,2.7718542126022396e-05,7.777248366473103e-05,3.192988469268838e-05,0.0003204340418800503,0.9993601940523865,0.00018195099525004842
00842.jpg,1,4,有漂浮物,4,有漂浮物,,,,,,,3.979335897383485e-05,2.1563074543860373e-05,7.230967509379552e-05,0.00023398378200347253,0.9995619239996703,7.042610971498796e-05
00844.jpg,1,4,有漂浮物,4,有漂浮物,,,,,,,2.9571450028312533e-05,1.2850745664066878e-05,7.06228011171487e-05,3.471832729372264e-05,0.9998371902024898,1.5046473406890328e-05
00847.jpg,1,4,有漂浮物,4,有漂浮物,,,,,,,7.839773163847399e-06,1.0379648411228356e-05,2.270942719885503e-05,4.697229188277914e-05,0.9998899304469528,2.21684123902463e-05
00851.jpg,1,4,有漂浮物,4,有漂浮物,,,,,,,3.316351205312673e-06,1.3744422892143063e-05,4.84232824103912e-06,8.175109090294512e-05,0.9998890478452761,7.297961482481353e-06
00852.jpg,1,4,有漂浮物,4,有漂浮物,,,,,,,4.807359580728227e-06,8.603900966233531e-06,5.63252402802545e-06,8.36366471817591e-05,0.999892827866183,4.491702060307298e-06
00856.jpg,1,4,有漂浮物,4,有漂浮物,,,,,,,4.080795961802484e-06,4.119853333979773e-06,1.864321521281871e-07,5.476376270676669e-06,0.9999840965102367,2.0400320446972785e-06
00861.jpg,1,4,有漂浮物,4,有漂浮物,,,,,,,4.8087355641249444e-05,6.1074615293109e-05,7.134651860171216e-06,0.0001174985330909293,0.9994545366252248,0.00031166821888980084
00866.jpg,1,4,有漂浮物,4,有漂浮物,,,,,,,2.1326253943183764e-05,4.2560054059919524e-05,1.1557914282581687e-05,0.00012056489390524515,0.9997380546264995,6.593625730950516e-05
00870.jpg,1,4,有漂浮物,4,有漂浮物,,,,,,,3.7905623224126716e-06,1.5404207343921255e-05,6.048783022693233e-06,1.3638187847916184e-05,0.9999530440679816,8.074191481483226e-06
00875.jpg,1,4,有漂浮物,4,有漂浮物,,,,,,,4.213231542245991e-05,8.241286054771417e-05,1.919664325190581e-05,2.4084844007240618e-05,0.9997158592507286,0.000116314086042152
00881.jpg,1,4,有漂浮物,4,有漂浮物,,,,,,,3.990796985225082e-06,6.573016020208646e-06,7.907856364792148e-06,9.316395237297031e-06,0.9999644994186545,7.712516737934724e-06
00885.jpg,1,4,有漂浮物,4,有漂浮物,,,,,,,4.121946129209477e-05,2.4315655370561077e-05,3.093880235222251e-05,4.2157335181598205e-05,0.9997312018365985,0.00013016690920497037
00889.jpg,1,4,有漂浮物,4,有漂浮物,,,,,,,7.542041003653351e-05,6.369480219475296e-05,0.0005788352996501437,3.788057028017541e-05,0.9991256387208082,0.0001185301970302726
00890.jpg,1,4,有漂浮物,4,有漂浮物,,,,,,,8.372062687120449e-07,2.863155803966467e-06,1.781020990857322e-06,3.247197073373972e-07,0.9999924295525078,1.7643447214234897e-06
00898.jpg,1,4,有漂浮物,4,有漂浮物,,,,,,,1.7497794215787116e-07,1.035769582520098e-06,1.1857977193405202e-06,2.8670392528545115e-07,0.9999968850650014,4.3168582927591376e-07
00902.jpg,1,4,有漂浮物,4,有漂浮物,,,,,,,2.9594882562141883e-06,4.865580746777684e-06,1.4525385868155463e-06,1.30469532473815e-05,0.9999759521234777,1.7233156852686974e-06
00906.jpg,1,4,有漂浮物,4,有漂浮物,,,,,,,1.2907944325442717e-05,1.2405928805551146e-05,1.0772755062870338e-06,1.9173461032574507e-05,0.9999454381461261,8.997244204013914e-06
00912.jpg,1,4,有漂浮物,4,有漂浮物,,,,,,,9.648273921942376e-06,1.5391203837719906e-05,3.1185612053034045e-06,9.15027779424906e-06,0.9999599528629205,2.7388203202479303e-06
00916.jpg,1,4,有漂浮物,4,有漂浮物,,,,,,,0.00013366787075184548,2.814389468476846e-05,1.2805148330107486e-05,0.004066013882540213,0.9957496875992087,9.681604484434346e-06
00920.jpg,1,4,有漂浮物,4,有漂浮物,,,,,,,1.957879922213057e-05,5.7367267785291664e-05,9.099251758010448e-05,9.243769344391975e-05,0.9996760250655912,6.359865637724369e-05
00924.jpg,1,4,有漂浮物,4,有漂浮物,,,,,,,9.361991721989536e-05,7.442525316732187e-05,9.378006764019743e-05,0.0002131803809543188,0.9992623135385676,0.0002626808424506432
00931.jpg,1,4,有漂浮物,4,有漂浮物,,,,,,,6.481667588122548e-06,3.0323859475158433e-05,1.6982798145228983e-05,2.6079000121747453e-05,0.9999107506059002,9.382068769540961e-06
00935.jpg,1,4,有漂浮物,4,有漂浮物,,,,,,,9.501973991635276e-06,1.0836638031518285e-05,1.087514192715874e-05,2.1870668265198243e-05,0.9999401910934959,6.724484288761486e-06
00936.jpg,1,4,有漂浮物,4,有漂浮物,,,,,,,8.347117978271748e-06,1.636112714932692e-05,2.21412601511743e-05,2.2046932418912373e-05,0.9999232397791501,7.863783152343632e-06
00940.jpg,1,4,有漂浮物,4,有漂浮物,,,,,,,1.0151898660781242e-05,6.885018905570775e-05,3.2853438607679404e-05,0.0002454076354934912,0.999638801651079,3.935187103505593e-06
00943.jpg,1,4,有漂浮物,4,有漂浮物,,,,,,,8.906810134020075e-06,2.665870525872677e-05,8.637133464503159e-05,9.389762851461551e-06,0.9998524333680785,1.624001903243576e-05
00947.jpg,1,4,有漂浮物,4,有漂浮物,,,,,,,1.7028879136178145e-06,2.456761770326742e-05,1.629646885211302e-06,6.852451072810769e-06,0.9997878947269532,0.00017735266947174137
00951.jpg,1,4,有漂浮物,4,有漂浮物,,,,,,,9.834915127187232e-06,4.1193179190037635e-05,3.3466741583615545e-06,2.3805949903403328e-05,0.9998140316969947,0.00010778758462630103
00953.jpg,1,4,有漂浮物,4,有漂浮物,,,,,,,3.660604174871548e-05,0.0003720711811371756,1.3430872776573898e-05,0.00031168742361914383,0.9989118490744464,0.00035435540627186423
00956.jpg,1,4,有漂浮物,4,有漂浮物,,,,,,,0.000440151694743579,0.00031642514806067755,0.010062124403640443,0.00024626532045260067,0.9888113593752559,0.00012367405784688488
00960.jpg,1,4,有漂浮物,4,有漂浮物,,,,,,,8.351313837694963e-06,0.00012316386308473462,8.352214408655592e-05,0.0001320454647405572,0.9996379635471299,1.4953667120697306e-05
00966.jpg,1,4,有漂浮物,4,有漂浮物,,,,,,,1.1265253080216419e-05,3.331218285819356e-05,3.428907132892807e-05,0.00013331989489289464,0.9997609757556035,2.683784223615083e-05
00971.jpg,1,4,有漂浮物,4,有漂浮物,,,,,,,7.690057584887436e-06,8.962853321762869e-05,4.962205263144574e-05,0.0001035248423861086,0.9997187298106289,3.0804703550940974e-05
00975.jpg,1,4,有漂浮物,4,有漂浮物,,,,,,,4.144347599057808e-05,1.7776012000864126e-05,6.488948712011135e-06,1.0141745716818543e-05,0.9999221012731717,2.0485444079227604e-06
00981.jpg,1,4,有漂浮物,4,有漂浮物,,,,,,,2.440958045797847e-05,7.5756164931146675e-06,8.712797598607091e-05,9.883244040091304e-06,0.9998668860097104,4.1175733123472834e-06
00988.jpg,1,4,有漂浮物,4,有漂浮物,,,,,,,4.362093201655332e-05,6.485782092420958e-05,0.0002752734852273807,0.00032896176039659883,0.9991857152709466,0.00010157073048858723
00990.jpg,1,4,有漂浮物,4,有漂浮物,,,,,,,4.310719668285962e-06,0.00019522526411231916,3.410352750164898e-06,3.2477370201248516e-05,0.9997361515089669,2.842478430101279e-05
00994.jpg,1,4,有漂浮物,4,有漂浮物,,,,,,,1.693727050700608e-05,3.3065753638130705e-05,0.00011851285415238751,0.00026787410259970394,0.9994983101996278,6.529981947501293e-05
00995.jpg,1,4,有漂浮物,4,有漂浮物,,,,,,,1.2559585138473591e-06,6.868890474983636e-05,1.0991098968498639e-05,2.0423654218870135e-05,0.999894993290309,3.647093239900383e-06
01002.jpg,1,4,有漂浮物,4,有漂浮物,,,,,,,2.498927982875981e-06,5.207693041312914e-05,5.244096812771316e-07,7.077619622499942e-06,0.9999366925384202,1.1295738799196215e-06
01007.jpg,1,4,有漂浮物,4,有漂浮物,,,,,,,3.817056592944078e-07,1.719062410464635e-05,4.681447440913635e-07,8.216755127129754e-07,0.9999787556747504,2.3821752288515415e-06
01012.jpg,1,4,有漂浮物,4,有漂浮物,,,,,,,2.9708106692944726e-05,8.290239910723366e-05,3.863923438579927e-05,0.0004019423305526536,0.9994034433357002,4.336459356118987e-05
01016.jpg,1,4,有漂浮物,4,有漂浮物,,,,,,,2.5316880091876773e-05,0.0007342661885785411,2.689059519418698e-05,8.81275268621934e-05,0.9990421177927911,8.32810164822611e-05
01020.jpg,1,4,有漂浮物,4,有漂浮物,,,,,,,1.2890574468846421e-06,7.005078286547531e-05,1.1598479719637771e-06,9.050131193715644e-06,0.9999138732215532,4.576958968738932e-06
01025.jpg,1,4,有漂浮物,4,有漂浮物,,,,,,,2.2373546987667533e-07,4.603958369776098e-05,3.3384365975697584e-07,4.83404339156267e-07,0.9999521781788818,7.412539516140635e-07
01030.jpg,1,4,有漂浮物,4,有漂浮物,,,,,,,7.397780554244473e-06,1.876923215500372e-05,3.143832760464152e-06,4.046304571040134e-05,0.9998989889558308,3.123715298883201e-05
01034.jpg,1,4,有漂浮物,4,有漂浮物,,,,,,,3.5055060837271367e-07,8.67776415732138e-06,5.602616049864583e-07,7.806889894731837e-07,0.9999788381826209,1.079255201907761e-05
01039.jpg,1,4,有漂浮物,4,有漂浮物,,,,,,,7.998666227493724e-06,2.3135643604230814e-05,8.288005962948999e-06,0.00013792819751856595,0.9998131136744475,9.535812239404903e-06
01043.jpg,1,4,有漂浮物,4,有漂浮物,,,,,,,1.2525080126782452e-06,6.978633804120596e-05,1.116797219160455e-06,6.122894145180818e-07,0.9999204049383444,6.827128968038065e-06
01047.jpg,1,4,有漂浮物,4,有漂浮物,,,,,,,1.340158529568933e-06,2.224398236035297e-05,1.5808543294447304e-06,5.581456052980134e-06,0.999968417287346,8.36261381611371e-07
01051.jpg,1,4,有漂浮物,4,有漂浮物,,,,,,,2.8176353870393795e-06,1.6287916080409672e-05,1.5854885048383937e-05,4.6099150903823536e-05,0.9999009867821991,1.7953630381214892e-05
01053.jpg,1,4,有漂浮物,4,有漂浮物,,,,,,,4.449272720020148e-06,9.863449007281033e-06,4.590824041689737e-06,6.588390943010366e-05,0.9999054586044426,9.753940358316249e-06
01057.jpg,1,4,有漂浮物,4,有漂浮物,,,,,,,3.6092705767288235e-07,1.1033269671022381e-06,3.427900243633059e-07,5.088323819607267e-05,0.9999465680047926,7.417129621380649e-07
01062.jpg,1,4,有漂浮物,4,有漂浮物,,,,,,,1.521568106356179e-07,2.7940379197077645e-06,6.268097350747177e-07,3.502928496584702e-06,0.9999902124844645,2.7115825735306808e-06
01066.jpg,1,4,有漂浮物,4,有漂浮物,,,,,,,1.1027480583702115e-06,6.7542781056149946e-06,5.329937385587789e-06,1.614260246612195e-05,0.9999684206415795,2.249792404753503e-06
01070.jpg,1,4,有漂浮物,4,有漂浮物,,,,,,,3.505754554468473e-05,2.806610192560617e-05,7.514890868005838e-05,4.4796598251009705e-06,0.999701236198682,0.0001560115853425921
01073.jpg,1,4,有漂浮物,4,有漂浮物,,,,,,,6.936301273816629e-06,4.067984487131058e-06,1.4356271940675554e-06,1.1650649451967711e-06,0.9999620605626586,2.4334459441232524e-05
01075.jpg,1,4,有漂浮物,4,有漂浮物,,,,,,,5.368709979757179e-06,2.416983659018426e-05,8.820735447319322e-06,7.298287155378526e-06,0.9998940766547205,6.02657761069391e-05
01080.jpg,1,4,有漂浮物,4,有漂浮物,,,,,,,4.811570434522456e-05,2.0949689140275863e-05,0.00011288325292011252,1.764708968125694e-05,0.9995621962677073,0.00023820799620578276
01084.jpg,1,4,有漂浮物,4,有漂浮物,,,,,,,3.36535290397013e-05,0.00012766413394072775,1.3859759342272179e-05,0.00013415231256543424,0.9988874266002334,0.000803243664878364
01085.jpg,1,4,有漂浮物,4,有漂浮物,,,,,,,1.7122039626217885e-05,8.968324552397066e-05,1.0011720336493016e-05,6.248406862573928e-05,0.9995029493524098,0.00031774957347773647
01092.jpg,1,4,有漂浮物,4,有漂浮物,,,,,,,7.792703813196575e-05,2.9660034832219937e-05,0.00010358281382630193,4.322967790534923e-06,0.9996589498176669,0.00012555732775215364
01096.jpg,1,4,有漂浮物,4,有漂浮物,,,,,,,7.064855718538903e-06,2.537599276840372e-05,0.0005859227829435917,8.12464488197903e-06,0.9993563377983653,1.717392532232372e-05
01102.jpg,1,4,有漂浮物,4,有漂浮物,,,,,,,1.4498190008737144e-05,4.466146105319696e-05,0.00029504940616790354,1.5234350481012475e-05,0.9996050254572304,2.5531135058712576e-05
01103.jpg,1,4,有漂浮物,4,有漂浮物,,,,,,,1.3994825728497275e-05,0.00010101750703568365,0.0012155571831678263,0.00013461473386115118,0.9985206533069126,1.4162443294255203e-05
01107.jpg,1,4,有漂浮物,4,有漂浮物,,,,,,,1.798537660580087e-06,3.884588431980196e-05,0.00015470454834117135,1.9531515303921336e-05,0.9997819691823255,3.150332049178643e-06
01115.jpg,1,4,有漂浮物,4,有漂浮物,,,,,,,9.581337084834499e-06,2.2446081237140345e-05,0.00012276706363217247,4.5423237013165837e-05,0.9997919937026907,7.788578341991916e-06
01121.jpg,1,4,有漂浮物,4,有漂浮物,,,,,,,3.105330093235111e-05,6.762044712366817e-05,0.0003229134422177635,9.384022067502554e-05,0.9994247411853187,5.983140373256354e-05
01122.jpg,1,4,有漂浮物,4,有漂浮物,,,,,,,7.278708329335945e-05,0.00019744663742066513,1.4763402724003723e-05,0.00028250221996911986,0.9993941543805656,3.8346276027302884e-05
01126.jpg,1,4,有漂浮物,4,有漂浮物,,,,,,,4.954848092715982e-05,0.00014940423628170406,0.00045489472399926734,0.0001690294532770113,0.9990728734896002,0.00010424961591479422
01127.jpg,1,4,有漂浮物,4,有漂浮物,,,,,,,5.856708796143715e-05,6.931678533680934e-05,0.0003234098109043659,7.168816624134114e-05,0.9994052616426607,7.175650689538219e-05
01129.jpg,1,4,有漂浮物,4,有漂浮物,,,,,,,1.9968833398615282e-05,5.119340705691814e-05,0.00026714215279907244,3.8352796623294174e-05,0.9996040328690904,1.9309941031599545e-05
01133.jpg,1,4,有漂浮物,4,有漂浮物,,,,,,,2.774982449240918e-05,0.00014445071462934885,0.000760468114982885,4.933866853937158e-05,0.998944022594807,7.397008254900146e-05
01137.jpg,1,4,有漂浮物,4,有漂浮物,,,,,,,1.7233481748327193e-05,1.4474508332469294e-05,0.000561291606373499,1.7034255364198174e-05,0.9993834219648687,6.544183312725732e-06
01142.jpg,1,4,有漂浮物,4,有漂浮物,,,,,,,5.021180374658471e-05,5.0348795528859814e-05,0.00040988594027328433,9.273275476811246e-05,0.9993621369405103,3.468376517285113e-05
01148.jpg,1,4,有漂浮物,4,有漂浮物,,,,,,,6.0984964496054594e-06,1.558463723136367e-05,6.369105846250015e-06,1.8697289570361744e-06,0.9996441142314001,0.0003259638001154184
01149.jpg,1,4,有漂浮物,4,有漂浮物,,,,,,,3.962341551185253e-06,1.4941831245844645e-05,6.808543181012741e-06,1.3565883104523404e-06,0.9996113419081095,0.000361588787602125
01154.jpg,1,4,有漂浮物,4,有漂浮物,,,,,,,8.122590946424649e-06,3.4154878414002885e-05,2.0428906549610704e-05,3.3496514584686894e-06,0.9996278398697062,0.0003061041029253115
01159.jpg,1,4,有漂浮物,4,有漂浮物,,,,,,,1.9016710008516596e-05,3.4769580047695163e-05,1.7404621830273587e-05,8.896674057873593e-06,0.9994499989678213,0.0004699134462345415
01164.jpg,1,4,有漂浮物,4,有漂浮物,,,,,,,1.4040320930942638e-05,2.013015919646721e-05,1.4060107499283801e-05,6.882307856774049e-06,0.9993139710103581,0.0006309160941584881
01168.jpg,1,4,有漂浮物,4,有漂浮物,,,,,,,1.042845431320566e-05,2.1913831248584195e-05,1.7729046533904143e-05,9.917711265237935e-06,0.999374972071767,0.0005650388848720078
01172.jpg,1,4,有漂浮物,4,有漂浮物,,,,,,,8.663566442515023e-06,1.038617128098784e-05,6.25695752505838e-06,5.925107428261197e-06,0.9998474599132118,0.00012130828411149495
01174.jpg,1,4,有漂浮物,4,有漂浮物,,,,,,,4.8382977695759806e-05,5.4913739802290894e-05,6.32560839887024e-05,1.589343059132237e-05,0.9985405169397092,0.00127703682821273
01177.jpg,1,4,有漂浮物,4,有漂浮物,,,,,,,2.8206631959721455e-05,6.870614547967195e-06,1.5887081831557025e-06,4.1703016035954994e-06,0.9999209191737871,3.824456991824883e-05
01182.jpg,1,4,有漂浮物,4,有漂浮物,,,,,,,1.4582710887970606e-06,1.1669810101346623e-06,2.5583244394561605e-08,3.6648943227653496e-08,0.9999964641375666,8.483781469109854e-07
01186.jpg,1,4,有漂浮物,4,有漂浮物,,,,,,,1.9838576078496086e-05,3.618721956251424e-05,2.567554547905318e-07,3.479193207366944e-05,0.9998946824567116,1.4243060118901435e-05
01190.jpg,1,4,有漂浮物,4,有漂浮物,,,,,,,0.00416150438150664,3.3866363790394724e-05,9.690215406528883e-05,0.0011656581649006847,0.9945364411845149,5.627751222108843e-06
01194.jpg,1,4,有漂浮物,4,有漂浮物,,,,,,,2.4877006334937958e-05,1.4002953154798975e-06,5.645817972378598e-08,1.0364294229829502e-05,0.9999631869300182,1.1501592184528743e-07
01199.jpg,1,4,有漂浮物,4,有漂浮物,,,,,,,5.0196775110871644e-05,2.0780070982921175e-06,3.5423148375205593e-07,2.0836142635266893e-06,0.9999446771875435,6.101844999840855e-07
01204.jpg,1,4,有漂浮物,4,有漂浮物,,,,,,,0.0004753586992795069,1.893036224319261e-05,9.398405871025407e-07,0.001948849842531784,0.9975485720438276,7.349211530732973e-06
01208.jpg,1,4,有漂浮物,4,有漂浮物,,,,,,,1.1902433161667515e-05,5.4527740603431585e-06,1.028556520338448e-06,0.00013746139121462427,0.9998438038332378,3.510118050782472e-07
01214.jpg,1,4,有漂浮物,4,有漂浮物,,,,,,,0.00015627976578652217,1.473133665876116e-05,3.5543966448029706e-06,0.0007279510429222354,0.999088722660985,8.760797002770026e-06
01217.jpg,1,4,有漂浮物,4,有漂浮物,,,,,,,1.7246665233378085e-05,1.6208760142812164e-05,1.2098963330376657e-05,2.3780255685693175e-05,0.9999277947993905,2.8705562173451053e-06
01221.jpg,1,4,有漂浮物,4,有漂浮物,,,,,,,1.599353177767852e-05,8.325955494213031e-06,3.0346388957267122e-06,7.969351485291513e-06,0.9999632477971966,1.4287251505185285e-06
01229.jpg,1,4,有漂浮物,4,有漂浮物,,,,,,,0.0015321053937129242,0.00023032332372803914,0.001839012271950994,0.00017658476000258227,0.9952968438741697,0.0009251303764356726
01234.jpg,1,4,有漂浮物,4,有漂浮物,,,,,,,0.0002013689482258069,9.78968563289914e-05,0.00026488099566454744,0.00013934759199613197,0.9992502000557743,4.63055520103155e-05
01236.jpg,1,4,有漂浮物,4,有漂浮物,,,,,,,0.00018132351823793631,0.00015553265565307163,0.0002690672121967634,0.00018846966758842194,0.9991450225652846,6.058438103921221e-05
01237.jpg,1,4,有漂浮物,4,有漂浮物,,,,,,,0.00037836443340076613,0.0001656179893529783,0.0011664325705658992,6.847009234149858e-05,0.9979253094410162,0.00029580547332266096
01240.jpg,1,4,有漂浮物,4,有漂浮物,,,,,,,5.6359853783854996e-05,8.937691419605285e-05,0.00016969699571487678,7.54368109212092e-05,0.9995836449209589,2.5484504425035276e-05
02043.jpg,1,3,乱占,3,乱占,,,,,,,0.0010337891269796811,1.7032284796491297e-05,1.8143459426607085e-05,0.9989153828418359,3.1895634954493245e-06,1.2462723465900238e-05
02049.jpg,1,3,乱占,3,乱占,,,,,,,0.01587567408777047,0.0002970692576804525,0.0017179786398545999,0.9664657592125436,0.015443322412601468,0.0002001963895493702
02055.jpg,1,0,乱采,0,乱采,,,,,,,0.9512345857963537,6.719992463593001e-05,1.5750059505489224e-05,0.007729775229105242,0.0409514772064148,1.2117839851100154e-06
02056.jpg,1,0,乱采,0,乱采,,,,,,,0.9283603641795355,0.0007308634176288487,0.0026514946383638096,0.029382088504715048,0.038791663505237536,8.352575451921285e-05
02060.jpg,1,2,乱堆,2,乱堆,,,,,,,0.005066435775729166,0.0007102127209400809,0.6572125869755641,0.00028100389676708447,0.3364292506985424,0.00030050993245719926
02064.jpg,1,0,乱采,0,乱采,,,,,,,0.9997456350937798,1.1559340195027829e-05,0.0001269505202860931,3.6535000735718955e-05,7.502273582570297e-05,4.297309177874086e-06
02068.jpg,1,0,乱采,0,乱采,,,,,,,0.9969185876653237,4.155776861892534e-06,5.3920847225202416e-06,0.0030700289713566924,2.2309152405228493e-07,1.6124102110685867e-06
02072.jpg,1,3,乱占,3,乱占,,,,,,,0.002841041563064574,3.822204066434792e-05,1.4145359419605583e-05,0.7559384964682903,0.2411385448378484,2.9549730712961508e-05
02076.jpg,1,3,乱占,3,乱占,,,,,,,0.00015189255644608137,0.00024895195583222773,0.00010434028207657616,0.9987422230312489,0.0007121933345593297,4.0398839836769276e-05
02080.jpg,1,3,乱占,3,乱占,,,,,,,0.003418211796407046,5.5360156622107805e-05,1.150836782696929e-05,0.9871968487177789,0.008904445318750301,0.00041362564261461775
02087.jpg,1,3,乱占,3,乱占,,,,,,,0.00047565856516756423,0.00020235760224351587,5.276179259826744e-05,0.9827044726052301,0.01641684613964461,0.00014790329511592834
02091.jpg,1,3,乱占,3,乱占,,,,,,,0.00011758701080998231,0.0006237234472990421,5.305970078525796e-05,0.8925843436669013,0.09955645937853881,0.0070648267956654595
02095.jpg,1,0,乱采,0,乱采,,,,,,,0.9799754977627911,1.967755118171901e-05,0.00023515149091371212,0.0184899024435338,0.0009688665603949402,0.0003109041911847744
02099.jpg,1,2,乱堆,2,乱堆,,,,,,,0.0019540936922106617,0.0002513457415236131,0.9921739422864195,0.0010916421813888524,0.0012103850726516566,0.0033185910258056936
02101.jpg,1,2,乱堆,2,乱堆,,,,,,,0.007186672370863959,0.0004231981582653034,0.9865611325382964,0.0006415410757347582,0.0026142564778464795,0.002573199378993234
02105.jpg,1,2,乱堆,2,乱堆,,,,,,,0.00024284627927423255,0.00024250263305595026,0.9913863065040035,0.0004958920284641896,0.0029792758223270706,0.004653176732874873
02110.jpg,1,2,乱堆,2,乱堆,,,,,,,0.028417079017836477,0.0008940898649453347,0.9273237477301209,0.00461130491787679,0.019088764690109557,0.019665013779110913
02115.jpg,1,3,乱占,3,乱占,,,,,,,0.00024154800346705847,1.1531713877464257e-05,3.448312502383056e-05,0.9990367075784955,0.0006522588357878342,2.3470743348358972e-05
02120.jpg,1,3,乱占,3,乱占,,,,,,,0.00032834645209427394,1.4932391144030438e-05,1.1227475735615969e-05,0.9984955751462623,0.0010904048873339074,5.951364742978784e-05
02124.jpg,1,0,乱采,0,乱采,,,,,,,0.8607156608930461,0.0006859572822718907,0.05425330083426049,0.0005417243481180778,0.08248326414617868,0.0013200924961249277
02129.jpg,1,3,乱占,3,乱占,,,,,,,0.003391494084897185,0.0011052472453903196,0.012140432656173488,0.8875340524939745,0.09142796419220593,0.004400809327358536
02130.jpg,1,3,乱占,3,乱占,,,,,,,0.0011018772788888669,0.00020260791687411439,0.00010308876647226311,0.9962417377868501,0.0007060982163031898,0.0016445900346116098
02135.jpg,1,3,乱占,3,乱占,,,,,,,0.00030066849674793876,0.00016303101989036052,0.00010707189841607792,0.9876995114442221,0.00830940359165068,0.0034203135490729784
02139.jpg,1,2,乱堆,2,乱堆,,,,,,,0.00033198526891128145,0.00012488206248999036,0.9905240332670672,0.00011819753703379925,0.008854612609702444,4.628925479522659e-05
02143.jpg,1,3,乱占,3,乱占,,,,,,,0.00038408297547871235,4.882275723552651e-05,0.00015914384342157506,0.9980602679379744,0.001003009499000612,0.00034467298688919387
02147.jpg,1,3,乱占,3,乱占,,,,,,,4.132028707804631e-05,1.5980326352726293e-05,4.036104791448048e-05,0.9992514566104223,0.00042507132327844217,0.000225810404954097
02486.jpg,1,1,乱建,3,乱占,,,,,,,0.0012178349568438371,0.013430409507807111,0.027398863856630453,0.9557611696431035,0.0012292276554926851,0.0009624943801224343
00004.jpg,2,4,有漂浮物,4,有漂浮物,,,,,,,0.00016907651060700198,0.00018187151211456113,0.0031785310866082124,0.0004860521746917362,0.9956048368641901,0.00037963185178834993
00009.jpg,2,4,有漂浮物,4,有漂浮物,,,,,,,0.005180814471137315,0.000516014450055171,0.0003883951349592093,9.827233651198352e-06,0.9926594402985144,0.0012455084116827844
00014.jpg,2,4,有漂浮物,4,有漂浮物,,,,,,,1.4544760853152488e-05,0.00017417375140551562,6.412472740885938e-05,1.769330125499806e-06,0.9996820331824815,6.335424772555005e-05
00019.jpg,2,4,有漂浮物,4,有漂浮物,,,,,,,7.977546996799208e-06,3.89216007724839e-06,8.97899246992853e-08,1.1507646944181748e-06,0.9999779117335171,8.978004789537127e-06
00023.jpg,2,4,有漂浮物,4,有漂浮物,,,,,,,8.083208773014888e-06,1.0092304212348884e-05,2.01296842336485e-05,1.019650741255636e-06,0.9998833209680396,7.735418400029442e-05
00028.jpg,2,4,有漂浮物,4,有漂浮物,,,,,,,0.0044202564126746245,0.024130893993982487,0.0001667736866999406,0.24234329156997414,0.704251290339427,0.024687493997241846
00033.jpg,2,5,正常,4,有漂浮物,,,,,,,4.906808062541163e-06,3.360760090192349e-05,4.8025228951796505e-06,0.0007168560693911547,0.9992207925641684,1.9034434580729283e-05
00037.jpg,2,4,有漂浮物,4,有漂浮物,,,,,,,3.5056256335413905e-06,4.649807810491912e-05,5.2725086221845914e-05,1.0494840133500669e-05,0.999808340238767,7.843613113927146e-05
00041.jpg,2,4,有漂浮物,4,有漂浮物,,,,,,,1.5857657292635827e-05,2.260451641983822e-05,2.340682180315691e-05,7.564935011950449e-06,0.9998183202051701,0.00011224586430218084
00045.jpg,2,4,有漂浮物,4,有漂浮物,,,,,,,8.020836384024618e-06,1.7005286694497143e-06,6.173323424216764e-06,7.501601500823765e-08,0.9999808576747807,3.17262072659359e-06
00050.jpg,2,4,有漂浮物,4,有漂浮物,,,,,,,4.830595759327014e-06,5.533116391562269e-06,4.487793120407533e-05,5.335109981774584e-08,0.9999355087172425,9.196288302835254e-06
00054.jpg,2,4,有漂浮物,4,有漂浮物,,,,,,,0.0001282532253160628,0.00015827921048827532,0.0002237547004822422,1.4612131045086973e-06,0.9993116448065152,0.0001766068440937516
00058.jpg,2,4,有漂浮物,4,有漂浮物,,,,,,,0.00010645216069929104,1.4927147757458173e-05,1.0351801618564459e-05,1.2655866631089441e-06,0.9998605752824105,6.428020851002365e-06
00064.jpg,2,5,正常,4,有漂浮物,,,,,,,0.0023136287225127374,0.0027579524955054406,0.004216629202894682,0.003735828223894022,0.9864174519597025,0.0005585093954904883
00067.jpg,2,4,有漂浮物,4,有漂浮物,,,,,,,0.0012237515806771061,8.200598576383917e-05,1.3253546423292478e-05,5.8868990848041304e-05,0.9984946772208162,0.00012744267547160927
00069.jpg,2,4,有漂浮物,4,有漂浮物,,,,,,,6.18905987653066e-08,7.690432726997327e-07,2.350600173614265e-07,1.761287710379471e-06,0.9999937416746054,3.431043795438545e-06
00074.jpg,2,4,有漂浮物,4,有漂浮物,,,,,,,2.054239240775946e-06,3.416755525367055e-05,2.497357267180129e-06,1.041213350490553e-05,0.9996753638326755,0.0002755048820580779
00079.jpg,2,4,有漂浮物,4,有漂浮物,,,,,,,2.5634803604582152e-05,2.4433241289462235e-05,0.00012475034893191542,9.039618395419242e-06,0.9997682583673662,4.788362041249177e-05
00083.jpg,2,4,有漂浮物,4,有漂浮物,,,,,,,7.75825292218791e-06,8.889879131617298e-05,1.2814032574428784e-05,0.0007275722032049734,0.9986611835230684,0.0005017731969138362
00084.jpg,2,4,有漂浮物,4,有漂浮物,,,,,,,7.830098579389789e-05,0.0002479612170107642,1.4107810435121567e-05,0.0026024114171342245,0.9949472448838672,0.0021099736857588796
00088.jpg,2,4,有漂浮物,4,有漂浮物,,,,,,,0.0004463408469567973,4.909954461694028e-05,4.0284399209163145e-06,4.82307431428838e-06,0.9994371688486788,5.853924551228894e-05
00092.jpg,2,4,有漂浮物,4,有漂浮物,,,,,,,0.028104372944023966,0.0033104841800594936,0.03976399201786135,0.0003419410093271165,0.9261467024580368,0.0023325073906913245
00098.jpg,2,4,有漂浮物,4,有漂浮物,,,,,,,0.007118733243251573,0.00737289172450035,0.0014426801294920777,0.0005049409529395077,0.9417250605387237,0.04183569341109277
00102.jpg,2,4,有漂浮物,4,有漂浮物,,,,,,,2.7870067008328376e-05,3.2746304567448066e-05,6.2673217455669764e-06,5.491708319511262e-05,0.9998335301913729,4.4669032110717035e-05
00106.jpg,2,4,有漂浮物,4,有漂浮物,,,,,,,7.925417450872358e-06,2.9276294276315845e-05,5.0598019336002694e-05,8.604125288960851e-08,0.9981247119185949,0.0017874023090891154
00112.jpg,2,4,有漂浮物,4,有漂浮物,,,,,,,2.2170853772051463e-07,1.0542788284194774e-05,9.087354606537938e-07,2.0883145350615404e-07,0.9999434202733967,4.4697662867245695e-05
00116.jpg,2,4,有漂浮物,4,有漂浮物,,,,,,,1.8673184804085972e-08,3.7033891680272725e-07,1.019576922253935e-07,2.140533601987981e-09,0.999997669279481,1.8376101915708246e-06
00118.jpg,2,4,有漂浮物,4,有漂浮物,,,,,,,0.00042400787884077035,0.0018236862874766375,6.751130796061911e-06,0.009768754777791676,0.9846162116081387,0.003360588316956033
00122.jpg,2,4,有漂浮物,4,有漂浮物,,,,,,,3.162211414341747e-07,7.397430061623306e-07,1.8908776103631237e-07,2.516707755969982e-06,0.9999915212886206,4.716951714847625e-06
00124.jpg,2,4,有漂浮物,4,有漂浮物,,,,,,,8.820193521403674e-08,4.425447762795757e-07,2.0430879085377479e-07,5.6876956744682846e-09,0.9999867301368501,1.2529119951783288e-05
00127.jpg,2,4,有漂浮物,4,有漂浮物,,,,,,,1.6894591354714081e-06,1.1353955154000699e-05,5.585610804274946e-06,5.668432332606259e-08,0.9999594935882241,2.182070235898783e-05
00134.jpg,2,4,有漂浮物,4,有漂浮物,,,,,,,4.312319508554667e-06,7.296638513357988e-06,1.7902348801321595e-06,1.8559913701950055e-05,0.9999529710692739,1.5069824122198704e-05
00139.jpg,2,4,有漂浮物,4,有漂浮物,,,,,,,5.463928706075171e-06,2.90588818944732e-05,1.3471078488348015e-05,3.444698183691292e-07,0.9998564054758842,9.525616520845856e-05
00143.jpg,2,4,有漂浮物,4,有漂浮物,,,,,,,8.825937554129877e-06,2.4409646733268345e-05,3.174774122145631e-05,9.972349828650606e-06,0.999829137199731,9.590712493149974e-05
00144.jpg,2,4,有漂浮物,4,有漂浮物,,,,,,,0.11094018749143103,0.0006541675759702012,0.002942891974942057,1.4889651168987527e-05,0.8831934465017058,0.0022544168047819884
00148.jpg,2,4,有漂浮物,4,有漂浮物,,,,,,,0.001164331689708802,0.0001291668806388441,0.0003013242288340918,3.735649107890515e-07,0.983367600597502,0.015037203038405677
00153.jpg,2,4,有漂浮物,4,有漂浮物,,,,,,,0.00020766845464033454,0.00045402742820127166,0.0001399761192464467,7.106692246536966e-05,0.9879829061985548,0.011144354876891716
00159.jpg,2,4,有漂浮物,4,有漂浮物,,,,,,,8.056709037834828e-05,0.0020733982338084146,0.00015759263387323736,0.019675938465129744,0.9699888732958082,0.008023630281002078
00165.jpg,2,4,有漂浮物,4,有漂浮物,,,,,,,3.975737371317429e-06,7.1397024726360126e-06,3.7083007134104426e-06,2.0916569217917225e-07,0.9999712585726495,1.3708521101153312e-05
00170.jpg,2,4,有漂浮物,4,有漂浮物,,,,,,,6.362227424158947e-06,6.031086422185577e-06,3.944766652425735e-07,7.275907003900885e-07,0.9999796653086097,6.8193101784704696e-06
00175.jpg,2,4,有漂浮物,4,有漂浮物,,,,,,,1.6548855882396217e-07,1.7980734799195502e-06,1.4450063779678888e-06,6.826747593228681e-08,0.9999932925740834,3.2305900240237163e-06
00180.jpg,2,4,有漂浮物,4,有漂浮物,,,,,,,2.4874472227119356e-05,4.167858734841594e-05,4.7694916654992174e-05,1.2576082887286377e-07,0.9998432204028381,4.240586010243379e-05
00184.jpg,2,4,有漂浮物,4,有漂浮物,,,,,,,1.8611043957477791e-06,2.697790766996143e-06,1.519324797505941e-06,7.701672487989373e-07,0.9999784880822479,1.4663530543214355e-05
00186.jpg,2,4,有漂浮物,4,有漂浮物,,,,,,,1.2792658071279673e-06,1.8551047693581624e-05,3.224720768312977e-06,5.065894673774736e-07,0.9998795629422793,9.68754339844673e-05
00189.jpg,2,4,有漂浮物,4,有漂浮物,,,,,,,4.1801981360842905e-07,3.6615699724968853e-07,3.490251913927061e-08,1.494185316194805e-08,0.9999982549223181,9.110564988053505e-07
00193.jpg,2,4,有漂浮物,4,有漂浮物,,,,,,,2.595935440489998e-07,1.5984499990978745e-06,4.156926445020174e-06,8.301196657670552e-08,0.9999830952549241,1.080676312108914e-05
00197.jpg,2,4,有漂浮物,4,有漂浮物,,,,,,,4.786478937122535e-05,0.00030854610131057157,0.0019618841686312536,0.00016762631117362494,0.9455303705885771,0.05198370804093613
00202.jpg,2,4,有漂浮物,4,有漂浮物,,,,,,,0.0004897851645481935,3.482353121515788e-05,2.2472121397911388e-05,1.5853474306243927e-05,0.999419137731418,1.792797711441048e-05
00207.jpg,2,4,有漂浮物,4,有漂浮物,,,,,,,4.699163576068842e-06,1.1281364758498362e-05,6.9657010307523065e-06,3.058066726004377e-07,0.9999357931317095,4.095483225253819e-05
00213.jpg,2,4,有漂浮物,4,有漂浮物,,,,,,,0.00047727036495520084,7.245666315903001e-05,0.0016318190020386176,1.220656192180445e-06,0.995752301167451,0.0020649321462040955
00214.jpg,2,4,有漂浮物,4,有漂浮物,,,,,,,2.19710965825013e-05,4.3391657301659416e-05,4.1333235044346113e-05,2.748403339345946e-05,0.9997641977926197,0.00010162218505808679
00220.jpg,2,4,有漂浮物,4,有漂浮物,,,,,,,0.0019479857453921212,0.0010679721223283707,0.00045287805117608397,4.337737999832837e-05,0.9941606948702568,0.0023270918308482273
00225.jpg,2,4,有漂浮物,4,有漂浮物,,,,,,,6.01367273477869e-05,3.6114655618339776e-05,8.027869465875544e-05,3.552171846893888e-07,0.9997424225382252,8.069216696512508e-05
00229.jpg,2,4,有漂浮物,4,有漂浮物,,,,,,,4.157788063716855e-08,2.8590688141119136e-07,4.3417574052206436e-07,6.161388715223264e-09,0.9999946435580437,4.588620064893344e-06
00233.jpg,2,4,有漂浮物,4,有漂浮物,,,,,,,0.00042760417552492277,7.6199227494998e-05,0.0011208316306167362,3.5394965856369107e-06,0.9976652632817349,0.0007065621880428891
00453.jpg,2,4,有漂浮物,4,有漂浮物,,,,,,,6.575662628627487e-05,3.2820268839694486e-06,1.3204924557563664e-05,3.355039756281532e-05,0.9998803430904523,3.862934257170004e-06
00454.jpg,2,4,有漂浮物,4,有漂浮物,,,,,,,0.00017998696741143268,5.453670257123867e-06,1.9596663574294776e-05,2.997337203510344e-05,0.9997577166067078,7.272720014339164e-06
00458.jpg,2,4,有漂浮物,4,有漂浮物,,,,,,,0.00043895168677564827,8.364253528506448e-06,4.7836530792540476e-05,0.00026194910510461206,0.999227861642568,1.5036781230584248e-05
00460.jpg,2,4,有漂浮物,4,有漂浮物,,,,,,,5.9531005525077876e-05,4.703814968974117e-06,5.250578796382183e-06,0.00012583188209853494,0.9998000555681996,4.627150411246001e-06
00461.jpg,2,4,有漂浮物,4,有漂浮物,,,,,,,1.526464955184693e-05,1.0096810631576795e-06,1.6984415700668154e-06,6.086413501493678e-06,0.9999737037213932,2.2370929203044324e-06
00462.jpg,2,4,有漂浮物,4,有漂浮物,,,,,,,1.4237231714860172e-05,4.6253835955694455e-06,2.6564541819476877e-05,1.7868887057507793e-05,0.9999334472350194,3.256720793245544e-06
00463.jpg,2,4,有漂浮物,4,有漂浮物,,,,,,,0.00043650327493302435,1.3474802927284192e-05,5.053361628459012e-05,0.00020062839165897056,0.9992779482920923,2.0911622103811123e-05
00464.jpg,2,4,有漂浮物,4,有漂浮物,,,,,,,6.6798508017215805e-06,2.655782328590619e-06,1.1889655064198907e-05,4.213972544369283e-05,0.9999334480284952,3.186957866681896e-06
00471.jpg,2,4,有漂浮物,4,有漂浮物,,,,,,,5.8056156315218285e-05,9.775006026571393e-06,9.007856498106482e-05,4.370104406497871e-05,0.999788594318454,9.794910158052881e-06
00476.jpg,2,4,有漂浮物,4,有漂浮物,,,,,,,1.57717147271001e-05,5.918318752519027e-06,3.482169357707607e-05,2.361751928863844e-05,0.9999160524258643,3.818327790461155e-06
00480.jpg,2,4,有漂浮物,4,有漂浮物,,,,,,,5.263435053996548e-05,1.218251885735097e-05,0.00012701870768866625,0.00014639347557823218,0.9996344835864069,2.728736092895338e-05
00482.jpg,2,4,有漂浮物,4,有漂浮物,,,,,,,0.0008454712250743498,1.518207431940608e-05,0.0003094367204682731,0.00011035339368626134,0.9987080990901552,1.1457496296476921e-05
00485.jpg,2,4,有漂浮物,4,有漂浮物,,,,,,,0.0006625242935961877,6.99407073126168e-05,0.0005221744496705633,0.001239048778853224,0.9973790096424777,0.00012730212808976163
00486.jpg,2,4,有漂浮物,4,有漂浮物,,,,,,,7.031311284733888e-05,2.9725555017194656e-05,8.949312281187646e-05,0.0002287719754789001,0.9995331028064044,4.859342744028159e-05
00487.jpg,2,4,有漂浮物,4,有漂浮物,,,,,,,0.0001314845483813652,0.00011623131984508093,0.0007947536950433012,0.000382522710521229,0.998398603145268,0.00017640458094120453
00491.jpg,2,4,有漂浮物,4,有漂浮物,,,,,,,2.423769930073638e-06,6.133760998770271e-06,4.2251284626800655e-06,7.468673831472433e-06,0.9999747130870421,5.0355797349048955e-06
00496.jpg,2,4,有漂浮物,4,有漂浮物,,,,,,,1.323484380526505e-05,3.4715998272152356e-06,5.460262476224082e-06,8.965383091676425e-07,0.999969198462934,7.738292648340405e-06
00500.jpg,2,4,有漂浮物,4,有漂浮物,,,,,,,7.190094275107202e-09,1.081803404393124e-06,1.3286746080074958e-08,7.758882014493795e-09,0.9999986181360783,2.7182479506800196e-07
00504.jpg,2,4,有漂浮物,4,有漂浮物,,,,,,,1.1439180827710133e-05,0.00032488409707450946,6.912249861704278e-06,4.9869373890071935e-06,0.9995653145133667,8.646302148032975e-05
00505.jpg,2,4,有漂浮物,4,有漂浮物,,,,,,,2.2192092439276646e-06,2.4001383723353974e-05,5.199063545183197e-07,2.962470719798767e-07,0.9999547924782566,1.8170775349639538e-05
00509.jpg,2,4,有漂浮物,4,有漂浮物,,,,,,,1.4856998947693332e-08,1.5326373844469164e-06,1.4392839041876328e-08,3.223003129303834e-09,0.9999979341721743,5.007176001950085e-07
00513.jpg,2,4,有漂浮物,4,有漂浮物,,,,,,,5.384367206045961e-08,5.070510485646506e-06,3.528496432579045e-08,1.1736526566101972e-08,0.999989266764431,5.561859920440886e-06
00515.jpg,2,4,有漂浮物,4,有漂浮物,,,,,,,3.3804175747026893e-07,3.22235876404709e-05,5.985963181685982e-07,4.69428035907028e-07,0.9999530524446054,1.3317901642679145e-05
00518.jpg,2,4,有漂浮物,4,有漂浮物,,,,,,,7.43377861536072e-08,4.4216425022214444e-06,4.1105184872592235e-08,1.1460334403628059e-07,0.9999942422991179,1.1060120646470256e-06
00522.jpg,2,4,有漂浮物,4,有漂浮物,,,,,,,0.00047283686561486903,0.0010431145970578825,0.0012481832018173137,8.680167500225914e-06,0.9965507761009977,0.0006764090670119454
00526.jpg,2,4,有漂浮物,4,有漂浮物,,,,,,,1.3783394190364063e-05,2.9516003155857567e-05,0.00038649850489526366,1.970175215093431e-05,0.9993521717866661,0.00019832855894150403
00530.jpg,2,4,有漂浮物,4,有漂浮物,,,,,,,4.0034525501646155e-05,2.076372556858056e-05,6.803987276637892e-05,0.00014504378459266688,0.9996222941623524,0.0001038239292182855
00536.jpg,2,4,有漂浮物,4,有漂浮物,,,,,,,0.00015587659918307655,3.343259845516192e-05,0.0006310501679690513,0.00010063823880229034,0.9988987186172137,0.00018028377837689367
00538.jpg,2,4,有漂浮物,4,有漂浮物,,,,,,,3.308504302356024e-05,2.267110816099749e-05,0.0002549199280608166,0.0003137828189040405,0.999309131308874,6.640979297658122e-05
00548.jpg,2,4,有漂浮物,4,有漂浮物,,,,,,,6.256044804001315e-05,3.7170046851783776e-05,0.003168877773071632,4.573275120267278e-05,0.9964657893092455,0.0002198696715884411
00551.jpg,2,4,有漂浮物,4,有漂浮物,,,,,,,6.923688128458604e-05,4.10836353771501e-05,0.001274336245333576,5.971653853750448e-05,0.998295004405248,0.000260622294219266
00555.jpg,2,4,有漂浮物,4,有漂浮物,,,,,,,9.07549749965742e-06,2.3357160709125725e-05,1.880943887689066e-05,2.221968931916733e-06,0.9997651967667834,0.00018133916719888533
00561.jpg,2,4,有漂浮物,4,有漂浮物,,,,,,,9.087443293259055e-05,5.248532100780105e-05,4.5347334901166936e-05,7.785067524880379e-06,0.9993428127656201,0.0004606950780135172
00565.jpg,2,4,有漂浮物,4,有漂浮物,,,,,,,9.281022594939381e-06,2.8013122397873555e-05,4.3676102343059015e-05,7.820071983098886e-06,0.9998703754950412,4.0834185639815534e-05
00570.jpg,2,4,有漂浮物,4,有漂浮物,,,,,,,9.30830801214175e-06,1.6041728801524163e-05,1.3696204115202648e-05,5.024151547310244e-06,0.9997920665736834,0.00016386303384043798
00574.jpg,2,4,有漂浮物,4,有漂浮物,,,,,,,1.0138517909661248e-05,2.4411673916035705e-05,3.539612838502493e-05,1.8569264138502957e-06,0.9997786692826734,0.0001495274707020123
00579.jpg,2,4,有漂浮物,4,有漂浮物,,,,,,,2.2288197501454018e-05,4.7278035471471955e-05,7.559317880232877e-05,1.3145005729288343e-06,0.9997017301637046,0.00015179592394728002
00584.jpg,2,4,有漂浮物,4,有漂浮物,,,,,,,0.0006647279994207,4.920174093496199e-05,7.000896087504018e-05,8.689916879547732e-05,0.999069838455897,5.9323674076726363e-05
00589.jpg,2,4,有漂浮物,4,有漂浮物,,,,,,,1.2009861827755387e-05,3.688809988869682e-05,2.1027348322301802e-05,2.9264772118304727e-07,0.9998970404925054,3.2741549734778035e-05
00594.jpg,2,4,有漂浮物,4,有漂浮物,,,,,,,3.068882984904468e-05,2.7852685406266045e-05,2.1393096101304188e-05,2.3823700221824344e-07,0.9998701122879906,4.971486365054113e-05
00598.jpg,2,4,有漂浮物,4,有漂浮物,,,,,,,5.930340697349187e-05,5.874595623507918e-05,7.894927854791164e-05,2.1074495992681456e-06,0.9997621724141023,3.872149454206074e-05
00602.jpg,2,4,有漂浮物,4,有漂浮物,,,,,,,7.597723114745076e-06,1.2209080551086762e-05,4.123223472902181e-06,7.655238564618932e-07,0.9999669555536063,8.34889539860376e-06
00603.jpg,2,4,有漂浮物,4,有漂浮物,,,,,,,1.8615024234187448e-06,9.016113768340217e-06,2.5790445758051038e-06,3.2502191222454e-07,0.999975914134538,1.0304182782319794e-05
00607.jpg,2,4,有漂浮物,4,有漂浮物,,,,,,,4.101214255580733e-05,4.7816027419305654e-05,3.4344506626954285e-05,2.6935936612000113e-06,0.9998273410932432,4.679263649346733e-05
00611.jpg,2,4,有漂浮物,4,有漂浮物,,,,,,,0.00011919948171013181,5.6330487822415246e-05,4.312220423257483e-05,5.231919487943657e-06,0.9997508825349175,2.5233371829308693e-05
00616.jpg,2,4,有漂浮物,4,有漂浮物,,,,,,,4.154024504150223e-05,0.0003672013306214208,5.099929402233371e-06,0.004629785713449788,0.9949105629519452,4.5809829539855665e-05
00620.jpg,2,4,有漂浮物,4,有漂浮物,,,,,,,1.62263688488597e-05,5.060390805840974e-06,3.377869788831794e-07,1.6081703232867796e-05,0.9999608093505642,1.4843995694379429e-06
00626.jpg,2,4,有漂浮物,4,有漂浮物,,,,,,,0.00047759998450111067,0.00011666002540498206,3.675099823242524e-05,0.017224237140668397,0.9820362183065274,0.00010853354466576319
00630.jpg,2,4,有漂浮物,4,有漂浮物,,,,,,,0.0009282630976659258,0.00013340883809109924,0.00020044259427133597,0.002925639759008222,0.9956556326298399,0.00015661308112343355
00631.jpg,2,4,有漂浮物,4,有漂浮物,,,,,,,3.163069710541341e-05,2.1241309996357172e-05,5.892629301948375e-06,0.0004567883456529284,0.9994791749691949,5.272048748495444e-06
00635.jpg,2,4,有漂浮物,4,有漂浮物,,,,,,,8.438388041549635e-05,2.569913542509116e-05,2.7032731034941655e-05,0.00033298254754447895,0.9995234265380567,6.47516752320964e-06
00637.jpg,2,4,有漂浮物,4,有漂浮物,,,,,,,0.000870160118571322,7.969939388842071e-05,0.00013309594500915278,0.0016796450886421635,0.997222732838691,1.4666615197878583e-05
00643.jpg,2,4,有漂浮物,4,有漂浮物,,,,,,,4.267968142909358e-05,0.00011242976592721014,3.1322058253589014e-05,0.0005710102735662049,0.9992126889603274,2.98692604964754e-05
00648.jpg,2,4,有漂浮物,4,有漂浮物,,,,,,,7.601469913006802e-06,7.192709423086317e-06,5.4199102348685154e-06,4.8541928973114445e-05,0.9999297652602335,1.4787212223465496e-06
00653.jpg,2,4,有漂浮物,4,有漂浮物,,,,,,,1.1287529554934273e-05,9.543101549159837e-06,1.27400247085096e-05,5.153471648764792e-05,0.9999134420210773,1.4526066223292645e-06
00657.jpg,2,4,有漂浮物,4,有漂浮物,,,,,,,7.804499886021554e-05,4.685520430808457e-05,4.973290551618596e-05,2.3273633425586575e-05,0.9994059084518281,0.00039618480606188163
00661.jpg,2,4,有漂浮物,4,有漂浮物,,,,,,,7.945087803655363e-05,0.00012491896482122664,9.37298766093855e-05,3.614363131388502e-05,0.9982559560274646,0.0014098006217540965
00665.jpg,2,4,有漂浮物,4,有漂浮物,,,,,,,2.1429633986580808e-05,6.312663237164354e-05,8.089523199221048e-05,8.098995790432853e-06,0.9994817404908227,0.0003447090150362039
00669.jpg,2,4,有漂浮物,4,有漂浮物,,,,,,,5.798966115999491e-05,4.226127489844478e-05,0.0001843874893120337,2.350712204620215e-05,0.9991466499860917,0.0005452044664917559
00675.jpg,2,4,有漂浮物,4,有漂浮物,,,,,,,2.7618632627363844e-05,1.9470145786974694e-05,0.0001247396687073012,1.5019773233295546e-05,0.9997996997358126,1.3452043832408666e-05
00680.jpg,2,4,有漂浮物,4,有漂浮物,,,,,,,4.022114225684603e-05,6.896921487277891e-05,0.0004786720851870631,3.594470195243001e-05,0.9992631686888425,0.00011302416688829324
00681.jpg,2,4,有漂浮物,4,有漂浮物,,,,,,,1.695523980081093e-05,4.3311290116512376e-05,0.00014988981084261473,5.496313390576302e-05,0.9997063082601347,2.8572265199604102e-05
00686.jpg,2,4,有漂浮物,4,有漂浮物,,,,,,,5.013532788312274e-05,0.00010295160365428617,1.6207202643594226e-05,0.00023371803606936787,0.9995733399996343,2.3647830115392487e-05
00690.jpg,2,4,有漂浮物,4,有漂浮物,,,,,,,6.81568033351487e-07,1.3327237504646956e-05,3.601605107087092e-06,6.633117139101985e-07,0.9999798382086756,1.8880689653017647e-06
00694.jpg,2,4,有漂浮物,4,有漂浮物,,,,,,,2.8736271235098005e-05,5.3206707142259616e-05,3.186642644117972e-05,2.5913445151459467e-05,0.9998497149640212,1.0562186008815782e-05
00697.jpg,2,4,有漂浮物,4,有漂浮物,,,,,,,1.951951559906186e-05,8.233945008889511e-06,7.45959933088811e-05,1.0912497475227648e-05,0.9998828993312873,3.838717320614254e-06
00699.jpg,2,4,有漂浮物,4,有漂浮物,,,,,,,0.000283694872829502,7.581938372584017e-05,0.00013807721556010838,0.0001786982027706311,0.9993186181228162,5.092202297707645e-06
00704.jpg,2,4,有漂浮物,4,有漂浮物,,,,,,,1.5298219239598377e-05,9.462664755002989e-06,1.8406669294579627e-05,2.7757923519577962e-05,0.9999255613215677,3.513201623595504e-06
00709.jpg,2,4,有漂浮物,4,有漂浮物,,,,,,,0.002588898669034541,0.0008362871860856741,0.002882281597873095,0.016122427740316927,0.9754417217623547,0.0021283830443351195
00713.jpg,2,4,有漂浮物,4,有漂浮物,,,,,,,9.602022922315188e-06,2.5969999547653432e-05,2.0886399697432415e-05,1.658447625026576e-05,0.9999005410666167,2.6416034965573723e-05
00717.jpg,2,4,有漂浮物,4,有漂浮物,,,,,,,1.0489548447526576e-05,6.168785281418247e-06,3.8363442171924765e-05,3.8979546597082636e-07,0.9999357620458182,8.826382815023433e-06
00721.jpg,2,4,有漂浮物,4,有漂浮物,,,,,,,2.5517707537191006e-05,4.270684468652974e-05,0.0008665653623622403,2.5191028262624903e-05,0.9989870630666586,5.295599049273621e-05
00725.jpg,2,4,有漂浮物,4,有漂浮物,,,,,,,1.3846796664350516e-05,7.790105281191959e-06,6.085471856894504e-05,4.979986906357174e-07,0.9999109000523435,6.110328451408831e-06
00729.jpg,2,4,有漂浮物,4,有漂浮物,,,,,,,1.3873404302340357e-07,8.508244532575558e-07,8.429723431136653e-07,4.020598170676378e-07,0.9999974112884403,3.541209030517713e-07
00733.jpg,2,4,有漂浮物,4,有漂浮物,,,,,,,4.1303782540923666e-07,3.767764914539303e-06,2.786094535464518e-06,5.868888099613522e-07,0.9999862592173315,6.186996583107969e-06
00738.jpg,2,4,有漂浮物,4,有漂浮物,,,,,,,1.4996678367475015e-08,1.4362752739753624e-06,6.696307717620121e-08,1.670633843462047e-07,0.9999974822958534,8.324057325830615e-07
00740.jpg,2,4,有漂浮物,4,有漂浮物,,,,,,,1.225313552930575e-06,3.1880225447676764e-06,7.999537056645589e-06,1.284708182160794e-06,0.9999817438540342,4.558564629526565e-06
00745.jpg,2,4,有漂浮物,4,有漂浮物,,,,,,,5.137626841471728e-07,7.617599203462773e-06,4.722493330833661e-06,4.640117522944348e-06,0.9999743376919852,8.16833527343435e-06
00749.jpg,2,4,有漂浮物,4,有漂浮物,,,,,,,1.0353685056542855e-05,1.843339696682447e-05,2.808416442442722e-05,0.00022048426689980858,0.9997009159753678,2.172851128465814e-05
00755.jpg,2,4,有漂浮物,4,有漂浮物,,,,,,,0.0012816592957130158,8.066663286765131e-05,0.0008904839260211166,0.00157606388358339,0.9961204396176369,5.068664417804243e-05
00759.jpg,2,4,有漂浮物,4,有漂浮物,,,,,,,9.301199355030688e-05,8.315525589178334e-06,6.120734173662868e-06,6.35886894560838e-07,0.9998846126892044,7.30317058795679e-06
00764.jpg,2,4,有漂浮物,4,有漂浮物,,,,,,,8.5939736421115e-05,3.175091978076755e-05,3.923291203715247e-05,7.811230039022824e-06,0.999591075957593,0.0002441892441289121
00768.jpg,2,4,有漂浮物,4,有漂浮物,,,,,,,8.228850393957978e-07,9.74265953114502e-07,1.6120296466545605e-06,2.8848063172917314e-07,0.9999942958870045,2.006451724582235e-06
00773.jpg,2,4,有漂浮物,4,有漂浮物,,,,,,,1.2579078808251148e-05,2.9754046598733085e-05,1.4779639309535758e-05,1.1166446739238e-06,0.9996223941408856,0.0003193764497240138
00777.jpg,2,4,有漂浮物,4,有漂浮物,,,,,,,4.4709498535068325e-05,6.244494699799603e-05,1.7799911223980894e-05,4.490223994717857e-05,0.9993908378620121,0.0004393055412838649
00782.jpg,2,4,有漂浮物,4,有漂浮物,,,,,,,0.0015525117839619899,0.00037672232365286906,0.0005652117336404414,0.005692326374556252,0.9916727751244448,0.00014045265974359683
00785.jpg,2,4,有漂浮物,4,有漂浮物,,,,,,,0.0010953351402423442,0.00039913955168966304,0.0005232602074181314,0.004956907879910712,0.9927736098957123,0.0002517473250268575
00787.jpg,2,4,有漂浮物,4,有漂浮物,,,,,,,2.151820064110563e-05,1.2029872832080083e-05,4.096396187674378e-06,0.0004779002357753562,0.9994825115471454,1.943747418318491e-06
00791.jpg,2,4,有漂浮物,4,有漂浮物,,,,,,,0.00011954774140595617,0.00010789071628938014,0.0005393255967479139,3.883221038818015e-05,0.9973126388928854,0.0018817648422832331
00795.jpg,2,4,有漂浮物,4,有漂浮物,,,,,,,1.3507820026596932e-05,7.180807408981917e-06,7.2688254851116065e-06,2.5011950924767055e-05,0.9999400175849725,7.013011182010205e-06
00800.jpg,2,4,有漂浮物,4,有漂浮物,,,,,,,1.4053407209380369e-05,2.6900298422273556e-05,1.9415738451189394e-05,0.00034586650996003645,0.9995597379642019,3.4026081755116256e-05
00806.jpg,2,4,有漂浮物,4,有漂浮物,,,,,,,2.0943959228190788e-06,3.5140442912343808e-06,2.3859113324385745e-06,1.527598036578102e-05,0.999972954867983,3.7748001047645123e-06
00810.jpg,2,4,有漂浮物,4,有漂浮物,,,,,,,1.5862412492289188e-05,2.002791643122954e-05,7.411141045594913e-06,0.00020962624426351493,0.9997311136804508,1.5958605316553496e-05
00813.jpg,2,4,有漂浮物,4,有漂浮物,,,,,,,1.729007784936256e-05,1.255577693083304e-05,7.3214174569535945e-06,5.127941799124676e-07,0.9999540746965052,8.245237077673997e-06
00815.jpg,2,4,有漂浮物,4,有漂浮物,,,,,,,2.0677477416371077e-06,4.713397636959863e-06,4.474556622077302e-06,3.5237915848805975e-05,0.9999465841573125,6.922224837885641e-06
00821.jpg,2,4,有漂浮物,4,有漂浮物,,,,,,,1.944204318242415e-05,4.098158399538223e-05,1.391434607972092e-05,9.062282361010938e-05,0.9998128827925901,2.2156410542486555e-05
00827.jpg,2,4,有漂浮物,4,有漂浮物,,,,,,,9.34870771104856e-06,1.4397124294693439e-05,3.1573145072999497e-06,6.061774474816595e-05,0.9999041761600325,8.302948706262308e-06
00834.jpg,2,4,有漂浮物,4,有漂浮物,,,,,,,2.3985198174621615e-05,2.61955368886052e-05,1.941033127659401e-05,5.1784840949150543e-05,0.9998621119050071,1.6512187704025385e-05
00838.jpg,2,4,有漂浮物,4,有漂浮物,,,,,,,3.916959813135933e-06,1.66965098874707e-05,3.9146684576961215e-06,1.8951252761746597e-05,0.9999510563775015,5.464231578360422e-06
00841.jpg,2,4,有漂浮物,4,有漂浮物,,,,,,,8.071807854057618e-05,4.545361446467663e-05,0.00012835094203737403,0.0003702121322966537,0.9993620569661247,1.3208266536047795e-05
00843.jpg,2,4,有漂浮物,4,有漂浮物,,,,,,,0.00012184213927655068,4.144274416844702e-05,0.00010714783283168125,0.0004009337606291106,0.9993172303706287,1.1403152465453364e-05
00848.jpg,2,4,有漂浮物,4,有漂浮物,,,,,,,8.87328215339942e-06,1.3337806507335968e-05,3.280114380387094e-05,2.7999759536265558e-05,0.9999131289209241,3.859087075002101e-06
00853.jpg,2,4,有漂浮物,4,有漂浮物,,,,,,,1.0819195360462309e-05,6.490573002811107e-05,4.415729099510612e-06,0.0002342224105840684,0.9996655206849816,2.0116249946232228e-05
00858.jpg,2,4,有漂浮物,4,有漂浮物,,,,,,,9.653824753870905e-06,1.9428102218902306e-05,4.106320400787814e-06,3.3505635771062083e-05,0.9999149517537699,1.8354363085373224e-05
00862.jpg,2,4,有漂浮物,4,有漂浮物,,,,,,,4.8302296513946445e-05,6.27967000887792e-05,9.830872644992666e-06,0.0001617986993686959,0.9996816212846865,3.565014669709505e-05
00863.jpg,2,4,有漂浮物,4,有漂浮物,,,,,,,3.4057348909821183e-05,5.562043948422083e-05,1.0518923174827287e-05,0.00022499675080841494,0.9996364287522251,3.837778539752755e-05
00867.jpg,2,4,有漂浮物,4,有漂浮物,,,,,,,1.2340323822139205e-05,2.2304129636487382e-05,7.280622342977801e-06,3.001033446735574e-05,0.9999173744022877,1.0690187443502847e-05
00871.jpg,2,4,有漂浮物,4,有漂浮物,,,,,,,5.288836481981142e-06,1.4803537939755084e-05,3.767790427751001e-06,2.0448280661051296e-05,0.9999451005538506,1.0591000639035858e-05
00876.jpg,2,4,有漂浮物,4,有漂浮物,,,,,,,0.00010081589911656176,0.00011986079215640996,5.178487387393182e-05,0.0002413035982249331,0.9993933430339239,9.28918027043246e-05
00882.jpg,2,4,有漂浮物,4,有漂浮物,,,,,,,5.663846045347861e-06,1.4495080922101559e-05,1.2809231474686738e-05,1.6656496729147518e-05,0.9999421164212856,8.258923543143131e-06
00886.jpg,2,4,有漂浮物,4,有漂浮物,,,,,,,4.5063239677175085e-05,1.9064139062578265e-05,7.342806586131544e-05,1.3570445336664705e-05,0.9998402777897654,8.59632029685777e-06
00892.jpg,2,4,有漂浮物,4,有漂浮物,,,,,,,0.00013959105801552964,4.2991827125503155e-05,0.00013023884642839308,1.4048727700027407e-05,0.999659887276122,1.3242264608529288e-05
00893.jpg,2,4,有漂浮物,4,有漂浮物,,,,,,,4.8777464992744725e-05,2.7306030120491278e-05,0.00010330667446800752,1.2334935028934065e-05,0.9998022929533291,5.981942060707661e-06
00894.jpg,2,4,有漂浮物,4,有漂浮物,,,,,,,2.4018498638428023e-05,6.2809179670472085e-06,1.0941766643778973e-05,2.740863365606391e-06,0.9999549164032997,1.1015500853818434e-06
00895.jpg,2,4,有漂浮物,4,有漂浮物,,,,,,,0.0001827133321552424,3.2441628370946066e-05,9.696213715697177e-05,1.6641556588817037e-05,0.9996609294324835,1.0311913244647011e-05
00899.jpg,2,4,有漂浮物,4,有漂浮物,,,,,,,5.474857032862668e-07,1.8447674729984003e-06,2.275152193259752e-06,2.4617196173371535e-07,0.9999941518403134,9.345823552599645e-07
00903.jpg,2,4,有漂浮物,4,有漂浮物,,,,,,,9.919579801803056e-06,1.2012748859541754e-05,5.0332698052799e-06,9.727343511582713e-06,0.9999531407189833,1.0166339038482736e-05
00909.jpg,2,4,有漂浮物,4,有漂浮物,,,,,,,0.00010510655056439718,3.774704968281015e-05,1.529078388292703e-05,0.00017351397784972955,0.9996475825891135,2.0759048906856096e-05
00913.jpg,2,4,有漂浮物,4,有漂浮物,,,,,,,4.892018262637099e-06,1.8105466012461727e-05,3.2645509719376114e-06,2.026015604225267e-06,0.9999647015077209,7.0104414277700074e-06
00917.jpg,2,4,有漂浮物,4,有漂浮物,,,,,,,6.529265931842472e-07,1.27741946534025e-06,3.653119579434584e-07,1.9144490750380258e-07,0.9999970557949329,4.5710214305515103e-07
00921.jpg,2,4,有漂浮物,4,有漂浮物,,,,,,,0.00030573377889130696,0.0001401823124182883,0.001413774665801959,0.00023859114971040504,0.9978731919972351,2.8526095942734773e-05
00925.jpg,2,4,有漂浮物,4,有漂浮物,,,,,,,6.462253301112344e-05,4.6417594304269404e-05,1.6757714364027512e-05,8.15124759128511e-05,0.9997802764427406,1.0413239667246978e-05
00927.jpg,2,4,有漂浮物,4,有漂浮物,,,,,,,0.00010670880997523267,3.757396952565888e-05,1.7377963207573983e-05,0.00015347717914049325,0.9996744874773233,1.037460082755979e-05
00928.jpg,2,4,有漂浮物,4,有漂浮物,,,,,,,7.034593807908972e-06,9.495867403775554e-06,4.099736792292839e-06,9.82168860768886e-06,0.9999672359532836,2.3121601048117754e-06
00929.jpg,2,4,有漂浮物,4,有漂浮物,,,,,,,3.61769994306775e-05,2.5846514449607252e-05,6.3178210856179605e-06,0.00013796610243220652,0.9997886520612561,5.040501345587255e-06
00932.jpg,2,4,有漂浮物,4,有漂浮物,,,,,,,2.247873071051724e-05,5.797331311405976e-05,2.0200455719335017e-05,7.095613048541103e-05,0.9998162390698562,1.2152300114551762e-05
00937.jpg,2,4,有漂浮物,4,有漂浮物,,,,,,,4.4232881125875495e-05,4.485638441651983e-05,4.605308665691704e-05,5.360595571651597e-05,0.9997962002249909,1.5051467093272535e-05
00941.jpg,2,4,有漂浮物,4,有漂浮物,,,,,,,9.591538371432924e-07,2.9594724265699756e-06,2.565746347170454e-06,4.535630824584255e-06,0.9999878816194274,1.0983771371171109e-06
00946.jpg,2,4,有漂浮物,4,有漂浮物,,,,,,,5.747062829001861e-06,1.5796258865573236e-05,1.8603282626914762e-05,5.8552491051053306e-05,0.9998873471716069,1.3953733020547891e-05
00948.jpg,2,4,有漂浮物,4,有漂浮物,,,,,,,9.101118437813312e-07,4.235536746170941e-06,9.906587713434138e-07,1.0203685081914125e-05,0.9999757046996168,7.955307939935464e-06
00952.jpg,2,4,有漂浮物,4,有漂浮物,,,,,,,1.6285565019437095e-05,4.3072302450102564e-05,2.5102274859171198e-05,9.751043908041747e-05,0.9997994242817299,1.860513686109368e-05
00957.jpg,2,4,有漂浮物,4,有漂浮物,,,,,,,3.81068476985302e-05,7.030357229136262e-05,5.927709849735968e-05,0.0010604298593392231,0.9987551221872337,1.676043493977938e-05
00961.jpg,2,4,有漂浮物,4,有漂浮物,,,,,,,0.00031493581081239863,0.00033258299261215235,0.0004799042140952104,0.00025158863673743596,0.9985657068737013,5.528147204158349e-05
00962.jpg,2,4,有漂浮物,4,有漂浮物,,,,,,,5.674156536128393e-05,6.398631375004998e-05,0.000154785820559549,0.0001709916131374138,0.9995406985145856,1.2796172606141654e-05
00967.jpg,2,4,有漂浮物,4,有漂浮物,,,,,,,1.6959319379190085e-05,3.542681038198429e-05,7.340282282037129e-05,0.00011972048298438881,0.9997489575854499,5.532978984224226e-06
00972.jpg,2,4,有漂浮物,4,有漂浮物,,,,,,,2.894222227009126e-06,1.3728681620271876e-05,2.5130250878618103e-05,2.0671279491236838e-05,0.9999343708211813,3.2047446016280075e-06
00976.jpg,2,4,有漂浮物,4,有漂浮物,,,,,,,5.365389027496309e-07,2.672358982970429e-06,1.9589520907810074e-07,1.1270716171754421e-07,0.999995533913058,9.48586685473611e-07
00977.jpg,2,4,有漂浮物,4,有漂浮物,,,,,,,1.8391574165790264e-06,1.1784930719092808e-05,4.159161641536452e-06,7.885896613380497e-06,0.9999698500890731,4.480764536182693e-06
00980.jpg,2,4,有漂浮物,4,有漂浮物,,,,,,,1.2925464680526253e-05,2.7613897454935516e-05,1.2521344421564874e-05,2.2462635416851838e-06,0.9999264384543802,1.82545755211318e-05
00983.jpg,2,4,有漂浮物,4,有漂浮物,,,,,,,8.441361795888004e-05,7.03276652162777e-06,1.4157538297373785e-05,3.5891594815465427e-06,0.9998862057663953,4.601151345099711e-06
00989.jpg,2,4,有漂浮物,4,有漂浮物,,,,,,,5.00378473863057e-06,2.8249175971456065e-05,2.0797092590041734e-05,6.252228310075479e-05,0.9998705556486206,1.287201497853756e-05
00992.jpg,2,4,有漂浮物,4,有漂浮物,,,,,,,9.57311589701684e-07,3.7878467020920904e-05,4.084247113421831e-06,2.4468305380792936e-05,0.9999217331470627,1.0878521832654367e-05
00996.jpg,2,4,有漂浮物,4,有漂浮物,,,,,,,2.0614299898110803e-07,4.225720179069701e-06,3.800252797027597e-07,1.8365233457195149e-06,0.9999908789825502,2.472605646120507e-06
01003.jpg,2,4,有漂浮物,4,有漂浮物,,,,,,,6.048391959967725e-07,1.6013787213210956e-05,2.7529665406562205e-06,2.888841748663454e-05,0.999950308135329,1.4318542346560848e-06
01008.jpg,2,4,有漂浮物,4,有漂浮物,,,,,,,1.2125987627982398e-06,2.8869800831841238e-05,4.53850542666135e-06,1.2395386854597958e-05,0.9999447285764423,8.255131681709414e-06
01010.jpg,2,4,有漂浮物,4,有漂浮物,,,,,,,1.2623739870884974e-05,7.502398076300327e-05,3.314742123262551e-05,0.0002170841955047978,0.9996433275262092,1.879313641936669e-05
01013.jpg,2,4,有漂浮物,4,有漂浮物,,,,,,,3.375505532328958e-07,9.616299573222556e-06,8.847199227301729e-07,1.1142790274139805e-06,0.9999830419662774,5.005184645972567e-06
01017.jpg,2,4,有漂浮物,4,有漂浮物,,,,,,,4.033896374442106e-07,5.225169713195247e-06,3.753114202762698e-07,5.182155627308326e-07,0.999992544461266,9.334524004620907e-07
01022.jpg,2,4,有漂浮物,4,有漂浮物,,,,,,,9.741900511051165e-06,5.6063550776638254e-05,1.7444827062077188e-05,4.1738005920035525e-05,0.9998550468061865,1.9964909543571353e-05
01027.jpg,2,4,有漂浮物,4,有漂浮物,,,,,,,1.197896454460382e-07,1.6769320955226058e-06,1.2284858342557224e-07,1.1994013365135442e-07,0.9999972871233329,6.733662090641609e-07
01031.jpg,2,4,有漂浮物,4,有漂浮物,,,,,,,3.2487969428345602e-06,2.4179736734014114e-05,5.9308113945972045e-06,5.151329724854749e-05,0.9999064199390952,8.707418584836353e-06
01035.jpg,2,4,有漂浮物,4,有漂浮物,,,,,,,1.566025577621065e-06,1.454286698781993e-05,1.5606483106225557e-06,6.4084219957303e-05,0.9999153240030889,2.9222360775382548e-06
01040.jpg,2,4,有漂浮物,4,有漂浮物,,,,,,,1.1987851739802063e-05,6.955188680058064e-05,2.4265056828143562e-05,0.0004058300980280323,0.9994593349329861,2.9030173617289075e-05
01044.jpg,2,4,有漂浮物,4,有漂浮物,,,,,,,3.1551616792033547e-06,8.45416638619139e-05,7.891358701061963e-06,6.302255850380766e-05,0.9998179649285531,2.3424328700877668e-05
01048.jpg,2,4,有漂浮物,4,有漂浮物,,,,,,,2.0586670829744764e-07,2.2734615919826565e-06,2.4252273584311087e-07,3.436795452024273e-07,0.9999960356736498,8.987957689624952e-07
01054.jpg,2,4,有漂浮物,4,有漂浮物,,,,,,,1.7967021422352511e-07,4.633215697319493e-06,1.1719699383554493e-06,1.3332075459563457e-06,0.9999880048955518,4.677041052154662e-06
01058.jpg,2,4,有漂浮物,4,有漂浮物,,,,,,,1.4578535510722256e-05,2.6061015650660723e-05,1.6776414394690342e-05,0.00033776982790425516,0.9995937542797316,1.105992680798339e-05
01061.jpg,2,4,有漂浮物,4,有漂浮物,,,,,,,8.054380357481267e-07,6.06801346242136e-06,5.006307205924469e-06,3.237511687898975e-05,0.999951455389592,4.289734824953636e-06
01063.jpg,2,4,有漂浮物,4,有漂浮物,,,,,,,7.050908384843552e-07,5.380997171352378e-06,7.502106772087055e-07,8.21671301852971e-06,0.9999814750000786,3.471988215630392e-06
01067.jpg,2,4,有漂浮物,4,有漂浮物,,,,,,,7.285560904626502e-07,7.587595506165773e-06,2.752675328512128e-06,6.189246263770753e-05,0.9999130277944605,1.4010915976810102e-05
01071.jpg,2,4,有漂浮物,4,有漂浮物,,,,,,,4.362146612804615e-05,1.6624880664300296e-05,2.179463379831472e-05,3.105639459566074e-06,0.9998517732706218,6.308010932797117e-05
01076.jpg,2,4,有漂浮物,4,有漂浮物,,,,,,,3.103710265045581e-05,1.3117345274200293e-05,8.396681239261656e-06,5.69766779373839e-06,0.9999235102675681,1.8240935474156338e-05
01077.jpg,2,4,有漂浮物,4,有漂浮物,,,,,,,5.6399095680905676e-05,9.379197202447905e-06,4.6520239729179455e-05,2.8625897302443675e-06,0.9997682370863381,0.00011660179131915364
01081.jpg,2,4,有漂浮物,4,有漂浮物,,,,,,,2.7052796983610127e-05,3.67121640320394e-05,2.040558789024755e-05,8.05600271224935e-06,0.9998387562618227,6.90171865592058e-05
01087.jpg,2,4,有漂浮物,4,有漂浮物,,,,,,,2.6428993855585017e-05,1.6988791163488666e-05,0.0011310975781923043,2.917571016938235e-05,0.9987943903114596,1.918615159514929e-06
01088.jpg,2,4,有漂浮物,4,有漂浮物,,,,,,,9.603093616088629e-05,3.252637438561708e-05,0.001823708098094405,8.071505371721477e-05,0.9979637214726443,3.2980649976121785e-06
01093.jpg,2,4,有漂浮物,4,有漂浮物,,,,,,,0.0002560939825799086,8.173890537706041e-05,0.00020321992688527747,2.3700783216614136e-05,0.9989571942443276,0.00047805215761345345
01097.jpg,2,4,有漂浮物,4,有漂浮物,,,,,,,7.249500644493176e-06,2.0515559931213546e-05,0.0007266120466179602,3.1175274811900536e-05,0.9992007003921652,1.3747225829192837e-05
01098.jpg,2,4,有漂浮物,4,有漂浮物,,,,,,,3.2202831981224265e-05,3.634826235453088e-05,0.00014399560764832072,1.1210086852720199e-05,0.999761459340477,1.47838706863921e-05
01104.jpg,2,4,有漂浮物,4,有漂浮物,,,,,,,6.2088563968163955e-06,4.459373018702067e-05,0.00011553032907928463,3.1950522236907064e-06,0.9998214306140836,9.041418029760398e-06
01109.jpg,2,4,有漂浮物,4,有漂浮物,,,,,,,0.00013578689836003937,4.5157877054707e-05,0.0014640925460324566,6.872817583916408e-05,0.9982737406227465,1.2493879967089791e-05
01110.jpg,2,4,有漂浮物,4,有漂浮物,,,,,,,1.3343978144693586e-05,1.925714841394706e-05,0.0005637057626783643,1.3475304579295664e-05,0.9993845095262571,5.708279926583276e-06
01112.jpg,2,4,有漂浮物,4,有漂浮物,,,,,,,1.1522843425229984e-05,7.035145857509864e-06,9.935011693197828e-05,6.933006536954011e-06,0.9998728032493147,2.3556379337135954e-06
01116.jpg,2,4,有漂浮物,4,有漂浮物,,,,,,,8.101867059710482e-06,1.633856583239161e-05,0.0003360876038215669,4.739231882951145e-06,0.9996316401651499,3.0925662534565005e-06
01120.jpg,2,4,有漂浮物,4,有漂浮物,,,,,,,8.38193079004953e-05,6.456126415259488e-05,0.00019398247458809158,0.00023792273805229607,0.9994038318987516,1.5882316554792668e-05
01123.jpg,2,4,有漂浮物,4,有漂浮物,,,,,,,1.3024209233158224e-05,4.632253990189976e-05,8.211853674721565e-05,3.0287425328071492e-05,0.9998137635092852,1.448377950449381e-05
01128.jpg,2,4,有漂浮物,4,有漂浮物,,,,,,,1.9722980328686073e-05,0.00010822402622272303,5.791546950640666e-05,4.00874372436987e-05,0.9997497513688353,2.429871786339622e-05
01134.jpg,2,4,有漂浮物,4,有漂浮物,,,,,,,6.908932522178162e-05,3.741161910652465e-05,0.000661582250636187,4.175538904573099e-05,0.9991795987449477,1.0562671042030993e-05
01138.jpg,2,4,有漂浮物,4,有漂浮物,,,,,,,6.248147889722891e-05,1.9214252211087108e-05,0.0005044280357849342,4.6206528788811374e-05,0.9993620377368284,5.63196748971645e-06
01139.jpg,2,4,有漂浮物,4,有漂浮物,,,,,,,7.524018097651844e-05,2.2824369440489377e-05,0.000624446694289611,4.773519192334011e-05,0.9992247608211062,4.992742263841652e-06
01143.jpg,2,4,有漂浮物,4,有漂浮物,,,,,,,0.00035194904373355795,6.557602625610002e-05,0.000609503236301933,0.00011258588621114113,0.9988221350266033,3.825078089403949e-05
01150.jpg,2,4,有漂浮物,4,有漂浮物,,,,,,,7.3222591311660916e-06,1.4175596356962528e-05,8.332148983013108e-06,2.903588830402599e-06,0.9997619131159969,0.00020535329070151467
01155.jpg,2,4,有漂浮物,4,有漂浮物,,,,,,,1.3732407591537812e-05,5.5581237629694766e-05,2.2387395270671616e-05,6.613404793688561e-06,0.9990760777638783,0.0008256077908360009
01160.jpg,2,4,有漂浮物,4,有漂浮物,,,,,,,7.822106246656052e-06,3.149822328694467e-05,1.5440456918440615e-05,1.0150638687468814e-05,0.9996391495557934,0.00029593901906722344
01165.jpg,2,4,有漂浮物,4,有漂浮物,,,,,,,8.952325824971479e-05,0.00016360857846696382,0.00028367448925879936,3.773984408844992e-05,0.9972545092082514,0.0021709446216848175
01169.jpg,2,4,有漂浮物,4,有漂浮物,,,,,,,2.0469693815928827e-06,9.29228367669771e-06,3.407101973010466e-06,5.603784833184067e-07,0.9999244014331249,6.029183336046673e-05
01173.jpg,2,4,有漂浮物,4,有漂浮物,,,,,,,2.6992483275285884e-06,1.3321325555705158e-05,1.1137147987914587e-05,2.102736922450362e-06,0.9999189884279596,5.175111324681993e-05
01178.jpg,2,4,有漂浮物,4,有漂浮物,,,,,,,1.002288198376549e-05,2.0334408597732165e-05,4.616275150504597e-06,7.922098613772401e-07,0.9999388570324986,2.5377191908094536e-05
01183.jpg,2,4,有漂浮物,4,有漂浮物,,,,,,,2.5114641859279808e-05,5.966184997343482e-06,1.0117917062779087e-06,8.115880944864568e-06,0.9999567657917183,3.025708773904414e-06
01187.jpg,2,4,有漂浮物,4,有漂浮物,,,,,,,9.84129023068429e-06,4.431670405582419e-06,1.2202763993752404e-07,3.03969346980068e-07,0.9999824372242175,2.863818159322111e-06
01191.jpg,2,4,有漂浮物,4,有漂浮物,,,,,,,8.898425676901378e-05,4.054192817574804e-05,1.2560361135648162e-05,5.6115034612574744e-06,0.999830859942929,2.14420075294371e-05
01195.jpg,2,4,有漂浮物,4,有漂浮物,,,,,,,1.2951090290954164e-05,5.817455973156664e-06,1.829651619367387e-07,2.855429284561049e-06,0.9999765885750697,1.6044842196971417e-06
01201.jpg,2,4,有漂浮物,4,有漂浮物,,,,,,,3.1974258796262173e-05,3.013096496939901e-05,1.5606826434587886e-06,7.759953801166957e-07,0.9999316245434356,3.933554775014759e-06
01205.jpg,2,4,有漂浮物,4,有漂浮物,,,,,,,5.882033971883618e-06,8.132908293388404e-06,3.67786604671615e-07,4.401292714360243e-07,0.999980115334662,5.061807196487081e-06
01209.jpg,2,4,有漂浮物,4,有漂浮物,,,,,,,2.103341797847806e-06,6.46973288584993e-06,1.966649689975041e-07,0.0003140503947088768,0.9996738463343736,3.3335312647980785e-06
01210.jpg,2,4,有漂浮物,4,有漂浮物,,,,,,,4.20451640160317e-06,4.643936143120505e-06,3.06049430652797e-07,0.0005597500810701052,0.9994290994199313,1.995997023044538e-06
01211.jpg,2,4,有漂浮物,4,有漂浮物,,,,,,,2.0740421388708583e-05,1.0366385053317765e-05,1.954348054328296e-06,0.0006594815981807791,0.9993011362496474,6.320997675414514e-06
01215.jpg,2,4,有漂浮物,4,有漂浮物,,,,,,,4.3126939192192625e-05,2.71689315403149e-05,5.0512101549315066e-05,6.523273725258526e-05,0.9997994464454113,1.4512845054177146e-05
01216.jpg,2,4,有漂浮物,4,有漂浮物,,,,,,,1.851773591671235e-05,2.752836451856554e-05,2.832935057971432e-05,0.00010021276331990035,0.9998045926654895,2.081912017575273e-05
01219.jpg,2,4,有漂浮物,4,有漂浮物,,,,,,,3.599519941709865e-05,0.00010230675150708225,3.6379759850719107e-06,8.08893600462824e-05,0.9996948418824495,8.23288305948751e-05
01223.jpg,2,4,有漂浮物,4,有漂浮物,,,,,,,0.0006263967084105868,9.807510959938528e-05,0.0007974408618783629,0.00012816568838398967,0.9982604096710417,8.951196068600293e-05
01230.jpg,2,4,有漂浮物,4,有漂浮物,,,,,,,0.0003467243367731394,0.00013040182007530206,0.0006685492043069019,8.95309347354866e-05,0.9985405183062434,0.00022427539786596434
01235.jpg,2,4,有漂浮物,4,有漂浮物,,,,,,,0.00010564902604525964,4.379319542077182e-05,0.0008272485782129693,8.738107539942304e-05,0.9989078275389315,2.8100585990062076e-05
01241.jpg,2,4,有漂浮物,4,有漂浮物,,,,,,,0.0008635151351637319,0.0001088199444635812,0.0023955874797658575,0.00019857465530357288,0.9963487494476265,8.475333767678965e-05
02044.jpg,2,3,乱占,4,有漂浮物,,,,,,,0.002422628960286706,0.046040580543408455,0.00020379304380617515,0.4196690209208127,0.5307376239669692,0.0009263525647167283
02045.jpg,2,3,乱占,3,乱占,,,,,,,0.027527871171346863,0.0009359017828960876,0.041781827762351904,0.8944386785311543,0.03514642687155891,0.00016929388069170998
02047.jpg,2,3,乱占,3,乱占,,,,,,,0.0031718980233714383,2.6392101589317658e-05,0.00011822219028330888,0.9963628429656946,0.00030372462239044946,1.6920096671089384e-05
02050.jpg,2,3,乱占,3,乱占,,,,,,,0.00032640696045275,7.897726893378715e-05,0.0009883192462515665,0.9980763087200957,0.0005148794904403053,1.5108313826089874e-05
02057.jpg,2,0,乱采,0,乱采,,,,,,,0.9944220402817603,0.00017767798418035196,0.002972010206136984,0.0020743422546533473,0.000333622592399285,2.0306680869724623e-05
02061.jpg,2,2,乱堆,2,乱堆,,,,,,,0.016466672981818704,0.0007400307591924959,0.8790505058930544,0.0004457305932320346,0.10314302055232485,0.00015403922037762218
02065.jpg,2,0,乱采,0,乱采,,,,,,,0.9707879628231894,0.00024868468219767367,0.000747941931739353,0.022229749151154384,0.005954943231738543,3.071817998078899e-05
02069.jpg,2,0,乱采,0,乱采,,,,,,,0.9496749159560026,0.00010313741658885484,0.0001632365259421605,0.049923757129336256,0.00013009745218884144,4.8555199412700745e-06
02073.jpg,2,3,乱占,3,乱占,,,,,,,0.01746160062043741,0.01595140471459625,0.01784928825210681,0.9077865571439712,0.026533301916272616,0.014417847352616042
02077.jpg,2,3,乱占,3,乱占,,,,,,,0.00023385425720614817,0.0005243816051741092,0.00037169475324702025,0.8502946364227391,0.14837096702894542,0.0002044659326882114
02081.jpg,2,3,乱占,3,乱占,,,,,,,0.000353598240350073,0.0003351247561880403,0.0004101867418566978,0.9963893441372247,0.0024620146471253427,4.9731477255249896e-05
02083.jpg,2,3,乱占,3,乱占,,,,,,,0.0005404931660039585,0.0008992466998083959,0.004452921580799341,0.9919902893698128,0.002050475337417528,6.657384615816751e-05
02088.jpg,2,3,乱占,3,乱占,,,,,,,0.0024249548921275285,0.010599782885821219,0.002042962880896985,0.8722920677198142,0.10806707330902543,0.004573158312314645
02092.jpg,2,0,乱采,0,乱采,,,,,,,0.9610567523169787,0.0005490050513083542,0.01177911947155281,0.02323438692215797,0.0032824221832107375,9.831405479141027e-05
02096.jpg,2,0,乱采,0,乱采,,,,,,,0.9945637585820393,1.0614920307835135e-05,0.0002973959539942105,0.004849131657417217,0.0002482278502933457,3.087103594808559e-05
02102.jpg,2,2,乱堆,2,乱堆,,,,,,,0.00015078379305088303,0.00012849390945815367,0.9968423131800971,0.0004923802413673889,0.0023279284052869784,5.810047073957936e-05
02106.jpg,2,2,乱堆,2,乱堆,,,,,,,0.0025813456834531453,0.00016943871769088662,0.9958272372238588,0.0003786590292430644,0.0009718717096743233,7.144763607998114e-05
02111.jpg,2,5,正常,2,乱堆,,,,,,,0.0066827202909099746,0.00036311826530060495,0.9527779940337964,0.03020830555071899,0.009395506064896971,0.0005723557943770108
02112.jpg,2,3,乱占,3,乱占,,,,,,,0.0008335982869229499,0.00012215125912006119,0.0001706701471352624,0.9974733491553949,0.001390446849163882,9.784302263017834e-06
02116.jpg,2,3,乱占,3,乱占,,,,,,,0.0011340537112774559,5.444272292713686e-05,0.0002667683064231929,0.9978194909882477,0.0007098522457402273,1.5392025384302005e-05
02121.jpg,2,3,乱占,3,乱占,,,,,,,0.00034262070782237284,1.5896781141047775e-05,2.721681127983414e-05,0.9994067617532435,0.00020186941534226544,5.6345311708090005e-06
02125.jpg,2,0,乱采,0,乱采,,,,,,,0.9962447745022269,5.40013333929897e-05,0.0012674159296889357,6.118809700539227e-06,0.0023655373809797773,6.215204401100724e-05
02131.jpg,2,3,乱占,3,乱占,,,,,,,9.983398434800128e-06,1.8707894462792166e-05,2.7038904373882846e-06,0.9998852343383681,5.9149489173694416e-05,2.4220989123509242e-05
02136.jpg,2,3,乱占,3,乱占,,,,,,,0.00012273052439610937,0.003810525008387496,0.0003716301728349255,0.9148579821168298,0.0798031477829784,0.0010339843945733754
02140.jpg,2,2,乱堆,2,乱堆,,,,,,,0.000524083520079204,8.105693474812793e-05,0.9641669094487134,2.2606438741944683e-06,0.03509881598982137,0.00012687346276387835
02144.jpg,2,3,乱占,3,乱占,,,,,,,0.00025469470151576374,0.00012644321474637737,0.0003128189192402522,0.9966969907081638,0.0025597037984569017,4.934865787700355e-05
02148.jpg,2,3,乱占,3,乱占,,,,,,,0.0002453880173586712,6.203702580908984e-05,0.00020312578469749434,0.9977884579534931,0.0016778600025580252,2.3131216083650396e-05
02487.jpg,2,1,乱建,4,有漂浮物,,,,,,,0.0016765354257888153,0.0020020590991755554,9.248427192350772e-05,0.004565690374251627,0.9911796073482947,0.00048362348056574516
02488.jpg,2,1,乱建,4,有漂浮物,,,,,,,6.891450275967116e-05,0.009386563684067144,0.00022084255004014511,0.00030153671796456295,0.9898735462374368,0.00014859630773164802
00005.jpg,3,4,有漂浮物,4,有漂浮物,,,,,,,3.1738921418753634e-07,1.5225196921889573e-06,2.601279258381217e-06,9.34570242995638e-07,0.9999794996622746,1.5124579317660752e-05
00010.jpg,3,4,有漂浮物,4,有漂浮物,,,,,,,1.4771949675229212e-06,9.62075319439428e-06,2.8511639950670333e-07,4.5348638084201846e-08,0.9999841321218704,4.439464930241176e-06
00013.jpg,3,4,有漂浮物,4,有漂浮物,,,,,,,1.5524143810690832e-07,2.4076276128797755e-07,5.220144260929676e-08,2.44055909233e-08,0.999999344481133,1.8290763390788952e-07
00016.jpg,3,4,有漂浮物,4,有漂浮物,,,,,,,1.4544227170327264e-05,6.070133143875528e-05,6.418678510779667e-06,8.928419835377115e-07,0.9998995423444488,1.790057644767794e-05
00020.jpg,3,4,有漂浮物,4,有漂浮物,,,,,,,0.002292153556852269,0.002112750830011543,0.011438578661346295,0.017728752297247134,0.9661290341548803,0.00029873049966247435
00024.jpg,3,4,有漂浮物,4,有漂浮物,,,,,,,1.841706398270396e-06,5.522744955295954e-06,1.221218106651614e-05,1.3669234543127194e-06,0.9994383208027756,0.0005407356413500203
00029.jpg,3,4,有漂浮物,4,有漂浮物,,,,,,,5.195299721395002e-05,7.045953919575576e-05,1.4757367517925872e-05,8.503655018572024e-05,0.9995832770057536,0.000194516540132948
00030.jpg,3,4,有漂浮物,4,有漂浮物,,,,,,,3.861285888381527e-05,0.0016881276960147137,0.00018694307416518397,0.0006281829758515988,0.9794130793000557,0.018045054095029135
00034.jpg,3,4,有漂浮物,4,有漂浮物,,,,,,,1.4072584102118622e-06,1.8270678177962186e-05,1.1147545427354575e-06,6.864686702971353e-07,0.9999736847876489,4.836052550042137e-06
00038.jpg,3,4,有漂浮物,4,有漂浮物,,,,,,,7.087449563783686e-05,0.0004871084270623828,3.392362862610293e-05,0.00022937228170012927,0.9979715167886132,0.001207204378360422
00042.jpg,3,4,有漂浮物,4,有漂浮物,,,,,,,3.0837729616377744e-06,4.1044785282216005e-05,2.0890402969917056e-05,1.4108029602685377e-05,0.9996849338020899,0.00023593920709365988
00047.jpg,3,4,有漂浮物,4,有漂浮物,,,,,,,0.00010511401184818065,2.8579250374228246e-05,2.136638863189638e-05,9.750493436539234e-06,0.9997753742722131,5.981558349591273e-05
00051.jpg,3,4,有漂浮物,4,有漂浮物,,,,,,,5.179861134182402e-06,3.930478934579559e-06,1.835030620068593e-07,2.5764023342889617e-08,0.999976275548656,1.44048441897452e-05
00055.jpg,3,4,有漂浮物,4,有漂浮物,,,,,,,7.158654438102381e-05,1.722149606380901e-05,6.061890816808131e-05,9.325569690101358e-08,0.999785223038407,6.525675728325021e-05
00059.jpg,3,4,有漂浮物,4,有漂浮物,,,,,,,7.250107953581008e-07,2.7337414189665495e-05,4.119820002633448e-06,1.8090470650605877e-08,0.99996700690532,7.927592215757652e-07
00060.jpg,3,4,有漂浮物,4,有漂浮物,,,,,,,4.98660321885752e-07,6.038453709912202e-07,1.5426664368281503e-06,1.8841813337031472e-08,0.9999789556315019,1.838035455492706e-05
00065.jpg,3,4,有漂浮物,4,有漂浮物,,,,,,,2.4081280987351356e-05,9.471171812945523e-06,1.5362955930106237e-06,1.9407254151658197e-06,0.9999403691578673,2.260136832409434e-05
00070.jpg,3,4,有漂浮物,4,有漂浮物,,,,,,,9.685851218618933e-06,3.737599638421321e-05,3.477632367234934e-05,4.597204249994763e-06,0.9804219038811834,0.01949166074329123
00076.jpg,3,4,有漂浮物,4,有漂浮物,,,,,,,1.515098950366647e-07,2.1086529644442233e-06,1.7254585222230343e-07,5.33596937286748e-07,0.9999267433050024,7.029038934866393e-05
00080.jpg,3,4,有漂浮物,4,有漂浮物,,,,,,,1.3255224111363686e-05,4.9689355731563955e-05,4.941386702326159e-05,4.716738278287853e-05,0.9992937767820355,0.0005466973883154828
00085.jpg,3,4,有漂浮物,4,有漂浮物,,,,,,,0.0009665110327196602,0.0024573593913423124,0.002168530347587783,0.0009427540667064497,0.9862929029435621,0.007171942218081775
00089.jpg,3,4,有漂浮物,4,有漂浮物,,,,,,,1.4123158124158304e-05,9.64467016008195e-06,7.778155738365023e-06,1.862116378189322e-07,0.9998016502260605,0.00016661757827905098
00093.jpg,3,4,有漂浮物,4,有漂浮物,,,,,,,2.698511732528899e-05,1.8419713511833717e-05,8.221883514929929e-05,2.9340309528030923e-05,0.9966835853482868,0.003159450676198662
00099.jpg,3,4,有漂浮物,4,有漂浮物,,,,,,,1.2901041205310205e-06,2.6667001941877995e-05,9.077163969004315e-07,7.382142351051427e-07,0.9998870983104774,8.329865282820431e-05
00103.jpg,3,4,有漂浮物,4,有漂浮物,,,,,,,0.0008272184950873823,0.02451293029860124,0.006490212089498417,0.0005450336738703736,0.9513266802887383,0.016297925154204407
00107.jpg,3,4,有漂浮物,4,有漂浮物,,,,,,,5.134100132413236e-07,2.1957883384159893e-05,2.474286801370155e-06,0.004532341396558022,0.9954081107482459,3.4602274997314964e-05
00110.jpg,3,4,有漂浮物,4,有漂浮物,,,,,,,2.17740768293451e-06,5.9502245476824955e-06,3.8619248419896e-06,1.7579725381245825e-08,0.9999842348721,3.7579911021568116e-06
00111.jpg,3,4,有漂浮物,4,有漂浮物,,,,,,,5.370557884744446e-06,1.6886241693071711e-06,1.7980103136478172e-06,6.537536524677652e-10,0.9999875666481748,3.5755057037728853e-06
00114.jpg,3,5,正常,4,有漂浮物,,,,,,,2.9468078498391974e-05,0.0010657055126812435,5.1315118559001686e-05,0.0038457724418024934,0.99465301205653,0.0003547267919290028
00119.jpg,3,4,有漂浮物,4,有漂浮物,,,,,,,6.139042382749334e-05,0.0005387645711009142,3.763657846610235e-06,3.632718756073331e-06,0.9993835805376581,8.868090810812277e-06
00123.jpg,3,4,有漂浮物,4,有漂浮物,,,,,,,6.178013683038072e-07,4.164136195572749e-05,0.0026944057174111812,5.182590994626786e-07,0.9972538913298845,8.925530280796052e-06
00129.jpg,3,4,有漂浮物,4,有漂浮物,,,,,,,2.94368732902761e-07,1.6864533719105454e-06,3.7332600249486e-06,8.795738253816727e-08,0.9999651935113892,2.900444909857248e-05
00135.jpg,3,4,有漂浮物,4,有漂浮物,,,,,,,2.4399962318984456e-06,7.472046379499595e-06,1.4445577757864123e-05,5.792022562325071e-07,0.9999299639767532,4.509920062136299e-05
00140.jpg,3,4,有漂浮物,4,有漂浮物,,,,,,,9.165678455844827e-06,5.971592034004288e-06,5.907427108093985e-07,1.919873226368073e-07,0.9999831920970631,8.879024135206697e-07
00145.jpg,3,4,有漂浮物,4,有漂浮物,,,,,,,3.6805287937878697e-07,1.1300414230998895e-05,3.1832195974499893e-06,1.336171565025361e-05,0.9997390381687735,0.0002327484288684094
00149.jpg,3,4,有漂浮物,4,有漂浮物,,,,,,,4.388310767656286e-06,3.1417783714936e-06,9.7714943399585e-06,5.69016701371275e-07,0.999849329318711,0.00013280008110846196
00150.jpg,3,4,有漂浮物,4,有漂浮物,,,,,,,7.162179594414494e-05,0.0023755818914438292,3.577328104147676e-05,0.003067629465622046,0.9902791581661075,0.004170235399840997
00154.jpg,3,4,有漂浮物,4,有漂浮物,,,,,,,1.2848324235269635e-06,0.00037279247516275554,5.753246179163395e-06,8.736679168118013e-07,0.9994059429446012,0.00021335283371637102
00161.jpg,3,4,有漂浮物,4,有漂浮物,,,,,,,3.5081931743118984e-05,3.0970477586398634e-05,0.0002325428929508812,1.5060367284803175e-05,0.9961761983391448,0.0035101459912900094
00166.jpg,3,4,有漂浮物,4,有漂浮物,,,,,,,2.8798201432867908e-05,5.3880452043499095e-05,4.03760616300889e-05,3.1927051382718604e-05,0.9990241588371173,0.0008208593963935432
00171.jpg,3,4,有漂浮物,4,有漂浮物,,,,,,,2.496090031105719e-06,2.0639980667110987e-05,7.117962287466297e-06,2.3823185028513927e-06,0.9999184343625397,4.8929285971856464e-05
00176.jpg,3,4,有漂浮物,4,有漂浮物,,,,,,,3.513555507841656e-07,3.1388967881337875e-06,4.564878177154898e-06,6.592353402827562e-10,0.9999611556810714,3.0788529177390835e-05
00181.jpg,3,4,有漂浮物,4,有漂浮物,,,,,,,2.2439018960432464e-07,1.1020802036428424e-06,7.125460621252901e-07,1.9440976298697305e-07,0.9999851460689128,1.2620504868705764e-05
00185.jpg,3,4,有漂浮物,4,有漂浮物,,,,,,,8.619960326120252e-08,5.369901318787133e-07,2.3600832314578683e-08,6.512033198322882e-08,0.9999960660203262,3.222068774449421e-06
00190.jpg,3,4,有漂浮物,4,有漂浮物,,,,,,,1.4897480766047885e-07,6.477241417399935e-07,2.6171500472746145e-08,5.822447129430015e-07,0.9999976356880076,9.591968296987925e-07
00194.jpg,3,4,有漂浮物,4,有漂浮物,,,,,,,3.5262128802337565e-05,0.00024703281412181434,0.00017659013908294925,1.698045226508954e-05,0.999261556782324,0.0002625776834038449
00198.jpg,3,4,有漂浮物,4,有漂浮物,,,,,,,4.1256063888764836e-07,2.342564131254488e-05,3.0419162194969226e-07,3.7478425477383826e-06,0.999880244220907,9.186554297179287e-05
00199.jpg,3,4,有漂浮物,4,有漂浮物,,,,,,,0.003198910444344184,0.0009752476441026794,0.001637800383144258,0.0004348298658300124,0.9888790436365105,0.004874168026068243
00203.jpg,3,4,有漂浮物,4,有漂浮物,,,,,,,0.0004071540613173249,0.0005443969240519618,0.0001523781740614736,1.0213574386716333e-05,0.998845421136413,4.043612976967788e-05
00206.jpg,3,4,有漂浮物,4,有漂浮物,,,,,,,0.00023454996549454466,0.001286873596159144,0.0008259802736578676,6.236382176976993e-06,0.9975894849966088,5.6874785902714615e-05
00210.jpg,3,4,有漂浮物,4,有漂浮物,,,,,,,0.0040792313264426845,0.0014029443819666085,0.00016212021661699558,1.2425335435763435e-05,0.9936279297726576,0.0007153489668803696
00215.jpg,3,4,有漂浮物,4,有漂浮物,,,,,,,0.0005540276175812562,0.00010501427449001726,0.00012218539680750458,4.498491749298057e-05,0.994465379905298,0.004708407888330235
00221.jpg,3,4,有漂浮物,4,有漂浮物,,,,,,,3.0614166474627137e-06,2.650212960041463e-05,3.5523482208211636e-06,3.012726981415641e-06,0.9999595208999932,4.350478556939596e-06
00222.jpg,3,4,有漂浮物,4,有漂浮物,,,,,,,9.438427216919107e-07,5.2337419973902176e-05,5.908950265569861e-07,7.527914089032102e-06,0.9999117027159491,2.689721223977509e-05
00226.jpg,3,4,有漂浮物,4,有漂浮物,,,,,,,9.523801661244381e-06,6.797553084828314e-05,0.00014820462561598424,4.93735592014143e-06,0.9994975087943089,0.0002718498916453249
00230.jpg,3,4,有漂浮物,4,有漂浮物,,,,,,,8.702033481837333e-07,2.2067644740724114e-06,3.585930517903789e-06,1.9521119513746555e-09,0.9999901984731489,3.136676398997731e-06
00443.jpg,3,4,有漂浮物,4,有漂浮物,,,,,,,7.925729829785064e-05,1.0524809740662195e-05,0.0004304488233484424,5.777863347726211e-05,0.9993942366041705,2.775383096542549e-05
00445.jpg,3,4,有漂浮物,4,有漂浮物,,,,,,,0.00010746756744024738,1.0388162284851213e-05,0.00039410152457060896,0.00014047604587673603,0.9992904458150611,5.71208847664739e-05
00455.jpg,3,4,有漂浮物,4,有漂浮物,,,,,,,6.53081629695026e-05,3.884964717656376e-06,2.165949819818284e-05,9.824610835226798e-05,0.9997887985989302,2.2102666832218027e-05
00465.jpg,3,4,有漂浮物,4,有漂浮物,,,,,,,5.087089259553985e-05,2.558802350752002e-06,1.6443722254151592e-05,4.5310951775389904e-05,0.9998720110977605,1.2804533263703541e-05
00466.jpg,3,4,有漂浮物,4,有漂浮物,,,,,,,4.457125038083634e-05,3.313144054699477e-06,1.8714733301751536e-05,0.00012067293725218684,0.9997908666909144,2.1861244096224132e-05
00467.jpg,3,4,有漂浮物,4,有漂浮物,,,,,,,3.341363887837836e-05,3.1993628283621575e-06,9.146277565101056e-06,0.00018015475871119524,0.9997114488220755,6.263713994144319e-05
00468.jpg,3,4,有漂浮物,4,有漂浮物,,,,,,,1.6792281668108763e-05,2.8588184073778017e-06,2.094773530267104e-05,8.352297424872231e-05,0.999860509994297,1.5368196076113705e-05
00472.jpg,3,4,有漂浮物,4,有漂浮物,,,,,,,3.7410183303150954e-05,7.045287758103286e-06,8.751361669281417e-05,2.4143777103480942e-05,0.9998211864056274,2.2700729514769586e-05
00473.jpg,3,4,有漂浮物,4,有漂浮物,,,,,,,1.967274539160815e-06,6.454111537596586e-07,6.734742631613091e-06,2.9737763870435695e-06,0.9999850688236042,2.6099716841448238e-06
00481.jpg,3,4,有漂浮物,4,有漂浮物,,,,,,,0.007306868037012619,6.491562408945211e-05,0.010273938584962951,0.0004368941201659235,0.9810822297243618,0.0008351539094072206
00488.jpg,3,4,有漂浮物,4,有漂浮物,,,,,,,7.139932678433394e-05,1.3854465915592355e-05,9.9153417271822e-05,3.9530224362398095e-05,0.9997699116915014,6.150874164490984e-06
00492.jpg,3,4,有漂浮物,4,有漂浮物,,,,,,,0.00023879857197039105,1.0632218259983728e-05,0.00010676688290838478,0.0001032128548617892,0.9994735633832146,6.702608878495269e-05
00493.jpg,3,4,有漂浮物,4,有漂浮物,,,,,,,0.00026653514351578344,1.1956965840143981e-05,8.745840646308438e-05,0.0003073345047085641,0.9992185997691228,0.00010811521034972194
00497.jpg,3,4,有漂浮物,4,有漂浮物,,,,,,,0.03351796319450949,0.0005266228379562165,0.016210270693038497,0.0006640426370529496,0.9461660162606649,0.0029150843767778174
00501.jpg,3,4,有漂浮物,4,有漂浮物,,,,,,,7.434956711235775e-08,2.480408657334111e-06,6.267566780500784e-08,1.1812246462849087e-07,0.9999969117874481,3.5265619494171063e-07
00506.jpg,3,4,有漂浮物,4,有漂浮物,,,,,,,4.96655067859671e-07,1.2498332272189524e-05,1.343412587972625e-07,2.631603541215602e-07,0.999985552903485,1.0546075620744738e-06
00510.jpg,3,4,有漂浮物,4,有漂浮物,,,,,,,7.031871538192527e-08,7.841911407249504e-06,9.245586369827355e-08,9.316200055338064e-08,0.9999914847770998,4.1737491344615657e-07
00514.jpg,3,4,有漂浮物,4,有漂浮物,,,,,,,4.47684270255084e-08,5.8102370076360565e-06,9.711075784794657e-08,2.351687501165754e-08,0.9999937504220637,2.7394486871066144e-07
00519.jpg,3,4,有漂浮物,4,有漂浮物,,,,,,,1.6554954109735885e-06,2.1601185619289445e-05,1.1898955006864126e-06,6.047153451030616e-06,0.9999678345067066,1.671763311565743e-06
00523.jpg,3,4,有漂浮物,4,有漂浮物,,,,,,,0.0009858884102306113,5.041637898532244e-05,4.7802089800076515e-05,0.0008438542141000076,0.9980612111424865,1.082776439747284e-05
00527.jpg,3,4,有漂浮物,4,有漂浮物,,,,,,,2.312923090850339e-05,1.1684305289044218e-05,0.0002827041271248728,5.877423856383641e-05,0.9995854532333485,3.825486476532695e-05
00531.jpg,3,4,有漂浮物,4,有漂浮物,,,,,,,0.00019917450171205896,3.1908908232062874e-05,0.0005445381424092913,0.0008274909660859262,0.9978549640705286,0.0005419234110320515
00532.jpg,3,4,有漂浮物,4,有漂浮物,,,,,,,8.741355228807032e-05,2.4231779535415486e-05,0.0004890051293934825,0.00044603513995243024,0.9985932374217287,0.00036007697710188706
00533.jpg,3,4,有漂浮物,4,有漂浮物,,,,,,,0.0002006121404698933,3.5877881649231366e-05,0.0007659898014986758,0.0007716850048348157,0.9977508223669795,0.00047501280456791655
00534.jpg,3,4,有漂浮物,4,有漂浮物,,,,,,,9.38898449280286e-05,2.3319700973410557e-05,0.00045994960952576626,0.0005432844106979341,0.9985161878506325,0.0003633685832423675
00539.jpg,3,4,有漂浮物,4,有漂浮物,,,,,,,7.878158353420427e-06,3.837930059918584e-06,7.575063087971423e-05,3.56821234556822e-05,0.9998538238549987,2.3027302252552676e-05
00540.jpg,3,4,有漂浮物,4,有漂浮物,,,,,,,6.554178193921113e-06,2.3123197773810182e-06,2.6671279450807488e-05,2.7121625304061565e-05,0.9999199810161654,1.7359581108273755e-05
00541.jpg,3,4,有漂浮物,4,有漂浮物,,,,,,,1.1440139161943339e-05,2.4924896605416264e-06,4.0050586413310974e-05,3.7455316332218205e-05,0.9998856991653614,2.2862303070547912e-05
00542.jpg,3,4,有漂浮物,4,有漂浮物,,,,,,,2.967603996090435e-05,5.242599199442057e-06,0.00025563016488931977,5.581638878748693e-05,0.9996149350845769,3.8699722586057493e-05
00543.jpg,3,4,有漂浮物,4,有漂浮物,,,,,,,5.3143845398955595e-05,8.145161893958877e-06,0.00034797794443681935,0.0001138420472792641,0.9994251277081242,5.1763292866714426e-05
00544.jpg,3,4,有漂浮物,4,有漂浮物,,,,,,,3.545901045130319e-05,5.361603332529259e-06,0.00029054299228927914,4.7633301972911706e-05,0.9995791115958453,4.189149610859657e-05
00545.jpg,3,4,有漂浮物,4,有漂浮物,,,,,,,0.00010864859695516528,6.848178489721925e-05,0.0010839672003781292,0.0005748609391850169,0.9974192539439238,0.0007447875346607346
00550.jpg,3,4,有漂浮物,4,有漂浮物,,,,,,,3.886068241138633e-05,1.20848950899059e-05,0.0005731697540198734,8.083305409674296e-05,0.9991006923600897,0.0001943592542924741
00552.jpg,3,4,有漂浮物,4,有漂浮物,,,,,,,1.7797060845713622e-05,2.070021799430204e-05,0.00039365406423602753,0.000197561581992994,0.9991532619881153,0.00021702508681569458
00556.jpg,3,4,有漂浮物,4,有漂浮物,,,,,,,3.623435274028828e-05,3.0159496771271926e-05,6.809161626153559e-05,3.3463688851437533e-06,0.9998538430445332,8.325120808648913e-06
00562.jpg,3,4,有漂浮物,4,有漂浮物,,,,,,,8.316737422013475e-05,4.114939344628958e-05,8.796898490181551e-05,7.5962960788253785e-06,0.9997629941336258,1.7123817727171843e-05
00566.jpg,3,4,有漂浮物,4,有漂浮物,,,,,,,3.16146298427266e-05,3.529374197410617e-05,5.1912640753529506e-05,2.1619686712362622e-06,0.9998685906803,1.0426338458270469e-05
00571.jpg,3,4,有漂浮物,4,有漂浮物,,,,,,,2.089211969399583e-05,3.950539129674657e-05,3.198457981219629e-05,5.383613471295011e-06,0.999893294870248,8.939425477657317e-06
00575.jpg,3,4,有漂浮物,4,有漂浮物,,,,,,,5.328397810576164e-06,1.1241131177631387e-05,2.0421471292005286e-05,5.060881575491687e-07,0.9999572074174313,5.295494130816159e-06
00581.jpg,3,4,有漂浮物,4,有漂浮物,,,,,,,1.3220913286254115e-05,2.9822455063256808e-05,6.42194625048283e-05,1.8607820300702877e-06,0.999882845413068,8.030974047598327e-06
00585.jpg,3,4,有漂浮物,4,有漂浮物,,,,,,,0.00013310709071949432,4.867686956730714e-05,9.890998773527299e-05,0.00011378486817798182,0.9994577946692461,0.0001477265145538672
00590.jpg,3,4,有漂浮物,4,有漂浮物,,,,,,,0.0003996095508530305,0.00040996009062214527,0.0008070103193748205,1.4194805472722878e-05,0.9983043720231848,6.485321049246299e-05
00595.jpg,3,4,有漂浮物,4,有漂浮物,,,,,,,1.2694943961177258e-05,3.862000664959415e-05,9.012938747924073e-05,1.3880774095450413e-06,0.9998516076221874,5.559962313081686e-06
00599.jpg,3,4,有漂浮物,4,有漂浮物,,,,,,,2.2636028472011757e-05,3.248639319793867e-05,1.2181567317238118e-05,1.1184280308700569e-05,0.9999197098875932,1.8018431110589658e-06
00604.jpg,3,4,有漂浮物,4,有漂浮物,,,,,,,2.2944976091733284e-05,2.621907391138608e-05,1.1946106664331783e-05,1.7226314603958875e-05,0.9999153456848714,6.317843857271378e-06
00608.jpg,3,4,有漂浮物,4,有漂浮物,,,,,,,0.0005780982957547719,0.00019304259196973854,0.00377348644215115,3.5181746122830634e-05,0.9952593645703205,0.00016082635368099623
00612.jpg,3,4,有漂浮物,4,有漂浮物,,,,,,,6.096261065311639e-05,8.245901657175953e-05,6.812841372026232e-05,4.443556996859486e-05,0.9997409116750227,3.1027140635443663e-06
00617.jpg,3,4,有漂浮物,4,有漂浮物,,,,,,,2.697628617215809e-05,1.3830916257648226e-05,6.443675187275431e-05,8.063232934935947e-05,0.9997978981188509,1.622559749717387e-05
00621.jpg,3,4,有漂浮物,4,有漂浮物,,,,,,,0.00012882820288457505,8.060037539727215e-05,0.00016101221018413166,9.555581022194499e-05,0.9994780647600795,5.5938641232646055e-05
00622.jpg,3,4,有漂浮物,4,有漂浮物,,,,,,,7.756945296376245e-05,2.4546516175941686e-05,1.152663255076965e-05,0.00040133005799191437,0.9994667189513959,1.8308388921547702e-05
00627.jpg,3,4,有漂浮物,4,有漂浮物,,,,,,,7.95471414299718e-05,7.749408818941797e-05,0.00024826641107159974,0.00029888134627031426,0.9991426858864384,0.0001531251266004951
00632.jpg,3,4,有漂浮物,4,有漂浮物,,,,,,,0.0001249366320230709,6.591447435090062e-05,0.0001009614170375907,2.3446837937577048e-05,0.9996334935816806,5.124705697035207e-05
00636.jpg,3,4,有漂浮物,4,有漂浮物,,,,,,,0.00016227480592285825,1.2223010777481785e-05,1.7321505490358687e-05,7.70839406403322e-05,0.9997290133764349,2.083360734020201e-06
00638.jpg,3,4,有漂浮物,4,有漂浮物,,,,,,,0.0001807659639481178,1.0404341645284971e-05,4.2824930148947375e-05,0.00021652418507392627,0.9995395562625446,9.924316639071264e-06
00645.jpg,3,4,有漂浮物,4,有漂浮物,,,,,,,1.990294513757076e-05,5.242513018875954e-06,1.2177100335440885e-06,3.309671177029412e-05,0.999938074396048,2.465723991651904e-06
00650.jpg,3,4,有漂浮物,4,有漂浮物,,,,,,,0.0006640546692702591,1.6774155450848566e-05,4.0792266440148006e-06,0.0013655273701235742,0.9979479991985266,1.5653799848341298e-06
00654.jpg,3,4,有漂浮物,4,有漂浮物,,,,,,,3.9835743591471635e-05,4.878980840779536e-05,1.3310272050421268e-05,0.00030678457476683444,0.9995697110121177,2.156858906590767e-05
00658.jpg,3,4,有漂浮物,4,有漂浮物,,,,,,,3.219148988012637e-05,2.8957776250080298e-05,5.628231576948916e-05,7.928603567880114e-06,0.9998565055187054,1.8134295826950094e-05
00662.jpg,3,4,有漂浮物,4,有漂浮物,,,,,,,3.7909169016023e-05,1.575363422420576e-05,5.687352409949423e-05,3.5159784773059462e-06,0.9998654357695347,2.051192464827502e-05
00666.jpg,3,4,有漂浮物,4,有漂浮物,,,,,,,1.4214073606405621e-05,4.02647135084013e-05,5.551948177755286e-05,3.830070001375265e-06,0.9998562723340036,2.9899327102518086e-05
00670.jpg,3,4,有漂浮物,4,有漂浮物,,,,,,,2.6824587407809378e-05,1.9974672134597815e-05,0.0001063552140165884,1.6883211265605994e-06,0.9998154283748887,2.972883042558313e-05
00676.jpg,3,4,有漂浮物,4,有漂浮物,,,,,,,6.60554208080896e-06,1.5556845757480754e-05,0.00020488541367413908,7.1201524458682784e-06,0.99976089142262,4.940623421716001e-06
00682.jpg,3,4,有漂浮物,4,有漂浮物,,,,,,,3.0030512749260872e-05,6.38309692953182e-06,9.165243226859163e-05,1.2804481462101101e-06,0.9998530952650755,1.7558244830751393e-05
00687.jpg,3,4,有漂浮物,4,有漂浮物,,,,,,,2.6415251024980865e-06,1.2169726529530637e-05,6.45400933178571e-06,7.311913026019578e-05,0.9999020992745259,3.5163342500774464e-06
00688.jpg,3,4,有漂浮物,4,有漂浮物,,,,,,,1.6422107479464372e-06,2.041505725925819e-05,8.848355710975885e-06,3.764349147578295e-06,0.99996467223917,6.577879643985624e-07
00695.jpg,3,4,有漂浮物,4,有漂浮物,,,,,,,2.892907848478154e-05,7.775335901484656e-06,5.781598942457892e-05,2.2482920098533753e-05,0.9998756359634926,7.36071259799157e-06
00700.jpg,3,4,有漂浮物,4,有漂浮物,,,,,,,0.0003495872298439345,7.08159260506883e-05,0.0005200708110616535,0.001130334240741928,0.9978106395099977,0.00011855228230429928
00701.jpg,3,4,有漂浮物,4,有漂浮物,,,,,,,6.33044837198242e-05,1.5778837150423084e-05,0.0002880009528815464,8.442949544048158e-05,0.9995015105652466,4.697566556120173e-05
00705.jpg,3,4,有漂浮物,4,有漂浮物,,,,,,,1.4049025287927355e-05,2.1214513830474348e-05,4.605090782614486e-05,0.00015826570129128615,0.9997552248536954,5.19499806873673e-06
00710.jpg,3,4,有漂浮物,4,有漂浮物,,,,,,,5.497655762004573e-07,7.842015300602033e-07,1.604410326880878e-07,8.55766434995123e-08,0.9999971223710574,1.2976441601250434e-06
00714.jpg,3,4,有漂浮物,4,有漂浮物,,,,,,,4.504105885588132e-06,1.6940534567201855e-05,8.845420698898367e-06,1.9939554844509974e-05,0.9999396551516255,1.011523237825026e-05
00718.jpg,3,4,有漂浮物,4,有漂浮物,,,,,,,8.774395552369848e-06,1.938703533128236e-05,2.4251293844168506e-05,2.2167976179384796e-05,0.9999168380253195,8.581273773508974e-06
00722.jpg,3,4,有漂浮物,4,有漂浮物,,,,,,,1.6739418882700573e-05,1.8427165802534037e-05,1.9932200827584944e-05,2.922462766591011e-06,0.9999386155604842,3.363191236331096e-06
00726.jpg,3,4,有漂浮物,4,有漂浮物,,,,,,,4.365865858381414e-06,3.539838645965017e-06,1.827713492577415e-05,1.521443776088019e-06,0.9999713179569879,9.777598056864569e-07
00730.jpg,3,4,有漂浮物,4,有漂浮物,,,,,,,8.995661286642322e-07,7.266628475097302e-06,6.956544872160762e-06,2.616514769544301e-06,0.9999806111794539,1.6495663006466844e-06
00734.jpg,3,4,有漂浮物,4,有漂浮物,,,,,,,4.653623719754143e-06,2.824478475088808e-06,8.373247909859781e-06,1.8042730021227591e-07,0.9999830311185961,9.371039988337719e-07
00735.jpg,3,4,有漂浮物,4,有漂浮物,,,,,,,5.903893477723635e-06,9.406245326933779e-06,3.575799409424933e-06,5.667669827507511e-06,0.9999708929340568,4.553457901534363e-06
00739.jpg,3,4,有漂浮物,4,有漂浮物,,,,,,,7.247987644406424e-06,8.002228401047543e-05,4.898450999791008e-06,1.3036372748934199e-05,0.9998878558157362,6.93908886010151e-06
00742.jpg,3,4,有漂浮物,4,有漂浮物,,,,,,,0.0012464478885098104,0.00018209262630111103,0.016895374168295,0.0001308567928512305,0.9807541732047157,0.0007910553193270759
00746.jpg,3,4,有漂浮物,4,有漂浮物,,,,,,,1.48607485518085e-06,0.0001724358452396577,2.9451619238345032e-05,5.311448905320045e-06,0.9997806515949641,1.0663416797399413e-05
00750.jpg,3,4,有漂浮物,4,有漂浮物,,,,,,,7.06278421975159e-05,3.7566952243966126e-05,4.7565540789019776e-05,0.00027943218537716054,0.9994158527722262,0.0001489547071659539
00756.jpg,3,4,有漂浮物,4,有漂浮物,,,,,,,0.0038365625962906618,0.03897872151166525,0.021908745884194357,0.013893873500861005,0.91983301875086,0.001549077756128773
00760.jpg,3,4,有漂浮物,4,有漂浮物,,,,,,,6.945491011230098e-06,3.363295047156766e-06,3.696612860020609e-06,7.376576865029198e-07,0.9999834614886199,1.7954547751104412e-06
00765.jpg,3,4,有漂浮物,4,有漂浮物,,,,,,,1.0218819646620483e-05,6.029630349597435e-05,2.0455255681941917e-05,8.34237234911938e-06,0.9998914886048941,9.198643932198129e-06
00769.jpg,3,4,有漂浮物,4,有漂浮物,,,,,,,3.902729069809187e-07,1.4900161843737518e-06,2.3652352657942772e-07,2.3059970987163242e-08,0.9999976397153388,2.2041207205718052e-07
00770.jpg,3,4,有漂浮物,4,有漂浮物,,,,,,,9.680979618980777e-06,3.8843167599455006e-05,3.31638393152985e-05,9.614748250618877e-07,0.9999113685069199,5.9820317213428085e-06
00774.jpg,3,4,有漂浮物,4,有漂浮物,,,,,,,6.506939312441937e-06,9.55988192555585e-06,7.634090905894207e-06,4.462126908455454e-07,0.9999656814703928,1.0171404772454403e-05
00778.jpg,3,4,有漂浮物,4,有漂浮物,,,,,,,1.061723711421914e-05,4.118079207333957e-05,6.905833002694062e-06,3.053544332204168e-06,0.9999224854193853,1.5757174092138903e-05
00783.jpg,3,4,有漂浮物,4,有漂浮物,,,,,,,0.00043218943405630113,3.6562064757085965e-05,4.8334711495616975e-05,0.002224564541786345,0.9972218748556392,3.6474392265421856e-05
00788.jpg,3,4,有漂浮物,4,有漂浮物,,,,,,,6.446350604933711e-07,2.0746454905539965e-06,1.0928712868808287e-06,1.4236975972415568e-05,0.999981083750746,8.671214436965209e-07
00792.jpg,3,4,有漂浮物,4,有漂浮物,,,,,,,3.0250562199894877e-05,1.2681276127077486e-05,0.0001891049448897581,1.294860635567211e-06,0.9997370898242605,2.9578531887201618e-05
00796.jpg,3,4,有漂浮物,4,有漂浮物,,,,,,,5.627584844282576e-06,4.276615127557943e-06,6.360195600745215e-06,3.4587300144418535e-05,0.9999319261495795,1.7222154703327387e-05
00801.jpg,3,4,有漂浮物,4,有漂浮物,,,,,,,1.5269410613169235e-05,4.412932865198345e-06,3.341695704307884e-06,5.041711485428922e-05,0.9999136041764817,1.2954669481255518e-05
00804.jpg,3,4,有漂浮物,4,有漂浮物,,,,,,,0.0005661490475385414,0.00018567148509714587,4.029534840690321e-05,0.00024148901038775669,0.9989173113265547,4.9083782014961675e-05
00807.jpg,3,4,有漂浮物,4,有漂浮物,,,,,,,4.6744483227156575e-06,4.020881344931265e-06,2.7134899574339653e-06,2.5656212862103106e-05,0.9999467928143918,1.614215312076497e-05
00811.jpg,3,4,有漂浮物,4,有漂浮物,,,,,,,0.0003507550468816073,9.358446141984965e-05,1.902134669989425e-05,0.00030586141461499456,0.9990984054290778,0.0001323723013058933
00818.jpg,3,4,有漂浮物,4,有漂浮物,,,,,,,0.00020079764639111374,0.0001761980833043791,2.470141584354037e-05,0.0001373336924035364,0.9992710880634629,0.0001898810985943233
00822.jpg,3,4,有漂浮物,4,有漂浮物,,,,,,,7.111859081791406e-05,0.00012958403452701943,3.610309074343216e-05,0.00044378546929623044,0.9992482801406013,7.112867401413662e-05
00826.jpg,3,4,有漂浮物,4,有漂浮物,,,,,,,2.0171555111235252e-05,3.3014371797462405e-05,9.320763711356434e-06,4.177953766383527e-05,0.9998805119156614,1.5201856054582499e-05
00828.jpg,3,4,有漂浮物,4,有漂浮物,,,,,,,4.4388283121382874e-05,5.805809601059578e-05,7.406319664798468e-06,0.00021452233738127388,0.9996150384683746,6.058649544723535e-05
00835.jpg,3,4,有漂浮物,4,有漂浮物,,,,,,,2.9714628709989398e-05,1.9842509405431395e-05,1.1169684252635288e-05,7.508354979991947e-05,0.9998303423471328,3.384728069926511e-05
00839.jpg,3,4,有漂浮物,4,有漂浮物,,,,,,,5.830018349234882e-06,2.0134982014381447e-05,8.408078877597955e-06,4.8413016208376986e-05,0.9999071800805277,1.0033824022717474e-05
00845.jpg,3,4,有漂浮物,4,有漂浮物,,,,,,,8.934342735404495e-05,1.2319836980764715e-05,3.1364964932561425e-05,0.0003308130570399268,0.999493702403522,4.245631017082813e-05
00849.jpg,3,4,有漂浮物,4,有漂浮物,,,,,,,6.850803225436508e-06,1.1238661759147802e-05,1.7100864618063627e-05,4.6323055179129187e-05,0.9999105944469602,7.892168258148384e-06
00854.jpg,3,4,有漂浮物,4,有漂浮物,,,,,,,3.5045576244763094e-06,1.6354626824591824e-05,7.435648123732466e-07,4.335528753606539e-05,0.999919454324528,1.6587638674557206e-05
00859.jpg,3,4,有漂浮物,4,有漂浮物,,,,,,,1.4457050673815769e-05,2.9060671594732436e-05,3.0783598846594484e-06,0.0007055628556196773,0.9991132970205145,0.00013454404171255277
00864.jpg,3,4,有漂浮物,4,有漂浮物,,,,,,,8.48145496242457e-06,1.544505715625987e-05,2.0142783943010633e-05,2.009375115767533e-05,0.9999251554917794,1.0681461001075658e-05
00868.jpg,3,4,有漂浮物,4,有漂浮物,,,,,,,2.679732041429795e-06,7.344751953040965e-06,1.1086107629304843e-06,1.0207775641628968e-05,0.9999742697913168,4.389338284150911e-06
00872.jpg,3,4,有漂浮物,4,有漂浮物,,,,,,,1.0720202833906947e-05,2.1209499440201242e-05,3.405070152821946e-05,4.6532147975236944e-05,0.9998773238479737,1.0163600248785613e-05
00874.jpg,3,4,有漂浮物,4,有漂浮物,,,,,,,1.6949136193852233e-05,1.956627084450919e-05,6.9465651825397826e-06,7.994586650972567e-05,0.9998575655555834,1.9026605685915275e-05
00877.jpg,3,4,有漂浮物,4,有漂浮物,,,,,,,3.1632211594988624e-06,1.0445591987788878e-05,1.9814232064437935e-06,2.8640719323010966e-06,0.9999753341426925,6.211549021588767e-06
00878.jpg,3,4,有漂浮物,4,有漂浮物,,,,,,,0.0001345942119191305,0.00010213819588675134,2.7351489892772923e-05,0.0004181894014050519,0.9992652027034712,5.252399742511744e-05
00879.jpg,3,4,有漂浮物,4,有漂浮物,,,,,,,3.718669471104824e-06,7.888811407788142e-06,1.0315897622318396e-06,4.393102564475913e-06,0.9999750715720086,7.896254785698296e-06
00883.jpg,3,4,有漂浮物,4,有漂浮物,,,,,,,2.0725227951064453e-05,7.0525216755230214e-06,1.6017187123475785e-05,1.6661553384604005e-05,0.9999277143565963,1.1829153268802768e-05
00887.jpg,3,4,有漂浮物,4,有漂浮物,,,,,,,8.339656127503773e-06,4.8123620161947584e-06,7.340400002593708e-06,6.08896235045213e-06,0.9999664024657132,7.016153789944661e-06
00896.jpg,3,4,有漂浮物,4,有漂浮物,,,,,,,1.845234886020789e-06,5.937344231379442e-06,3.6055628811180927e-06,9.965964058847759e-06,0.9999558916967893,2.2754197153103633e-05
00900.jpg,3,4,有漂浮物,4,有漂浮物,,,,,,,0.00014373517060500894,1.9478009726801693e-05,9.439179114914395e-06,0.00017746806013888851,0.999618718486268,3.1161094146393984e-05
00904.jpg,3,4,有漂浮物,4,有漂浮物,,,,,,,5.209598849398095e-06,3.6569456155056986e-06,7.673824084164875e-07,1.2203411610629087e-05,0.9999701822454428,7.980416073378484e-06
00907.jpg,3,4,有漂浮物,4,有漂浮物,,,,,,,5.960022520299401e-05,1.718953448241108e-05,7.727838884511936e-06,0.00011375672911130874,0.9997727368869641,2.8988785354837167e-05
00908.jpg,3,4,有漂浮物,4,有漂浮物,,,,,,,0.00013589817875302187,3.440748332413014e-05,2.0792503084014524e-05,0.0003693910433265932,0.9993895513354478,4.995945606432713e-05
00910.jpg,3,4,有漂浮物,4,有漂浮物,,,,,,,0.0003406896201949124,7.130469056332928e-05,0.0001082448144627561,0.0002917393579582778,0.9990769372302315,0.0001110842865894051
00914.jpg,3,4,有漂浮物,4,有漂浮物,,,,,,,2.0327805422366958e-05,1.1772924929193016e-05,6.257688898004023e-06,9.90284789292166e-06,0.999939150118237,1.2588614620442693e-05
00918.jpg,3,4,有漂浮物,4,有漂浮物,,,,,,,3.218998439187789e-05,6.833702191940232e-05,9.485024275708711e-05,0.00014942914777835067,0.9995880492240209,6.71443791323398e-05
00922.jpg,3,4,有漂浮物,4,有漂浮物,,,,,,,8.768195452612416e-05,0.00013098054638850575,0.00018678172573429285,0.0005363940685926035,0.9989677816365505,9.03800682079643e-05
00926.jpg,3,4,有漂浮物,4,有漂浮物,,,,,,,0.0001297935592951117,5.221532360571119e-05,1.5304397765297538e-05,0.00032882206597304624,0.9994213448712799,5.2519782080953306e-05
00933.jpg,3,4,有漂浮物,4,有漂浮物,,,,,,,1.126304242206913e-05,2.9296909913685504e-05,7.839998858196261e-06,2.2206534170462017e-05,0.9999246423378997,4.751176735885368e-06
00938.jpg,3,4,有漂浮物,4,有漂浮物,,,,,,,7.564598023601666e-06,1.7473985142444922e-05,1.3656115406408401e-05,1.1896622965773857e-05,0.9999454264247446,3.982253717028358e-06
00942.jpg,3,4,有漂浮物,4,有漂浮物,,,,,,,4.396186596697784e-05,8.822807878291933e-05,0.0002506754856237755,0.00015226599233575066,0.9994050801734864,5.9788403804366854e-05
00949.jpg,3,4,有漂浮物,4,有漂浮物,,,,,,,1.8819791024174273e-06,1.8342887311415246e-05,1.8047177803781483e-06,3.851180534009641e-06,0.9998122377894202,0.0001618814458515735
00954.jpg,3,4,有漂浮物,4,有漂浮物,,,,,,,7.050533297555383e-06,2.4273833068605466e-05,1.1063907584568352e-06,2.8836336498155105e-05,0.9998996818008986,3.9051105478631305e-05
00958.jpg,3,4,有漂浮物,4,有漂浮物,,,,,,,0.0002870614328174266,0.0001207141940961199,0.0002436969013093906,0.0018694415501951625,0.9969469785061307,0.0005321074154512973
00963.jpg,3,4,有漂浮物,4,有漂浮物,,,,,,,1.1452938732016951e-05,2.8051929237289366e-05,2.0481591505482513e-05,4.422949312842455e-05,0.9997744167621654,0.0001213672852315707
00968.jpg,3,4,有漂浮物,4,有漂浮物,,,,,,,9.199567964607277e-06,1.559854328705514e-05,7.35078958118162e-06,6.659553451006103e-05,0.9998424019107327,5.885365392431968e-05
00970.jpg,3,4,有漂浮物,4,有漂浮物,,,,,,,3.7465720906827183e-06,3.043959219348111e-05,2.919661594327617e-06,9.398540575254018e-05,0.9998501378883662,1.8770880002759724e-05
00973.jpg,3,4,有漂浮物,4,有漂浮物,,,,,,,1.1672746424226548e-05,0.00012182500988241,7.324326864823912e-05,2.915273178709969e-05,0.9997552020319472,8.904211310789008e-06
00978.jpg,3,4,有漂浮物,4,有漂浮物,,,,,,,0.0001003061999252224,0.0006082276884063158,0.00012802931692280583,6.970949003101373e-05,0.9986464382651784,0.0004472890395362601
00985.jpg,3,4,有漂浮物,4,有漂浮物,,,,,,,2.1411897774597043e-06,2.2392990149570755e-05,1.267092729938868e-05,1.265942110246385e-05,0.9999375011175801,1.2634354091127756e-05
00991.jpg,3,4,有漂浮物,4,有漂浮物,,,,,,,5.02155809255794e-07,1.881635752932656e-05,3.373796978729312e-06,2.949046289397985e-06,0.9999691731150947,5.185528298689666e-06
00997.jpg,3,4,有漂浮物,4,有漂浮物,,,,,,,1.605733932669648e-06,8.419289132548888e-05,5.29575750702954e-06,2.1000529373397242e-05,0.99987660549815,1.1299589711393786e-05
00998.jpg,3,4,有漂浮物,4,有漂浮物,,,,,,,3.6588783790293563e-07,1.2116081884726568e-05,1.191981699758371e-06,5.48522050934664e-06,0.9999768977670873,3.943060981022666e-06
00999.jpg,3,4,有漂浮物,4,有漂浮物,,,,,,,2.2672163685709158e-07,6.887382831316508e-05,1.2591283607891257e-06,9.24082101012646e-07,0.9999270649968506,1.651242737604741e-06
01000.jpg,3,4,有漂浮物,4,有漂浮物,,,,,,,1.492571775205745e-06,0.00019287862591962638,1.4502137835068667e-05,6.754781698166366e-05,0.9997124566675958,1.112217989265947e-05
01005.jpg,3,4,有漂浮物,4,有漂浮物,,,,,,,3.3021951065005327e-06,2.7897432569425247e-05,4.231846756365289e-05,4.514318607150652e-05,0.9998778631011163,3.475617572712012e-06
01009.jpg,3,4,有漂浮物,4,有漂浮物,,,,,,,8.727345451033335e-07,2.1792676162458527e-05,6.4946029054282974e-06,4.827112077472058e-05,0.9999183967456433,4.1721199690282834e-06
01014.jpg,3,4,有漂浮物,4,有漂浮物,,,,,,,3.046913379340135e-06,2.9790697628400287e-05,1.4232362567246629e-05,4.11583505301799e-06,0.9999467600627645,2.054128607446061e-06
01018.jpg,3,4,有漂浮物,4,有漂浮物,,,,,,,3.486565446661122e-07,1.3029297109886947e-05,6.610529889304003e-07,4.924398094890175e-07,0.9999843158375257,1.152716021294677e-06
01021.jpg,3,4,有漂浮物,4,有漂浮物,,,,,,,2.6909820408763344e-07,4.314757223727925e-06,4.772245040515178e-07,5.702816214296307e-06,0.9999880306535411,1.2054503127768678e-06
01023.jpg,3,4,有漂浮物,4,有漂浮物,,,,,,,8.485256467388663e-08,9.795591618409905e-06,9.829164960135348e-07,3.954394602308865e-06,0.9999839090524881,1.2731922304388149e-06
01028.jpg,3,4,有漂浮物,4,有漂浮物,,,,,,,8.932466598015564e-07,5.0023392994883345e-05,2.1252168472279893e-06,4.566734504096683e-06,0.9999394907517917,2.9006572022926067e-06
01032.jpg,3,4,有漂浮物,4,有漂浮物,,,,,,,5.948177927307738e-07,7.95760886081103e-06,5.851608397301536e-06,1.2062643847210404e-06,0.999982956889341,1.4328112232611183e-06
01036.jpg,3,4,有漂浮物,4,有漂浮物,,,,,,,6.183475816712683e-06,7.058926701594146e-05,1.894935965363268e-05,9.900391055893828e-05,0.9997803144009372,2.4959586017504802e-05
01038.jpg,3,4,有漂浮物,4,有漂浮物,,,,,,,1.8505627203937526e-06,6.246392683407073e-06,2.39944691111165e-06,4.9160282181206594e-05,0.9999373333771957,3.009938308382282e-06
01041.jpg,3,4,有漂浮物,4,有漂浮物,,,,,,,6.182587734977241e-07,1.8932659920352648e-05,8.452029538972371e-07,4.323457273748405e-06,0.9999727368904991,2.5435305794415434e-06
01045.jpg,3,4,有漂浮物,4,有漂浮物,,,,,,,1.60321686414264e-06,3.6455743943781926e-05,4.111023990657576e-06,1.3184638488455157e-05,0.9999383526934671,6.292683246014895e-06
01049.jpg,3,4,有漂浮物,4,有漂浮物,,,,,,,2.7171671904655516e-07,6.792110045138007e-06,7.516299254836436e-07,1.0762726541532567e-05,0.9999781982709328,3.223545836170921e-06
01055.jpg,3,4,有漂浮物,4,有漂浮物,,,,,,,1.4145218393216973e-07,2.7704322106355978e-06,2.4655090871123305e-06,1.634104069285926e-05,0.9999755590454236,2.7225204020151893e-06
01059.jpg,3,4,有漂浮物,4,有漂浮物,,,,,,,4.878810490206227e-07,2.4508610504770448e-06,5.36406981295974e-07,1.0587415187870297e-05,0.9999848649058649,1.0725298663051962e-06
01064.jpg,3,4,有漂浮物,4,有漂浮物,,,,,,,1.7640632514996536e-05,1.1078899283918248e-05,2.9285840330895758e-05,0.001953132184741786,0.9979627399732819,2.6122469846484163e-05
01068.jpg,3,4,有漂浮物,4,有漂浮物,,,,,,,1.3127452834493457e-06,1.7583757208624513e-06,1.1415868772945912e-06,2.1714961421974767e-05,0.9999707141065791,3.3582241174017134e-06
01072.jpg,3,4,有漂浮物,4,有漂浮物,,,,,,,1.3841844716283983e-05,2.721098607630443e-05,1.726145956291794e-05,3.454043718805057e-06,0.9999017307684014,3.650089752418505e-05
01078.jpg,3,4,有漂浮物,4,有漂浮物,,,,,,,0.000223252860217765,4.3022994538285414e-05,0.00017251825975239787,2.280423361909502e-05,0.9990454404287289,0.0004929612231435287
01082.jpg,3,4,有漂浮物,4,有漂浮物,,,,,,,6.543285717235323e-05,0.00013418161373868792,0.00020924783456112238,7.455525464903961e-05,0.9965942399663461,0.002922342473532704
01086.jpg,3,5,正常,4,有漂浮物,,,,,,,7.459222173332848e-06,4.19407927600976e-05,6.663986380337812e-05,1.9444041516126347e-06,0.9998418399354065,4.01757817050969e-05
01089.jpg,3,4,有漂浮物,4,有漂浮物,,,,,,,4.477236009670533e-05,9.580605010334225e-06,0.00048136854967213797,6.199000119155843e-05,0.9993798685236982,2.2419960331091565e-05
01090.jpg,3,4,有漂浮物,4,有漂浮物,,,,,,,0.00015285521208105283,2.083946245345053e-05,0.0003732330485148031,3.732402571185685e-05,0.9992995729868678,0.0001161752643711297
01094.jpg,3,4,有漂浮物,4,有漂浮物,,,,,,,6.476749109615028e-05,9.336716310265575e-06,6.723336129755355e-05,2.2277999459656436e-06,0.999849094751985,7.339879365061497e-06
01099.jpg,3,4,有漂浮物,4,有漂浮物,,,,,,,2.4769613997466964e-05,1.7625634898771094e-05,0.00013566961118700104,1.1342691976702766e-05,0.9998047742838413,5.818164098946838e-06
01105.jpg,3,4,有漂浮物,4,有漂浮物,,,,,,,1.5734265845528888e-05,3.790117742311283e-05,0.00030911946929461636,1.545571638929133e-05,0.999613650230128,8.139140919370417e-06
01111.jpg,3,4,有漂浮物,4,有漂浮物,,,,,,,0.00016105641594800252,9.55308814020928e-05,0.0003452215419583333,0.000839432327805269,0.998497961288069,6.079754481715745e-05
01117.jpg,3,4,有漂浮物,4,有漂浮物,,,,,,,4.037081782460072e-05,1.3247023229894776e-05,0.0001878555653012042,6.463295109093505e-06,0.9995710698572359,0.00018099344129934796
01124.jpg,3,4,有漂浮物,4,有漂浮物,,,,,,,1.3202855178942982e-05,0.0002895143241500385,0.00022542672904647765,0.00020398266146044202,0.9992530919250576,1.4781505106436033e-05
01130.jpg,3,4,有漂浮物,4,有漂浮物,,,,,,,2.1875227496293562e-05,5.821161789246397e-05,2.8738056450911804e-05,3.007093287855962e-05,0.9998455856657967,1.5518499484984196e-05
01131.jpg,3,4,有漂浮物,4,有漂浮物,,,,,,,0.0002939758391629868,0.0002810730327767368,0.00024038523257007078,0.0005563471437457825,0.9983934797710148,0.0002347389807296042
01135.jpg,3,4,有漂浮物,4,有漂浮物,,,,,,,5.8328412633625403e-05,2.6150658590797548e-05,0.00044956843092208877,8.980566787156251e-05,0.9993449352187493,3.121161123242496e-05
01140.jpg,3,4,有漂浮物,4,有漂浮物,,,,,,,5.524308276888945e-05,2.272107322162269e-05,0.000535547787230561,4.451119632632834e-05,0.9992648817787396,7.709508171287612e-05
01144.jpg,3,4,有漂浮物,4,有漂浮物,,,,,,,1.745973761974174e-06,1.6528577564541051e-06,4.65075914988722e-06,1.69289322778614e-07,0.9999865331501483,5.247969860604649e-06
01151.jpg,3,4,有漂浮物,4,有漂浮物,,,,,,,3.0375851698092403e-06,6.979350044515365e-06,9.632067452326788e-06,5.508546689217253e-07,0.9999531200574171,2.6680085247179763e-05
01152.jpg,3,4,有漂浮物,4,有漂浮物,,,,,,,5.299143167081369e-06,1.4153972641984205e-05,8.9228851294008e-06,3.9012552168210575e-07,0.9999572308403294,1.4003033210587354e-05
01156.jpg,3,4,有漂浮物,4,有漂浮物,,,,,,,3.4103654027485976e-06,7.480699339806066e-06,1.068551679371288e-05,5.070077209654213e-07,0.9999550957991571,2.2820611585570976e-05
01158.jpg,3,4,有漂浮物,4,有漂浮物,,,,,,,2.27253752194728e-06,5.2842958626780185e-06,6.129983025677973e-06,7.67205759934513e-07,0.9999732829406109,1.2263037218720237e-05
01162.jpg,3,4,有漂浮物,4,有漂浮物,,,,,,,9.706023662071648e-06,3.83724588184911e-06,9.498797755756409e-06,1.3188169797199467e-06,0.9999633084924655,1.2330623255139422e-05
01166.jpg,3,4,有漂浮物,4,有漂浮物,,,,,,,1.1136915746354148e-05,1.1613299371547369e-05,1.8695332700307476e-05,2.7103078191473048e-06,0.9999356367147818,2.0207429580926398e-05
01170.jpg,3,4,有漂浮物,4,有漂浮物,,,,,,,3.5623800613616894e-06,6.337068525044401e-06,5.555255984610562e-06,2.722850513406269e-07,0.999972885327526,1.138768285154045e-05
01175.jpg,3,4,有漂浮物,4,有漂浮物,,,,,,,5.815175529158846e-06,3.321428636858349e-05,1.8205954445947941e-06,1.3791241288186321e-05,0.9999392267568038,6.131944565577877e-06
01179.jpg,3,4,有漂浮物,4,有漂浮物,,,,,,,1.5777337518714598e-05,1.3194054797936446e-05,3.0544045502328537e-06,8.681005948493758e-06,0.9999487101018686,1.058309531586377e-05
01184.jpg,3,4,有漂浮物,4,有漂浮物,,,,,,,0.0003769912454621496,0.0001436726679779588,3.029047039414557e-06,0.0015546124309743499,0.9978147242400787,0.00010697036846735748
01188.jpg,3,4,有漂浮物,4,有漂浮物,,,,,,,1.946356986928558e-05,1.433248869254836e-06,3.802443284786981e-07,3.061296341976256e-06,0.9999756354357696,2.620482124134621e-08
01192.jpg,3,4,有漂浮物,4,有漂浮物,,,,,,,2.7534166945333294e-05,6.304056618515854e-07,1.0336220984222967e-07,8.733919954647394e-06,0.9999629812110945,1.6934133837888013e-08
01196.jpg,3,4,有漂浮物,4,有漂浮物,,,,,,,0.0002047717033437328,1.718860461588293e-06,1.453538720026777e-07,2.7453771329486823e-05,0.9997657146980125,1.956129807184923e-07
01198.jpg,3,4,有漂浮物,4,有漂浮物,,,,,,,0.000399483563412277,1.0701957661418466e-05,1.1493344471975057e-06,1.7261057756251106e-05,0.999571061671185,3.4241553787034565e-07
01202.jpg,3,4,有漂浮物,4,有漂浮物,,,,,,,3.427191568304634e-05,2.55673993852076e-06,5.849976096314847e-07,8.719870925253789e-05,0.9998751024149741,2.8522254216420456e-07
01206.jpg,3,4,有漂浮物,4,有漂浮物,,,,,,,4.465774895158038e-05,5.0182106503752415e-06,1.9233586362202107e-07,6.303395462167609e-05,0.9998869058438331,1.9190607956780898e-07
01212.jpg,3,4,有漂浮物,4,有漂浮物,,,,,,,6.360886157014596e-05,0.00011973184169537984,2.097749882760509e-06,1.7546428619060845e-05,0.999790507159069,6.507959163575581e-06
01218.jpg,3,4,有漂浮物,4,有漂浮物,,,,,,,1.1053606901433298e-05,9.324935867238468e-06,6.162390301283727e-06,1.2739656379452938e-05,0.9999564332800787,4.2861304720455474e-06
01224.jpg,3,4,有漂浮物,4,有漂浮物,,,,,,,0.00039073630778832335,3.454610327173424e-05,0.00040980757797492003,2.5656570517533257e-05,0.9991239143980198,1.5339042427513224e-05
01231.jpg,3,4,有漂浮物,4,有漂浮物,,,,,,,0.00011263974174872528,3.702511476085619e-05,0.00018207266027279445,4.404614729947605e-05,0.9995834201019747,4.079623394349179e-05
01233.jpg,3,4,有漂浮物,4,有漂浮物,,,,,,,0.00020711553510504321,3.883569921700765e-05,0.00028898648941578424,3.920370124348808e-05,0.9993709309695717,5.492760544675442e-05
01238.jpg,3,4,有漂浮物,4,有漂浮物,,,,,,,6.461161751105182e-05,0.00014608823301655205,0.0002910369642844237,0.00011476374278874162,0.9993271622961503,5.6337146248825495e-05
01242.jpg,3,4,有漂浮物,4,有漂浮物,,,,,,,0.0010422849220073328,0.0007305858906977179,0.002561540926688797,0.00017629243374105868,0.9953065193777212,0.0001827764491437829
02046.jpg,3,3,乱占,3,乱占,,,,,,,0.00625269028970017,0.0010448280901309832,0.0032043147740187816,0.9786144214321564,0.010687529865011265,0.0001962155489826659
02051.jpg,3,3,乱占,3,乱占,,,,,,,0.0007396536956080792,2.7989772725981735e-05,5.35392685662094e-05,0.9987519507530879,0.0003357603765788233,9.110613343317622e-05
02052.jpg,3,0,乱采,0,乱采,,,,,,,0.9948173871577697,1.2434056853242778e-05,0.0020989681287122463,0.0001719659825396804,0.0028842512747193944,1.4993399405859249e-05
02058.jpg,3,3,乱占,3,乱占,,,,,,,0.0037540262050379373,0.00023843478979531266,0.0010844244222266647,0.9839831323297051,0.008080493899365389,0.00285948835386954
02062.jpg,3,3,乱占,4,有漂浮物,,,,,,,1.4863347892155655e-05,0.00042811636161584255,1.66231720875172e-06,0.018985282552503775,0.9805647267388862,5.34868189318814e-06
02066.jpg,3,0,乱采,0,乱采,,,,,,,0.9979967344709891,6.523839184583897e-05,0.0007339972527561572,0.0002804881488662823,0.0007294642156333231,0.00019407751990933297
02070.jpg,3,0,乱采,0,乱采,,,,,,,0.9955441707870143,2.1243324247496372e-05,3.389741678439859e-05,0.004239049337498468,6.147629750135293e-05,0.00010016283695422597
02074.jpg,3,3,乱占,3,乱占,,,,,,,0.00012256488349874349,0.0005215222109497894,0.00021849078615147172,0.9423389213913475,0.05640500803978302,0.00039349268826944166
02078.jpg,3,3,乱占,3,乱占,,,,,,,0.004291568513979655,6.058074493307589e-05,9.893730275260743e-05,0.9082789973271922,0.08679604678196487,0.00047386932917767885
02082.jpg,3,3,乱占,3,乱占,,,,,,,0.0024797911489102963,0.001543891256383411,0.004141115565388517,0.8055817012497177,0.1715507448237132,0.014702755955886845
02084.jpg,3,3,乱占,3,乱占,,,,,,,0.002977854221564068,0.001787939971365756,0.035853808647148704,0.9573609175825807,0.0017077643711299456,0.0003117152062110025
02089.jpg,3,3,乱占,4,有漂浮物,,,,,,,0.0002716865624784242,0.0005423177509649095,1.1257463949713594e-06,0.0013184845319246267,0.9978624297504054,3.955657831680717e-06
02093.jpg,3,0,乱采,0,乱采,,,,,,,0.9216682256436335,0.0028094855532042012,0.015414288053029766,0.023896225027000093,0.03525529772320997,0.0009564779999226361
02097.jpg,3,2,乱堆,2,乱堆,,,,,,,0.00010015907021536117,3.424032943117717e-05,0.9986928504677713,1.9228901054442325e-05,0.0009388404997256928,0.00021468073180190095
02103.jpg,3,2,乱堆,2,乱堆,,,,,,,0.003026256144127802,0.000250984699794365,0.9701696888394801,0.001969849023776776,0.006488506345652095,0.018094714947168692
02107.jpg,3,2,乱堆,2,乱堆,,,,,,,0.001865679105823555,0.0001005948425446424,0.9880406023536816,0.00035390970088391657,0.0002187922841424064,0.009420421712923654
02109.jpg,3,2,乱堆,2,乱堆,,,,,,,0.0010033659304298141,7.943194764140956e-05,0.9832452636856817,0.0001840059425237242,0.00037011608491763063,0.0151178164088059
02113.jpg,3,3,乱占,3,乱占,,,,,,,3.286834934480904e-05,2.700764445524065e-06,8.351050474295442e-07,0.9999494900728033,1.0777612706014716e-05,3.328095652869513e-06
02117.jpg,3,3,乱占,3,乱占,,,,,,,0.0003270540990004286,2.6911048262209605e-05,4.798012253414962e-06,0.9941731664889553,0.005427300974336002,4.0769377192759254e-05
02122.jpg,3,2,乱堆,2,乱堆,,,,,,,0.12822146199515072,0.0022560441596820896,0.6381494801129911,0.033583495199806336,0.19109374521694353,0.006695773315426186
02126.jpg,3,0,乱采,0,乱采,,,,,,,0.9877344414077938,0.00015092988834196813,0.006462674355546807,4.448757004357267e-05,0.005331850550113001,0.0002756162281609095
02128.jpg,3,3,乱占,3,乱占,,,,,,,0.015584212223737586,0.0025144224226482026,0.014140797502538532,0.8635065061171728,0.10228250554558874,0.001971556188314019
02133.jpg,3,3,乱占,3,乱占,,,,,,,0.0001228958819900732,6.112213474749918e-05,7.543042240406123e-05,0.9996351497241095,7.687767421860342e-05,2.8524162530268862e-05
02137.jpg,3,3,乱占,3,乱占,,,,,,,0.003153099089728039,0.00012675549976820885,9.167691148120285e-05,0.9195158135194815,0.07654693114032203,0.0005657238392191681
02141.jpg,3,2,乱堆,2,乱堆,,,,,,,0.0003942838194902285,2.3971757253735427e-05,0.9827650593249164,2.0685166378085923e-06,0.016794956201499067,1.966038020293358e-05
02145.jpg,3,3,乱占,3,乱占,,,,,,,0.0003755015752879829,0.00030118291497894866,0.0005265036721662605,0.997174315554222,0.0010962235185932485,0.0005262727647515372
02149.jpg,3,3,乱占,3,乱占,,,,,,,0.0027569103235832145,0.0003409061692753369,0.0001979535287334561,0.9950552507192839,0.0014392406816453678,0.0002097385774788731
02489.jpg,3,1,乱建,4,有漂浮物,,,,,,,0.0003460424675001326,0.39599656238716463,0.010514945838857185,0.0035831756494095284,0.5796481325525012,0.009911141104567268
