filename,fold,true_label_id,true_label,pred_label_id,pred_label,logit_乱采,logit_乱建,logit_乱堆,logit_乱占,logit_有漂浮物,logit_正常,prob_乱采,prob_乱建,prob_乱堆,prob_乱占,prob_有漂浮物,prob_正常,threshold_pred_label_id,threshold_pred_label
00000.jpg,0,4,有漂浮物,4,有漂浮物,-3.662109375,-3.265625,-2.802734375,-3.173828125,4.53125,-2.64453125,0.00027577864238992333,0.0004099695652257651,0.0006513021071441472,0.0004493849410209805,0.9974506497383118,0.0007629379397258162,4,有漂浮物
00006.jpg,0,4,有漂浮物,4,有漂浮物,-6.4921875,-3.62109375,-7.2578125,-1.84765625,6.9921875,-2.93359375,1.3922417565481737e-06,2.458186645526439e-05,6.474526230704214e-07,0.0001448134717065841,0.9997797608375549,4.888687908533029e-05,4,有漂浮物
00008.jpg,0,4,有漂浮物,4,有漂浮物,-4.26953125,-3.328125,-3.806640625,-1.48828125,3.67578125,-2.375,0.00035084577393718064,0.0008994226227514446,0.0005573745002038777,0.005662363953888416,0.9901970624923706,0.0023329248651862144,4,有漂浮物
00011.jpg,0,4,有漂浮物,4,有漂浮物,-6.4765625,-4.3515625,-5.55859375,-2.517578125,6.68359375,-4.28515625,1.9255533061368624e-06,1.61224597832188e-05,4.821967195312027e-06,0.00010090683645103127,0.9998589754104614,1.7229438526555896e-05,4,有漂浮物
00015.jpg,0,4,有漂浮物,4,有漂浮物,-5.546875,-4.49609375,-7.2578125,-2.517578125,7.60546875,-2.087890625,1.940716174431145e-06,5.550224159378558e-06,3.506802102037909e-07,4.013921716250479e-05,0.9998902082443237,6.168503750814125e-05,4,有漂浮物
00017.jpg,0,4,有漂浮物,4,有漂浮物,-4.41796875,-1.501953125,-7.2265625,-1.9814453125,4.72265625,-2.353515625,0.00010677562386263162,0.001971885096281767,6.437471711251419e-06,0.0012207895051687956,0.9958527088165283,0.0008414972689934075,4,有漂浮物
00021.jpg,0,4,有漂浮物,4,有漂浮物,-3.306640625,-2.30078125,-2.26171875,-1.0068359375,3.318359375,-1.05078125,0.0012823843862861395,0.0035063670948147774,0.0036460449919104576,0.012788237072527409,0.9665384888648987,0.012238423340022564,4,有漂浮物
00025.jpg,0,4,有漂浮物,4,有漂浮物,-4.44140625,-1.49609375,-5.91796875,-1.06640625,4.0546875,-1.28515625,0.00020126556046307087,0.003827387699857354,4.5973389205755666e-05,0.005881842225790024,0.9853172898292542,0.004726192448288202,4,有漂浮物
00026.jpg,0,4,有漂浮物,4,有漂浮物,-4.671875,-1.51171875,-5.68359375,-0.65087890625,3.58984375,-2.111328125,0.0002521189453545958,0.005943522322922945,9.166881500277668e-05,0.014057298190891743,0.9763922691345215,0.0032631484791636467,4,有漂浮物
00031.jpg,0,4,有漂浮物,4,有漂浮物,-6.359375,-2.51953125,-4.69140625,-0.9970703125,4.859375,-1.208984375,1.3341676094569266e-05,0.0006206308607943356,7.072940934449434e-05,0.0028446558862924576,0.9941493272781372,0.0023014238104224205,4,有漂浮物
00035.jpg,0,4,有漂浮物,4,有漂浮物,-3.732421875,-5.2578125,-4.81640625,-3.3125,5.8359375,-2.240234375,6.986922380747274e-05,1.5199076187855098e-05,2.3632925149286166e-05,0.00010632996418280527,0.9994742274284363,0.00031069532269611955,4,有漂浮物
00039.jpg,0,4,有漂浮物,4,有漂浮物,-4.359375,-2.486328125,-5.59375,-1.0576171875,4.5859375,-3.015625,0.0001296909322263673,0.0008440410601906478,3.7742211134172976e-05,0.0035224498715251684,0.994968831539154,0.0004971561720594764,4,有漂浮物
00043.jpg,0,4,有漂浮物,4,有漂浮物,-5.74609375,-5.26953125,-5.19921875,-4.46875,6.56640625,-3.896484375,4.494912900554482e-06,7.2391862886433955e-06,7.766512680973392e-06,1.6123696696013212e-05,0.9999357461929321,2.8575670512509532e-05,4,有漂浮物
00048.jpg,0,4,有漂浮物,4,有漂浮物,-5.8671875,-4.77734375,-5.6953125,-1.404296875,5.7578125,-3.5078125,8.931592674343847e-06,2.656085416674614e-05,1.0606529031065293e-05,0.0007747073541395366,0.9990845918655396,9.453496022615582e-05,4,有漂浮物
00052.jpg,0,4,有漂浮物,4,有漂浮物,-5.29296875,-5.5625,-6.2265625,-3.275390625,7.46875,-4.44921875,2.868408500944497e-06,2.1907108020968735e-06,1.1276813438598765e-06,2.1570689568761736e-05,0.9999655485153198,6.6692496147879865e-06,4,有漂浮物
00056.jpg,0,4,有漂浮物,4,有漂浮物,-3.912109375,-3.17578125,-3.8359375,-2.47265625,6.06640625,-3.0390625,4.636268931790255e-05,9.681704977992922e-05,5.003219848731533e-05,0.00019557580526452512,0.9995001554489136,0.00011100129631813616,4,有漂浮物
00061.jpg,0,4,有漂浮物,4,有漂浮物,-6.12109375,-6.8125,-6.66796875,-2.833984375,6.7578125,-4.3515625,2.5510771592962556e-06,1.2777611573255854e-06,1.476450279369601e-06,6.828056211816147e-05,0.9999114274978638,1.4969981748436112e-05,4,有漂浮物
00066.jpg,0,4,有漂浮物,4,有漂浮物,-4.296875,-5.43359375,-4.5546875,-3.353515625,5.19140625,-2.439453125,7.567072316305712e-05,2.428047446301207e-05,5.84737972531002e-05,0.00019436748698353767,0.9991623163223267,0.0004848371900152415,4,有漂浮物
00071.jpg,0,4,有漂浮物,4,有漂浮物,-3.607421875,-3.89453125,-3.81640625,-0.1373291015625,4.06640625,-1.8525390625,0.00045624905033037066,0.00034238281659781933,0.0003702040994539857,0.01466371864080429,0.9815291166305542,0.0026383833028376102,4,有漂浮物
00072.jpg,0,4,有漂浮物,4,有漂浮物,-3.080078125,-2.91796875,-3.111328125,-2.6015625,5.85546875,-2.857421875,0.0001315218542004004,0.00015466823242604733,0.00012747534492518753,0.00021223383373580873,0.9992096424102783,0.00016432222037110478,4,有漂浮物
00077.jpg,0,4,有漂浮物,4,有漂浮物,-4.33203125,-3.88671875,-4.546875,-1.548828125,3.486328125,-1.5419921875,0.0003965666692238301,0.0006190318381413817,0.0003198974300175905,0.0064127747900784016,0.9857949018478394,0.0064567625522613525,4,有漂浮物
00081.jpg,0,4,有漂浮物,4,有漂浮物,-2.79296875,-5.140625,-4.1640625,-4.109375,6.625,-3.03125,8.123502630041912e-05,7.765494956402108e-06,2.061981831502635e-05,2.1778871087008156e-05,0.999804675579071,6.401165592251346e-05,4,有漂浮物
00086.jpg,0,4,有漂浮物,4,有漂浮物,-6.21484375,-6.046875,-5.85546875,0.6416015625,2.166015625,-2.03515625,0.0001858148316387087,0.00021980029123369604,0.00026616748073138297,0.1765211522579193,0.8106648921966553,0.012142149731516838,3,乱占
00090.jpg,0,4,有漂浮物,4,有漂浮物,-6.47265625,-2.931640625,-4.6171875,-3.2109375,6.89453125,-3.21484375,1.5654541130061261e-06,5.401120870374143e-05,1.0010601727117319e-05,4.084950342075899e-05,0.9998528957366943,4.0690247260499746e-05,4,有漂浮物
00094.jpg,0,4,有漂浮物,4,有漂浮物,-6.96875,-4.71875,-5.5,-1.888671875,7.1171875,-1.982421875,7.62866250170191e-07,7.237873433041386e-06,3.3137396258098306e-06,0.00012265867553651333,0.9997543692588806,0.00011168199853273109,4,有漂浮物
00095.jpg,0,4,有漂浮物,4,有漂浮物,-5.2421875,-3.060546875,-4.5859375,-3.134765625,6.26171875,-2.96484375,1.008757135423366e-05,8.938426617532969e-05,1.944430186995305e-05,8.299048204207793e-05,0.9996998310089111,9.83613426797092e-05,4,有漂浮物
00100.jpg,0,5,正常,4,有漂浮物,-5.83203125,-4.28515625,-4.2265625,-2.115234375,6.09375,-2.31640625,6.613837285840418e-06,3.106367148575373e-05,3.2938190997811034e-05,0.0002720432239584625,0.9994348883628845,0.00022246928710956126,4,有漂浮物
00104.jpg,0,4,有漂浮物,4,有漂浮物,-6.16796875,-4.859375,-3.853515625,-3.97265625,5.67578125,-1.6884765625,7.177538009273121e-06,2.6563822757452726e-05,7.263229053933173e-05,6.44744504825212e-05,0.9991962313652039,0.0006329861935228109,4,有漂浮物
00108.jpg,0,4,有漂浮物,4,有漂浮物,-6.7578125,-3.37109375,-5.0703125,-3.291015625,6.69921875,-2.5390625,1.4308731124401675e-06,4.230915874359198e-05,7.735226972727105e-06,4.5836542994948104e-05,0.9998055100440979,9.722567483549938e-05,4,有漂浮物
00113.jpg,0,4,有漂浮物,4,有漂浮物,-3.345703125,-3.556640625,-3.697265625,-2.111328125,3.41796875,-0.029876708984375,0.0011119631817564368,0.000900495273526758,0.0007823638152331114,0.0038209615740925074,0.962755024433136,0.030629189684987068,4,有漂浮物
00115.jpg,0,4,有漂浮物,4,有漂浮物,-5.48046875,-4.48828125,-5.890625,-1.9248046875,4.5546875,-2.3984375,4.37143535236828e-05,0.00011790320422733203,2.900650906667579e-05,0.0015304859261959791,0.9973257780075073,0.0009530885145068169,4,有漂浮物
00120.jpg,0,4,有漂浮物,4,有漂浮物,-5.1328125,-4.06640625,-6.125,-2.537109375,6.95703125,-3.3984375,5.61552860744996e-06,1.6312667867168784e-05,2.0820400550292106e-06,7.528183050453663e-05,0.9998688697814941,3.181413558195345e-05,4,有漂浮物
00125.jpg,0,4,有漂浮物,4,有漂浮物,-2.474609375,-3.24609375,-4.125,-1.2861328125,1.5419921875,-2.287109375,0.016219353303313255,0.007498633582144976,0.0031137089245021343,0.05323317274451256,0.9003708958625793,0.019564276561141014,4,有漂浮物
00132.jpg,0,4,有漂浮物,4,有漂浮物,-6.3515625,-1.9326171875,-4.33984375,-3.265625,6.5078125,-2.01953125,2.6003415314335143e-06,0.00021585093054454774,1.9440558389760554e-05,5.691621481673792e-05,0.9995073080062866,0.00019788261852227151,4,有漂浮物
00136.jpg,0,4,有漂浮物,4,有漂浮物,-5.59765625,-4.7578125,-4.8046875,-2.8984375,6.7734375,-4.39453125,4.238952897139825e-06,9.817436875891872e-06,9.367863640363794e-06,6.302522524492815e-05,0.9998995065689087,1.4117868886387441e-05,4,有漂浮物
00137.jpg,0,4,有漂浮物,4,有漂浮物,-3.09765625,-3.021484375,-3.82421875,-2.529296875,3.2421875,-1.1669921875,0.0017303134081885219,0.001867264392785728,0.0008367249392904341,0.003054640721529722,0.980582058429718,0.011928930878639221,4,有漂浮物
00141.jpg,0,4,有漂浮物,4,有漂浮物,-5.703125,-5.921875,-5.19140625,-2.935546875,6.83203125,-4.2109375,3.5976058825326618e-06,2.8907575142511632e-06,6.001367637509247e-06,5.727399548050016e-05,0.999914288520813,1.5997877198969945e-05,4,有漂浮物
00146.jpg,0,4,有漂浮物,4,有漂浮物,-5.8671875,-4.1640625,-5.75390625,-3.84765625,7.81640625,-2.7890625,1.140965423473972e-06,6.265132469707169e-06,1.2778206155417138e-06,8.596936822868884e-06,0.9999579191207886,2.4779079467407428e-05,4,有漂浮物
00151.jpg,0,4,有漂浮物,4,有漂浮物,-5.390625,-5.68359375,-5.22265625,-3.12109375,6.921875,-2.46875,4.494571840041317e-06,3.3531550798215903e-06,5.316627721185796e-06,4.34843786933925e-05,0.9998599290847778,8.349154813913628e-05,4,有漂浮物
00156.jpg,0,4,有漂浮物,4,有漂浮物,-6.87890625,-4.578125,-6.296875,-3.013671875,7.7578125,-2.90625,4.3987787989863136e-07,4.390851245261729e-06,7.872362175476155e-07,2.0988532924093306e-05,0.9999500513076782,2.3368713300442323e-05,4,有漂浮物
00157.jpg,0,4,有漂浮物,4,有漂浮物,-0.84423828125,-1.5830078125,-3.8125,-1.3271484375,4.046875,0.39453125,0.007209851406514645,0.003444155678153038,0.00037053273990750313,0.004448371939361095,0.9596432447433472,0.024883821606636047,4,有漂浮物
00163.jpg,0,4,有漂浮物,4,有漂浮物,-6.55078125,-1.6376953125,-5.0703125,-2.01953125,6.859375,-2.52734375,1.4991812804510118e-06,0.00020397656771820039,6.588909855054226e-06,0.00013923582446295768,0.9995649456977844,8.379360951948911e-05,4,有漂浮物
00168.jpg,0,4,有漂浮物,4,有漂浮物,-6.27734375,-6.3203125,-6.484375,-2.9921875,8.53125,-3.595703125,3.704267612647527e-07,3.54847088601673e-07,3.0115481308712333e-07,9.895268703985494e-06,0.9999836683273315,5.4115798775455914e-06,4,有漂浮物
00173.jpg,0,4,有漂浮物,4,有漂浮物,-6.28125,-3.76953125,-3.080078125,-2.509765625,6.1171875,-1.994140625,4.122408881812589e-06,5.08132106915582e-05,0.00010125170229002833,0.0001790959940990433,0.9993647933006287,0.0002999293792527169,4,有漂浮物
00178.jpg,0,4,有漂浮物,4,有漂浮物,-2.55859375,-3.677734375,-4.3046875,-3.044921875,5.24609375,-1.15625,0.0004067934351041913,0.00013284260057844222,7.096677290974185e-05,0.00025012914557009935,0.9974856376647949,0.0016534995520487428,4,有漂浮物
00182.jpg,0,4,有漂浮物,4,有漂浮物,-3.98828125,-4.67578125,-6.265625,-3.0078125,5.0234375,-0.9697265625,0.00012160518963355571,6.114692951086909e-05,1.2471372428990435e-05,0.00032416361500509083,0.9969923496246338,0.0024882482830435038,4,有漂浮物
00187.jpg,0,4,有漂浮物,4,有漂浮物,-4.96875,-2.513671875,-2.89453125,-2.49609375,4.46484375,-2.85546875,7.973141327966005e-05,0.000928659166675061,0.0006345286383293569,0.0009451275691390038,0.996752142906189,0.000659805373288691,4,有漂浮物
00191.jpg,0,4,有漂浮物,4,有漂浮物,-5.4453125,-4.2265625,-4.23046875,-3.724609375,6.74609375,-3.49609375,5.073348347650608e-06,1.716291626507882e-05,1.7096004739869386e-05,2.8352184017421678e-05,0.9998966455459595,3.563113205018453e-05,4,有漂浮物
00195.jpg,0,4,有漂浮物,4,有漂浮物,-4.25,-4.8828125,-5.00390625,-2.73046875,5.9453125,-2.736328125,3.732946788659319e-05,1.9825531126116402e-05,1.7564447261975147e-05,0.00017059875244740397,0.9995850920677185,0.00016960206266958266,4,有漂浮物
00200.jpg,0,4,有漂浮物,4,有漂浮物,-5.328125,-2.556640625,-4.5,-2.796875,6.51953125,-2.259765625,7.152576472435612e-06,0.00011431490565882996,1.6372410755138844e-05,8.990221977001056e-05,0.999618411064148,0.0001538275246275589,4,有漂浮物
00204.jpg,0,4,有漂浮物,4,有漂浮物,-3.271484375,-4.0078125,-2.880859375,-2.95703125,2.884765625,-2.013671875,0.0020855055190622807,0.0009986840886995196,0.0030821773689240217,0.0028561209328472614,0.9836412668228149,0.00733622070401907,4,有漂浮物
00209.jpg,0,4,有漂浮物,4,有漂浮物,-6.0859375,-2.74609375,-4.1796875,-0.9130859375,5.5859375,-2.435546875,8.512180102115963e-06,0.0002401687524979934,5.726834569941275e-05,0.0015016947872936726,0.9978647828102112,0.0003276312490925193,4,有漂浮物
00211.jpg,0,4,有漂浮物,4,有漂浮物,-3.04296875,-2.984375,-4.00390625,-3.587890625,4.4375,-2.478515625,0.0005624762270599604,0.0005964184529148042,0.00021516633569262922,0.0003261726815253496,0.9973106384277344,0.0009891064837574959,4,有漂浮物
00218.jpg,0,4,有漂浮物,4,有漂浮物,-5.01953125,-2.02734375,-3.423828125,-2.82421875,6.83984375,-1.744140625,7.06888113199966e-06,0.0001408773532602936,3.4862274333136156e-05,6.349839532049373e-05,0.9995667338371277,0.00018699704378377646,4,有漂浮物
00223.jpg,0,4,有漂浮物,4,有漂浮物,-4.46484375,-3.150390625,-3.40625,-3.76171875,5.83203125,-3.546875,3.372456194483675e-05,0.00012554691056720912,9.72048073890619e-05,6.812548235757276e-05,0.9995909333229065,8.44530004542321e-05,4,有漂浮物
00227.jpg,0,4,有漂浮物,4,有漂浮物,-4.38671875,-5.29296875,-6.40234375,-3.083984375,6.9453125,-4.453125,1.1982000614807475e-05,4.8411661737191025e-06,1.59644707764528e-06,4.408590029925108e-05,0.9999263286590576,1.1212165190954693e-05,4,有漂浮物
00231.jpg,0,4,有漂浮物,4,有漂浮物,-5.0078125,-1.2890625,-4.72265625,-3.740234375,4.67578125,-3.0703125,6.2088220147416e-05,0.002558831823989749,8.257545414380729e-05,0.00022055217414163053,0.9966450333595276,0.00043097761226817966,4,有漂浮物
00444.jpg,0,4,有漂浮物,4,有漂浮物,-3.853515625,-8.0859375,-5.55859375,-1.35546875,4.3359375,-5.01953125,0.00027651668642647564,4.014244950667489e-06,5.025917198508978e-05,0.0033620898611843586,0.9962208867073059,8.616426930529997e-05,4,有漂浮物
00456.jpg,0,4,有漂浮物,4,有漂浮物,-2.59765625,-8.28125,-6.1484375,-2.248046875,4.9296875,-5.59375,0.0005374425672926009,1.8280104541190667e-06,1.542578866065014e-05,0.0007623694837093353,0.9986560344696045,2.6862417144002393e-05,4,有漂浮物
00469.jpg,0,4,有漂浮物,4,有漂浮物,-3.154296875,-7.328125,-5.875,-2.703125,5.953125,-4.5390625,0.00011080446711275727,1.705637600935006e-06,7.294086572073866e-06,0.00017397977353539318,0.9996784925460815,2.774349741230253e-05,4,有漂浮物
00474.jpg,0,4,有漂浮物,4,有漂浮物,-5.203125,-7.91796875,-6.109375,-2.32421875,5.75,-5.18359375,1.7497019143775105e-05,1.158570285042515e-06,7.069434559525689e-06,0.00031135595054365695,0.9996449947357178,1.7842115994426422e-05,4,有漂浮物
00475.jpg,0,4,有漂浮物,4,有漂浮物,-4.14453125,-7.08984375,-5.265625,-2.8984375,5.69140625,-4.61328125,5.3478506742976606e-05,2.812200591506553e-06,1.742988206387963e-05,0.00018593062122818083,0.9997068047523499,3.346599260112271e-05,4,有漂浮物
00477.jpg,0,4,有漂浮物,4,有漂浮物,-4.42578125,-5.78125,-4.984375,-3.412109375,4.95703125,-4.41796875,8.4118582890369e-05,2.1687990738428198e-05,4.811691178474575e-05,0.00023180565040092915,0.9995294809341431,8.477833034703508e-05,4,有漂浮物
00483.jpg,0,4,有漂浮物,4,有漂浮物,-4.45703125,-7.93359375,-6.046875,-2.59765625,5.46484375,-5.12890625,4.906936010229401e-05,1.5169055131991627e-06,1.000806332740467e-05,0.0003150117117911577,0.9995993971824646,2.5062177883228287e-05,4,有漂浮物
00489.jpg,0,4,有漂浮物,4,有漂浮物,-3.142578125,-6.8515625,-5.6015625,-1.94140625,5.0390625,-4.07421875,0.0002793653402477503,6.84511996951187e-06,2.3891816454124637e-05,0.0009286131244152784,0.9986513257026672,0.00011004394036717713,4,有漂浮物
00494.jpg,0,4,有漂浮物,4,有漂浮物,-4.19921875,-4.81640625,-2.658203125,-2.861328125,2.91796875,-3.087890625,0.0008025449933484197,0.0004329405492171645,0.003747347742319107,0.003058495931327343,0.9895201921463013,0.0024384455755352974,4,有漂浮物
00498.jpg,0,4,有漂浮物,4,有漂浮物,-0.86669921875,-7.23828125,-3.44140625,-2.263671875,1.5966796875,-4.81640625,0.0764005035161972,0.00013060304627288133,0.005819895304739475,0.018897254019975662,0.897280216217041,0.0014715000288560987,4,有漂浮物
00502.jpg,0,4,有漂浮物,4,有漂浮物,-6.85546875,-3.845703125,-6.8046875,-4.3671875,7.7421875,-4.63671875,4.5741438725599437e-07,9.277573553845286e-06,4.812422957911622e-07,5.507526566361776e-06,0.999980092048645,4.206304311082931e-06,4,有漂浮物
00507.jpg,0,4,有漂浮物,4,有漂浮物,-4.9453125,-3.056640625,-5.78515625,-2.63671875,6.2421875,-3.83203125,1.3842141925124452e-05,9.150462574325502e-05,5.976731699774973e-06,0.00013925564417149872,0.9997071623802185,4.2140065488638356e-05,4,有漂浮物
00511.jpg,0,4,有漂浮物,4,有漂浮物,-5.96484375,-2.607421875,-6.03515625,-3.986328125,7.01171875,-4.01953125,2.3136913114285562e-06,6.643779488513246e-05,2.1565974748227745e-06,1.6732616131776012e-05,0.9998961687088013,1.618616261112038e-05,4,有漂浮物
00516.jpg,0,4,有漂浮物,4,有漂浮物,-5.19921875,-2.68359375,-5.4921875,-3.416015625,6.609375,-4.7578125,7.439144610543735e-06,9.205450623994693e-05,5.549940397031605e-06,4.425458610057831e-05,0.9998390674591064,1.1567068213480525e-05,4,有漂浮物
00520.jpg,0,4,有漂浮物,4,有漂浮物,-4.39453125,-2.103515625,-4.3828125,-1.6533203125,5.09765625,-2.78515625,7.525495311710984e-05,0.0007438930333591998,7.614203059347346e-05,0.0011668844381347299,0.9975615739822388,0.00037625106051564217,4,有漂浮物
00524.jpg,0,4,有漂浮物,4,有漂浮物,-4.9609375,-6.18359375,-4.80078125,-4.00390625,6.671875,-5.08984375,8.869738849170972e-06,2.611668151075719e-06,1.0410361937829293e-05,2.3096397853805684e-05,0.9999473094940186,7.797000762366224e-06,4,有漂浮物
00528.jpg,0,4,有漂浮物,4,有漂浮物,-4.921875,-5.140625,-3.234375,-2.025390625,3.732421875,-1.6337890625,0.00017280568135902286,0.00013885326916351914,0.0009341787081211805,0.0031295737717300653,0.9909948706626892,0.004629729315638542,4,有漂浮物
00535.jpg,0,4,有漂浮物,4,有漂浮物,-4.5,-6.12890625,-2.54296875,-2.3046875,2.552734375,-2.23046875,0.000845345959533006,0.00016580952797085047,0.005983597598969936,0.007593580521643162,0.9772329926490784,0.008178608492016792,4,有漂浮物
00546.jpg,0,4,有漂浮物,4,有漂浮物,-3.845703125,-5.19140625,-1.294921875,-2.478515625,2.0703125,-1.7158203125,0.00251669529825449,0.0006552381673827767,0.03225676715373993,0.00987626239657402,0.9335198998451233,0.021175174042582512,4,有漂浮物
00547.jpg,0,4,有漂浮物,4,有漂浮物,-4.96484375,-6.34765625,-2.00390625,-4.015625,3.802734375,-2.70703125,0.00015491119120270014,3.886287595378235e-05,0.002992275869473815,0.0004002425412181765,0.9949324727058411,0.0014812839217483997,4,有漂浮物
00553.jpg,0,4,有漂浮物,4,有漂浮物,-4.88671875,-3.802734375,-3.0859375,-3.744140625,5.9375,-2.365234375,1.9901244741049595e-05,5.883675112272613e-05,0.00012048961070831865,6.238721834961325e-05,0.9994906187057495,0.0002477119560353458,4,有漂浮物
00557.jpg,0,4,有漂浮物,4,有漂浮物,-4.51953125,-3.654296875,-3.443359375,-2.9296875,4.890625,-1.8798828125,8.171937224688008e-05,0.00019412950496189296,0.0002397179341642186,0.000400668679503724,0.9979389309883118,0.0011447477154433727,4,有漂浮物
00558.jpg,0,4,有漂浮物,4,有漂浮物,-4.94921875,-3.486328125,-3.201171875,-2.6640625,5.5234375,-1.986328125,2.826759373419918e-05,0.00012207146210130304,0.0001623513817321509,0.0002777918998617679,0.9988623857498169,0.0005470864125527442,4,有漂浮物
00563.jpg,0,4,有漂浮物,4,有漂浮物,-4.1953125,-3.623046875,-2.646484375,-2.80859375,4.75,-2.140625,0.00013001990737393498,0.00023043139663059264,0.0006118674646131694,0.0005203003529459238,0.9974926710128784,0.0010147271677851677,4,有漂浮物
00567.jpg,0,4,有漂浮物,4,有漂浮物,-4.60546875,-4.82421875,-3.701171875,-3.94140625,5.88671875,-3.203125,2.7744505132432096e-05,2.2293337679002434e-05,6.853432569187135e-05,5.3898373153060675e-05,0.9997147917747498,0.00011277351586613804,4,有漂浮物
00568.jpg,0,4,有漂浮物,4,有漂浮物,-4.81640625,-3.375,-3.1328125,-3.580078125,5.48046875,-2.162109375,3.370621561771259e-05,0.0001424638758180663,0.00018150368123315275,0.00011604874453041703,0.9990471005439758,0.00047913342132233083,4,有漂浮物
00572.jpg,0,4,有漂浮物,4,有漂浮物,-5.01171875,-3.373046875,-3.078125,-3.216796875,5.390625,-2.451171875,3.0331748348544352e-05,0.00015615778102073818,0.0002097232500091195,0.0001825669314712286,0.9990286827087402,0.00039258060860447586,4,有漂浮物
00576.jpg,0,4,有漂浮物,4,有漂浮物,-5.0625,-3.763671875,-3.181640625,-3.443359375,5.78125,-2.18359375,1.9513285224093124e-05,7.151618046918884e-05,0.00012799035175703466,9.851769573288038e-05,0.9993352293968201,0.0003472349781077355,4,有漂浮物
00582.jpg,0,4,有漂浮物,4,有漂浮物,-4.70703125,-3.90234375,-6.375,0.04461669921875,4.44140625,-3.193359375,0.00010500357893761247,0.00023478775983676314,1.9806808268185705e-05,0.012156780809164047,0.9870065450668335,0.00047707147314213216,4,有漂浮物
00586.jpg,0,4,有漂浮物,4,有漂浮物,-3.380859375,-6.88671875,-5.2578125,0.2200927734375,3.056640625,-3.712890625,0.00150743976701051,4.525479380390607e-05,0.00023072231851983815,0.05522219091653824,0.941912829875946,0.0010815351270139217,4,有漂浮物
00587.jpg,0,4,有漂浮物,4,有漂浮物,-6.25,-3.82421875,-5.46484375,-1.87890625,5.9921875,-4.93359375,4.820384219783591e-06,5.45236689504236e-05,1.0569895493972581e-05,0.0003814376541413367,0.9995306730270386,1.79799972102046e-05,4,有漂浮物
00591.jpg,0,4,有漂浮物,4,有漂浮物,-5.9921875,-3.7578125,-4.83984375,-2.93359375,6.41796875,-5.203125,4.076356162840966e-06,3.807578104897402e-05,1.2904127288493328e-05,8.681654435349628e-05,0.9998492002487183,8.973412150226068e-06,4,有漂浮物
00592.jpg,0,4,有漂浮物,4,有漂浮物,-5.7109375,-3.900390625,-4.37890625,-2.65234375,5.71484375,-4.76953125,1.0906403076660354e-05,6.667945854132995e-05,4.1321429307572544e-05,0.00023228005738928914,0.999620795249939,2.7959478757111356e-05,4,有漂浮物
00596.jpg,0,4,有漂浮物,4,有漂浮物,-5.77734375,-4.08203125,-4.18359375,-2.51953125,5.625,-5.13671875,1.1164379429828841e-05,6.082743129809387e-05,5.495300138136372e-05,0.000290191441308707,0.999561607837677,2.1186269805184565e-05,4,有漂浮物
00600.jpg,0,4,有漂浮物,4,有漂浮物,-6.4296875,-4.125,-6.12109375,-1.4912109375,5.74609375,-4.9609375,5.149626758793602e-06,5.160464206710458e-05,7.011263278400293e-06,0.0007186688599176705,0.9991951584815979,2.2368958525476046e-05,4,有漂浮物
00605.jpg,0,4,有漂浮物,4,有漂浮物,-5.59375,-4.39453125,-4.8359375,-2.158203125,5.5625,-4.82421875,1.4277631635195576e-05,4.736638948088512e-05,3.0462810173048638e-05,0.00044329743832349777,0.999433696269989,3.082189505221322e-05,4,有漂浮物
00609.jpg,0,4,有漂浮物,4,有漂浮物,-4.39453125,-4.21484375,-5.13671875,-1.66796875,4.4375,-4.58203125,0.00014558224938809872,0.0001742391468724236,6.930754898348823e-05,0.002224536379799247,0.9972656965255737,0.00012069193326169625,4,有漂浮物
00613.jpg,0,4,有漂浮物,4,有漂浮物,-4.73828125,-4.09765625,-4.1640625,-2.1796875,4.65234375,-4.63671875,8.337308099726215e-05,0.00015821430133655667,0.00014804914826527238,0.0010769832879304886,0.9984411597251892,9.22855906537734e-05,4,有漂浮物
00618.jpg,0,4,有漂浮物,4,有漂浮物,-2.806640625,-5.67578125,-3.8046875,-0.425537109375,3.4765625,-3.5625,0.001824108767323196,0.00010351392847951502,0.0006723640253767371,0.019731078296899796,0.9768124222755432,0.0008566139731556177,4,有漂浮物
00624.jpg,0,4,有漂浮物,4,有漂浮物,-3.548828125,-5.63671875,-5.265625,-0.595703125,3.890625,-4.1640625,0.0005804406828247011,7.194464706117287e-05,0.00010427072993479669,0.011124582961201668,0.9878051280975342,0.00031373644014820457,4,有漂浮物
00628.jpg,0,4,有漂浮物,4,有漂浮物,-2.669921875,-5.45703125,-4.296875,-0.324951171875,3.146484375,-3.46484375,0.0028743399307131767,0.00017705651407595724,0.0005648867227137089,0.029987895861268044,0.9650977253913879,0.001298099523410201,4,有漂浮物
00633.jpg,0,4,有漂浮物,4,有漂浮物,-4.32421875,-4.90625,-5.609375,0.802734375,2.056640625,-4.03125,0.0013121403753757477,0.0007331745000556111,0.0003629476996138692,0.22109949588775635,0.7747334837913513,0.0017587941838428378,3,乱占
00639.jpg,0,4,有漂浮物,4,有漂浮物,-1.369140625,-7.859375,-6.51953125,-0.8486328125,3.38671875,-6.65625,0.00840627308934927,1.2762346159433946e-05,4.8732341383583844e-05,0.014146766625344753,0.977342963218689,4.2505103920120746e-05,4,有漂浮物
00646.jpg,0,4,有漂浮物,4,有漂浮物,-3.9140625,-6.95703125,-7.1796875,-1.7490234375,4.3984375,-7.22265625,0.00024483856395818293,1.1677107977448031e-05,9.346240403829142e-06,0.0021337540820240974,0.997591495513916,8.953149517765269e-06,4,有漂浮物
00651.jpg,0,4,有漂浮物,4,有漂浮物,-3.677734375,-5.23828125,-5.91015625,-1.4970703125,3.66796875,-6.00390625,0.0006411114591173828,0.00013464699441101402,6.87709471094422e-05,0.005675235763192177,0.9934176206588745,6.261666567297652e-05,4,有漂浮物
00655.jpg,0,4,有漂浮物,4,有漂浮物,-5.82421875,-4.58984375,-3.8515625,-3.470703125,4.76171875,-2.56640625,2.5238163289031945e-05,8.672413969179615e-05,0.00018145606736652553,0.0002655685239005834,0.9987849593162537,0.0006560059264302254,4,有漂浮物
00659.jpg,0,4,有漂浮物,4,有漂浮物,-6.078125,-5.859375,-3.83203125,-3.818359375,4.85546875,-3.833984375,1.7838674466474913e-05,2.2200589228305034e-05,0.00016858879826031625,0.0001709095377009362,0.9994521737098694,0.0001682598376646638,4,有漂浮物
00663.jpg,0,4,有漂浮物,4,有漂浮物,-6.01953125,-4.8671875,-4.3671875,-3.009765625,4.703125,-4.05859375,2.2022048142389394e-05,6.971307448111475e-05,0.00011493742931634188,0.0004466653917916119,0.9991901516914368,0.000156488356878981,4,有漂浮物
00667.jpg,0,4,有漂浮物,4,有漂浮物,-5.87890625,-2.962890625,-3.10546875,-3.791015625,4.9375,-2.373046875,2.0036652131238952e-05,0.0003700280503835529,0.00032085864222608507,0.00016165328270290047,0.998460054397583,0.0006674219621345401,4,有漂浮物
00671.jpg,0,4,有漂浮物,4,有漂浮物,-5.2578125,-5.77734375,-2.63671875,-3.962890625,4.7734375,-2.97265625,4.394738425617106e-05,2.6139872716157697e-05,0.0006043097237125039,0.00016043918731156737,0.9987333416938782,0.00043188067502342165,4,有漂浮物
00677.jpg,0,4,有漂浮物,4,有漂浮物,-6.3828125,-5.84765625,-5.37109375,-3.501953125,5.1171875,-5.46875,1.0127449058927596e-05,1.7294796634814702e-05,2.785376454994548e-05,0.00018056824046652764,0.999738872051239,2.526226671761833e-05,4,有漂浮物
00678.jpg,0,4,有漂浮物,4,有漂浮物,-6.24609375,-6.234375,-5.20703125,-3.189453125,4.4296875,-5.58984375,2.3082675397745334e-05,2.3354765289695933e-05,6.52447051834315e-05,0.0004906460526399314,0.9993532299995422,4.4493022869573906e-05,4,有漂浮物
00683.jpg,0,4,有漂浮物,4,有漂浮物,-6.19140625,-5.20703125,-7.08203125,-0.97265625,5.546875,-5.57421875,7.97019401943544e-06,2.132934423570987e-05,3.2709608603909146e-06,0.001472119940444827,0.9984806180000305,1.4774404917261563e-05,4,有漂浮物
00684.jpg,0,4,有漂浮物,4,有漂浮物,-7.0546875,-5.77734375,-6.2734375,-1.34375,6.578125,-5.17578125,1.199997313960921e-06,4.304509275243618e-06,2.6210352643829538e-06,0.00036258422187529504,0.9996213912963867,7.85559223004384e-06,4,有漂浮物
00689.jpg,0,4,有漂浮物,4,有漂浮物,-6.13671875,-4.81640625,-6.66015625,-2.115234375,5.4453125,-3.337890625,9.325530299975071e-06,3.492030009510927e-05,5.5251944104384165e-06,0.0005202139727771282,0.9992768168449402,0.00015317543875426054,4,有漂浮物
00691.jpg,0,4,有漂浮物,4,有漂浮物,-6.27734375,-4.3046875,-5.83203125,-2.447265625,5.80078125,-3.4765625,5.6801345635904e-06,4.0838742279447615e-05,8.866564712661784e-06,0.00026166188763454556,0.9995895028114319,9.348081948701292e-05,4,有漂浮物
00692.jpg,0,4,有漂浮物,4,有漂浮物,-6.0546875,-4.58984375,-6.58984375,-0.525390625,4.01953125,-4.25390625,4.16886068705935e-05,0.00018038104462902993,2.4411920094280504e-05,0.010504139587283134,0.9889969825744629,0.00025239845854230225,4,有漂浮物
00696.jpg,0,4,有漂浮物,4,有漂浮物,-3.912109375,-6.73828125,-3.978515625,-4.36328125,5.12109375,-5.6796875,0.0001193395655718632,7.069579623930622e-06,0.00011167206685058773,7.600514800287783e-05,0.9996654987335205,2.0376755855977535e-05,4,有漂浮物
00702.jpg,0,4,有漂浮物,4,有漂浮物,-4.79296875,-5.22265625,-5.0390625,-3.490234375,4.84375,-6.1875,6.52598318993114e-05,4.246538082952611e-05,5.102332943351939e-05,0.0002401133388048038,0.999584972858429,1.6181125829461962e-05,4,有漂浮物
00706.jpg,0,4,有漂浮物,4,有漂浮物,-4.3515625,-5.93359375,-5.5,-2.966796875,4.58984375,-6.4296875,0.00013076035247649997,2.687872438400518e-05,4.1468283598078415e-05,0.0005222424515523016,0.999262273311615,1.6366577256121673e-05,4,有漂浮物
00711.jpg,0,4,有漂浮物,4,有漂浮物,-5.671875,-6.140625,-5.5859375,-3.15234375,5.546875,-3.880859375,1.3416388355835807e-05,8.39576114231022e-06,1.4620351066696458e-05,0.0001666687458055094,0.9997164607048035,8.043846901273355e-05,4,有漂浮物
00715.jpg,0,4,有漂浮物,4,有漂浮物,-5.5625,-6.15234375,-6.5234375,-2.775390625,6.9765625,-5.515625,3.583640364013263e-06,1.986820052479743e-06,1.3708646520171897e-06,5.817690907861106e-05,0.9999310970306396,3.755622856260743e-06,4,有漂浮物
00719.jpg,0,4,有漂浮物,4,有漂浮物,-5.40234375,-5.85546875,-7.40625,-1.90234375,5.6796875,-6.0859375,1.5377952877315693e-05,9.7748215921456e-06,2.0730658434331417e-06,0.0005092478822916746,0.9994557499885559,7.762784662190825e-06,4,有漂浮物
00723.jpg,0,4,有漂浮物,4,有漂浮物,-3.37890625,-5.875,-4.40234375,-3.291015625,5.08203125,-4.26171875,0.00021144178754184395,1.7424128600396216e-05,7.598319643875584e-05,0.00023086665896698833,0.9993768334388733,8.745612285565585e-05,4,有漂浮物
00727.jpg,0,4,有漂浮物,4,有漂浮物,-5.91796875,-6.328125,-5.796875,-3.154296875,6.7265625,-5.61328125,3.224941337975906e-06,2.1398986973508727e-06,3.640090199041879e-06,5.114100349601358e-05,0.9999353885650635,4.373669071355835e-06,4,有漂浮物
00731.jpg,0,4,有漂浮物,4,有漂浮物,-6.03125,-5.93359375,-7.28515625,-3.802734375,7.80078125,-4.89453125,9.836006711338996e-07,1.0845020597116672e-06,2.807076668887021e-07,9.133786988968495e-06,0.9999854564666748,3.0654168767796364e-06,4,有漂浮物
00736.jpg,0,4,有漂浮物,4,有漂浮物,-5.32421875,-4.53125,-6.05078125,-3.162109375,5.92578125,-3.958984375,1.3004541870031971e-05,2.8739352273987606e-05,6.288585154834436e-06,0.00011300227924948558,0.9997881054878235,5.093411891721189e-05,4,有漂浮物
00741.jpg,0,4,有漂浮物,4,有漂浮物,-5.36328125,-4.9765625,-5.82421875,-1.5595703125,4.56640625,-4.44921875,4.8587586206849664e-05,7.152784382924438e-05,3.064380871364847e-05,0.002179997507482767,0.9975480437278748,0.00012119860912207514,4,有漂浮物
00747.jpg,0,4,有漂浮物,4,有漂浮物,-6.13671875,-3.896484375,-4.125,-1.4267578125,4.25,-3.19140625,3.0699302442371845e-05,0.00028843633481301367,0.0002295127633260563,0.0034090906847268343,0.9954584836959839,0.0005837964708916843,4,有漂浮物
00751.jpg,0,4,有漂浮物,4,有漂浮物,-4.8671875,-6.5,-3.7109375,-0.65234375,3.0625,-4.06640625,0.0003505275526549667,6.848583143437281e-05,0.0011139742564409971,0.023724963888525963,0.9739612936973572,0.0007807231158949435,4,有漂浮物
00757.jpg,0,4,有漂浮物,3,乱占,-1.69140625,-3.771484375,-4.86328125,4.09765625,-1.26171875,-3.490234375,0.0030342042446136475,0.00037903417251072824,0.00012720875383820385,0.9912945628166199,0.004662896040827036,0.0005021386896260083,3,乱占
00761.jpg,0,4,有漂浮物,4,有漂浮物,-4.46484375,-5.5,-4.84375,-1.314453125,5.171875,-3.6484375,6.516930443467572e-05,2.314623816346284e-05,4.461554271983914e-05,0.0015213892329484224,0.9981983304023743,0.0001474360906286165,4,有漂浮物
00766.jpg,0,4,有漂浮物,4,有漂浮物,-4.734375,-3.73828125,-4.3828125,-2.322265625,5.01171875,-4.375,5.8462203014642e-05,0.00015829718904569745,8.309154509333894e-05,0.000652290356811136,0.9989641904830933,8.374324534088373e-05,4,有漂浮物
00771.jpg,0,4,有漂浮物,4,有漂浮物,-5.37109375,-3.255859375,-3.6640625,-3.248046875,4.5703125,-3.08203125,4.8063146095955744e-05,0.0003985169460065663,0.00026495152269490063,0.0004016425518784672,0.9984126091003418,0.00047417578753083944,4,有漂浮物
00775.jpg,0,4,有漂浮物,4,有漂浮物,-4.20703125,-4.05078125,-4.9140625,-2.53125,5.1953125,-2.86328125,8.244984928751364e-05,9.639363997848704e-05,4.0656512283021584e-05,0.000440526899183169,0.9990239143371582,0.00031606259290128946,4,有漂浮物
00779.jpg,0,4,有漂浮物,4,有漂浮物,-3.322265625,-4.01953125,-6.046875,0.5283203125,1.6787109375,-3.255859375,0.005045129917562008,0.0025121974758803844,0.0003308183222543448,0.23722508549690247,0.749495267868042,0.005391532555222511,3,乱占
00781.jpg,0,4,有漂浮物,4,有漂浮物,-3.802734375,-4.1640625,-5.8359375,-0.343505859375,2.279296875,-4.13671875,0.0021175045985728502,0.0014753720024600625,0.0002772141888272017,0.06732062995433807,0.9272929430007935,0.0015162708004936576,4,有漂浮物
00784.jpg,0,4,有漂浮物,4,有漂浮物,-3.826171875,-5.3359375,-5.5859375,-0.70947265625,2.658203125,-5.1015625,0.00147259421646595,0.0003253870236221701,0.0002534116501919925,0.033239033073186874,0.9642982482910156,0.00041132772457785904,4,有漂浮物
00789.jpg,0,4,有漂浮物,4,有漂浮物,-6.5,-5.6796875,-7.45703125,-1.333984375,4.94140625,-5.49609375,1.0720476893766318e-05,2.4348448278033175e-05,4.116998297831742e-06,0.0018783917184919119,0.9980531930923462,2.9255332265165634e-05,4,有漂浮物
00793.jpg,0,4,有漂浮物,4,有漂浮物,-5.1953125,-4.09765625,-2.447265625,-2.171875,3.228515625,-2.74609375,0.00021710555301979184,0.0006506942445412278,0.0033894754014909267,0.004464092198759317,0.988764762878418,0.0025139295030385256,4,有漂浮物
00797.jpg,0,4,有漂浮物,4,有漂浮物,-6.16015625,-6.9921875,-6.7578125,-0.8251953125,5.2265625,-4.171875,1.1317336429783609e-05,4.924902441416634e-06,6.2256608543975744e-06,0.0023479473311454058,0.9975469708442688,8.265018550446257e-05,4,有漂浮物
00798.jpg,0,4,有漂浮物,4,有漂浮物,-6.41015625,-5.921875,-6.8125,-1.498046875,5.4765625,-4.09375,6.874126029288163e-06,1.1201477718714159e-05,4.597077804646688e-06,0.0009343713172711432,0.9989732503890991,6.969794048927724e-05,4,有漂浮物
00802.jpg,0,4,有漂浮物,4,有漂浮物,-4.546875,-5.0078125,-6.87109375,-1.2724609375,5.34375,-4.2734375,5.0571801693877205e-05,3.1895237043499947e-05,4.948949936078861e-06,0.001336498185992241,0.9985097050666809,6.647538248216733e-05,4,有漂浮物
00808.jpg,0,4,有漂浮物,4,有漂浮物,-5.84375,-5.734375,-7.16015625,-1.396484375,6.1875,-4.20703125,5.9518811212910805e-06,6.639803359576035e-06,1.595681737853738e-06,0.0005082497373223305,0.9994469285011292,3.0582443287130445e-05,4,有漂浮物
00812.jpg,0,4,有漂浮物,4,有漂浮物,-5.76953125,-4.73828125,-7.54296875,-1.1015625,5.859375,-3.287109375,8.895226528693456e-06,2.4947277779574506e-05,1.509951061962056e-06,0.0009471746161580086,0.9989110231399536,0.00010647780436556786,4,有漂浮物
00817.jpg,0,4,有漂浮物,4,有漂浮物,-5.0,-6.328125,-6.85546875,-2.517578125,4.30859375,-5.33984375,9.052619861904532e-05,2.398705510131549e-05,1.4156453289615456e-05,0.0010836184956133366,0.9987233281135559,6.444393511628732e-05,4,有漂浮物
00819.jpg,0,4,有漂浮物,4,有漂浮物,-4.7734375,-3.41796875,-5.73046875,-1.966796875,2.91015625,-4.375,0.00045543164014816284,0.001766427420079708,0.0001748999929986894,0.0075393118895590305,0.9893855452537537,0.0006783633725717664,4,有漂浮物
00823.jpg,0,4,有漂浮物,4,有漂浮物,-6.70703125,-3.96875,-8.0859375,-2.40625,5.7421875,-3.970703125,3.9191577343444806e-06,6.059170118533075e-05,9.870549320112332e-07,0.00028906684019602835,0.999584972858429,6.047347415005788e-05,4,有漂浮物
00829.jpg,0,4,有漂浮物,4,有漂浮物,-6.44921875,-6.21875,-7.4765625,-3.0,5.765625,-5.17578125,4.955411441187607e-06,6.239805315999547e-06,1.7738218502927339e-06,0.00015597548917867243,0.9998133778572083,1.770625021890737e-05,4,有漂浮物
00830.jpg,0,4,有漂浮物,4,有漂浮物,-6.5,-6.32421875,-7.46875,-3.361328125,6.05859375,-4.61328125,3.514170202834066e-06,4.18951367464615e-06,1.3338285498321056e-06,8.108315523713827e-05,0.9998866319656372,2.3185386453405954e-05,4,有漂浮物
00831.jpg,0,4,有漂浮物,4,有漂浮物,-6.0859375,-6.4609375,-7.41796875,-2.767578125,5.4609375,-4.71484375,9.663073797128163e-06,6.641327672696207e-06,2.5504773475404363e-06,0.00026684589101932943,0.9996763467788696,3.806919994531199e-05,4,有漂浮物
00836.jpg,0,4,有漂浮物,4,有漂浮物,-6.65625,-5.625,-7.13671875,-2.3671875,5.3125,-5.19140625,6.3359711930388585e-06,1.7769669284461997e-05,3.918756192433648e-06,0.0004618802049662918,0.9994826316833496,2.7414902433520183e-05,4,有漂浮物
00840.jpg,0,4,有漂浮物,4,有漂浮物,-6.3046875,-5.5546875,-7.375,-1.4853515625,4.5625,-5.47265625,1.902689109556377e-05,4.027993054478429e-05,6.52434709991212e-06,0.0023571045603603125,0.9975333213806152,4.372345210867934e-05,4,有漂浮物
00846.jpg,0,4,有漂浮物,4,有漂浮物,-6.3828125,-6.53515625,-7.0390625,-2.365234375,5.46484375,-6.1171875,7.1522749749419745e-06,6.1416089920385275e-06,3.7105512546986574e-06,0.0003974259307142347,0.9995762705802917,9.32832517719362e-06,4,有漂浮物
00850.jpg,0,4,有漂浮物,4,有漂浮物,-6.4921875,-6.01171875,-7.5,-2.095703125,5.5,-6.24609375,6.1891282712167595e-06,1.0006781849369872e-05,2.259134589621681e-06,0.0005023407284170389,0.9994713664054871,7.916015420050826e-06,4,有漂浮物
00855.jpg,0,4,有漂浮物,4,有漂浮物,-7.36328125,-5.23828125,-7.9609375,-1.896484375,5.1796875,-5.65234375,3.566703981050523e-06,2.9863647796446458e-05,1.962042006198317e-06,0.0008442417019978166,0.9991005659103394,1.9738667106139474e-05,4,有漂浮物
00857.jpg,0,4,有漂浮物,4,有漂浮物,-6.0234375,-5.16015625,-8.0625,-2.216796875,6.04296875,-4.90234375,5.747746399720199e-06,1.362749026156962e-05,7.480730346287601e-07,0.0002586429181974381,0.999703586101532,1.763528234732803e-05,4,有漂浮物
00860.jpg,0,4,有漂浮物,4,有漂浮物,-6.05078125,-5.3359375,-7.92578125,-2.6875,5.88671875,-4.42578125,6.538890829688171e-06,1.33646244648844e-05,1.0027713415183825e-06,0.00018886807083617896,0.9997569918632507,3.320722680655308e-05,4,有漂浮物
00865.jpg,0,4,有漂浮物,4,有漂浮物,-6.86328125,-5.19921875,-7.12890625,-2.103515625,4.859375,-5.28125,8.099577826214954e-06,4.277160405763425e-05,6.21016124568996e-06,0.0009453710517846048,0.9989581108093262,3.9403046685038134e-05,4,有漂浮物
00869.jpg,0,4,有漂浮物,4,有漂浮物,-7.0546875,-4.9296875,-7.17578125,-2.921875,5.8828125,-5.87109375,2.4056689653662033e-06,2.014241908909753e-05,2.1313044271664694e-06,0.0001500007783761248,0.999817430973053,7.857132004573941e-06,4,有漂浮物
00873.jpg,0,4,有漂浮物,4,有漂浮物,-7.09765625,-4.8515625,-7.09375,-3.126953125,5.79296875,-4.953125,2.5211154479620745e-06,2.3826423785067163e-05,2.5309827833552845e-06,0.00013367406791076064,0.9998158812522888,2.1525380361708812e-05,4,有漂浮物
00880.jpg,0,4,有漂浮物,4,有漂浮物,-5.546875,-6.91015625,-6.84375,-1.541015625,4.36328125,-6.2734375,4.9527625378686935e-05,1.2670157047978137e-05,1.3540100553655066e-05,0.0027200079057365656,0.9971803426742554,2.394999683019705e-05,4,有漂浮物
00884.jpg,0,4,有漂浮物,4,有漂浮物,-6.08984375,-6.34765625,-6.4296875,-4.0234375,5.65234375,-5.87890625,7.950467988848686e-06,6.143645350675797e-06,5.659791895595845e-06,6.278003274928778e-05,0.9999077320098877,9.81751782092033e-06,4,有漂浮物
00888.jpg,0,4,有漂浮物,4,有漂浮物,-6.5859375,-5.20703125,-8.2109375,-2.416015625,5.8359375,-5.8671875,4.028305284009548e-06,1.5994613931979984e-05,7.932203516247682e-07,0.0002606732305139303,0.9997102618217468,8.265546057373285e-06,4,有漂浮物
00891.jpg,0,4,有漂浮物,4,有漂浮物,-4.12890625,-3.970703125,-6.32421875,-3.650390625,4.39453125,-4.36328125,0.00019857005099765956,0.00023260577290784568,2.21055652218638e-05,0.0003204279637429863,0.9990692734718323,0.0001570818421896547,4,有漂浮物
00897.jpg,0,4,有漂浮物,4,有漂浮物,-5.3984375,-6.07421875,-6.68359375,-4.28125,5.9609375,-5.203125,1.1658841685857624e-05,5.931538453296525e-06,3.2249215564661426e-06,3.56322962034028e-05,0.9999293088912964,1.4173547242535278e-05,4,有漂浮物
00901.jpg,0,4,有漂浮物,4,有漂浮物,-4.640625,-4.80078125,-6.66796875,-3.189453125,5.1015625,-4.0625,5.872415204066783e-05,5.0033602747134864e-05,7.733080565230921e-06,0.0002506413438823074,0.999528169631958,0.00010468711843714118,4,有漂浮物
00905.jpg,0,4,有漂浮物,4,有漂浮物,-4.71484375,-5.00390625,-6.8828125,-2.94140625,4.96875,-4.77734375,6.226350524229929e-05,4.663320578401908e-05,7.1235531322599854e-06,0.00036679860204458237,0.9994587302207947,5.849114677403122e-05,4,有漂浮物
00911.jpg,0,4,有漂浮物,4,有漂浮物,-4.7265625,-4.0703125,-6.3359375,-2.23828125,3.990234375,-4.6328125,0.00016337573470082134,0.00031491497065871954,3.2677202398190275e-05,0.001967136049643159,0.9973425269126892,0.00017943314742296934,4,有漂浮物
00915.jpg,0,4,有漂浮物,4,有漂浮物,-3.806640625,-5.7890625,-6.359375,-2.7421875,4.19140625,-3.755859375,0.0003355357621330768,4.6215103793656453e-05,2.6127652745344676e-05,0.0009728031000122428,0.9982663989067078,0.0003530147369019687,4,有漂浮物
00919.jpg,0,4,有漂浮物,4,有漂浮物,-5.9609375,-5.3984375,-6.9140625,-2.984375,5.63671875,-4.53125,9.185323506244458e-06,1.6120744476211257e-05,3.5412574561632937e-06,0.00018021838332060724,0.9997525811195374,3.837070835288614e-05,4,有漂浮物
00923.jpg,0,4,有漂浮物,4,有漂浮物,-4.74609375,-4.52734375,-5.31640625,-1.9716796875,3.470703125,-4.63671875,0.0002686310326680541,0.00033431671909056604,0.0001518702192697674,0.004305948968976736,0.9946395754814148,0.00029967958107590675,4,有漂浮物
00930.jpg,0,4,有漂浮物,4,有漂浮物,-5.484375,-3.14453125,-8.078125,-2.74609375,5.5859375,-4.4375,1.5560486644972116e-05,0.00016151185263879597,1.1629789469225216e-06,0.00024057120026554912,0.9995368719100952,4.432770219864324e-05,4,有漂浮物
00934.jpg,0,4,有漂浮物,4,有漂浮物,-5.5625,-4.9921875,-7.48046875,-2.666015625,4.8515625,-5.1484375,2.998723903147038e-05,5.3042018407722935e-05,4.4052771954739e-06,0.0005430798046290874,0.9993240833282471,4.5369244617177173e-05,4,有漂浮物
00939.jpg,0,4,有漂浮物,4,有漂浮物,-3.724609375,-4.921875,-7.140625,-1.271484375,3.07421875,-5.27734375,0.0010989410802721977,0.0003319009847473353,3.609255509218201e-05,0.01277476828545332,0.9855256676673889,0.00023261109890881926,4,有漂浮物
00944.jpg,0,4,有漂浮物,4,有漂浮物,-4.01953125,-3.7265625,-5.4765625,-2.576171875,3.49609375,-4.96875,0.0005423846305347979,0.0007270127534866333,0.00012633588630706072,0.0022969436831772327,0.9960973858833313,0.00020992630743421614,4,有漂浮物
00945.jpg,0,4,有漂浮物,4,有漂浮物,-3.869140625,-2.517578125,-5.8671875,-1.900390625,3.341796875,-4.19140625,0.0007315040566027164,0.0028261346742510796,9.919184958562255e-05,0.005238825920969248,0.9905744194984436,0.0005299788899719715,4,有漂浮物
00950.jpg,0,4,有漂浮物,4,有漂浮物,-5.71875,-3.0625,-7.265625,-2.634765625,5.03125,-2.39453125,2.141552249668166e-05,0.00030501652508974075,4.559627541311784e-06,0.00046782783465459943,0.9986063838005066,0.0005948651814833283,4,有漂浮物
00955.jpg,0,4,有漂浮物,4,有漂浮物,-4.3828125,-3.802734375,-8.1328125,0.0216522216796875,3.701171875,-3.76171875,0.0003004255995620042,0.0005366135737858713,7.065332283673342e-06,0.024579420685768127,0.9740173816680908,0.0005590806831605732,4,有漂浮物
00959.jpg,0,4,有漂浮物,4,有漂浮物,-6.34375,-4.83203125,-8.0546875,-2.546875,4.97265625,-4.62890625,1.2163322935521137e-05,5.5154803703771904e-05,2.1978676159051247e-06,0.0005420184461399913,0.9993209838867188,6.757707160431892e-05,4,有漂浮物
00964.jpg,0,4,有漂浮物,4,有漂浮物,-6.296875,-5.34375,-6.2890625,-2.8828125,4.66015625,-4.69140625,1.742285348882433e-05,4.519144204095937e-05,1.755950324877631e-05,0.0005294534494169056,0.9993036985397339,8.676917786942795e-05,4,有漂浮物
00965.jpg,0,4,有漂浮物,4,有漂浮物,-6.03515625,-5.29296875,-6.73046875,-2.751953125,4.43359375,-4.8125,2.838341060851235e-05,5.96200734435115e-05,1.4161008948576637e-05,0.0007567310822196305,0.9990447163581848,9.639564814278856e-05,4,有漂浮物
00969.jpg,0,4,有漂浮物,4,有漂浮物,-4.51171875,-6.22265625,-6.3984375,-2.55078125,4.15234375,-4.69921875,0.00017240546003449708,3.115303479717113e-05,2.6131208869628608e-05,0.0012251107254996896,0.9984022974967957,0.00014292914420366287,4,有漂浮物
00974.jpg,0,4,有漂浮物,4,有漂浮物,-4.1796875,-3.5703125,-8.0703125,-2.51171875,5.9453125,-5.05078125,4.0051527321338654e-05,7.366602949332446e-05,8.183557156371535e-07,0.00021232871222309768,0.9996563196182251,1.676130705163814e-05,4,有漂浮物
00979.jpg,0,4,有漂浮物,4,有漂浮物,-6.0,-5.56640625,-5.57421875,-2.83203125,5.875,-5.0390625,6.9608286139555275e-06,1.0739110621216241e-05,1.065553897205973e-05,0.00016538353520445526,0.9997879862785339,1.8196624296251684e-05,4,有漂浮物
00982.jpg,0,4,有漂浮物,4,有漂浮物,-4.12109375,-7.23828125,-6.16796875,-4.125,6.3515625,-6.5859375,2.8297983590164222e-05,1.2530781532404944e-06,3.654340162029257e-06,2.8187660063849762e-05,0.9999362230300903,2.4059547740762355e-06,4,有漂浮物
00984.jpg,0,4,有漂浮物,4,有漂浮物,-6.39453125,-3.21875,-5.4921875,-2.03125,6.22265625,-3.716796875,3.3132307635241887e-06,7.933704182505608e-05,8.168355634552427e-06,0.00026013614842668176,0.9996008276939392,4.821442416869104e-05,4,有漂浮物
00986.jpg,0,4,有漂浮物,4,有漂浮物,-6.4609375,-3.57421875,-5.921875,-1.4375,6.07421875,-4.23046875,3.595561111069401e-06,6.448411295423284e-05,6.164225851534866e-06,0.0005462832050397992,0.9993459582328796,3.345391451148316e-05,4,有漂浮物
00987.jpg,0,4,有漂浮物,4,有漂浮物,-5.46484375,-4.76171875,-5.48828125,-0.87744140625,5.15625,-3.591796875,2.433139343338553e-05,4.915077079203911e-05,2.3767757738824002e-05,0.002390289446339011,0.9973541498184204,0.0001583510311320424,4,有漂浮物
00993.jpg,0,4,有漂浮物,4,有漂浮物,-5.40234375,-4.2421875,-6.05078125,-1.1083984375,5.59765625,-4.19140625,1.6679046893841587e-05,5.3213356295600533e-05,8.720840924070217e-06,0.0012218221090734005,0.9986435770988464,5.59853833692614e-05,4,有漂浮物
01001.jpg,0,4,有漂浮物,4,有漂浮物,-5.265625,-4.33984375,-6.8125,-0.58203125,5.61328125,-4.07421875,1.8810875189956278e-05,4.7475623432546854e-05,4.005066330137197e-06,0.002034547971561551,0.9978331923484802,6.191988359205425e-05,4,有漂浮物
01004.jpg,0,4,有漂浮物,4,有漂浮物,-5.78125,-3.6875,-5.22265625,-0.4345703125,4.9609375,-3.8046875,2.1507621568161994e-05,0.00017454060434829444,3.759989340323955e-05,0.004514668602496386,0.9950963854789734,0.00015523962792940438,4,有漂浮物
01006.jpg,0,4,有漂浮物,4,有漂浮物,-6.578125,-2.4296875,-5.9296875,-1.19140625,5.5078125,-3.984375,5.6287844927283e-06,0.0003564989019650966,1.0765333172457758e-05,0.0012298066867515445,0.9983219504356384,7.531231676694006e-05,4,有漂浮物
01011.jpg,0,4,有漂浮物,4,有漂浮物,-4.703125,-4.0625,-4.40625,-0.0989990234375,4.3984375,-3.53515625,0.00011017280485248193,0.0002090712368953973,0.00014825370453763753,0.011005781590938568,0.9881724715232849,0.00035425563692115247,4,有漂浮物
01015.jpg,0,4,有漂浮物,4,有漂浮物,-5.3515625,-2.201171875,-5.4375,-1.732421875,5.7265625,-3.240234375,1.5429668565047905e-05,0.0003602083888836205,1.4159059901430737e-05,0.0005756114260293543,0.998907208442688,0.00012743676779791713,4,有漂浮物
01019.jpg,0,4,有漂浮物,4,有漂浮物,-6.20703125,-2.23828125,-6.16796875,-1.8203125,6.7109375,-3.517578125,2.4526614197384333e-06,0.00012979078746866435,2.550364342823741e-06,0.00019713574147317559,0.9996320009231567,3.6112061934545636e-05,4,有漂浮物
01024.jpg,0,4,有漂浮物,4,有漂浮物,-6.203125,-3.6796875,-6.20703125,-1.408203125,6.390625,-4.01171875,3.391495283722179e-06,4.229667320032604e-05,3.3782732771214796e-06,0.00041001461795531213,0.9995105266571045,3.034637848031707e-05,4,有漂浮物
01026.jpg,0,4,有漂浮物,4,有漂浮物,-6.671875,-2.7265625,-5.09765625,-2.53515625,7.4921875,-2.583984375,7.056196977828222e-07,3.64752413588576e-05,3.406004680073238e-06,4.4169741158839315e-05,0.999873161315918,4.206482117297128e-05,4,有漂浮物
01029.jpg,0,4,有漂浮物,4,有漂浮物,-5.16796875,-3.48828125,-6.15234375,-1.4931640625,6.71875,-3.412109375,6.878731255710591e-06,3.689668665174395e-05,2.5703941446408862e-06,0.00027130372473038733,0.9996424913406372,3.981698682764545e-05,4,有漂浮物
01033.jpg,0,4,有漂浮物,4,有漂浮物,-6.0546875,-3.982421875,-5.08984375,-2.10546875,6.67578125,-3.5703125,2.958902541649877e-06,2.350196518818848e-05,7.765277587168384e-06,0.00015355167852248996,0.9997766613960266,3.548795939423144e-05,4,有漂浮物
01037.jpg,0,4,有漂浮物,4,有漂浮物,-6.453125,-1.9443359375,-6.12890625,-1.7666015625,6.54296875,-3.294921875,2.2680169422528706e-06,0.00020596265676431358,3.1365536869998323e-06,0.00024602405028417706,0.9994891881942749,5.336253889254294e-05,4,有漂浮物
01042.jpg,0,4,有漂浮物,4,有漂浮物,-5.86328125,-4.59765625,-6.359375,-1.095703125,6.15625,-3.888671875,6.0206566558917984e-06,2.1345082132029347e-05,3.666005568447872e-06,0.0007082339143380523,0.9992173910140991,4.3371641368139535e-05,4,有漂浮物
01046.jpg,0,4,有漂浮物,4,有漂浮物,-5.87890625,-3.720703125,-5.5,-0.5693359375,5.44921875,-3.37890625,1.1997230103588663e-05,0.00010384286724729463,1.7524187569506466e-05,0.002426599385216832,0.9972938895225525,0.00014615619147662073,4,有漂浮物
01050.jpg,0,4,有漂浮物,4,有漂浮物,-6.25390625,-4.1640625,-6.734375,-1.6279296875,7.22265625,-4.09765625,1.4032331137059373e-06,1.134324793383712e-05,8.678904919179331e-07,0.00014327351527754217,0.999830961227417,1.212208553624805e-05,4,有漂浮物
01052.jpg,0,4,有漂浮物,4,有漂浮物,-6.72265625,-8.8984375,-7.45703125,-1.91796875,6.4765625,-5.27734375,1.8516088857722934e-06,2.1019360474383575e-07,8.8841170509113e-07,0.0002260469045722857,0.9997631907463074,7.856706361053512e-06,4,有漂浮物
01056.jpg,0,4,有漂浮物,4,有漂浮物,-7.1640625,-7.4765625,-7.265625,-1.2548828125,6.3359375,-5.86328125,1.370255176880164e-06,1.0025000847235788e-06,1.2379223335301504e-06,0.0005048072780482471,0.9994865655899048,5.03180217492627e-06,4,有漂浮物
01060.jpg,0,4,有漂浮物,4,有漂浮物,-6.0,-7.68359375,-7.44140625,-1.080078125,5.62109375,-6.01953125,8.963551408669446e-06,1.6645798268655199e-06,2.1207297322689556e-06,0.0012279339134693146,0.9987504482269287,8.790179890638683e-06,4,有漂浮物
01065.jpg,0,4,有漂浮物,4,有漂浮物,-8.09375,-5.75390625,-6.92578125,-2.5390625,7.0859375,-3.794921875,2.5556829541528714e-07,2.652700686667231e-06,8.217683102884621e-07,6.605065573239699e-05,0.9999114274978638,1.881327261799015e-05,4,有漂浮物
01069.jpg,0,4,有漂浮物,4,有漂浮物,-4.29296875,-4.65234375,-3.822265625,-2.951171875,4.86328125,-3.384765625,0.00010545108671067283,7.361672032857314e-05,0.00016883978969417512,0.0004034465819131583,0.9989871382713318,0.000261504203081131,4,有漂浮物
01074.jpg,0,4,有漂浮物,4,有漂浮物,-6.07421875,-3.943359375,-6.171875,-2.779296875,6.33203125,-3.748046875,4.092130893695867e-06,3.446434493525885e-05,3.7114018596184906e-06,0.0001103864997276105,0.9998053908348083,4.189798710285686e-05,4,有漂浮物
01079.jpg,0,4,有漂浮物,4,有漂浮物,-4.93359375,-5.89453125,-6.83984375,-3.61328125,5.87109375,-4.921875,2.030151335929986e-05,7.766020644339733e-06,3.0175503979990026e-06,7.602087134728208e-05,0.9998723268508911,2.0540819605230354e-05,4,有漂浮物
01083.jpg,0,4,有漂浮物,4,有漂浮物,-5.56640625,-5.41015625,-7.60546875,-2.814453125,7.609375,-4.2734375,1.8958897953780252e-06,2.2165197606227593e-06,2.4675134113749664e-07,2.971468711621128e-05,0.9999589920043945,6.907840543135535e-06,4,有漂浮物
01091.jpg,0,4,有漂浮物,4,有漂浮物,-4.19140625,-4.35546875,-1.734375,-3.177734375,3.87109375,-2.611328125,0.0003130534023512155,0.00026568499743007123,0.0036533691454678774,0.0008626816561445594,0.9933852553367615,0.0015199792105704546,4,有漂浮物
01095.jpg,0,4,有漂浮物,4,有漂浮物,-3.697265625,-4.4375,-1.7099609375,-3.111328125,3.65625,-2.517578125,0.0006347190937958658,0.0003027623170055449,0.0046308101154863834,0.0011403835378587246,0.9912262558937073,0.00206496799364686,4,有漂浮物
01100.jpg,0,4,有漂浮物,4,有漂浮物,-3.689453125,-7.1640625,-4.14453125,-2.228515625,2.615234375,-5.96875,0.0018076375126838684,5.598963616648689e-05,0.0011467622825875878,0.0077909138053655624,0.9890137314796448,0.0001850228145485744,4,有漂浮物
01101.jpg,0,4,有漂浮物,4,有漂浮物,-5.80859375,-5.07421875,-4.3359375,-2.87109375,4.31640625,-4.28125,4.0015725971898064e-05,8.339992928085849e-05,0.00017450070299673826,0.0007550413720309734,0.9987627267837524,0.00018430947966407984,4,有漂浮物
01106.jpg,0,4,有漂浮物,4,有漂浮物,-6.3046875,-3.744140625,-4.78515625,-1.70703125,3.130859375,-5.01171875,7.906875543994829e-05,0.0010233784560114145,0.0003613507142290473,0.007847686298191547,0.990400493144989,0.0002880939282476902,4,有漂浮物
01108.jpg,0,4,有漂浮物,4,有漂浮物,-4.9296875,-4.0625,-5.6484375,-2.244140625,3.439453125,-4.06640625,0.0002307958493474871,0.0005493419012054801,0.00011248090595472604,0.003384902374818921,0.9951752424240112,0.00054720020852983,4,有漂浮物
01113.jpg,0,4,有漂浮物,4,有漂浮物,-4.77734375,-6.13671875,-4.73046875,-3.828125,4.25,-4.94921875,0.00011999846901744604,3.081815520999953e-05,0.00012575731670949608,0.0003100388858001679,0.9993124008178711,0.00010104884131578729,4,有漂浮物
01114.jpg,0,4,有漂浮物,4,有漂浮物,-4.3671875,-6.4609375,-3.9765625,-4.84375,3.8125,-4.87890625,0.0002799896174110472,3.4501492336858064e-05,0.00041379782487638295,0.00017384951934218407,0.998930037021637,0.00016784379840828478,4,有漂浮物
01118.jpg,0,4,有漂浮物,4,有漂浮物,-4.04296875,-5.5390625,-4.26171875,-4.06640625,3.9375,-4.984375,0.0003416823165025562,7.65380245866254e-05,0.0002745494421105832,0.00033376726787537336,0.9988402724266052,0.00013328307250048965,4,有漂浮物
01119.jpg,0,4,有漂浮物,4,有漂浮物,-4.703125,-5.23046875,-6.328125,-2.955078125,4.375,-5.51171875,0.0001140316016972065,6.729808228556067e-05,2.245415271318052e-05,0.0006549261161126196,0.9990904331207275,5.079926268081181e-05,4,有漂浮物
01125.jpg,0,4,有漂浮物,4,有漂浮物,-4.4453125,-3.453125,-5.07421875,-2.94921875,3.19921875,-3.259765625,0.0004759284493047744,0.001283639925532043,0.0002537529799155891,0.0021246476098895073,0.9943044781684875,0.0015574643621221185,4,有漂浮物
01132.jpg,0,4,有漂浮物,4,有漂浮物,-4.9140625,-4.1875,-4.87109375,-3.36328125,3.99609375,-4.87890625,0.0001348311925539747,0.00027882549329660833,0.0001407509989803657,0.0006357497186399996,0.998670220375061,0.00013965567632112652,4,有漂浮物
01136.jpg,0,4,有漂浮物,4,有漂浮物,-4.44140625,-5.75,-4.59765625,-4.03125,3.2578125,-5.25390625,0.00045234544086270034,0.00012222361692693084,0.0003869115316774696,0.0006817086832597852,0.9981560111045837,0.00020072706684004515,4,有漂浮物
01141.jpg,0,4,有漂浮物,4,有漂浮物,-2.94921875,-5.9765625,-4.32421875,-3.240234375,2.23046875,-5.3515625,0.005562769714742899,0.00026948360027745366,0.0014064882416278124,0.004158192314207554,0.9880996346473694,0.0005034616333432496,4,有漂浮物
01145.jpg,0,4,有漂浮物,4,有漂浮物,-6.16015625,-4.9453125,-3.693359375,-2.537109375,5.12109375,-2.9921875,1.259482087334618e-05,4.244161755195819e-05,0.00014842541713733226,0.00047169497702270746,0.9990255832672119,0.000299242528853938,4,有漂浮物
01146.jpg,0,4,有漂浮物,4,有漂浮物,-6.48828125,-4.84375,-4.0703125,-2.048828125,4.88671875,-2.8828125,1.1460624591563828e-05,5.934978253208101e-05,0.0001286230399273336,0.000971042609307915,0.9984079003334045,0.0004217386886011809,4,有漂浮物
01147.jpg,0,4,有漂浮物,4,有漂浮物,-7.04296875,-4.62890625,-4.30078125,-1.8330078125,5.21875,-3.18359375,4.723600341094425e-06,5.280647019390017e-05,7.331452798098326e-05,0.0008648292860016227,0.9987801909446716,0.00022406726202461869,4,有漂浮物
01153.jpg,0,4,有漂浮物,4,有漂浮物,-5.66796875,-3.908203125,-4.66796875,-2.25,4.875,-3.109375,2.634150951053016e-05,0.00015307248395401984,7.160364475566894e-05,0.0008036105427891016,0.9986051917076111,0.0003402701113373041,4,有漂浮物
01157.jpg,0,4,有漂浮物,4,有漂浮物,-5.25390625,-3.203125,-3.904296875,-2.302734375,4.54296875,-1.6064453125,5.540899292100221e-05,0.00043074795394204557,0.00021365257271099836,0.0010598830413073301,0.9961138963699341,0.0021264364477247,4,有漂浮物
01161.jpg,0,4,有漂浮物,4,有漂浮物,-5.78125,-4.17578125,-4.078125,-3.095703125,5.546875,-2.416015625,1.2021818292851094e-05,5.987098120385781e-05,6.601276982109994e-05,0.00017631462833378464,0.9993378520011902,0.0003479147853795439,4,有漂浮物
01163.jpg,0,4,有漂浮物,4,有漂浮物,-5.3203125,-5.66015625,-4.0234375,-1.98828125,4.82421875,-3.400390625,3.922842734027654e-05,2.792599298118148e-05,0.00014349161938298494,0.0010982055682688951,0.9984235763549805,0.0002675545692909509,4,有漂浮物
01167.jpg,0,4,有漂浮物,4,有漂浮物,-6.05078125,-4.765625,-3.701171875,-2.21875,4.6796875,-2.244140625,2.1817684682901017e-05,7.887600804679096e-05,0.00022868149972055107,0.0010070214048027992,0.997681736946106,0.0009817744139581919,4,有漂浮物
01171.jpg,0,4,有漂浮物,4,有漂浮物,-5.53125,-4.8125,-4.04296875,-2.26171875,5.015625,-2.373046875,2.62359571934212e-05,5.383268580771983e-05,0.00011621153680607677,0.0006899796426296234,0.998496413230896,0.0006172869470901787,4,有漂浮物
01176.jpg,0,4,有漂浮物,4,有漂浮物,-4.15234375,-5.578125,-6.515625,-1.2119140625,6.28515625,-4.3203125,2.929427682829555e-05,7.040019227133598e-06,2.756911044343724e-06,0.0005543641746044159,0.9993817806243896,2.4764802219578996e-05,4,有漂浮物
01180.jpg,0,4,有漂浮物,4,有漂浮物,-3.326171875,-5.453125,-6.046875,-1.1201171875,5.9453125,-3.505859375,9.397065150551498e-05,1.1201294910279103e-05,6.1859427660238e-06,0.0008532368810847402,0.9989569187164307,7.851541886338964e-05,4,有漂浮物
01181.jpg,0,4,有漂浮物,4,有漂浮物,-4.0625,-6.78125,-5.8828125,-1.693359375,5.59765625,-4.09765625,6.372220377670601e-05,4.202935542707564e-06,1.03214124465012e-05,0.0006810759077779949,0.9991791844367981,6.152089918032289e-05,4,有漂浮物
01185.jpg,0,4,有漂浮物,4,有漂浮物,-4.61328125,-5.08984375,-7.80859375,-0.113037109375,5.6953125,-4.52734375,3.324243880342692e-05,2.0640700313379057e-05,1.3614018143925932e-06,0.0029931196477264166,0.996915340423584,3.6225555959390476e-05,4,有漂浮物
01189.jpg,0,4,有漂浮物,4,有漂浮物,-2.2734375,-3.84375,-3.87890625,-1.884765625,4.4765625,-3.29296875,0.0011664482299238443,0.00024259812198579311,0.00023421745572704822,0.0017205352196469903,0.9962154030799866,0.0004208125756122172,4,有漂浮物
01193.jpg,0,4,有漂浮物,4,有漂浮物,-1.7412109375,-4.62890625,-5.2421875,-1.5693359375,5.27734375,-4.19140625,0.0008932315395213664,4.975697083864361e-05,2.6946927391691133e-05,0.001060738693922758,0.9978922009468079,7.706510223215446e-05,4,有漂浮物
01197.jpg,0,4,有漂浮物,4,有漂浮物,-2.810546875,-5.25,-4.8359375,-1.3125,5.8828125,-4.7578125,0.00016753179079387337,1.4610202015319373e-05,2.210453021689318e-05,0.0007493603625334799,0.9990224838256836,2.3900694941403344e-05,4,有漂浮物
01200.jpg,0,4,有漂浮物,4,有漂浮物,-1.9208984375,-6.42578125,-2.1953125,-3.291015625,3.349609375,-4.41015625,0.005085879471153021,5.622381650027819e-05,0.0038653563242405653,0.0012922059977427125,0.9892783761024475,0.0004219831607770175,4,有漂浮物
01203.jpg,0,4,有漂浮物,4,有漂浮物,-2.333984375,-4.94921875,-5.73046875,-1.35546875,5.03515625,-3.998046875,0.0006288412259891629,4.600013926392421e-05,2.1060399376438e-05,0.0016730347415432334,0.9975119829177856,0.00011908247688552365,4,有漂浮物
01207.jpg,0,4,有漂浮物,4,有漂浮物,-4.18359375,-4.71484375,-6.8984375,-0.2291259765625,4.140625,-3.64453125,0.00023934597265906632,0.00014070424367673695,1.5848365364945494e-05,0.012486182153224945,0.9867074489593506,0.0004103344981558621,4,有漂浮物
01213.jpg,0,4,有漂浮物,4,有漂浮物,-2.8125,-5.98828125,-7.7421875,0.262451171875,3.986328125,-4.3671875,0.0010873053688555956,4.540746522252448e-05,7.859872312110383e-06,0.02353888377547264,0.9750908613204956,0.000229699129704386,4,有漂浮物
01220.jpg,0,4,有漂浮物,4,有漂浮物,-3.388671875,-4.625,-8.1171875,0.445556640625,3.681640625,-5.296875,0.0008168459171429276,0.0002372518792981282,7.220576662803069e-06,0.03778543695807457,0.961031973361969,0.00012117639562347904,4,有漂浮物
01222.jpg,0,4,有漂浮物,4,有漂浮物,-2.654296875,-5.3203125,-1.943359375,-3.673828125,2.634765625,-3.474609375,0.004948926158249378,0.0003440924047026783,0.010075513273477554,0.0017853943863883615,0.9806671142578125,0.00217898259870708,4,有漂浮物
01225.jpg,0,4,有漂浮物,4,有漂浮物,-4.48828125,-5.578125,-3.7109375,-3.119140625,3.220703125,-5.140625,0.0004471786378417164,0.00015037231787573546,0.000972919980995357,0.0017582930158823729,0.9964382648468018,0.00023290120589081198,4,有漂浮物
01226.jpg,0,4,有漂浮物,4,有漂浮物,-3.3125,-5.140625,-4.0390625,-2.5859375,2.755859375,-5.703125,0.002294761361554265,0.0003688017022795975,0.0011096741072833538,0.004745474085211754,0.9912712574005127,0.00021013688819948584,4,有漂浮物
01227.jpg,0,4,有漂浮物,4,有漂浮物,-3.4296875,-6.33203125,-4.875,-2.576171875,2.603515625,-5.84375,0.002376557793468237,0.00013045973901171237,0.0005600891308858991,0.005579888354986906,0.9911404252052307,0.0002125858300132677,4,有漂浮物
01228.jpg,0,4,有漂浮物,4,有漂浮物,-3.419921875,-6.56640625,-4.3984375,-3.1484375,3.25,-5.2109375,0.0012638525804504752,5.434950435301289e-05,0.0004750424704980105,0.0016580611700192094,0.996337890625,0.0002107988257193938,4,有漂浮物
01232.jpg,0,4,有漂浮物,4,有漂浮物,-4.765625,-3.171875,-5.2265625,-1.40625,4.16015625,-4.921875,0.00013228146417532116,0.0006511121173389256,8.342887304024771e-05,0.0038058969657868147,0.9952141046524048,0.00011314632865833119,4,有漂浮物
01239.jpg,0,4,有漂浮物,4,有漂浮物,-3.830078125,-4.7890625,-5.671875,-1.8720703125,3.166015625,-5.6484375,0.0009081438765861094,0.00034807517658919096,0.00014397014456335455,0.006434379145503044,0.9920180439949036,0.00014738430036231875,4,有漂浮物
01243.jpg,0,4,有漂浮物,4,有漂浮物,-4.3671875,-4.41796875,-4.10546875,-2.4921875,3.0234375,-4.4453125,0.0006129650864750147,0.0005826150882057846,0.0007963404059410095,0.0039970348589122295,0.9934440851211548,0.0005669000674970448,4,有漂浮物
02048.jpg,0,3,乱占,3,乱占,-0.3134765625,-6.45703125,-5.43359375,4.16015625,-1.708984375,-5.15625,0.01124374195933342,2.414342998235952e-05,6.71849848004058e-05,0.9857912063598633,0.002785156015306711,8.86586494743824e-05,3,乱占
02053.jpg,0,0,乱采,0,乱采,3.24609375,-7.4609375,-2.96484375,-1.7626953125,0.654296875,-4.94921875,0.9226198196411133,2.0654666514019482e-05,0.0018520252779126167,0.0061621651984751225,0.06909071654081345,0.00025459143216721714,0,乱采
02054.jpg,0,0,乱采,0,乱采,2.673828125,-6.015625,-1.63671875,-2.03515625,-0.46044921875,-4.625,0.9373688697814941,0.00015780798275955021,0.012585306540131569,0.008449374698102474,0.04080479219555855,0.0006339715328067541,0,乱采
02059.jpg,0,3,乱占,3,乱占,-2.171875,-4.5234375,-2.548828125,3.158203125,-3.54296875,-1.8955078125,0.0047662751749157906,0.0004538460052572191,0.003269418142735958,0.9840170741081238,0.0012098196893930435,0.006283532362431288,3,乱占
02063.jpg,0,0,乱采,0,乱采,2.87890625,-6.29296875,-3.044921875,-1.24609375,-0.77734375,-4.9140625,0.9567692279815674,9.942886390490457e-05,0.002559300744906068,0.01546473428606987,0.02471257373690605,0.0003947879304178059,0,乱采
02067.jpg,0,0,乱采,0,乱采,2.48828125,-4.375,-3.015625,-2.19921875,-0.8564453125,-3.6875,0.9508641362190247,0.0009941073367372155,0.0038708143401890993,0.008757155388593674,0.03353684023022652,0.0019770185463130474,0,乱采
02071.jpg,0,0,乱采,0,乱采,5.72265625,-4.36328125,-4.4453125,2.37109375,-3.607421875,-3.47265625,0.9659038186073303,4.0240825910586864e-05,3.707158612087369e-05,0.03383520245552063,8.569044439354911e-05,9.80528857326135e-05,0,乱采
02075.jpg,0,3,乱占,3,乱占,-2.41015625,-3.138671875,-4.828125,2.9140625,0.178466796875,-3.015625,0.0045315115712583065,0.002187020145356655,0.0004037686449009925,0.9300834536552429,0.060320895165205,0.002473382977768779,3,乱占
02079.jpg,0,3,乱占,3,乱占,-0.288330078125,-7.53515625,-4.91015625,3.86328125,-0.783203125,-4.3984375,0.015343801118433475,1.093141418095911e-05,0.00015090352098923177,0.9748883247375488,0.009354322217404842,0.0002517305838409811,3,乱占
02085.jpg,0,3,乱占,4,有漂浮物,-2.4296875,-4.875,-5.09375,0.771484375,2.482421875,-3.66015625,0.006175292655825615,0.0005353919696062803,0.0004301994922570884,0.15167319774627686,0.8393818140029907,0.0018041464500129223,3,乱占
02086.jpg,0,3,乱占,3,乱占,-2.5078125,-4.140625,-5.03125,2.353515625,1.060546875,-2.5546875,0.005992192309349775,0.0011707503581419587,0.00048047496238723397,0.7741653323173523,0.21247337758541107,0.005717789754271507,3,乱占
02090.jpg,0,3,乱占,3,乱占,-4.03515625,-2.4453125,-7.125,2.330078125,1.3017578125,-3.642578125,0.0012553657870739698,0.006155036855489016,5.7130524510284886e-05,0.7297203540802002,0.2609531879425049,0.0018589375540614128,3,乱占
02094.jpg,0,0,乱采,0,乱采,3.955078125,-7.9765625,-3.7890625,1.9453125,-2.599609375,-3.625,0.8799764513969421,5.789290753455134e-06,0.00038127077277749777,0.11793451011180878,0.0012525827623903751,0.0004492467560339719,0,乱采
02098.jpg,0,2,乱堆,2,乱堆,-3.353515625,-4.859375,3.83984375,-2.220703125,-0.92333984375,-2.625,0.0007416611188091338,0.00016452015552204102,0.9868287444114685,0.0023023944813758135,0.008425922133028507,0.0015367238083854318,2,乱堆
02100.jpg,0,2,乱堆,2,乱堆,-2.708984375,-4.87109375,4.1171875,-2.025390625,-1.578125,-1.869140625,0.001075076637789607,0.0001237220858456567,0.9908506274223328,0.0021297098137438297,0.0033309292048215866,0.002489882754161954,2,乱堆
02104.jpg,0,2,乱堆,2,乱堆,-2.595703125,-3.935546875,4.55859375,-0.68212890625,-3.287109375,-1.7490234375,0.0007749147480353713,0.00020293978741392493,0.9915750622749329,0.005251805763691664,0.0003881324955727905,0.0018070171354338527,2,乱堆
02108.jpg,0,2,乱堆,2,乱堆,-2.279296875,-4.65234375,4.08984375,-0.92431640625,-2.833984375,-1.80078125,0.0016928666736930609,0.0001577689836267382,0.9878827333450317,0.006562711205333471,0.000972131616435945,0.0027317404747009277,2,乱堆
02114.jpg,0,3,乱占,3,乱占,-1.888671875,-5.54296875,-3.8984375,5.0703125,-2.125,-4.9765625,0.0009482637397013605,2.4540768208680674e-05,0.0001270863867830485,0.9981082677841187,0.0007486746180802584,4.323896064306609e-05,3,乱占
02118.jpg,0,3,乱占,3,乱占,-1.126953125,-6.7890625,-3.6328125,5.43359375,-1.7041015625,-5.67578125,0.0014118007384240627,4.906260073767044e-06,0.00011521062697283924,0.9976603984832764,0.0007927222759462893,1.4936281331756618e-05,3,乱占
02119.jpg,0,3,乱占,3,乱占,-0.51220703125,-6.671875,-4.91015625,6.09765625,-2.2265625,-5.19140625,0.0013448356185108423,2.841577043000143e-06,1.6544900063308887e-05,0.9983811378479004,0.0002421776734990999,1.2488745596783701e-05,3,乱占
02123.jpg,0,0,乱采,0,乱采,4.4453125,-5.7109375,-2.484375,-1.529296875,-0.9345703125,-4.6171875,0.9917839765548706,3.8513568142661825e-05,0.0009702687384560704,0.0025216059293597937,0.004570499528199434,0.0001149802774307318,0,乱采
02127.jpg,0,3,乱占,3,乱占,-1.9677734375,-3.392578125,-4.28515625,5.76171875,-2.625,-2.697265625,0.00043921550968661904,0.00010565568663878366,4.3276399082969874e-05,0.9989724159240723,0.00022763961169403046,0.00021176943846512586,3,乱占
02132.jpg,0,3,乱占,3,乱占,-2.017578125,-2.974609375,-4.7421875,5.03515625,-2.4453125,-3.09375,0.0008632165263406932,0.00033150214585475624,5.6602671975269914e-05,0.9978916049003601,0.0005628038779832423,0.000294268800644204,3,乱占
02134.jpg,0,3,乱占,3,乱占,-1.951171875,-3.294921875,-4.859375,3.8671875,-2.1875,-3.556640625,0.0029522436670958996,0.0007701388094574213,0.00016111489094328135,0.9931928515434265,0.002330860123038292,0.0005927970050834119,3,乱占
02138.jpg,0,2,乱堆,2,乱堆,-3.513671875,-4.54296875,2.38671875,-3.29296875,1.1630859375,-3.06640625,0.002097449265420437,0.0007493306184187531,0.7659466862678528,0.0026154208462685347,0.2253105640411377,0.003280472708866,2,乱堆
02142.jpg,0,2,乱堆,2,乱堆,-1.3974609375,-4.734375,4.546875,-2.666015625,-1.80078125,-2.884765625,0.002605545800179243,9.261798550141975e-05,0.9942394495010376,0.0007327779312618077,0.0017407600535079837,0.0005888036102987826,2,乱堆
02146.jpg,0,3,乱占,3,乱占,-1.6318359375,-3.841796875,-3.70703125,5.56640625,-1.91796875,-2.55078125,0.0007465673261322081,8.190212247427553e-05,9.371803025715053e-05,0.9982190728187561,0.0005607936764135957,0.00029783527133986354,3,乱占
02150.jpg,0,2,乱堆,3,乱占,-0.1619873046875,-3.291015625,-3.01171875,4.9375,-3.091796875,-1.990234375,0.006051306612789631,0.0002648069930728525,0.00035012775333598256,0.9920381307601929,0.00032318339799530804,0.0009724147384986281,3,乱占
00002.jpg,1,4,有漂浮物,4,有漂浮物,-5.765625,-3.03515625,-4.84765625,-5.28515625,8.015625,-1.5068359375,1.0347565648771706e-06,1.587324368301779e-05,2.591235897853039e-06,1.6730275547161e-06,0.9999055862426758,7.318241841858253e-05,4,有漂浮物
00003.jpg,1,4,有漂浮物,4,有漂浮物,-5.4296875,-2.6796875,-5.24609375,-2.794921875,7.6328125,-3.638671875,2.1232126528047957e-06,3.3212636481039226e-05,2.5510985324217472e-06,2.959767880383879e-05,0.9999197721481323,1.2729803529509809e-05,4,有漂浮物
00007.jpg,1,4,有漂浮物,4,有漂浮物,-5.515625,-2.171875,-5.55078125,-2.771484375,7.94140625,-2.12890625,1.430997031093284e-06,4.053320299135521e-05,1.3815625834467937e-06,2.225378375442233e-05,0.9998921155929565,4.231282218825072e-05,4,有漂浮物
00012.jpg,1,4,有漂浮物,4,有漂浮物,-4.421875,-4.2109375,-2.580078125,-4.5703125,7.3671875,-2.77734375,7.586249012092594e-06,9.367767233925406e-06,4.785301644005813e-05,6.539755759149557e-06,0.9998892545700073,3.9286012906813994e-05,4,有漂浮物
00018.jpg,1,4,有漂浮物,4,有漂浮物,-6.1953125,-4.1796875,-2.56640625,-2.5234375,6.1640625,-1.8310546875,4.286334387870738e-06,3.2170722988666967e-05,0.0001614730281289667,0.00016856254660524428,0.9992965459823608,0.000336867495207116,4,有漂浮物
00022.jpg,1,4,有漂浮物,4,有漂浮物,-3.611328125,-3.71875,-1.736328125,-4.296875,5.64453125,-3.7265625,9.546063665766269e-05,8.573765080654994e-05,0.0006224815151654184,4.8094465455506e-05,0.9990631937980652,8.50704382173717e-05,4,有漂浮物
00027.jpg,1,4,有漂浮物,4,有漂浮物,-4.1640625,-2.76953125,-4.2734375,-2.271484375,6.234375,-2.021484375,3.0460490961559117e-05,0.00012284971307963133,2.730460801103618e-05,0.0002021497202804312,0.9993576407432556,0.0002595653641037643,4,有漂浮物
00032.jpg,1,4,有漂浮物,4,有漂浮物,-3.62109375,-1.9814453125,-3.19921875,-2.927734375,4.93359375,-2.998046875,0.00019221256661694497,0.0009905401384457946,0.0002930891641881317,0.0003845067403744906,0.9977813363075256,0.00035839967313222587,4,有漂浮物
00036.jpg,1,4,有漂浮物,4,有漂浮物,-3.771484375,-4.828125,-4.29296875,-3.068359375,4.73828125,-1.689453125,0.0002010057505685836,6.987394590396434e-05,0.00011932479537790641,0.00040604278910905123,0.997591495513916,0.0016122158849611878,4,有漂浮物
00040.jpg,1,4,有漂浮物,4,有漂浮物,-4.32421875,-3.78125,-3.193359375,-4.22265625,8.8515625,-2.3828125,1.895917648653267e-06,3.263080543547403e-06,5.874155704077566e-06,2.0985896753700217e-06,0.9999736547470093,1.3211784789746162e-05,4,有漂浮物
00044.jpg,1,4,有漂浮物,4,有漂浮物,-5.5625,-4.03125,-4.1796875,-4.04296875,7.640625,-2.880859375,1.8447292404744076e-06,8.529941624146886e-06,7.353269211307634e-06,8.430564776062965e-06,0.9999469518661499,2.694972681638319e-05,4,有漂浮物
00046.jpg,1,4,有漂浮物,4,有漂浮物,-5.1484375,-3.66015625,-3.623046875,-3.169921875,6.921875,-2.978515625,5.726181825593812e-06,2.536398642405402e-05,2.6322910343878902e-05,4.141175304539502e-05,0.9998509883880615,5.014761336497031e-05,4,有漂浮物
00049.jpg,1,4,有漂浮物,4,有漂浮物,-2.912109375,-1.9951171875,-3.134765625,-2.677734375,4.703125,-2.51953125,0.0004911790601909161,0.0012288093566894531,0.00039313483284786344,0.0006209085695445538,0.9965386390686035,0.0007273348164744675,4,有漂浮物
00053.jpg,1,4,有漂浮物,4,有漂浮物,-3.16796875,-2.44921875,-1.72265625,-1.6484375,4.4765625,-1.91796875,0.0004751622036565095,0.0009749695309437811,0.002016197657212615,0.002171530621126294,0.9927036762237549,0.001658479101024568,4,有漂浮物
00057.jpg,1,4,有漂浮物,4,有漂浮物,-5.640625,-3.681640625,-4.0234375,-3.986328125,7.53125,-1.525390625,1.90309981462633e-06,1.3497013242158573e-05,9.589526598574594e-06,9.952073014574125e-06,0.999848484992981,0.00011659640586003661,4,有漂浮物
00063.jpg,1,4,有漂浮物,4,有漂浮物,-4.96875,-4.265625,-4.65234375,-2.982421875,6.01171875,-2.802734375,1.7025196939357556e-05,3.439184001763351e-05,2.3361762941931374e-05,0.0001240919082192704,0.999652624130249,0.00014851856394670904,4,有漂浮物
00068.jpg,1,4,有漂浮物,4,有漂浮物,-5.2265625,-3.541015625,-3.09765625,-3.57421875,6.1796875,-0.61181640625,1.111077654059045e-05,5.994708772050217e-05,9.339350071968511e-05,5.7989342167275026e-05,0.9986557960510254,0.0011217682622373104,4,有漂浮物
00073.jpg,1,4,有漂浮物,4,有漂浮物,-6.76953125,-4.4609375,-4.45703125,-2.11328125,6.31640625,-1.181640625,2.0725028662127443e-06,2.084993502649013e-05,2.0931538529112004e-05,0.00021811164333485067,0.9991843104362488,0.000553713645786047,4,有漂浮物
00075.jpg,1,4,有漂浮物,4,有漂浮物,-4.203125,-2.677734375,-1.01171875,-5.37890625,5.9453125,-1.71875,3.9072619983926415e-05,0.00017961444973479956,0.0009503479232080281,1.2056943887728266e-05,0.9983502626419067,0.000468622223706916,4,有漂浮物
00078.jpg,1,4,有漂浮物,4,有漂浮物,-4.4609375,-1.0537109375,-2.744140625,-2.615234375,6.1640625,-2.01171875,2.4268596462206915e-05,0.0007324607577174902,0.00013509525160770863,0.00015368212189059705,0.9986735582351685,0.0002810132864397019,4,有漂浮物
00082.jpg,1,4,有漂浮物,4,有漂浮物,-6.44140625,-4.4609375,-3.599609375,-1.17578125,5.9296875,-2.265625,4.234279913362116e-06,3.0682178476126865e-05,7.260328129632398e-05,0.0008196179405786097,0.9987971782684326,0.00027561213937588036,4,有漂浮物
00087.jpg,1,4,有漂浮物,4,有漂浮物,-5.60546875,-4.66796875,-2.103515625,-1.7216796875,4.1875,-1.30078125,5.535021045943722e-05,0.00014134171942714602,0.001836530864238739,0.0026904658880084753,0.9911778569221497,0.004098466131836176,4,有漂浮物
00091.jpg,1,4,有漂浮物,4,有漂浮物,-1.7626953125,-2.15625,-2.19140625,-2.5546875,4.8671875,-2.435546875,0.0013146087294444442,0.0008869065786711872,0.0008562679868191481,0.0005954409134574234,0.9956759810447693,0.0006707810680381954,4,有漂浮物
00096.jpg,1,5,正常,4,有漂浮物,-3.93359375,-2.318359375,-3.359375,-4.8046875,6.5,-1.80078125,2.9412702133413404e-05,0.00014791842841077596,5.222939216764644e-05,1.2309026715229265e-05,0.9995099306106567,0.00024820107501000166,4,有漂浮物
00097.jpg,1,4,有漂浮物,4,有漂浮物,-4.8203125,-2.984375,-1.537109375,-3.791015625,6.01953125,-2.828125,1.958577377081383e-05,0.00012282258830964565,0.000522176967933774,5.482247797772288e-05,0.9991369843482971,0.000143594152177684,4,有漂浮物
00101.jpg,1,4,有漂浮物,4,有漂浮物,-6.6484375,-3.767578125,-4.27734375,-2.400390625,5.26171875,-2.380859375,6.714078153891023e-06,0.00011970924970228225,7.19017261872068e-05,0.0004697747644968331,0.9988528490066528,0.00047904025996103883,4,有漂浮物
00105.jpg,1,4,有漂浮物,4,有漂浮物,-5.0,-3.169921875,-3.833984375,-5.1484375,6.9765625,-0.407958984375,6.2855683609086554e-06,3.918658330803737e-05,2.0171524738543667e-05,5.418498403741978e-06,0.9993084669113159,0.0006203583907335997,4,有漂浮物
00109.jpg,1,4,有漂浮物,4,有漂浮物,-4.375,-2.962890625,-3.646484375,-1.1923828125,5.63671875,-2.072265625,4.478802657104097e-05,0.00018383713904768229,9.280091035179794e-05,0.001079829060472548,0.9981507658958435,0.0004479471535887569,4,有漂浮物
00117.jpg,1,4,有漂浮物,4,有漂浮物,-6.5859375,-4.28125,-3.857421875,-3.185546875,6.41796875,-0.79736328125,2.2495780740428017e-06,2.254312676086556e-05,3.444136382313445e-05,6.743292033206671e-05,0.9991387128829956,0.0007345931953750551,4,有漂浮物
00121.jpg,1,4,有漂浮物,4,有漂浮物,-3.947265625,-3.396484375,-5.234375,-0.1007080078125,6.296875,-3.4375,3.5500248486641794e-05,6.157900497782975e-05,9.800470252230298e-06,0.0016625325661152601,0.9981714487075806,5.9104397223563865e-05,4,有漂浮物
00126.jpg,1,4,有漂浮物,4,有漂浮物,-5.72265625,-3.619140625,-3.642578125,-2.875,6.7109375,-0.64306640625,3.979434950451832e-06,3.2611191272735596e-05,3.185575405950658e-05,6.863455200800672e-05,0.9992233514785767,0.0006395275122486055,4,有漂浮物
00130.jpg,1,4,有漂浮物,4,有漂浮物,-8.375,-4.00390625,-5.19921875,-4.22265625,8.7890625,-1.759765625,3.51340680992962e-08,2.780163413262926e-06,8.413035175180994e-07,2.2339240786095615e-06,0.9999679327011108,2.622335341584403e-05,4,有漂浮物
00131.jpg,1,4,有漂浮物,4,有漂浮物,-3.576171875,-3.1171875,-3.103515625,-2.337890625,4.828125,-2.123046875,0.00022330755018629134,0.0003533765848260373,0.00035824108636006713,0.0007703393930569291,0.9973397850990295,0.0009549652459099889,4,有漂浮物
00133.jpg,1,4,有漂浮物,4,有漂浮物,-4.4765625,-2.9296875,-2.1796875,-3.8671875,5.71484375,-1.205078125,3.7429625081131235e-05,0.00017579832638148218,0.0003721650573424995,6.884361209813505e-05,0.9983595013618469,0.000986286555416882,4,有漂浮物
00138.jpg,1,4,有漂浮物,4,有漂浮物,-2.1953125,-1.416015625,-2.767578125,-2.380859375,3.501953125,-1.904296875,0.003289863932877779,0.007171703036874533,0.0018562914337962866,0.00273272511549294,0.9805482625961304,0.0044011324644088745,4,有漂浮物
00142.jpg,1,4,有漂浮物,4,有漂浮物,-3.173828125,-2.875,-1.685546875,-3.814453125,5.66796875,-1.80078125,0.00014432799071073532,0.00019459422037471086,0.0006392973591573536,7.60555049055256e-05,0.9983760118484497,0.000569714407902211,4,有漂浮物
00147.jpg,1,4,有漂浮物,4,有漂浮物,-5.17578125,-1.9375,-4.26953125,-2.517578125,6.8046875,-1.4716796875,6.26210658083437e-06,0.00015962030738592148,1.549886292195879e-05,8.93641627044417e-05,0.9994749426841736,0.00025432632537558675,4,有漂浮物
00152.jpg,1,4,有漂浮物,4,有漂浮物,-5.53515625,-4.46875,-4.71484375,-4.125,7.79296875,-0.78955078125,1.6277219856419833e-06,4.7284042921091896e-06,3.696897692861967e-06,6.668118658126332e-06,0.9997959733009338,0.00018731411546468735,4,有漂浮物
00158.jpg,1,4,有漂浮物,4,有漂浮物,-2.720703125,-1.044921875,-4.58203125,-1.2080078125,5.0546875,-1.5068359375,0.00041741851600818336,0.0022302535362541676,6.489439692813903e-05,0.0018946410855278373,0.9939875602722168,0.0014052303740754724,4,有漂浮物
00160.jpg,1,4,有漂浮物,4,有漂浮物,-4.7578125,-3.41015625,-2.478515625,-3.220703125,6.77734375,-2.373046875,9.77726358541986e-06,3.762677442864515e-05,9.55219948082231e-05,4.547528806142509e-05,0.9997053742408752,0.00010614703933242708,4,有漂浮物
00164.jpg,1,4,有漂浮物,4,有漂浮物,-4.453125,-3.736328125,-2.642578125,-3.76953125,6.8359375,-2.384765625,1.2506015082180966e-05,2.5610608645365573e-05,7.645915320608765e-05,2.477421730873175e-05,0.9997617602348328,9.894549293676391e-05,4,有漂浮物
00169.jpg,1,4,有漂浮物,4,有漂浮物,-6.3828125,-4.68359375,-4.33984375,-4.2578125,8.375,-2.46875,3.897186218182469e-07,2.1316332095011603e-06,3.0060846256674267e-06,3.2630739497108152e-06,0.9999716281890869,1.9525710740708746e-05,4,有漂浮物
00172.jpg,1,4,有漂浮物,4,有漂浮物,-6.0234375,-1.9970703125,-3.029296875,-4.40625,8.1796875,-1.724609375,6.786022481719556e-07,3.804033622145653e-05,1.3550460607802961e-05,3.4194079034932656e-06,0.999894380569458,4.995427298126742e-05,4,有漂浮物
00174.jpg,1,4,有漂浮物,4,有漂浮物,-5.93359375,-3.76171875,-1.8642578125,-6.36328125,5.8515625,-2.814453125,7.611475211888319e-06,6.678857607766986e-05,0.00044540900853462517,4.952881681674626e-06,0.9993029832839966,0.00017222428868990391,4,有漂浮物
00179.jpg,1,4,有漂浮物,4,有漂浮物,-4.40234375,-2.83203125,-4.80859375,-4.61328125,7.5625,-2.431640625,6.363476131809875e-06,3.059655136894435e-05,4.238988822180545e-06,5.153300207894063e-06,0.9999079704284668,4.566252391668968e-05,4,有漂浮物
00183.jpg,1,4,有漂浮物,4,有漂浮物,-3.009765625,-1.669921875,-2.947265625,-3.53125,5.01953125,-2.412109375,0.0003248992725275457,0.0012406106106936932,0.0003458534774836153,0.00019287278701085597,0.997305154800415,0.0005906191654503345,4,有漂浮物
00188.jpg,1,4,有漂浮物,4,有漂浮物,-5.30859375,-2.33203125,-3.7421875,-2.7421875,6.9609375,-2.068359375,4.691156846092781e-06,9.204169327858835e-05,2.2467851522378623e-05,6.107395165599883e-05,0.9996999502182007,0.00011981077113887295,4,有漂浮物
00192.jpg,1,4,有漂浮物,4,有漂浮物,-3.9765625,-1.7080078125,-1.962890625,-1.7265625,4.40234375,0.496826171875,0.00022373662795871496,0.0021625086665153503,0.0016759601421654224,0.0021227539982646704,0.9742038249969482,0.019611243158578873,4,有漂浮物
00196.jpg,1,4,有漂浮物,4,有漂浮物,-5.30078125,-2.84375,-1.908203125,-2.03515625,5.078125,-0.2147216796875,3.0860283004585654e-05,0.0003601429925765842,0.0009178629843518138,0.0008084307191893458,0.9928910732269287,0.0049916887655854225,4,有漂浮物
00201.jpg,1,4,有漂浮物,4,有漂浮物,-6.30859375,-1.8271484375,-3.39453125,-3.3046875,7.51953125,-2.7421875,9.873054978015716e-07,8.724057988729328e-05,1.8197546523879282e-05,1.9908175090677105e-05,0.9998387098312378,3.493993790470995e-05,4,有漂浮物
00205.jpg,1,4,有漂浮物,4,有漂浮物,-2.646484375,-3.5,-2.59765625,-3.23828125,3.55078125,-1.5341796875,0.0020101547706872225,0.0008561548893339932,0.002110742498189211,0.001112283207476139,0.9877970814704895,0.0061136032454669476,4,有漂浮物
00208.jpg,1,4,有漂浮物,4,有漂浮物,-6.15234375,-3.126953125,-4.1015625,-3.76953125,7.76953125,-2.548828125,8.990347168946755e-07,1.852195964602288e-05,6.989071152929682e-06,9.741342182678636e-06,0.9999308586120605,3.3018961403286085e-05,4,有漂浮物
00212.jpg,1,4,有漂浮物,4,有漂浮物,-6.05078125,-3.525390625,-4.33203125,-3.7578125,7.90234375,-3.357421875,8.71401368840452e-07,1.0888835277000908e-05,4.860286480834475e-06,8.63061814015964e-06,0.9999618530273438,1.2880400390713476e-05,4,有漂浮物
00217.jpg,1,4,有漂浮物,4,有漂浮物,-5.046875,-3.033203125,-3.935546875,-5.3203125,6.765625,-4.02734375,7.410508260363713e-06,5.551042340812273e-05,2.251602018077392e-05,5.637617050524568e-06,0.9998884201049805,2.05411506613018e-05,4,有漂浮物
00219.jpg,1,4,有漂浮物,4,有漂浮物,-4.17578125,-3.30859375,-2.64453125,-3.72265625,6.40625,-2.435546875,2.5357940103276633e-05,6.035714613972232e-05,0.00011725391959771514,3.9893635403132066e-05,0.9996126294136047,0.0001445067609893158,4,有漂浮物
00224.jpg,1,4,有漂浮物,4,有漂浮物,-4.75390625,-1.619140625,-2.791015625,-3.115234375,6.0546875,-1.7138671875,2.0201594452373683e-05,0.0004642982385121286,0.00014383287634700537,0.00010400441533420235,0.9988453388214111,0.00042233572457917035,4,有漂浮物
00228.jpg,1,4,有漂浮物,4,有漂浮物,-4.71484375,-1.875,-3.51953125,-3.271484375,6.51953125,-1.9677734375,1.3204936294641811e-05,0.00022597727365791798,4.363690459285863e-05,5.592156230704859e-05,0.9994552731513977,0.00020595567184500396,4,有漂浮物
00232.jpg,1,4,有漂浮物,4,有漂浮物,-5.4609375,-3.599609375,-3.787109375,-1.2734375,5.6640625,-1.36328125,1.4709103197674267e-05,9.461297304369509e-05,7.84369112807326e-05,0.0009687112178653479,0.9979580640792847,0.0008854737388901412,4,有漂浮物
00446.jpg,1,4,有漂浮物,4,有漂浮物,-5.7890625,-6.8515625,-3.013671875,-3.392578125,5.66796875,-4.265625,1.0571174243523274e-05,3.653299700090429e-06,0.00016961334040388465,0.0001161189575213939,0.9996515512466431,4.850022014579736e-05,4,有漂浮物
00447.jpg,1,4,有漂浮物,4,有漂浮物,-5.1875,-7.640625,-2.791015625,-3.1640625,5.34375,-4.47265625,2.6673807951738127e-05,2.294596697538509e-06,0.0002929982147179544,0.00020176821271888912,0.9994217157363892,5.451772449305281e-05,4,有漂浮物
00448.jpg,1,4,有漂浮物,4,有漂浮物,-5.76171875,-6.125,-3.966796875,-3.69140625,7.0703125,-4.15625,2.673595417945762e-06,1.8591936168377288e-06,1.609238279343117e-05,2.1194391592871398e-05,0.999944806098938,1.3315022442839108e-05,4,有漂浮物
00449.jpg,1,4,有漂浮物,4,有漂浮物,-6.07421875,-6.30078125,-4.4453125,-3.60546875,7.4296875,-3.7734375,1.365560819976963e-06,1.0887200687648146e-06,6.962032330193324e-06,1.6124102330650203e-05,0.9999608993530273,1.3630998182634357e-05,4,有漂浮物
00450.jpg,1,4,有漂浮物,4,有漂浮物,-5.80859375,-6.484375,-4.03515625,-3.541015625,7.1796875,-4.19140625,2.2868580344947986e-06,1.16345904643822e-06,1.3472037608153187e-05,2.2081869246903807e-05,0.9999494552612305,1.1523245120770298e-05,4,有漂浮物
00451.jpg,1,4,有漂浮物,4,有漂浮物,-5.26171875,-5.78125,-4.2109375,-3.265625,6.6484375,-4.09765625,6.7211103669251315e-06,3.997711246483959e-06,1.9221599359298125e-05,4.946904300595634e-05,0.9998990297317505,2.15271702472819e-05,4,有漂浮物
00452.jpg,1,4,有漂浮物,4,有漂浮物,-6.390625,-7.7109375,-4.0703125,-3.1875,6.6015625,-4.51953125,2.2778365291742375e-06,6.083004677748249e-07,2.31857684411807e-05,5.605599653790705e-05,0.9999030828475952,1.4795452443649992e-05,4,有漂浮物
00457.jpg,1,4,有漂浮物,4,有漂浮物,-3.787109375,-7.296875,-4.3671875,-3.755859375,6.39453125,-5.26171875,3.7854955735383555e-05,1.1320116755086929e-06,2.1193272914388217e-05,3.9056598325259984e-05,0.999891996383667,8.66379286890151e-06,4,有漂浮物
00459.jpg,1,4,有漂浮物,4,有漂浮物,-5.37109375,-7.56640625,-4.828125,-3.521484375,7.01953125,-5.26953125,4.157204330113018e-06,4.627956116109999e-07,7.155000730563188e-06,2.6428740966366604e-05,0.9999572038650513,4.601605724019464e-06,4,有漂浮物
00470.jpg,1,4,有漂浮物,4,有漂浮物,-4.68359375,-5.859375,-4.703125,-3.6796875,7.66796875,-3.07421875,4.322806489653885e-06,1.3339220004127128e-06,4.239195732225198e-06,1.1796596481872257e-05,0.9999567270278931,2.1612671844195575e-05,4,有漂浮物
00478.jpg,1,4,有漂浮物,4,有漂浮物,-4.9609375,-5.984375,-3.556640625,-4.53515625,7.28515625,-4.05078125,4.803627689398127e-06,1.7262196934098029e-06,1.956355117727071e-05,7.353325599979144e-06,0.9999545812606812,1.1935625479964074e-05,4,有漂浮物
00479.jpg,1,4,有漂浮物,4,有漂浮物,-5.26953125,-6.93359375,-5.2578125,-3.048828125,6.60546875,-4.25,6.961616691114614e-06,1.318308250120026e-06,7.043678124318831e-06,6.414299423340708e-05,0.9999011754989624,1.929687277879566e-05,4,有漂浮物
00484.jpg,1,4,有漂浮物,4,有漂浮物,-3.748046875,-7.36328125,-5.69921875,-2.98828125,7.375,-4.41015625,1.4767179891350679e-05,3.9739393287163693e-07,2.098526238114573e-06,3.156891034450382e-05,0.9999434947967529,7.61635419621598e-06,4,有漂浮物
00490.jpg,1,4,有漂浮物,4,有漂浮物,-5.62890625,-4.8984375,-3.703125,-3.578125,7.60546875,-3.0234375,1.7879677898235968e-06,3.711916633619694e-06,1.2266364137758501e-05,1.3899611985834781e-05,0.9999440908432007,2.4204739020206034e-05,4,有漂浮物
00495.jpg,1,4,有漂浮物,4,有漂浮物,-3.19140625,-3.51953125,-3.8203125,-1.87890625,5.1875,-2.92578125,0.00022927802638150752,0.0001651427592150867,0.00012224522652104497,0.0008518712129443884,0.9983324408531189,0.0002990349312312901,4,有漂浮物
00499.jpg,1,4,有漂浮物,4,有漂浮物,-5.6796875,-2.138671875,-3.767578125,-1.744140625,6.16015625,-2.615234375,7.205457222880796e-06,0.00024860227131284773,4.876183811575174e-05,0.0003688483266159892,0.9991722106933594,0.00015436066314578056,4,有漂浮物
00503.jpg,1,4,有漂浮物,4,有漂浮物,-4.7265625,-2.505859375,-4.9453125,-3.181640625,6.1484375,-3.40625,1.891854299174156e-05,0.00017431181913707405,1.5201477253867779e-05,8.86826601345092e-05,0.9996321201324463,7.084221579134464e-05,4,有漂浮物
00508.jpg,1,4,有漂浮物,4,有漂浮物,-6.6875,-2.296875,-5.16796875,-4.0234375,7.75390625,-3.623046875,5.347473575056938e-07,4.314921170589514e-05,2.443839321131236e-06,7.676023415115196e-06,0.9999347925186157,1.1455755156930536e-05,4,有漂浮物
00512.jpg,1,4,有漂浮物,4,有漂浮物,-5.74609375,-1.978515625,-5.3125,-3.8515625,7.98046875,-3.25390625,1.0929467180176289e-06,4.729741340270266e-05,1.6861894209796446e-06,7.267473847605288e-06,0.9999294281005859,1.3211200894147623e-05,4,有漂浮物
00517.jpg,1,4,有漂浮物,4,有漂浮物,-6.203125,-2.197265625,-3.99609375,-2.80078125,6.73828125,-3.47265625,2.396093805145938e-06,0.00013159107766114175,2.177736496378202e-05,7.196526712505147e-05,0.9997355341911316,3.675626066979021e-05,4,有漂浮物
00521.jpg,1,4,有漂浮物,4,有漂浮物,-5.1171875,-1.908203125,-2.41796875,-4.51953125,4.53515625,-3.16796875,6.407104228856042e-05,0.0015860103303566575,0.0009526154608465731,0.00011647175415419042,0.9968307614326477,0.00044998369412496686,4,有漂浮物
00525.jpg,1,4,有漂浮物,4,有漂浮物,-6.1953125,-6.5625,-1.9248046875,-5.55859375,6.03515625,-2.88671875,4.877056653640466e-06,3.3782382615754614e-06,0.0003489922091830522,9.218944796884898e-06,0.9995001554489136,0.0001333711261395365,4,有漂浮物
00529.jpg,1,4,有漂浮物,4,有漂浮物,-5.08984375,-5.05078125,-2.509765625,-3.48046875,5.48046875,-0.51123046875,2.5589541110093705e-05,2.6608913685777225e-05,0.00033773508039303124,0.00012793965288437903,0.9969902038574219,0.002491890685632825,4,有漂浮物
00537.jpg,1,4,有漂浮物,4,有漂浮物,-5.703125,-6.890625,-2.673828125,-4.7890625,5.37890625,-3.564453125,1.5378524039988406e-05,4.690185051003937e-06,0.0003180691855959594,3.836074029095471e-05,0.999492883682251,0.00013053533621132374,4,有漂浮物
00549.jpg,1,4,有漂浮物,4,有漂浮物,-5.91796875,-6.53515625,-2.484375,-3.869140625,5.02734375,-4.01953125,1.7625909094931558e-05,9.508465154794976e-06,0.0005461882101371884,0.00013675595982931554,0.9991722106933594,0.00011766098032239825,4,有漂浮物
00554.jpg,1,4,有漂浮物,4,有漂浮物,-5.75,-3.853515625,-2.572265625,-3.3671875,6.45703125,-1.87890625,4.992953108740039e-06,3.326519799884409e-05,0.00011979258852079511,5.410031371866353e-05,0.9995482563972473,0.00023963602143339813,4,有漂浮物
00559.jpg,1,4,有漂浮物,4,有漂浮物,-4.87109375,-4.01953125,-2.29296875,-3.853515625,6.02734375,-1.970703125,1.8474302123649977e-05,4.32909291703254e-05,0.00024335121270269156,5.110890924697742e-05,0.9993078708648682,0.0003358858230058104,4,有漂浮物
00560.jpg,1,4,有漂浮物,4,有漂浮物,-5.125,-4.875,-2.869140625,-3.474609375,6.10546875,-2.30859375,1.325790708506247e-05,1.7023488908307627e-05,0.00012652672012336552,6.906062480993569e-05,0.9995524287223816,0.00022162801178637892,4,有漂浮物
00564.jpg,1,4,有漂浮物,4,有漂浮物,-4.8984375,-4.16015625,-2.171875,-3.970703125,6.140625,-1.9404296875,1.6051515558501706e-05,3.358516551088542e-05,0.00024527148343622684,4.059064303874038e-05,0.9993553757667542,0.000309145194478333,4,有漂浮物
00569.jpg,1,4,有漂浮物,4,有漂浮物,-5.3828125,-3.5078125,-2.4765625,-3.693359375,6.50390625,-1.888671875,6.878156000311719e-06,4.485121098696254e-05,0.00012578832684084773,3.72556532965973e-05,0.9995588660240173,0.00022644252749159932,4,有漂浮物
00573.jpg,1,4,有漂浮物,4,有漂浮物,-5.28125,-3.349609375,-3.0,-3.751953125,6.39453125,-1.7138671875,8.492970664519817e-06,5.860848614247516e-05,8.313691796502098e-05,3.919447408406995e-05,0.9995096921920776,0.0003008529602084309,4,有漂浮物
00577.jpg,1,4,有漂浮物,4,有漂浮物,-5.3203125,-2.9296875,-2.509765625,-3.607421875,6.30078125,-1.458984375,8.968197107606102e-06,9.793554636416957e-05,0.00014904249110259116,4.972835449734703e-05,0.999268114566803,0.0004262443399056792,4,有漂浮物
00578.jpg,1,4,有漂浮物,4,有漂浮物,-5.12109375,-3.314453125,-2.31640625,-3.6015625,6.03125,-1.736328125,1.432977933291113e-05,8.726769738132134e-05,0.00023675533884670585,6.54882678645663e-05,0.9991733431816101,0.0004228871548548341,4,有漂浮物
00580.jpg,1,4,有漂浮物,4,有漂浮物,-4.4921875,-4.453125,-3.787109375,-5.4921875,7.56640625,-2.818359375,5.794216576759936e-06,6.025031780154677e-06,1.1727522178262006e-05,2.1315731828508433e-06,0.9999434947967529,3.0897906981408596e-05,4,有漂浮物
00583.jpg,1,4,有漂浮物,4,有漂浮物,-1.513671875,-4.2578125,-1.9931640625,-1.244140625,4.984375,-4.0859375,0.0014994459925219417,9.641968790674582e-05,0.0009283036342822015,0.0019633006304502487,0.9953979849815369,0.00011450121382949874,4,有漂浮物
00588.jpg,1,4,有漂浮物,4,有漂浮物,-5.890625,-3.474609375,-3.44140625,-3.671875,7.19140625,-4.4375,2.082151468130178e-06,2.332247095182538e-05,2.4109847799991257e-05,1.9147108105244115e-05,0.9999223947525024,8.904232345230412e-06,4,有漂浮物
00593.jpg,1,4,有漂浮物,4,有漂浮物,-6.0234375,-3.91796875,-3.671875,-3.833984375,6.953125,-4.29296875,2.3137479274737416e-06,1.899807102745399e-05,2.429890082566999e-05,2.0662526367232203e-05,0.9999206066131592,1.3057169780950062e-05,4,有漂浮物
00597.jpg,1,4,有漂浮物,4,有漂浮物,-6.3125,-3.908203125,-5.14453125,-3.80078125,7.48828125,-5.26171875,1.0148069122806191e-06,1.1234566954954062e-05,3.2630657642584993e-06,1.2508608961070422e-05,0.9999691247940063,2.9022307899140287e-06,4,有漂浮物
00601.jpg,1,4,有漂浮物,4,有漂浮物,-6.1953125,-4.19140625,-4.265625,-3.474609375,6.98046875,-4.6328125,1.8958407963509671e-06,1.4063301932765171e-05,1.3057333489996381e-05,2.879971725633368e-05,0.999933123588562,9.044551006809343e-06,4,有漂浮物
00606.jpg,1,4,有漂浮物,4,有漂浮物,-6.6953125,-4.19921875,-4.5390625,-2.93359375,7.20703125,-4.76953125,9.167698067358288e-07,1.1125000128231477e-05,7.919682502688374e-06,3.944155105273239e-05,0.9999343156814575,6.289504653977929e-06,4,有漂浮物
00610.jpg,1,4,有漂浮物,4,有漂浮物,-5.8359375,-4.640625,-5.19921875,-3.439453125,7.109375,-4.78515625,2.387269432801986e-06,7.88894703873666e-06,4.512579835136421e-06,2.6222940505249426e-05,0.9999521970748901,6.8273152464826126e-06,4,有漂浮物
00614.jpg,1,4,有漂浮物,4,有漂浮物,-5.80859375,-3.892578125,-4.3515625,-2.931640625,6.453125,-4.7734375,4.728638486994896e-06,3.2125593861564994e-05,2.0300967662478797e-05,8.398098725592718e-05,0.9998455047607422,1.331370003754273e-05,4,有漂浮物
00615.jpg,1,4,有漂浮物,4,有漂浮物,-6.59375,-3.76953125,-4.3359375,-4.03515625,7.4375,-4.27734375,8.059124070314283e-07,1.3577832760347519e-05,7.706255019002128e-06,1.0410485629108734e-05,0.9999592304229736,8.171284207492135e-06,4,有漂浮物
00619.jpg,1,4,有漂浮物,4,有漂浮物,-6.12890625,-3.78125,-4.8515625,-3.005859375,6.5625,-2.701171875,3.0768098895350704e-06,3.218657730030827e-05,1.1036821888410486e-05,6.989123357925564e-05,0.9997890591621399,9.478656284045428e-05,4,有漂浮物
00623.jpg,1,4,有漂浮物,4,有漂浮物,-5.18359375,-5.234375,-4.13671875,-1.376953125,5.08984375,-2.873046875,3.4467168006813154e-05,3.27605775964912e-05,9.818781836656854e-05,0.0015509885270148516,0.9979362487792969,0.0003474268305581063,4,有漂浮物
00625.jpg,1,4,有漂浮物,4,有漂浮物,-4.42578125,-4.796875,-4.3125,-1.890625,5.00390625,-3.052734375,8.01795395091176e-05,5.532221985049546e-05,8.979682752396911e-05,0.0010117377387359738,0.998446524143219,0.000316497462335974,4,有漂浮物
00629.jpg,1,4,有漂浮物,4,有漂浮物,-5.25390625,-4.23046875,-4.48046875,-0.943359375,4.546875,-2.212890625,5.509885522769764e-05,0.00015332600742112845,0.00011941041884711012,0.004103829152882099,0.994415283203125,0.001153025426901877,4,有漂浮物
00634.jpg,1,4,有漂浮物,4,有漂浮物,-6.34765625,-4.703125,-3.853515625,-4.24609375,7.90625,-3.505859375,6.450523528656049e-07,3.3404564874217613e-06,7.812435796950012e-06,5.275844159768894e-06,0.999971866607666,1.106042145693209e-05,4,有漂浮物
00640.jpg,1,4,有漂浮物,4,有漂浮物,-5.25,-5.95703125,-5.90234375,-0.6025390625,4.95703125,-5.94140625,3.676491178339347e-05,1.8128996089217253e-05,1.9148035789839923e-05,0.003835307201370597,0.9960722923278809,1.841448465711437e-05,4,有漂浮物
00641.jpg,1,4,有漂浮物,4,有漂浮物,-5.94140625,-4.8125,-5.62890625,-0.79248046875,5.72265625,-5.65234375,8.584085662732832e-06,2.6544332285993733e-05,1.1733054634532891e-05,0.001478577614761889,0.9984631538391113,1.1461258509370964e-05,4,有漂浮物
00642.jpg,1,4,有漂浮物,4,有漂浮物,-5.8828125,-5.9140625,-5.3984375,-1.173828125,5.6015625,-5.8125,1.0277393812430091e-05,9.9611916084541e-06,1.6681855413480662e-05,0.0011401681695133448,0.9988118410110474,1.1026034371752758e-05,4,有漂浮物
00644.jpg,1,4,有漂浮物,4,有漂浮物,-7.2265625,-4.54296875,-6.59765625,-1.8701171875,7.41796875,-5.25390625,4.3643146341310057e-07,6.388310794136487e-06,8.185525643966685e-07,9.251042502000928e-05,0.999896764755249,3.1378326639242005e-06,4,有漂浮物
00647.jpg,1,4,有漂浮物,4,有漂浮物,-5.5703125,-6.1875,-6.25390625,-2.705078125,7.2421875,-6.44140625,2.7263288302492583e-06,1.4707441096106777e-06,1.3762497701463872e-06,4.785570490639657e-05,0.9999454021453857,1.140951098932419e-06,4,有漂浮物
00649.jpg,1,4,有漂浮物,4,有漂浮物,-4.734375,-5.80859375,-6.3359375,-1.2431640625,5.81640625,-6.5625,2.614939512568526e-05,8.931704542192165e-06,5.271228928904748e-06,0.000858371437061578,0.9990971088409424,4.202589934720891e-06,4,有漂浮物
00652.jpg,1,4,有漂浮物,4,有漂浮物,-6.33984375,-4.60546875,-6.4453125,-2.3828125,6.94140625,-6.0625,1.706007992652303e-06,9.665192919783294e-06,1.5352410400737426e-06,8.922733104554936e-05,0.9998955726623535,2.2512822397402488e-06,4,有漂浮物
00656.jpg,1,4,有漂浮物,4,有漂浮物,-6.06640625,-3.888671875,-2.265625,-4.00390625,5.2890625,-1.7587890625,1.1686601283145137e-05,0.00010314930113963783,0.0005228132358752191,9.19222438824363e-05,0.9984025359153748,0.0008678858866915107,4,有漂浮物
00660.jpg,1,4,有漂浮物,4,有漂浮物,-6.0859375,-2.779296875,-3.099609375,-3.75,5.60546875,-1.8095703125,8.356284524779767e-06,0.0002280704356962815,0.00016556137416046113,8.639686711831018e-05,0.9989101886749268,0.0006014726241119206,4,有漂浮物
00664.jpg,1,4,有漂浮物,4,有漂浮物,-5.625,-3.951171875,-2.455078125,-3.970703125,5.125,-2.029296875,2.1412432033685036e-05,0.00011418270150898024,0.0005097363027743995,0.0001119742082664743,0.9984623193740845,0.0007802971522323787,4,有漂浮物
00668.jpg,1,4,有漂浮物,4,有漂浮物,-6.7109375,-2.919921875,-2.07421875,-4.28125,5.765625,-1.8642578125,3.8108532862679567e-06,0.0001688260235823691,0.0003932996769435704,4.3273506889818236e-05,0.9989056587219238,0.0004851862322539091,4,有漂浮物
00672.jpg,1,4,有漂浮物,4,有漂浮物,-6.37109375,-5.078125,-1.6875,-6.03125,5.98046875,-3.91796875,4.3206428017583676e-06,1.5742638424853794e-05,0.00046731234760954976,6.069328264857177e-06,0.9994562268257141,5.0225815357407555e-05,4,有漂浮物
00673.jpg,1,4,有漂浮物,4,有漂浮物,-6.28515625,-5.4765625,-2.302734375,-5.6953125,5.90234375,-3.990234375,5.0919511522806715e-06,1.1430151971580926e-05,0.0002731668937485665,9.18438581720693e-06,0.9996505975723267,5.053079439676367e-05,4,有漂浮物
00674.jpg,1,4,有漂浮物,4,有漂浮物,-7.578125,-5.11328125,-2.771484375,-5.92578125,6.796875,-3.818359375,5.714408644053037e-07,6.721084446326131e-06,6.989865505602211e-05,2.982463001899305e-06,0.9998952150344849,2.453673369018361e-05,4,有漂浮物
00679.jpg,1,4,有漂浮物,4,有漂浮物,-7.81640625,-5.18359375,-4.9296875,-4.9375,7.55078125,-4.890625,2.1188922971759894e-07,2.947982011392014e-06,3.800099193540518e-06,3.7705265185650205e-06,0.9999853372573853,3.951477992814034e-06,4,有漂浮物
00685.jpg,1,4,有漂浮物,4,有漂浮物,-7.40625,-5.3125,-5.27734375,-2.708984375,7.08203125,-4.28515625,5.102537556922471e-07,4.140857527090702e-06,4.289023763703881e-06,5.594776666839607e-05,0.999923586845398,1.156804592028493e-05,4,有漂浮物
00693.jpg,1,4,有漂浮物,4,有漂浮物,-6.7578125,-4.33984375,-4.84375,-2.716796875,5.98828125,-3.2109375,2.912741138061392e-06,3.2689811632735655e-05,1.975007398868911e-05,0.00016568861610721797,0.9996778964996338,0.00010108580318046734,4,有漂浮物
00698.jpg,1,4,有漂浮物,4,有漂浮物,-5.828125,-5.953125,-2.880859375,-5.0546875,6.40625,-5.453125,4.859892214881256e-06,4.288839591026772e-06,9.259932267013937e-05,1.0532374290050939e-05,0.9998806715011597,7.071101208566688e-06,4,有漂浮物
00703.jpg,1,4,有漂浮物,4,有漂浮物,-7.23828125,-5.01171875,-4.28125,-3.9453125,6.46875,-6.03125,1.1145076541652088e-06,1.0329203178116586e-05,2.1443978766910732e-05,3.000552169396542e-05,0.9999333620071411,3.7264048842189368e-06,4,有漂浮物
00707.jpg,1,4,有漂浮物,4,有漂浮物,-5.69140625,-4.25,-3.625,-1.3310546875,4.5078125,-4.7734375,3.706986899487674e-05,0.00015668082050979137,0.00029271829407662153,0.0029020016081631184,0.9965187311172485,9.283031249651685e-05,4,有漂浮物
00708.jpg,1,4,有漂浮物,4,有漂浮物,-5.58984375,-5.296875,-3.109375,-2.330078125,5.05859375,-5.15625,2.3714332201052457e-05,3.1786712497705594e-05,0.0002833118778653443,0.0006176026072353125,0.9990070462226868,3.6586279748007655e-05,4,有漂浮物
00712.jpg,1,4,有漂浮物,4,有漂浮物,-6.09765625,-5.08984375,-4.0,-4.49609375,9.015625,-4.5390625,2.731383972331969e-07,7.482904038624838e-07,2.2252729650062975e-06,1.354978849121835e-06,0.9999940395355225,1.2979902521692566e-06,4,有漂浮物
00716.jpg,1,4,有漂浮物,4,有漂浮物,-6.48046875,-5.4140625,-5.359375,-4.6953125,9.46875,-5.2578125,1.1839721025808103e-07,3.439345732658694e-07,3.632673042375245e-07,7.057078619254753e-07,0.9999980926513672,4.021002553145081e-07,4,有漂浮物
00720.jpg,1,4,有漂浮物,4,有漂浮物,-7.47265625,-4.9296875,-4.26953125,-4.56640625,8.421875,-5.11328125,1.2505158508702152e-07,1.59032708779705e-06,3.0774333481531357e-06,2.2869544409331866e-06,0.9999916553497314,1.3235876394901425e-06,4,有漂浮物
00724.jpg,1,4,有漂浮物,4,有漂浮物,-5.6328125,-5.5859375,-2.65625,-4.81640625,7.171875,-5.13671875,2.747668531810632e-06,2.8795318485208554e-06,5.390996011556126e-05,6.216201200004434e-06,0.999929666519165,4.5124779717298225e-06,4,有漂浮物
00728.jpg,1,4,有漂浮物,4,有漂浮物,-7.32421875,-4.15234375,-3.361328125,-3.97265625,7.5703125,-5.09375,3.399149193228368e-07,8.1077068898594e-06,1.7882644897326827e-05,9.703655450721271e-06,0.9999607801437378,3.162645271004294e-06,4,有漂浮物
00732.jpg,1,4,有漂浮物,4,有漂浮物,-5.92578125,-2.62109375,-5.0390625,-4.359375,8.421875,-5.0859375,5.873303621228843e-07,1.5998894014046527e-05,1.425540290256322e-06,2.812962975440314e-06,0.9999778270721436,1.360260057481355e-06,4,有漂浮物
00737.jpg,1,4,有漂浮物,4,有漂浮物,-7.95703125,-3.572265625,-6.02734375,-3.40625,10.0546875,-4.44140625,1.505249791478036e-08,1.207502577926789e-06,1.0367192970761607e-07,1.4255673477236996e-06,0.9999967813491821,5.063199637334037e-07,4,有漂浮物
00743.jpg,1,4,有漂浮物,4,有漂浮物,-7.21875,-4.94140625,-1.16015625,-4.38671875,5.4609375,-4.6171875,3.10919472212845e-06,3.0316967240651138e-05,0.001330031082034111,5.27938682353124e-05,0.9985418319702148,4.192684355075471e-05,4,有漂浮物
00744.jpg,1,4,有漂浮物,4,有漂浮物,-8.28125,-4.59375,-2.458984375,-5.59765625,6.75,-4.77734375,2.964532086480176e-07,1.1841781088151038e-05,0.00010012301936512813,4.339364295447012e-06,0.9998735189437866,9.855604730546474e-06,4,有漂浮物
00748.jpg,1,4,有漂浮物,4,有漂浮物,-8.1328125,-3.6015625,-3.099609375,-3.001953125,6.51171875,-3.388671875,4.3637527369355666e-07,4.052817530464381e-05,6.69502915116027e-05,7.381830073427409e-05,0.999768078327179,5.0143455155193806e-05,4,有漂浮物
00752.jpg,1,4,有漂浮物,4,有漂浮物,-6.51953125,-4.5546875,-4.57421875,-1.806640625,6.35546875,-4.3203125,2.560399934736779e-06,1.8265374819748104e-05,1.791209251678083e-05,0.0002851610479410738,0.9996529817581177,2.3089600290404633e-05,4,有漂浮物
00753.jpg,1,4,有漂浮物,4,有漂浮物,-7.0703125,-4.14453125,-2.662109375,-1.26171875,5.37890625,-3.232421875,3.913399268640205e-06,7.298015407286584e-05,0.0003213752352166921,0.0013037500903010368,0.9981162548065186,0.00018168908718507737,4,有漂浮物
00754.jpg,1,4,有漂浮物,4,有漂浮物,-7.12109375,-3.01953125,-2.3125,-1.7724609375,5.51953125,-1.68359375,3.231242317269789e-06,0.00019527896074578166,0.00039601826574653387,0.00067959661828354,0.9979830980300903,0.0007427552482113242,4,有漂浮物
00758.jpg,1,4,有漂浮物,4,有漂浮物,-3.794921875,-4.19140625,-1.6240234375,-2.12890625,3.40234375,-3.02734375,0.0007387392688542604,0.0004969356814399362,0.0064759040251374245,0.0039087021723389626,0.9867881536483765,0.0015916447155177593,4,有漂浮物
00762.jpg,1,4,有漂浮物,4,有漂浮物,-4.234375,-4.59375,-4.27734375,-2.6796875,6.2734375,-3.154296875,2.7314445105730556e-05,1.9068555047851987e-05,2.6165635063080117e-05,0.00012929584772791713,0.999717652797699,8.043857087614015e-05,4,有漂浮物
00763.jpg,1,4,有漂浮物,4,有漂浮物,-4.4296875,-5.171875,-4.171875,-3.07421875,6.5078125,-2.998046875,1.7775444575818256e-05,8.462379810225684e-06,2.3003132810117677e-05,6.89434600644745e-05,0.9998074173927307,7.440019544446841e-05,4,有漂浮物
00767.jpg,1,4,有漂浮物,4,有漂浮物,-3.119140625,-3.224609375,-3.8984375,-2.23828125,6.70703125,-2.728515625,5.400092413765378e-05,4.8595567932352424e-05,2.4771758035058156e-05,0.00013030273839831352,0.9996625185012817,7.980818918440491e-05,4,有漂浮物
00772.jpg,1,4,有漂浮物,4,有漂浮物,-6.2265625,-3.181640625,-2.78125,-4.5546875,6.55859375,-2.51171875,2.8012757411488565e-06,5.885029167984612e-05,8.782861550571397e-05,1.4908773664501496e-05,0.9997206330299377,0.00011499844549689442,4,有漂浮物
00776.jpg,1,4,有漂浮物,4,有漂浮物,-5.82421875,-3.23046875,-2.73046875,-3.57421875,6.19921875,-1.9599609375,5.998512278893031e-06,8.025921124499291e-05,0.00013232506171334535,5.691230035154149e-05,0.9994385838508606,0.00028593637398444116,4,有漂浮物
00780.jpg,1,4,有漂浮物,4,有漂浮物,-5.4765625,-3.080078125,-4.8984375,-1.51171875,4.75390625,-2.87890625,3.595128146116622e-05,0.00039490649942308664,6.409008346963674e-05,0.0018950649537146091,0.9971269965171814,0.00048290545237250626,4,有漂浮物
00786.jpg,1,4,有漂浮物,4,有漂浮物,-6.83984375,-5.76953125,-5.03515625,-3.8203125,6.8671875,-5.50390625,1.1145392591060954e-06,3.250320332881529e-06,6.774249413865618e-06,2.2827643988421187e-05,0.9999617338180542,4.239216650603339e-06,4,有漂浮物
00790.jpg,1,4,有漂浮物,4,有漂浮物,-6.1015625,-4.54296875,-5.72265625,-0.84326171875,4.76953125,-3.923828125,1.8924720279756002e-05,8.993279334390536e-05,2.764307464531157e-05,0.0036364737898111343,0.9960599541664124,0.00016703498840797693,4,有漂浮物
00794.jpg,1,4,有漂浮物,4,有漂浮物,-6.609375,-4.82421875,-4.95703125,-2.140625,6.92578125,-4.0703125,1.3234022162578185e-06,7.888153959356714e-06,6.907098395458888e-06,0.0001154636629507877,0.9998515844345093,1.6764581232564524e-05,4,有漂浮物
00799.jpg,1,4,有漂浮物,4,有漂浮物,-6.984375,-5.03515625,-5.359375,-2.05078125,6.58203125,-3.900390625,1.2825897783841356e-06,9.007882908917964e-06,6.51352820568718e-06,0.00017812312580645084,0.9997770190238953,2.8018519515171647e-05,4,有漂浮物
00803.jpg,1,4,有漂浮物,4,有漂浮物,-5.70703125,-3.2421875,-5.4609375,-1.177734375,5.89453125,-3.3203125,9.141936970991082e-06,0.00010752420348580927,1.1692714906530455e-05,0.000847396906465292,0.9989247918128967,9.944363409886137e-05,4,有漂浮物
00805.jpg,1,4,有漂浮物,4,有漂浮物,-6.55859375,-3.787109375,-5.3984375,0.98046875,5.35546875,-3.78515625,6.610764557990478e-06,0.00010565549018792808,2.1091193048050627e-05,0.012428677640855312,0.9873321652412415,0.00010586204734863713,4,有漂浮物
00809.jpg,1,4,有漂浮物,4,有漂浮物,-6.28515625,-4.42578125,-5.7734375,-2.083984375,6.87109375,-4.33203125,1.933052544700331e-06,1.240966230398044e-05,3.2246327918983297e-06,0.0001290593354497105,0.9998397827148438,1.362934744975064e-05,4,有漂浮物
00814.jpg,1,4,有漂浮物,4,有漂浮物,-5.3671875,-2.939453125,-4.50390625,-3.7578125,7.07421875,-3.923828125,3.951162398152519e-06,4.4779219024349004e-05,9.367919119540602e-06,1.975456871150527e-05,0.9999054670333862,1.6732770745875314e-05,4,有漂浮物
00816.jpg,1,4,有漂浮物,4,有漂浮物,-5.21875,-6.578125,-4.68359375,-3.46875,4.9609375,-5.41015625,3.791932977037504e-05,9.738490007293876e-06,6.475541886175051e-05,0.00021821069822181016,0.9996380805969238,3.131367338937707e-05,4,有漂浮物
00820.jpg,1,4,有漂浮物,4,有漂浮物,-7.9765625,-4.78125,-6.39453125,-3.240234375,7.2734375,-4.3984375,2.38226746773762e-07,5.8169739531876985e-06,1.1589319228733075e-06,2.7161369871464558e-05,0.9999570846557617,8.530028026143555e-06,4,有漂浮物
00824.jpg,1,4,有漂浮物,4,有漂浮物,-7.2265625,-4.73828125,-5.00390625,-3.095703125,5.71484375,-3.470703125,2.395996943960199e-06,2.884915011236444e-05,2.211941136920359e-05,0.00014910618483554572,0.9996950626373291,0.00010247908357996494,4,有漂浮物
00825.jpg,1,4,有漂浮物,4,有漂浮物,-7.94140625,-4.453125,-5.99609375,-3.2734375,6.73046875,-3.462890625,4.2466086824788363e-07,1.3898999895900488e-05,2.970850118799717e-06,4.521841401583515e-05,0.9999001026153564,3.741423643077724e-05,4,有漂浮物
00832.jpg,1,4,有漂浮物,4,有漂浮物,-8.03125,-5.16796875,-6.6328125,-3.98828125,7.62890625,-4.05859375,1.58078009349083e-07,2.7693554329744074e-06,6.400371148629347e-07,9.009702807816211e-06,0.9999790191650391,8.397965757467318e-06,4,有漂浮物
00833.jpg,1,4,有漂浮物,4,有漂浮物,-7.87109375,-5.34765625,-6.25,-3.9375,7.22265625,-3.85546875,2.785175183817046e-07,3.4735012377495877e-06,1.4089142723605619e-06,1.4229530279408209e-05,0.9999650716781616,1.5446008546859957e-05,4,有漂浮物
00837.jpg,1,4,有漂浮物,4,有漂浮物,-8.4921875,-4.9296875,-6.49609375,-3.119140625,7.30859375,-3.939453125,1.3733675530147593e-07,4.841287136514438e-06,1.0108327614943846e-06,2.9598615583381616e-05,0.9999513626098633,1.3032093193032779e-05,4,有漂浮物
00842.jpg,1,4,有漂浮物,4,有漂浮物,-7.58984375,-6.87109375,-5.765625,-3.15234375,6.51171875,-4.9609375,7.51162872347777e-07,1.5412861102959141e-06,4.655670636566356e-06,6.352078344207257e-05,0.9999191761016846,1.0410069080535322e-05,4,有漂浮物
00844.jpg,1,4,有漂浮物,4,有漂浮物,-6.3125,-6.3359375,-4.73828125,-3.7109375,5.671875,-5.1640625,6.240057246031938e-06,6.095505796110956e-06,3.0120561859803274e-05,8.414586773142219e-05,0.9998537302017212,1.9676535885082558e-05,4,有漂浮物
00847.jpg,1,4,有漂浮物,4,有漂浮物,-7.4296875,-6.01953125,-5.6953125,-3.955078125,6.625,-4.90625,7.872412197684753e-07,3.225008867957513e-06,4.460025138541823e-06,2.5416251446586102e-05,0.9999563694000244,9.81799530563876e-06,4,有漂浮物
00851.jpg,1,4,有漂浮物,4,有漂浮物,-9.1875,-5.18359375,-7.15234375,-2.513671875,7.76953125,-5.0703125,4.3215319323053336e-08,2.3687111934123095e-06,3.307461895474262e-07,3.420144275878556e-05,0.9999604225158691,2.652830517035909e-06,4,有漂浮物
00852.jpg,1,4,有漂浮物,4,有漂浮物,-8.671875,-5.4140625,-6.734375,-2.630859375,7.421875,-5.4453125,1.0245940984532353e-07,2.6631880700733745e-06,7.112092248462432e-07,4.306571281631477e-05,0.9999508857727051,2.5812503281485988e-06,4,有漂浮物
00856.jpg,1,4,有漂浮物,4,有漂浮物,-7.1328125,-4.453125,-7.140625,-3.794921875,7.70703125,-4.1796875,3.590275241549534e-07,5.234813670540461e-06,3.56233556431107e-07,1.0110094990523066e-05,0.9999769926071167,6.881033186800778e-06,4,有漂浮物
00861.jpg,1,4,有漂浮物,4,有漂浮物,-7.69921875,-4.9140625,-6.67578125,-4.15234375,7.75,-3.255859375,1.9519904981279979e-07,3.1626830150344176e-06,5.43188946267037e-07,6.774323537683813e-06,0.9999727010726929,1.6603671610937454e-05,4,有漂浮物
00866.jpg,1,4,有漂浮物,4,有漂浮物,-8.3671875,-4.3984375,-5.98828125,-3.830078125,6.74609375,-3.916015625,2.731218557983084e-07,1.4453155927185435e-05,2.9478292162821162e-06,2.551514444348868e-05,0.9999334812164307,2.341401341254823e-05,4,有漂浮物
00870.jpg,1,4,有漂浮物,4,有漂浮物,-8.78125,-4.25,-6.09375,-4.125,8.0234375,-4.58203125,5.032813632510624e-08,4.6742043195990846e-06,7.395665875264967e-07,5.296567451296141e-06,0.999985933303833,3.3535777674842393e-06,4,有漂浮物
00875.jpg,1,4,有漂浮物,4,有漂浮物,-7.84375,-3.810546875,-5.2734375,-4.7734375,7.828125,-3.2109375,1.562348472816666e-07,8.818115020403638e-06,2.041975221800385e-06,3.3666478884697426e-06,0.999969482421875,1.6061379938037135e-05,4,有漂浮物
00881.jpg,1,4,有漂浮物,4,有漂浮物,-8.2890625,-5.39453125,-5.23828125,-4.2421875,8.046875,-4.875,8.04244280061539e-08,1.4536736898662639e-06,1.6995167015920742e-06,4.601754881150555e-06,0.9999896287918091,2.4439734715997474e-06,4,有漂浮物
00885.jpg,1,4,有漂浮物,4,有漂浮物,-7.7265625,-6.390625,-6.0546875,-4.21875,7.359375,-4.62890625,2.8070661528545315e-07,1.0676844794943463e-06,1.4939590755602694e-06,9.368633072881494e-06,0.9999816417694092,6.216524070623564e-06,4,有漂浮物
00889.jpg,1,4,有漂浮物,4,有漂浮物,-4.9765625,-4.9140625,-2.4375,-4.07421875,4.421875,-4.203125,8.272070408565924e-05,8.805572724668309e-05,0.0010478884214535356,0.00020393752492964268,0.9983981251716614,0.00017927258159033954,4,有漂浮物
00890.jpg,1,4,有漂浮物,4,有漂浮物,-6.50390625,-4.55078125,-5.50390625,-5.19921875,7.24609375,-4.9375,1.0676820920707542e-06,7.527892194048036e-06,2.9022608032391872e-06,3.936049779440509e-06,0.9999794960021973,5.113562110636849e-06,4,有漂浮物
00898.jpg,1,4,有漂浮物,4,有漂浮物,-7.53125,-4.8125,-5.21484375,-5.546875,7.515625,-5.375,2.918904442594794e-07,4.425456154422136e-06,2.9595271371363197e-06,2.1233568077150267e-06,0.9999877214431763,2.5215488221874693e-06,4,有漂浮物
00902.jpg,1,4,有漂浮物,4,有漂浮物,-6.2734375,-4.52734375,-5.83984375,-3.751953125,7.02734375,-4.390625,1.673109181865584e-06,9.590542504156474e-06,2.5812594230956165e-06,2.0825287720072083e-05,0.999954342842102,1.0995610864483751e-05,4,有漂浮物
00906.jpg,1,4,有漂浮物,4,有漂浮物,-6.30859375,-4.34375,-6.02734375,-4.078125,7.29296875,-4.1875,1.238516688317759e-06,8.835327207634691e-06,1.6407681187047274e-06,1.1523439752636477e-05,0.9999663829803467,1.0329544238629751e-05,4,有漂浮物
00912.jpg,1,4,有漂浮物,4,有漂浮物,-6.33984375,-3.875,-5.53515625,-4.34765625,7.22265625,-4.6328125,1.287850750486541e-06,1.5147241356316954e-05,2.879631210817024e-06,9.441946531296708e-06,0.9999641180038452,7.099369213392492e-06,4,有漂浮物
00916.jpg,1,4,有漂浮物,4,有漂浮物,-4.859375,-6.5,-4.7734375,-1.1435546875,4.62890625,-6.0859375,7.548451685579494e-05,1.4633340470027179e-05,8.225836063502356e-05,0.0031018308363854885,0.9967036843299866,2.2139538486953825e-05,4,有漂浮物
00920.jpg,1,4,有漂浮物,4,有漂浮物,-6.8671875,-3.97265625,-5.140625,-2.71875,5.6796875,-4.25390625,3.5547120660339715e-06,6.425151514122263e-05,1.9982093363068998e-05,0.00022513755538966507,0.999638557434082,4.849959077546373e-05,4,有漂浮物
00924.jpg,1,4,有漂浮物,4,有漂浮物,-5.81640625,-4.8046875,-5.1640625,-3.05078125,4.49609375,-4.1484375,3.31856899720151e-05,9.127140219788998e-05,6.371770723490044e-05,0.0005272863782010972,0.999108612537384,0.00017593023949302733,4,有漂浮物
00931.jpg,1,4,有漂浮物,4,有漂浮物,-7.94140625,-3.546875,-5.78515625,-3.396484375,6.6328125,-4.42578125,4.682230496655393e-07,3.792918141698465e-05,4.04482989324606e-06,4.408463792060502e-05,0.9998977184295654,1.574959242134355e-05,4,有漂浮物
00935.jpg,1,4,有漂浮物,4,有漂浮物,-7.16015625,-4.90625,-5.73046875,-3.85546875,6.89453125,-4.55078125,7.872411060816376e-07,7.498369541281136e-06,3.2886159715417307e-06,2.144446989404969e-05,0.9999562501907349,1.0699042832129635e-05,4,有漂浮物
00936.jpg,1,4,有漂浮物,4,有漂浮物,-7.421875,-4.51171875,-5.47265625,-3.62890625,6.95703125,-4.38671875,5.692430136150506e-07,1.0451112757436931e-05,3.9979067878448404e-06,2.526754906284623e-05,0.9999479055404663,1.1842662388517056e-05,4,有漂浮物
00940.jpg,1,4,有漂浮物,4,有漂浮物,-7.390625,-2.66015625,-5.7421875,-1.228515625,5.04296875,-4.1171875,3.9727128751110286e-06,0.00045030179899185896,2.0653540559578687e-05,0.0018847653409466147,0.9975354671478271,0.00010488732368685305,4,有漂浮物
00943.jpg,1,4,有漂浮物,4,有漂浮物,-7.0234375,-4.1875,-4.78515625,-3.7578125,5.7890625,-4.16796875,2.72595002570597e-06,4.646756497095339e-05,2.556177969381679e-05,7.141029345802963e-05,0.9998064637184143,4.7384055505972356e-05,4,有漂浮物
00947.jpg,1,4,有漂浮物,4,有漂浮物,-6.64453125,-2.73828125,-6.046875,-2.560546875,6.17578125,-2.279296875,2.7038661301048705e-06,0.0001344150659861043,4.915231329505332e-06,0.00016055988089647144,0.999484658241272,0.00021270728029776365,4,有漂浮物
00951.jpg,1,4,有漂浮物,4,有漂浮物,-6.578125,-3.126953125,-6.57421875,-2.115234375,6.37890625,-3.201171875,2.3587372197653167e-06,7.438827014993876e-05,2.367969045735663e-06,0.0002045918517978862,0.9996471405029297,6.906716589583084e-05,4,有漂浮物
00953.jpg,1,4,有漂浮物,4,有漂浮物,-6.8984375,-2.197265625,-5.75,-0.99658203125,5.36328125,-2.6171875,4.717048341262853e-06,0.0005192342214286327,1.4874089174554683e-05,0.0017250971868634224,0.9973948001861572,0.0003411878424230963,4,有漂浮物
00956.jpg,1,4,有漂浮物,4,有漂浮物,-4.0703125,-3.8046875,-0.8486328125,-1.9541015625,2.736328125,-2.740234375,0.001060125301592052,0.0013826638460159302,0.026577545329928398,0.008798647671937943,0.9581723213195801,0.0040086922235786915,4,有漂浮物
00960.jpg,1,4,有漂浮物,4,有漂浮物,-7.9609375,-2.5859375,-5.48046875,-2.26953125,5.53515625,-3.685546875,1.3751947562923306e-06,0.0002969593624584377,1.642926326894667e-05,0.00040748395258560777,0.9991788268089294,9.888780186884105e-05,4,有漂浮物
00966.jpg,1,4,有漂浮物,4,有漂浮物,-7.53125,-4.953125,-5.37109375,-2.90625,5.55859375,-4.71484375,2.065504077108926e-06,2.7207679522689432e-05,1.7913069314090535e-05,0.00021068713977001607,0.9997075200080872,3.452834425843321e-05,4,有漂浮物
00971.jpg,1,4,有漂浮物,4,有漂浮物,-8.109375,-3.294921875,-5.296875,-2.912109375,5.65625,-4.40625,1.0507505976420362e-06,0.00012953586701769382,1.7496568034403026e-05,0.00018995179561898112,0.9996192455291748,4.2633047996787354e-05,4,有漂浮物
00975.jpg,1,4,有漂浮物,4,有漂浮物,-5.57421875,-3.96484375,-5.8671875,-3.98828125,7.43359375,-5.19140625,2.242673417640617e-06,1.1212660865567159e-05,1.6731363530197996e-06,1.0952920092677232e-05,0.999970555305481,3.2886630378925474e-06,4,有漂浮物
00981.jpg,1,4,有漂浮物,4,有漂浮物,-5.484375,-5.62109375,-3.482421875,-4.15234375,7.08203125,-5.00390625,3.487039748506504e-06,3.0414500997721916e-06,2.581630542408675e-05,1.3211457371653523e-05,0.9999488592147827,5.637957656290382e-06,4,有漂浮物
00988.jpg,1,4,有漂浮物,4,有漂浮物,-6.16015625,-4.1640625,-3.900390625,-1.6708984375,5.78125,-3.57421875,6.509879312943667e-06,4.791433093487285e-05,6.237013440113515e-05,0.0005797393969260156,0.9992169141769409,8.64233952597715e-05,4,有漂浮物
00990.jpg,1,4,有漂浮物,4,有漂浮物,-6.1796875,-0.845703125,-4.9765625,-3.0546875,6.6484375,-2.8203125,2.6823129246622557e-06,0.0005559419514611363,8.933466233429499e-06,6.104915519244969e-05,0.9992941617965698,7.717336848145351e-05,4,有漂浮物
00994.jpg,1,4,有漂浮物,4,有漂浮物,-6.625,-4.42578125,-4.1953125,-1.421875,6.1328125,-3.61328125,2.877881797758164e-06,2.595263867988251e-05,3.267930878791958e-05,0.0005233128904365003,0.9993566870689392,5.848517321282998e-05,4,有漂浮物
00995.jpg,1,4,有漂浮物,4,有漂浮物,-7.31640625,-1.671875,-4.98828125,-2.5234375,7.359375,-3.71875,4.2296676383557497e-07,0.00011959004768868908,4.339084625826217e-06,5.103476723888889e-05,0.9998090863227844,1.5443600204889663e-05,4,有漂浮物
01002.jpg,1,4,有漂浮物,4,有漂浮物,-6.2578125,-1.306640625,-6.0234375,-2.892578125,7.515625,-3.494140625,1.0427656889078207e-06,0.00014738502795808017,1.3181794429328875e-06,3.0177930966601707e-05,0.9998034834861755,1.6536141629330814e-05,4,有漂浮物
01007.jpg,1,4,有漂浮物,4,有漂浮物,-6.609375,-2.171875,-5.6328125,-3.451171875,8.0859375,-2.998046875,4.148394623371132e-07,3.5080181987723336e-05,1.1015285963367205e-06,9.760458851815201e-06,0.9999382495880127,1.5355357390944846e-05,4,有漂浮物
01012.jpg,1,4,有漂浮物,4,有漂浮物,-5.75390625,-3.603515625,-4.61328125,-1.630859375,6.5078125,-3.591796875,4.727510258817347e-06,4.0600858483230695e-05,1.479107049817685e-05,0.00029190999339334667,0.9996069073677063,4.1079452785197645e-05,4,有漂浮物
01016.jpg,1,4,有漂浮物,4,有漂浮物,-5.79296875,-1.0634765625,-4.06640625,-2.248046875,6.3359375,-2.513671875,5.395832431531744e-06,0.0006110135582275689,3.0331579182529822e-05,0.0001868953404482454,0.9990230798721313,0.0001432976423529908,4,有漂浮物
01020.jpg,1,4,有漂浮物,4,有漂浮物,-6.74609375,-1.482421875,-5.66796875,-3.041015625,8.09375,-3.373046875,3.5900137618227745e-07,6.935531564522535e-05,1.0551636933087138e-06,1.4594563253922388e-05,0.9999041557312012,1.0471087080077268e-05,4,有漂浮物
01025.jpg,1,4,有漂浮物,4,有漂浮物,-6.65234375,-0.740234375,-4.640625,-3.7890625,7.7890625,-3.0,5.346581133380823e-07,0.00019754799723159522,3.997187377535738e-06,9.366631275042892e-06,0.9997679591178894,2.0619061615434475e-05,4,有漂浮物
01030.jpg,1,4,有漂浮物,4,有漂浮物,-6.109375,-3.515625,-5.109375,-2.12890625,7.66796875,-2.95703125,1.038803020492196e-06,1.3899029909225646e-05,2.8237591322977096e-06,5.561971920542419e-05,0.9999022483825684,2.429845517326612e-05,4,有漂浮物
01034.jpg,1,4,有漂浮物,4,有漂浮物,-6.30078125,-2.73828125,-4.46484375,-3.5625,7.19921875,-2.20703125,1.3707373227589414e-06,4.8320154746761546e-05,8.595908184361178e-06,2.1192132408032194e-05,0.9998382329940796,8.219535084208474e-05,4,有漂浮物
01039.jpg,1,4,有漂浮物,4,有漂浮物,-6.48046875,-3.67578125,-5.1953125,-1.23046875,7.07421875,-3.646484375,1.2976128118680208e-06,2.1439043848658912e-05,4.691172307502711e-06,0.00024728121934458613,0.9997032284736633,2.207643228757661e-05,4,有漂浮物
01043.jpg,1,4,有漂浮物,4,有漂浮物,-5.32421875,-1.1640625,-3.541015625,-3.533203125,6.5859375,-2.048828125,6.717116320942296e-06,0.00043044312042184174,3.995932638645172e-05,4.027273098472506e-05,0.9993048906326294,0.00017769161786418408,4,有漂浮物
01047.jpg,1,4,有漂浮物,4,有漂浮物,-6.74609375,-2.134765625,-5.34765625,-2.587890625,7.77734375,-3.62890625,4.926178576170059e-07,4.956606790074147e-05,1.994545073102927e-06,3.15061115543358e-05,0.9999053478240967,1.112467816710705e-05,4,有漂浮物
01051.jpg,1,4,有漂浮物,4,有漂浮物,-8.0078125,-5.171875,-4.87109375,-3.02734375,7.6640625,-3.86328125,1.5623351146132336e-07,2.6632146727934014e-06,3.5977734569314634e-06,2.2738628103979863e-05,0.9999608993530273,9.856466022029053e-06,4,有漂浮物
01053.jpg,1,4,有漂浮物,4,有漂浮物,-7.8046875,-5.56640625,-5.86328125,-2.9609375,8.2578125,-4.21875,1.0571499586831123e-07,9.913107987813419e-07,7.366795671259752e-07,1.3419938113656826e-05,0.9999809265136719,3.8149555621203035e-06,4,有漂浮物
01057.jpg,1,4,有漂浮物,4,有漂浮物,-8.046875,-6.6796875,-6.1328125,-2.5078125,8.65625,-5.390625,5.570808170318742e-08,2.1861511356746632e-07,3.777330448428984e-07,1.4174328498484101e-05,0.9999843835830688,7.934378345453297e-07,4,有漂浮物
01062.jpg,1,4,有漂浮物,4,有漂浮物,-8.5703125,-4.46875,-5.66796875,-4.2109375,8.640625,-3.8671875,3.352593935801451e-08,2.026127958743018e-06,6.107350145612145e-07,2.6220045583613683e-06,0.9999910593032837,3.697619149534148e-06,4,有漂浮物
01066.jpg,1,4,有漂浮物,4,有漂浮物,-8.8203125,-5.41015625,-4.19921875,-3.5234375,9.1875,-4.70703125,1.5111368156794924e-08,4.574207537189068e-07,1.5353922435679124e-06,3.017917833858519e-06,0.9999940395355225,9.240152962775028e-07,4,有漂浮物
01070.jpg,1,4,有漂浮物,4,有漂浮物,-4.703125,-3.58984375,-2.669921875,-3.97265625,5.8671875,-2.576171875,2.5652212571003474e-05,7.809382805135101e-05,0.00019594478362705559,5.325536403688602e-05,0.9994319081306458,0.00021520325390156358,4,有漂浮物
01073.jpg,1,4,有漂浮物,4,有漂浮物,-5.97265625,-4.71484375,-5.890625,-4.37890625,7.7890625,-4.0859375,1.0552458888923866e-06,3.7120573779247934e-06,1.1454586683612433e-06,5.194102413952351e-06,0.9999819993972778,6.96217921358766e-06,4,有漂浮物
01075.jpg,1,4,有漂浮物,4,有漂浮物,-6.69921875,-3.267578125,-5.21875,-3.62890625,7.20703125,-3.05859375,9.131755973612599e-07,2.8242093321750872e-05,4.013411853520665e-06,1.9677689124364406e-05,0.9999123811721802,3.4806285839295015e-05,4,有漂浮物
01080.jpg,1,4,有漂浮物,4,有漂浮物,-5.45703125,-6.57421875,-4.23046875,-5.359375,6.56640625,-4.484375,6.001576366543304e-06,1.963708200491965e-06,2.0462308384594508e-05,6.617240160267102e-06,0.9999490976333618,1.5873934898991138e-05,4,有漂浮物
01084.jpg,1,4,有漂浮物,4,有漂浮物,-5.71875,-4.8515625,-5.28515625,-2.2109375,6.45703125,-3.251953125,5.152444828127045e-06,1.2263884855201468e-05,7.949150131025817e-06,0.00017196375119965523,0.9997419714927673,6.0719696193700656e-05,4,有漂浮物
01085.jpg,1,4,有漂浮物,4,有漂浮物,-6.4609375,-4.578125,-5.3984375,-1.9248046875,6.53125,-3.099609375,2.277369503644877e-06,1.4966786693548784e-05,6.589787062694086e-06,0.00021254502644296736,0.9996980428695679,6.565076182596385e-05,4,有漂浮物
01092.jpg,1,4,有漂浮物,4,有漂浮物,-4.61328125,-4.09375,-1.5087890625,-4.015625,4.79296875,-2.470703125,8.197065471904352e-05,0.00013781229790765792,0.0018277728231623769,0.00014901062240824103,0.9971049427986145,0.0006985029904171824,4,有漂浮物
01096.jpg,1,4,有漂浮物,4,有漂浮物,-7.37890625,-3.95703125,-2.326171875,-3.734375,6.10546875,-4.359375,1.392070089423214e-06,4.2634634155547246e-05,0.00021778891095891595,5.3267329349182546e-05,0.9996564388275146,2.8511947675724514e-05,4,有漂浮物
01102.jpg,1,4,有漂浮物,4,有漂浮物,-7.25390625,-4.23828125,-1.947265625,-4.82421875,5.703125,-4.0859375,2.3581333152833395e-06,4.8110254283528775e-05,0.000475568522233516,2.6777388484333642e-05,0.9993911981582642,5.60272965230979e-05,4,有漂浮物
01103.jpg,1,4,有漂浮物,4,有漂浮物,-7.52734375,-4.109375,-2.287109375,-3.662109375,5.40625,-4.19140625,2.413799620626378e-06,7.36387082724832e-05,0.00045551854418590665,0.00011517312668729573,0.9992855191230774,6.783915887353942e-05,4,有漂浮物
01107.jpg,1,4,有漂浮物,4,有漂浮物,-8.015625,-3.01171875,-2.7578125,-2.845703125,5.4296875,-4.24609375,1.4468453173321905e-06,0.00021557131549343467,0.00027788241277448833,0.00025450167595408857,0.9991877675056458,6.273482722463086e-05,4,有漂浮物
01115.jpg,1,4,有漂浮物,4,有漂浮物,-6.39453125,-4.75,-3.46484375,-3.751953125,5.21484375,-4.52734375,9.076813512365334e-06,4.7005021770019084e-05,0.0001699340937193483,0.00012752358452416956,0.9995877146720886,5.8727651776280254e-05,4,有漂浮物
01121.jpg,1,4,有漂浮物,4,有漂浮物,-6.3515625,-4.2109375,-3.12890625,-4.30859375,4.83984375,-3.81640625,1.3781775123788975e-05,0.00011721056216629222,0.0003458493738435209,0.00010630537144606933,0.9992430210113525,0.00017390398716088384,4,有漂浮物
01122.jpg,1,4,有漂浮物,4,有漂浮物,-5.96484375,-2.70703125,-5.1328125,-2.50390625,6.16015625,-3.9453125,5.420229626906803e-06,0.00014088593889027834,1.245558996743057e-05,0.00017261705943383276,0.9996277093887329,4.084030297235586e-05,4,有漂浮物
01126.jpg,1,4,有漂浮物,4,有漂浮物,-6.328125,-3.595703125,-2.73046875,-3.06640625,4.2265625,-2.6171875,2.5989766072598286e-05,0.0003994644503109157,0.0009489528019912541,0.000678186013828963,0.9968846440315247,0.0010627766605466604,4,有漂浮物
01127.jpg,1,4,有漂浮物,4,有漂浮物,-6.12890625,-4.28125,-3.083984375,-3.28515625,4.4921875,-2.74609375,2.4351393221877515e-05,0.0001545079139759764,0.0005115835811011493,0.00041835865704342723,0.9981739521026611,0.0007172335754148662,4,有漂浮物
01129.jpg,1,4,有漂浮物,4,有漂浮物,-7.15234375,-4.26171875,-3.044921875,-3.76171875,5.3671875,-3.576171875,3.652634859463433e-06,6.576407758984715e-05,0.0002220429014414549,0.00010842663323273882,0.9994695782661438,0.000130532294861041,4,有漂浮物
01133.jpg,1,4,有漂浮物,4,有漂浮物,-6.4609375,-3.283203125,-2.24609375,-3.935546875,4.8046875,-3.19921875,1.2784147656930145e-05,0.00030672154389321804,0.00086527707753703,0.00015974784037098289,0.9983218312263489,0.00033359401277266443,4,有漂浮物
01137.jpg,1,4,有漂浮物,4,有漂浮物,-6.171875,-5.23046875,-2.08203125,-5.25,4.6875,-4.7578125,1.9197736037313007e-05,4.921501022181474e-05,0.001146691502071917,4.826310396310873e-05,0.9986577033996582,7.895316957728937e-05,4,有漂浮物
01142.jpg,1,4,有漂浮物,4,有漂浮物,-5.92578125,-4.90625,-2.591796875,-4.22265625,4.35546875,-4.625,3.422159716137685e-05,9.485867485636845e-05,0.0009599116747267544,0.000187913523404859,0.9985973238945007,0.00012566732766572386,4,有漂浮物
01148.jpg,1,4,有漂浮物,4,有漂浮物,-5.68359375,-3.310546875,-3.61328125,-3.755859375,5.80078125,-2.0703125,1.0282888069923501e-05,0.0001103357644751668,8.151553629431874e-05,7.068373815855011e-05,0.9993458390235901,0.00038136710645630956,4,有漂浮物
01149.jpg,1,4,有漂浮物,4,有漂浮物,-6.19921875,-3.236328125,-3.595703125,-3.71484375,5.80078125,-2.0390625,6.140064670034917e-06,0.00011883379920618609,8.295936277136207e-05,7.364161137957126e-05,0.9993249177932739,0.00039346475386992097,4,有漂浮物
01154.jpg,1,4,有漂浮物,4,有漂浮物,-5.93359375,-2.701171875,-3.6171875,-3.208984375,5.69140625,-2.302734375,8.932631317293271e-06,0.0002263614151161164,9.056946873897687e-05,0.0001362266921205446,0.9992007613182068,0.00033716432517394423,4,有漂浮物
01159.jpg,1,4,有漂浮物,4,有漂浮物,-5.42578125,-3.306640625,-3.48046875,-3.26953125,5.34765625,-1.7373046875,2.0920166207361035e-05,0.00017413905879948288,0.0001463536755181849,0.00018072266539093107,0.9986414313316345,0.0008364695822820067,4,有漂浮物
01164.jpg,1,4,有漂浮物,4,有漂浮物,-5.4375,-3.873046875,-3.07421875,-3.19140625,5.34765625,-1.4658203125,2.0670786398113705e-05,9.880759898805991e-05,0.00021964281040709466,0.00019535435421857983,0.9983684420585632,0.0010970730800181627,4,有漂浮物
01168.jpg,1,4,有漂浮物,4,有漂浮物,-6.57421875,-4.2734375,-3.29296875,-3.3828125,5.89453125,-2.39453125,3.8430689528468065e-06,3.8361431506928056e-05,0.00010226028098259121,9.347346349386498e-05,0.9995108842849731,0.0002511270286049694,4,有漂浮物
01172.jpg,1,4,有漂浮物,4,有漂浮物,-6.1640625,-4.25,-3.603515625,-3.109375,6.03515625,-3.33203125,5.032894023315748e-06,3.412594014662318e-05,6.514021515613422e-05,0.00010677061072783545,0.9997034668922424,8.545812306692824e-05,4,有漂浮物
01174.jpg,1,4,有漂浮物,4,有漂浮物,-5.19921875,-3.40625,-2.056640625,-3.58984375,4.94921875,-1.470703125,3.9019920222926885e-05,0.00023440280347131193,0.0009038382559083402,0.00019508731202222407,0.9970037341117859,0.0016239032847806811,4,有漂浮物
01177.jpg,1,4,有漂浮物,4,有漂浮物,-5.1640625,-5.18359375,-6.44921875,-2.751953125,7.8828125,-3.033203125,2.156719801860163e-06,2.1150051452423213e-06,5.965645755168225e-07,2.4063539967755787e-05,0.9999529123306274,1.816411349864211e-05,4,有漂浮物
01182.jpg,1,4,有漂浮物,4,有漂浮物,-5.62109375,-4.28515625,-6.11328125,-4.01953125,8.796875,-3.572265625,5.474587396747665e-07,2.082292212435277e-06,3.346547998717142e-07,2.7158207558386493e-06,0.9999899864196777,4.247624474373879e-06,4,有漂浮物
01186.jpg,1,4,有漂浮物,4,有漂浮物,-5.58203125,-3.6015625,-6.21484375,-2.416015625,7.3203125,-3.54296875,2.491952727723401e-06,1.805703686841298e-05,1.323466108260618e-06,5.909121682634577e-05,0.9998998641967773,1.9146677004755475e-05,4,有漂浮物
01190.jpg,1,4,有漂浮物,4,有漂浮物,-2.708984375,-5.2578125,-4.0390625,-1.033203125,5.4453125,-5.44140625,0.0002869404561351985,2.24310588237131e-05,7.58832975407131e-05,0.0015331135364249349,0.9980629086494446,1.8668784832698293e-05,4,有漂浮物
01194.jpg,1,4,有漂浮物,4,有漂浮物,-2.61328125,-3.7578125,-4.0234375,-1.4765625,6.3359375,-4.28125,0.00012975656136404723,4.131099922233261e-05,3.1674244382884353e-05,0.00040438963333144784,0.9993684887886047,2.4475957616232336e-05,4,有漂浮物
01199.jpg,1,4,有漂浮物,4,有漂浮物,-3.5234375,-3.953125,-4.328125,-2.3671875,6.765625,-3.65234375,3.399586057639681e-05,2.2121526853879914e-05,1.520388923381688e-05,0.00010803862096508965,0.9997907280921936,2.988427695527207e-05,4,有漂浮物
01204.jpg,1,4,有漂浮物,4,有漂浮物,-2.5546875,-4.1015625,-4.63671875,-1.7978515625,5.72265625,-3.912109375,0.00025397093850187957,5.4073538194643334e-05,3.1664261769037694e-05,0.0005413444596342742,0.9990535378456116,6.535265129059553e-05,4,有漂浮物
01208.jpg,1,4,有漂浮物,4,有漂浮物,-4.84765625,-4.828125,-7.859375,-1.4326171875,6.375,-4.79296875,1.3361882338358555e-05,1.3625422070617788e-05,6.57498560485692e-07,0.00040644354885444045,0.9995518326759338,1.4112960343481973e-05,4,有漂浮物
01214.jpg,1,4,有漂浮物,4,有漂浮物,-4.39453125,-5.78125,-6.44921875,-1.6083984375,6.14453125,-3.939453125,2.646810571604874e-05,6.614218818867812e-06,3.3914343475771602e-06,0.0004292645025998354,0.9994925260543823,4.172158151050098e-05,4,有漂浮物
01217.jpg,1,4,有漂浮物,4,有漂浮物,-6.96484375,-4.9296875,-7.3515625,-2.8359375,7.29296875,-4.8515625,6.425227070394612e-07,4.917513706459431e-06,4.3645414393722604e-07,3.990705226897262e-05,0.9999487400054932,5.317100203683367e-06,4,有漂浮物
01221.jpg,1,4,有漂浮物,4,有漂浮物,-5.7734375,-4.58984375,-6.34765625,-3.12109375,6.62109375,-4.671875,4.140795681450982e-06,1.3524214409699198e-05,2.331866880922462e-06,5.874650742043741e-05,0.9999086856842041,1.2459090612537693e-05,4,有漂浮物
01229.jpg,1,4,有漂浮物,4,有漂浮物,-4.2578125,-4.60546875,-1.1845703125,-4.32421875,3.708984375,-2.50390625,0.00034321367274969816,0.0002424261037958786,0.0074174851179122925,0.000321162398904562,0.9896929860115051,0.001982788322493434,4,有漂浮物
01234.jpg,1,4,有漂浮物,4,有漂浮物,-5.18359375,-3.94921875,-3.927734375,-2.55859375,4.4296875,-3.916015625,6.67223212076351e-05,0.0002292732533533126,0.00023425233666785061,0.0009210731950588524,0.9983116388320923,0.00023701362079009414,4,有漂浮物
01236.jpg,1,4,有漂浮物,4,有漂浮物,-4.82421875,-3.3984375,-3.255859375,-2.572265625,4.96484375,-3.640625,5.599007636192255e-05,0.000232980732107535,0.0002686834195628762,0.0005322576034814119,0.9987272620201111,0.00018286867998540401,4,有漂浮物
01237.jpg,1,4,有漂浮物,4,有漂浮物,-4.46875,-4.125,-1.892578125,-4.56640625,4.01171875,-3.072265625,0.00020660246082115918,0.0002913561766035855,0.0027161436155438423,0.00018738029757514596,0.9957636594772339,0.0008348740520887077,4,有漂浮物
01240.jpg,1,4,有漂浮物,4,有漂浮物,-6.1015625,-3.8515625,-3.30078125,-3.71484375,5.21484375,-4.3125,1.2165100997663103e-05,0.00011541926505742595,0.0002002071269089356,0.0001323288306593895,0.9994670748710632,7.279401324922219e-05,4,有漂浮物
02043.jpg,1,3,乱占,3,乱占,-0.3857421875,-4.2421875,-2.31640625,6.4765625,-3.30859375,-2.890625,0.0010450755944475532,2.2096059183240868e-05,0.00015159015310928226,0.9986396431922913,5.620428783004172e-05,8.536718087270856e-05,3,乱占
02049.jpg,1,3,乱占,3,乱占,-1.6650390625,-3.974609375,-1.6220703125,3.494140625,-0.343994140625,-2.826171875,0.0055486103519797325,0.0005509986658580601,0.005792223382741213,0.9655782580375671,0.02079250104725361,0.0017374432645738125,3,乱占
02055.jpg,1,0,乱采,0,乱采,3.734375,-5.01171875,-4.22265625,0.01320648193359375,1.1123046875,-6.6015625,0.9112449884414673,0.0001449622359359637,0.0003191099676769227,0.022057291120290756,0.06620404124259949,2.9566133889602497e-05,0,乱采
02056.jpg,1,0,乱采,0,乱采,1.548828125,-5.19140625,-1.5615234375,-0.75537109375,-0.45703125,-4.9765625,0.7802644968032837,0.0009225613321177661,0.034788310527801514,0.07790061086416245,0.10498039424419403,0.001143669942393899,0,乱采
02060.jpg,1,2,乱堆,2,乱堆,-2.4296875,-4.40625,1.75390625,-3.998046875,0.60009765625,-3.623046875,0.011370859108865261,0.001575371832586825,0.7459418177604675,0.0023695367854088545,0.23529474437236786,0.0034476558212190866,2,乱堆
02064.jpg,1,0,乱采,0,乱采,5.875,-4.01171875,-1.2939453125,-1.7041015625,-1.2294921875,-3.455078125,0.99776291847229,5.073176362202503e-05,0.0007684117299504578,0.0005098769324831665,0.0008195691625587642,8.851683378452435e-05,0,乱采
02068.jpg,1,0,乱采,0,乱采,6.92578125,-3.19921875,-1.23828125,3.29296875,-3.931640625,-2.080078125,0.9737966656684875,3.9015452784951776e-05,0.000277243263553828,0.025748850777745247,1.8756416466203518e-05,0.00011947395978495479,0,乱采
02072.jpg,1,3,乱占,3,乱占,-2.85546875,-6.70703125,-5.51171875,4.30078125,0.1478271484375,-3.9765625,0.0007670693448744714,1.629754842724651e-05,5.385672193369828e-05,0.9834550619125366,0.015457863919436932,0.000250005628913641,3,乱占
02076.jpg,1,3,乱占,3,乱占,-3.146484375,-1.2734375,-2.390625,3.53515625,-1.525390625,-1.3759765625,0.0012222001096233726,0.007954195141792297,0.0026026025880128145,0.974859356880188,0.0061826459132134914,0.007179001811891794,3,乱占
02080.jpg,1,3,乱占,3,乱占,-1.966796875,-6.48828125,-4.359375,6.1015625,-0.3271484375,-3.736328125,0.00031266736914403737,3.399592287678388e-06,2.857584331650287e-05,0.9979907274246216,0.0016112866578623652,5.3282539738574997e-05,3,乱占
02087.jpg,1,3,乱占,3,乱占,-3.7265625,-2.947265625,-2.38671875,4.4765625,-0.373779296875,-2.080078125,0.0002707740932237357,0.0005902709672227502,0.001033936394378543,0.9889606833457947,0.007739312015473843,0.0014049671590328217,3,乱占
02091.jpg,1,3,乱占,3,乱占,-5.2109375,-3.302734375,-4.4375,2.9140625,1.1630859375,-2.4296875,0.000250605953624472,0.0016893261345103383,0.0005431140307337046,0.8465138673782349,0.14695847034454346,0.0040445756167173386,3,乱占
02095.jpg,1,0,乱采,0,乱采,4.109375,-7.08984375,-1.9677734375,0.50830078125,-1.3623046875,-3.099609375,0.9666067957878113,1.3227901035861578e-05,0.0022180830128490925,0.026382939890027046,0.004063774365931749,0.0007152003236114979,0,乱采
02099.jpg,1,2,乱堆,2,乱堆,-2.056640625,-4.43359375,5.87890625,-1.7373046875,-1.8251953125,0.288330078125,0.0003559923206921667,3.304783604107797e-05,0.994958221912384,0.0004899214254692197,0.00044869998237118125,0.003714055987074971,2,乱堆
02101.jpg,1,2,乱堆,2,乱堆,-0.64892578125,-3.05078125,3.716796875,-1.787109375,-1.8193359375,0.29833984375,0.012047307565808296,0.0010908810654655099,0.9481984376907349,0.0038599625695496798,0.0037375525571405888,0.03106577694416046,2,乱堆
02105.jpg,1,2,乱堆,2,乱堆,-3.27734375,-4.484375,6.61328125,-1.8037109375,-1.8212890625,-0.458740234375,5.057886664872058e-05,1.5127323422348127e-05,0.9986491799354553,0.0002207799843745306,0.00021693298185709864,0.000847369956318289,2,乱堆
02110.jpg,1,2,乱堆,2,乱堆,-1.5869140625,-5.7109375,5.33203125,-2.087890625,-2.11328125,-1.267578125,0.0009853753726929426,1.5942669051582925e-05,0.9964635968208313,0.0005970769561827183,0.0005821076920256019,0.00135608681011945,2,乱堆
02115.jpg,1,3,乱占,3,乱占,-2.263671875,-5.515625,-2.419921875,6.90625,-2.400390625,-3.220703125,0.00010409051174065098,4.028151579404948e-06,8.903332491172478e-05,0.9996721744537354,9.07893554540351e-05,3.997401290689595e-05,3,乱占
02120.jpg,1,3,乱占,3,乱占,-1.7265625,-5.7109375,-3.076171875,7.35546875,-3.15234375,-2.83984375,0.00011366658145561814,2.1146609014977003e-06,2.94784658763092e-05,0.9997901320457458,2.7316425985191017e-05,3.733712583198212e-05,3,乱占
02124.jpg,1,0,乱采,0,乱采,1.62109375,-5.2578125,0.62158203125,-4.01953125,-0.262451171875,-3.271484375,0.6526600122451782,0.0006717628566548228,0.24021746218204498,0.0023173661902546883,0.09923704713582993,0.004896291997283697,0,乱采
02129.jpg,1,3,乱占,3,乱占,-3.892578125,-5.11328125,-1.6337890625,2.986328125,-0.255859375,-1.38671875,0.0009683815878815949,0.0002856945211533457,0.00926885660737753,0.9408438801765442,0.036766596138477325,0.011866630986332893,3,乱占
02130.jpg,1,3,乱占,3,乱占,-3.111328125,-3.7265625,-1.990234375,4.7890625,-0.60888671875,-1.0185546875,0.00036720631760545075,0.00019848022202495486,0.0011266653891652822,0.9908460974693298,0.004484423436224461,0.0029770771507173777,3,乱占
02135.jpg,1,3,乱占,3,乱占,-2.375,-2.08984375,-2.978515625,4.21875,-1.404296875,-0.030792236328125,0.0013396622380241752,0.0017817103071138263,0.0007326419581659138,0.9786435961723328,0.003536440199241042,0.013965992256999016,3,乱占
02139.jpg,1,2,乱堆,2,乱堆,-3.537109375,-3.341796875,4.0703125,-2.73046875,1.5244140625,-2.1875,0.0004588788142427802,0.0005578548298217356,0.9237604737281799,0.0010280580027028918,0.07242520153522491,0.0017693996196612716,2,乱堆
02143.jpg,1,3,乱占,3,乱占,-2.20703125,-4.34765625,-0.658203125,5.20703125,-1.4091796875,-1.2783203125,0.0005988996708765626,7.041942444629967e-05,0.0028183935210108757,0.9936662316322327,0.0013300152495503426,0.0015159613685682416,3,乱占
02147.jpg,1,3,乱占,3,乱占,-2.82421875,-4.0703125,-0.2880859375,6.1953125,-1.744140625,-1.1083984375,0.00012069528747815639,3.4715121728368104e-05,0.001524469698779285,0.9972934126853943,0.0003554366994649172,0.0006712149479426444,3,乱占
02486.jpg,1,1,乱建,3,乱占,-3.369140625,0.80712890625,-0.039154052734375,4.75390625,-1.669921875,0.08990478515625,0.00028550272691063583,0.01859263889491558,0.007976365275681019,0.9625087380409241,0.001561606302857399,0.009075166657567024,3,乱占
00004.jpg,2,4,有漂浮物,4,有漂浮物,-5.22265625,-5.81640625,-1.3095703125,-2.32421875,3.87109375,-4.078125,0.00011145303142257035,6.155020673759282e-05,0.005578577984124422,0.0020224011968821287,0.9918758869171143,0.0003500704769976437,4,有漂浮物
00009.jpg,2,4,有漂浮物,4,有漂浮物,-2.19921875,-3.291015625,-2.28125,-3.958984375,4.76953125,-2.3125,0.0009378970135003328,0.0003147703246213496,0.0008640312007628381,0.00016139817307703197,0.9968844056129456,0.0008374477620236576,4,有漂浮物
00014.jpg,2,4,有漂浮物,4,有漂浮物,-5.34765625,-3.548828125,-3.4453125,-3.724609375,6.4453125,-2.314453125,7.555250704172067e-06,4.5653072447748855e-05,5.063214121037163e-05,3.829386332654394e-05,0.9997010231018066,0.00015687446284573525,4,有漂浮物
00019.jpg,2,4,有漂浮物,4,有漂浮物,-5.07421875,-5.62890625,-5.7421875,-3.494140625,7.08984375,-2.451171875,5.2139612307655625e-06,2.9941261345811654e-06,2.6734539915196365e-06,2.531553036533296e-05,0.9998918771743774,7.183607522165403e-05,4,有漂浮物
00023.jpg,2,4,有漂浮物,4,有漂浮物,-4.5703125,-4.359375,-2.35546875,-4.4140625,6.390625,-1.1767578125,1.7354263036395423e-05,2.1429654225357808e-05,0.00015896465629339218,2.0289189706090838e-05,0.9992653727531433,0.0005166640039533377,4,有漂浮物
00028.jpg,2,4,有漂浮物,4,有漂浮物,-6.265625,-3.83984375,-5.82421875,-0.70947265625,4.8125,-2.22265625,1.536828676762525e-05,0.0001738316350383684,2.3896027414593846e-05,0.003977697342634201,0.9949333071708679,0.0008759199408814311,4,有漂浮物
00033.jpg,2,5,正常,4,有漂浮物,-8.71875,-4.77734375,-6.80078125,-2.17578125,6.8125,-5.515625,1.7980552513563453e-07,9.25835865928093e-06,1.2239573834449402e-06,0.00012484703620430082,0.9998600482940674,4.424890903464984e-06,4,有漂浮物
00037.jpg,2,4,有漂浮物,4,有漂浮物,-5.5546875,-3.265625,-2.474609375,-2.333984375,5.56640625,-1.2060546875,1.4767379070690367e-05,0.00014569029735866934,0.00032133967033587396,0.00036985971382819116,0.9980058073997498,0.0011425905395299196,4,有漂浮物
00041.jpg,2,4,有漂浮物,4,有漂浮物,-5.71484375,-5.953125,-3.466796875,-3.916015625,5.6953125,-2.44140625,1.1076992450398393e-05,8.728459761186969e-06,0.00010489051055628806,6.69334112899378e-05,0.9995160102844238,0.0002924540895037353,4,有漂浮物
00045.jpg,2,4,有漂浮物,4,有漂浮物,-5.99609375,-7.2265625,-3.62109375,-5.2890625,6.80859375,-3.76171875,2.7476851300889393e-06,8.027516287256731e-07,2.954039882752113e-05,5.5722007346048485e-06,0.9999357461929321,2.5665143766673282e-05,4,有漂浮物
00050.jpg,2,4,有漂浮物,4,有漂浮物,-5.83984375,-6.44140625,-2.767578125,-6.61328125,7.5234375,-3.49609375,1.5717284895799821e-06,8.612361170889926e-07,3.3934818929992616e-05,7.25233519460744e-07,0.9999465942382812,1.6377785868826322e-05,4,有漂浮物
00054.jpg,2,4,有漂浮物,4,有漂浮物,-3.93359375,-3.57421875,-2.1796875,-5.7109375,4.84375,-0.83837890625,0.00015346609870903194,0.00021983003534842283,0.0008865928975865245,2.594907346065156e-05,0.9953238368034363,0.003390370635315776,4,有漂浮物
00058.jpg,2,4,有漂浮物,4,有漂浮物,-2.689453125,-3.17578125,-2.138671875,-3.84765625,4.625,-2.744140625,0.0006638076156377792,0.0004081620427314192,0.0011514457874000072,0.0002084687730530277,0.9969396591186523,0.0006284803966991603,4,有漂浮物
00064.jpg,2,5,正常,4,有漂浮物,-3.046875,-1.86328125,-0.304931640625,-1.423828125,4.05859375,-1.84765625,0.0008020645473152399,0.002619615290313959,0.012445724569261074,0.004065271932631731,0.97740638256073,0.0026608684565871954,4,有漂浮物
00067.jpg,2,4,有漂浮物,4,有漂浮物,-4.15234375,-4.9140625,-4.1875,-3.916015625,5.40234375,-1.919921875,7.08029474481009e-05,3.3055301173590124e-05,6.835702515672892e-05,8.967830217443407e-05,0.9990780353546143,0.0006600546184927225,4,有漂浮物
00069.jpg,2,4,有漂浮物,4,有漂浮物,-8.015625,-6.66015625,-5.734375,-4.20703125,8.1015625,-2.9296875,1.0008864137489581e-07,3.882016414991085e-07,9.797585107662599e-07,4.512695340963546e-06,0.9999778270721436,1.6187485016416758e-05,4,有漂浮物
00074.jpg,2,4,有漂浮物,4,有漂浮物,-6.0625,-4.71484375,-4.94921875,-2.619140625,5.68359375,-0.8369140625,7.906103746790905e-06,3.042581374756992e-05,2.4068798666121438e-05,0.0002473970234859735,0.998219907283783,0.0014702989719808102,4,有漂浮物
00079.jpg,2,4,有漂浮物,4,有漂浮物,-5.00390625,-5.1875,-2.568359375,-4.28125,5.89453125,-1.3818359375,1.8469094356987625e-05,1.537134448881261e-05,0.00021095517149660736,3.804443986155093e-05,0.9990261793136597,0.0006910202209837735,4,有漂浮物
00083.jpg,2,4,有漂浮物,4,有漂浮物,-6.59765625,-5.390625,-5.97265625,-1.244140625,5.0546875,-2.96875,8.679371603648178e-06,2.9019858629908413e-05,1.6215200957958587e-05,0.0018343854462727904,0.9977847933769226,0.00032696573180146515,4,有漂浮物
00084.jpg,2,4,有漂浮物,4,有漂浮物,-6.484375,-4.1015625,-4.73046875,-1.3916015625,5.69140625,-0.344482421875,5.136713298270479e-06,5.5658001656411216e-05,2.9675435143872164e-05,0.0008364667883142829,0.9966895580291748,0.002383454004302621,4,有漂浮物
00088.jpg,2,4,有漂浮物,4,有漂浮物,-3.134765625,-4.09375,-3.72265625,-3.13671875,5.4765625,-2.744140625,0.00018188579997513443,6.971354741835967e-05,0.00010103716340381652,0.00018153090786654502,0.9991969466209412,0.00026880978839471936,4,有漂浮物
00092.jpg,2,4,有漂浮物,4,有漂浮物,-2.6796875,-4.25,-0.04095458984375,-4.421875,2.953125,-2.396484375,0.0033766343258321285,0.0007022729841992259,0.047257546335458755,0.0005913731874898076,0.9435901641845703,0.004482058808207512,4,有漂浮物
00098.jpg,2,4,有漂浮物,4,有漂浮物,-2.5859375,-2.32421875,-2.1875,-2.76953125,3.015625,0.81396484375,0.0032740579918026924,0.004253528546541929,0.004876694642007351,0.0027249129489064217,0.8867762684822083,0.09809461981058121,4,有漂浮物
00102.jpg,2,4,有漂浮物,4,有漂浮物,-4.3203125,-3.44921875,-2.916015625,-1.5400390625,5.84765625,-1.15234375,3.831058711512014e-05,9.154402505373582e-05,0.00015602608618792146,0.0006176980677992105,0.9981861710548401,0.0009102280018851161,4,有漂浮物
00106.jpg,2,4,有漂浮物,4,有漂浮物,-5.19921875,-3.21875,-1.5966796875,-5.59765625,4.77734375,1.6611328125,4.4413780415197834e-05,0.0003218284109607339,0.0016295984387397766,2.981800389534328e-05,0.95561683177948,0.04235752671957016,4,有漂浮物
00112.jpg,2,4,有漂浮物,4,有漂浮物,-5.5859375,-3.251953125,-3.197265625,-5.4296875,7.34375,0.1893310546875,2.4229486825788626e-06,2.5002345864777453e-05,2.6407738914713264e-05,2.832714017131366e-06,0.9991625547409058,0.0007807490765117109,4,有漂浮物
00116.jpg,2,4,有漂浮物,4,有漂浮物,-8.6171875,-4.68359375,-4.83984375,-6.20703125,9.390625,-1.16015625,1.5111037754422796e-08,7.720267376498668e-07,6.60349485315237e-07,1.682720096596313e-07,0.9999721050262451,2.6172296202275902e-05,4,有漂浮物
00118.jpg,2,4,有漂浮物,4,有漂浮物,-4.73828125,-3.251953125,-6.67578125,0.52734375,4.421875,-1.294921875,0.00010265921446261927,0.0004538392531685531,1.4789462511544116e-05,0.019871462136507034,0.976344883441925,0.003212402341887355,4,有漂浮物
00122.jpg,2,4,有漂浮物,4,有漂浮物,-7.30078125,-6.51171875,-5.36328125,-2.525390625,7.84375,-3.384765625,2.6472386593923147e-07,5.827450308970583e-07,1.8375478703092085e-06,3.138476677122526e-05,0.9999526739120483,1.3289145499584265e-05,4,有漂浮物
00124.jpg,2,4,有漂浮物,4,有漂浮物,-6.796875,-5.08203125,-3.927734375,-4.99609375,8.5703125,-0.189697265625,2.1185773846355005e-07,1.1770407581934705e-06,3.7333290947572095e-06,1.2826662896259222e-06,0.9998366832733154,0.0001568574516568333,4,有漂浮物
00127.jpg,2,4,有漂浮物,4,有漂浮物,-7.0859375,-4.57421875,-3.83203125,-6.2109375,8.9375,-0.26513671875,1.0991672638738237e-07,1.3548442439059727e-06,2.8458848646550905e-06,2.636765259467211e-07,0.9998947381973267,0.00010076272883452475,4,有漂浮物
00134.jpg,2,4,有漂浮物,4,有漂浮物,-6.28515625,-5.02734375,-6.83984375,-3.62890625,7.625,-3.40234375,9.096643793782277e-07,3.1999429666029755e-06,5.223762968853407e-07,1.2956148566445336e-05,0.9999661445617676,1.6250651242444292e-05,4,有漂浮物
00139.jpg,2,4,有漂浮物,4,有漂浮物,-6.27734375,-4.03515625,-3.890625,-5.2109375,7.98828125,-2.580078125,6.375290126925393e-07,6.0016350289515685e-06,6.934876182640437e-06,1.85197131941095e-06,0.999958872795105,2.5715915398905054e-05,4,有漂浮物
00143.jpg,2,4,有漂浮物,4,有漂浮物,-5.4453125,-4.171875,-2.845703125,-3.28515625,6.1171875,-0.7978515625,9.504490662948228e-06,3.396063038962893e-05,0.0001279159914702177,8.242762851295993e-05,0.998754620552063,0.0009915063856169581,4,有漂浮物
00144.jpg,2,4,有漂浮物,4,有漂浮物,-0.1365966796875,-3.716796875,-1.203125,-5.97265625,2.65625,-2.197265625,0.056085895746946335,0.001563120516948402,0.019304845482110977,0.00016378916916437447,0.9157387018203735,0.0071435896679759026,4,有漂浮物
00148.jpg,2,4,有漂浮物,4,有漂浮物,-3.83203125,-4.11328125,-1.7392578125,-5.64453125,5.515625,1.6748046875,8.52638331707567e-05,6.436052353819832e-05,0.000691265391651541,1.3918938748247456e-05,0.9781386256217957,0.02100648358464241,4,有漂浮物
00153.jpg,2,4,有漂浮物,4,有漂浮物,-4.75390625,-3.5703125,-3.44140625,-3.419921875,5.05859375,1.666015625,5.294839138514362e-05,0.00017293424753006548,0.0001967271527973935,0.0002009994350373745,0.9668684601783752,0.032507941126823425,4,有漂浮物
00159.jpg,2,4,有漂浮物,4,有漂浮物,-7.06640625,-4.1171875,-4.1640625,-0.432861328125,4.76171875,-0.249755859375,7.206445388874272e-06,0.00013757849228568375,0.00013127831334713846,0.0054781390354037285,0.9876669645309448,0.006578922271728516,4,有漂浮物
00165.jpg,2,4,有漂浮物,4,有漂浮物,-5.73046875,-3.458984375,-2.623046875,-5.40234375,7.734375,-1.5009765625,1.4198062672221567e-06,1.3763287824986037e-05,3.1751573260407895e-05,1.9712058474397054e-06,0.9998536109924316,9.751562174642459e-05,4,有漂浮物
00170.jpg,2,4,有漂浮物,4,有漂浮物,-4.44140625,-3.13671875,-3.23046875,-2.62890625,5.8125,-0.80126953125,3.515494245220907e-05,0.00012959999730810523,0.00011800213542301208,0.0002153501263819635,0.998162567615509,0.0013392993714660406,4,有漂浮物
00175.jpg,2,4,有漂浮物,4,有漂浮物,-6.48046875,-3.423828125,-2.609375,-4.1171875,6.74609375,-1.2880859375,1.801245048227429e-06,3.8287318602669984e-05,8.645049092592672e-05,1.9139597497996874e-05,0.9995301961898804,0.0003240380610805005,4,有漂浮物
00180.jpg,2,4,有漂浮物,4,有漂浮物,-5.35546875,-4.26953125,-2.71484375,-5.4609375,6.34375,-1.2626953125,8.29487635201076e-06,2.457121263432782e-05,0.00011631046800175682,7.46458090361557e-06,0.9993464350700378,0.0004969112924300134,4,有漂浮物
00184.jpg,2,4,有漂浮物,4,有漂浮物,-4.7734375,-4.26953125,-4.49609375,-3.205078125,5.84375,-0.65576171875,2.4449393094982952e-05,4.046800677315332e-05,3.2263906177831814e-05,0.00011732698476407677,0.9982838034629822,0.0015015919925644994,4,有漂浮物
00186.jpg,2,4,有漂浮物,4,有漂浮物,-6.79296875,-3.916015625,-4.421875,-4.10546875,7.25,-1.5400390625,7.964064820953354e-07,1.4144241504254751e-05,8.528796570317354e-06,1.1703107702487614e-05,0.999812662601471,0.00015221349895000458,4,有漂浮物
00189.jpg,2,4,有漂浮物,4,有漂浮物,-5.24609375,-4.09765625,-4.4453125,-4.41015625,6.82421875,-0.71044921875,5.723692993342411e-06,1.804830571927596e-05,1.2748269000439905e-05,1.3204421520640608e-05,0.9994163513183594,0.0005339268245734274,4,有漂浮物
00193.jpg,2,4,有漂浮物,4,有漂浮物,-6.70703125,-5.1640625,-2.16796875,-4.0859375,7.32421875,-1.05078125,8.056861702243623e-07,3.76936941393069e-06,7.541465311078355e-05,1.1078793249907903e-05,0.9996784925460815,0.00023048573348205537,4,有漂浮物
00197.jpg,2,4,有漂浮物,4,有漂浮物,-5.99609375,-4.01171875,-0.37890625,-2.296875,5.54296875,1.4091796875,9.558712918078527e-06,6.953484262339771e-05,0.0026297406293451786,0.0003863222082145512,0.9811842441558838,0.015720587223768234,4,有漂浮物
00202.jpg,2,4,有漂浮物,4,有漂浮物,-3.271484375,-3.560546875,-2.798828125,-3.01171875,4.265625,-2.953125,0.0005312302382662892,0.00039787308196537197,0.000852225988637656,0.0006888070493005216,0.9967994689941406,0.0007303726742975414,4,有漂浮物
00207.jpg,2,4,有漂浮物,4,有漂浮物,-4.76953125,-3.0,-2.353515625,-3.552734375,6.60546875,0.467041015625,1.145136593549978e-05,6.719778320984915e-05,0.0001282683660974726,3.866388215101324e-05,0.997601330280304,0.0021531374659389257,4,有漂浮物
00213.jpg,2,4,有漂浮物,4,有漂浮物,-4.859375,-5.17578125,-1.44140625,-6.31640625,5.29296875,0.70068359375,3.8545360439457e-05,2.8090445994166657e-05,0.0011759181506931782,8.978246114565991e-06,0.9887329339981079,0.01001555286347866,4,有漂浮物
00214.jpg,2,4,有漂浮物,4,有漂浮物,-5.23828125,-4.08203125,-2.94140625,-3.39453125,5.71875,-1.1416015625,1.741053165460471e-05,5.5330554459942505e-05,0.00017311399278696626,0.00011003794497810304,0.9985969662666321,0.0010470740962773561,4,有漂浮物
00220.jpg,2,4,有漂浮物,4,有漂浮物,-4.67578125,-3.990234375,-3.669921875,-5.04296875,6.70703125,-1.6142578125,1.1385967809474096e-05,2.259951907035429e-05,3.1132152798818424e-05,7.886829735070933e-06,0.9996837377548218,0.00024320512602571398,4,有漂浮物
00225.jpg,2,4,有漂浮物,4,有漂浮物,-4.37890625,-3.25,-1.4697265625,-4.84765625,6.2109375,0.57373046875,2.5066496164072305e-05,7.751243538223207e-05,0.0004597633087541908,1.5686213373555802e-05,0.9958738684654236,0.0035481045488268137,4,有漂浮物
00229.jpg,2,4,有漂浮物,4,有漂浮物,-5.8125,-5.3359375,-2.8203125,-3.615234375,7.4453125,-0.7529296875,1.746070665831212e-06,2.8120966817368753e-06,3.479784572846256e-05,1.5715280824224465e-05,0.9996699094772339,0.00027504595345817506,4,有漂浮物
00233.jpg,2,4,有漂浮物,4,有漂浮物,-6.4921875,-6.859375,-3.244140625,-6.71484375,8.5078125,-1.833984375,3.058898130348098e-07,2.118836732734053e-07,7.873609320085961e-06,2.448311420266691e-07,0.9999591112136841,3.225498949177563e-05,4,有漂浮物
00453.jpg,2,4,有漂浮物,4,有漂浮物,-4.43359375,-9.75,-5.58203125,-3.99609375,8.1796875,-7.01953125,3.3274943689320935e-06,1.6339223307682005e-08,1.0552545290920534e-06,5.153724032425089e-06,0.9999902248382568,2.506449447992054e-07,4,有漂浮物
00454.jpg,2,4,有漂浮物,4,有漂浮物,-3.740234375,-8.796875,-5.4296875,-4.06640625,7.57421875,-6.62109375,1.219508885696996e-05,7.764506193552734e-08,2.2514632291859016e-06,8.800965588307008e-06,0.9999759197235107,6.839803745606332e-07,4,有漂浮物
00458.jpg,2,4,有漂浮物,4,有漂浮物,-3.16015625,-9.65625,-5.796875,-3.1171875,6.55859375,-7.32421875,6.013741949573159e-05,9.076681806163833e-08,4.3055870264652185e-06,6.277776992646977e-05,0.9998717308044434,9.347929221803497e-07,4,有漂浮物
00460.jpg,2,4,有漂浮物,4,有漂浮物,-5.578125,-8.7265625,-5.890625,-3.150390625,7.5,-6.546875,2.0904037683067145e-06,8.971832698989601e-08,1.5293721844500396e-06,2.369091635046061e-05,0.9999717473983765,7.934278301036102e-07,4,有漂浮物
00461.jpg,2,4,有漂浮物,4,有漂浮物,-5.03125,-8.28125,-6.58203125,-4.24609375,8.921875,-5.15234375,8.714313821656106e-07,3.378906399120751e-08,1.848151072181281e-07,1.910830860651913e-06,0.9999963045120239,7.72045439134672e-07,4,有漂浮物
00462.jpg,2,4,有漂浮物,4,有漂浮物,-6.31640625,-8.171875,-4.43359375,-4.25390625,7.4453125,-5.79296875,1.0552456615187111e-06,1.650189176416461e-07,6.935034889465896e-06,8.300150511786342e-06,0.9999817609786987,1.7810641566029517e-06,4,有漂浮物
00463.jpg,2,4,有漂浮物,4,有漂浮物,-4.33984375,-9.140625,-5.3828125,-3.681640625,6.96875,-6.8203125,1.2266540579730645e-05,1.0087169499684023e-07,4.3228142203588504e-06,2.36906034842832e-05,0.9999585151672363,1.026758241096104e-06,4,有漂浮物
00464.jpg,2,4,有漂浮物,4,有漂浮物,-6.80859375,-9.2734375,-4.6875,-3.7265625,7.98828125,-6.76171875,3.7479483694369264e-07,3.1865855731894044e-08,3.125884404653334e-06,8.171518857125193e-06,0.9999879598617554,3.9278162944356154e-07,4,有漂浮物
00471.jpg,2,4,有漂浮物,4,有漂浮物,-5.828125,-8.6640625,-5.03515625,-4.0390625,7.62109375,-6.04296875,1.4423550283026998e-06,8.461361034051151e-08,3.1875290460448014e-06,8.630821866972838e-06,0.9999854564666748,1.1635008831945015e-06,4,有漂浮物
00476.jpg,2,4,有漂浮物,4,有漂浮物,-6.66015625,-8.40625,-4.22265625,-4.5234375,8.3359375,-6.41796875,3.070975083119265e-07,5.357441068554181e-08,3.514544687277521e-06,2.6016055016953032e-06,0.9999932050704956,3.912523425242398e-07,4,有漂浮物
00480.jpg,2,4,有漂浮物,4,有漂浮物,-5.72265625,-8.609375,-4.02734375,-3.703125,6.62890625,-5.2265625,4.322700078773778e-06,2.4102888573906966e-07,2.3551576305180788e-05,3.257064599893056e-05,0.9999321699142456,7.0991422944644e-06,4,有漂浮物
00482.jpg,2,4,有漂浮物,4,有漂浮物,-2.9921875,-9.3515625,-4.05859375,-4.1640625,5.99609375,-7.19140625,0.0001248384651262313,2.1602647848339984e-07,4.29748251917772e-05,3.867315535899252e-05,0.9997914433479309,1.8734880313786562e-06,4,有漂浮物
00485.jpg,2,4,有漂浮物,4,有漂浮物,-4.5859375,-7.5703125,-3.59765625,-3.326171875,5.53125,-5.17578125,4.036679456476122e-05,2.0413931451912504e-06,0.00010844994540093467,0.00014227660722099245,0.9996844530105591,2.2379910660674796e-05,4,有漂浮物
00486.jpg,2,4,有漂浮物,4,有漂浮物,-5.01171875,-6.9375,-4.41796875,-3.25,6.65625,-4.59375,8.563025403418578e-06,1.2481623343774118e-06,1.5505636838497594e-05,4.985767009202391e-05,0.9999117851257324,1.3006149856664706e-05,4,有漂浮物
00487.jpg,2,4,有漂浮物,4,有漂浮物,-5.84375,-5.75390625,-3.02734375,-2.841796875,5.265625,-2.87109375,1.4958211977500468e-05,1.63643344421871e-05,0.0002500514383427799,0.00030103110475465655,0.9991253018379211,0.00029233976965770125,4,有漂浮物
00491.jpg,2,4,有漂浮物,4,有漂浮物,-6.921875,-5.6171875,-3.8828125,-4.0625,7.56640625,-4.3671875,5.102781983623572e-07,1.881159505501273e-06,1.0657494385668542e-05,8.904669812181965e-06,0.9999715089797974,6.565891908394406e-06,4,有漂浮物
00496.jpg,2,4,有漂浮物,4,有漂浮物,-5.54296875,-5.95703125,-4.0703125,-4.83203125,7.95703125,-4.41796875,1.3709382074011955e-06,9.061348009709036e-07,5.978391072858358e-06,2.791091674225754e-06,0.9999847412109375,4.222786628815811e-06,4,有漂浮物
00500.jpg,2,4,有漂浮物,4,有漂浮物,-8.09375,-4.05078125,-6.53515625,-5.52734375,10.1875,-3.876953125,1.149617201434694e-08,6.552277795890404e-07,5.4631350110412313e-08,1.4966812500460946e-07,0.9999983310699463,7.796234626766818e-07,4,有漂浮物
00504.jpg,2,4,有漂浮物,4,有漂浮物,-5.50390625,-2.560546875,-4.1953125,-3.814453125,6.359375,-2.671875,7.042089237074833e-06,0.0001336553250439465,2.6062529286718927e-05,3.8143600249895826e-05,0.9996756315231323,0.00011957409151364118,4,有漂浮物
00505.jpg,2,4,有漂浮物,4,有漂浮物,-5.8359375,-3.72265625,-5.39453125,-4.921875,7.828125,-2.9375,1.1634751899691764e-06,9.628166480979417e-06,1.8090787534674746e-06,2.9022141916357214e-06,0.9999634027481079,2.111215508193709e-05,4,有漂浮物
00509.jpg,2,4,有漂浮物,4,有漂浮物,-7.62890625,-3.4375,-6.33984375,-5.7734375,9.8671875,-3.583984375,2.5208185761016466e-08,1.6666568853906938e-06,9.149014346121476e-08,1.611986562011225e-07,0.9999966621398926,1.4395568541658577e-06,4,有漂浮物
00513.jpg,2,4,有漂浮物,4,有漂浮物,-6.73828125,-3.640625,-5.9765625,-5.12109375,8.6171875,-2.75390625,2.1438619057789765e-07,4.747793354908936e-06,4.5920543811917014e-07,1.0802701808643178e-06,0.9999818801879883,1.1523618013598025e-05,4,有漂浮物
00515.jpg,2,4,有漂浮物,4,有漂浮物,-7.08203125,-4.09375,-5.83984375,-4.703125,8.5546875,-3.01171875,1.6182764284167206e-07,3.2125267352967057e-06,5.604384227808623e-07,1.7466205690652714e-06,0.9999847412109375,9.479096661380026e-06,4,有漂浮物
00518.jpg,2,4,有漂浮物,4,有漂浮物,-6.68359375,-3.517578125,-5.265625,-4.8515625,8.3125,-3.44140625,3.070938703331194e-07,7.282060323632322e-06,1.2679063274845248e-06,1.918280986501486e-06,0.9999814033508301,7.858420758566353e-06,4,有漂浮物
00522.jpg,2,4,有漂浮物,4,有漂浮物,-5.2265625,-2.87109375,-2.115234375,-6.06640625,4.95703125,-1.9970703125,3.770014154724777e-05,0.0003974751743953675,0.0008463999256491661,1.627809069759678e-05,0.9977495074272156,0.0009525627247057855,4,有漂浮物
00526.jpg,2,4,有漂浮物,4,有漂浮物,-7.16015625,-5.3828125,-1.34765625,-5.56640625,6.4609375,-1.359375,1.2136047189414967e-06,7.177411589509575e-06,0.0004058952326886356,5.973571660433663e-06,0.9991785883903503,0.0004011663841083646,4,有漂浮物
00530.jpg,2,4,有漂浮物,4,有漂浮物,-6.01953125,-5.8203125,-3.0625,-4.01171875,6.09375,-1.322265625,5.4819970500830095e-06,6.6904981395055074e-06,0.00010547783313086256,4.082448504050262e-05,0.999240517616272,0.0006010842625983059,4,有漂浮物
00536.jpg,2,4,有漂浮物,4,有漂浮物,-6.0625,-7.44921875,-2.09375,-5.25390625,5.45703125,-2.73046875,9.925836820912082e-06,2.4804064651107183e-06,0.0005252588307484984,2.228101402579341e-05,0.9991621971130371,0.00027787528233602643,4,有漂浮物
00538.jpg,2,4,有漂浮物,4,有漂浮物,-6.625,-7.5703125,-2.078125,-3.9609375,5.43359375,-4.29296875,5.79050447413465e-06,2.2499477836390724e-06,0.0005462596309371293,8.311971032526344e-05,0.999302864074707,5.963547664578073e-05,4,有漂浮物
00548.jpg,2,4,有漂浮物,4,有漂浮物,-6.4609375,-6.9921875,0.28466796875,-5.86328125,5.33203125,-2.4609375,7.505985195166431e-06,4.4125408749096096e-06,0.00638244254514575,1.364477884635562e-05,0.9931822419166565,0.0004098128993064165,4,有漂浮物
00551.jpg,2,4,有漂浮物,4,有漂浮物,-6.2578125,-5.7265625,-1.2529296875,-5.2265625,5.66796875,-2.1796875,6.6082325247407425e-06,1.1240981621085666e-05,0.0009855491807684302,1.853324647527188e-05,0.9985879063606262,0.00039011487388052046,4,有漂浮物
00555.jpg,2,4,有漂浮物,4,有漂浮物,-6.03125,-3.939453125,-2.759765625,-4.24609375,6.91796875,-0.92431640625,2.376908469159389e-06,1.9251665435149334e-05,6.263254181249067e-05,1.4167589142743964e-05,0.9995089769363403,0.0003925776109099388,4,有漂浮物
00561.jpg,2,4,有漂浮物,4,有漂浮物,-5.0234375,-4.76953125,-3.361328125,-4.546875,6.9140625,-1.28515625,6.538291017932352e-06,8.428190085396636e-06,3.445951369940303e-05,1.0530105100770015e-05,0.9996652603149414,0.00027477621915750206,4,有漂浮物
00565.jpg,2,4,有漂浮物,4,有漂浮物,-6.90234375,-5.65234375,-3.630859375,-4.984375,8.1953125,-4.125,2.7743723762796435e-07,9.683510597824352e-07,7.310588443942834e-06,1.8885476720242877e-06,0.9999850988388062,4.460153377294773e-06,4,有漂浮物
00570.jpg,2,4,有漂浮物,4,有漂浮物,-6.4921875,-4.94921875,-4.0703125,-4.22265625,7.80078125,-1.185546875,6.202703275448584e-07,2.901909283536952e-06,6.988564564380795e-06,6.001032033964293e-06,0.9998583793640137,0.00012509091175161302,4,有漂浮物
00574.jpg,2,4,有漂浮物,4,有漂浮物,-5.87109375,-3.869140625,-2.6796875,-4.453125,6.83984375,-1.076171875,3.0164997042447794e-06,2.233266059192829e-05,7.33691340428777e-05,1.2454298484954052e-05,0.9995241165161133,0.00036467949394136667,4,有漂浮物
00579.jpg,2,4,有漂浮物,4,有漂浮物,-7.05078125,-5.23046875,-4.33984375,-6.5703125,9.1484375,-2.470703125,9.220699581646841e-08,5.692663762602024e-07,1.3871041346646962e-06,1.4908323464624118e-07,0.9999889135360718,8.992211405711714e-06,4,有漂浮物
00584.jpg,2,4,有漂浮物,4,有漂浮物,-3.67578125,-6.8359375,-4.1875,-3.408203125,6.06640625,-5.48046875,5.8741134125739336e-05,2.4917467271734495e-06,3.5213215596741065e-05,7.67626625020057e-05,0.9998171925544739,9.664435310696717e-06,4,有漂浮物
00589.jpg,2,4,有漂浮物,4,有漂浮物,-6.3125,-4.9296875,-3.966796875,-4.8828125,7.59375,-4.67578125,9.132350555773883e-07,3.640243221525452e-06,9.53473227127688e-06,3.814942374447128e-06,0.9999774694442749,4.69245924250572e-06,4,有漂浮物
00594.jpg,2,4,有漂浮物,4,有漂浮物,-5.2578125,-5.03515625,-3.13671875,-5.15234375,7.10546875,-4.37109375,4.2723709157144185e-06,5.337862148735439e-06,3.563266363926232e-05,4.747592811327195e-06,0.9999396800994873,1.0369696610723622e-05,4,有漂浮物
00598.jpg,2,4,有漂浮物,4,有漂浮物,-5.96875,-5.3046875,-3.701171875,-4.85546875,6.8515625,-5.046875,2.705127371882554e-06,5.255164978734683e-06,2.612067328300327e-05,8.23530263005523e-06,0.9999508857727051,6.800688879593508e-06,4,有漂浮物
00602.jpg,2,4,有漂浮物,4,有漂浮物,-6.81640625,-4.9453125,-5.015625,-4.1640625,7.625,-4.890625,5.347723117665737e-07,3.4735585359157994e-06,3.237712689951877e-06,7.586949323012959e-06,0.9999815225601196,3.668809085866087e-06,4,有漂浮物
00603.jpg,2,4,有漂浮物,4,有漂浮物,-7.28125,-5.2421875,-4.59375,-4.55859375,8.1171875,-4.46484375,2.0537076750315464e-07,1.5779463637954905e-06,3.0179016903275624e-06,3.1258866783900885e-06,0.9999886751174927,3.4331148981436854e-06,4,有漂浮物
00607.jpg,2,4,有漂浮物,4,有漂浮物,-6.17578125,-5.37890625,-4.38671875,-4.25390625,7.13671875,-4.9921875,1.6536397424715688e-06,3.6687599731521914e-06,9.895115908875596e-06,1.1300576261419337e-05,0.9999681711196899,5.400936970545445e-06,4,有漂浮物
00611.jpg,2,4,有漂浮物,4,有漂浮物,-6.0625,-5.25,-4.2890625,-4.1640625,6.76171875,-5.6015625,2.6945865556626813e-06,6.0723450587829575e-06,1.5873996744630858e-05,1.7987595128943212e-05,0.999953031539917,4.27242821388063e-06,4,有漂浮物
00616.jpg,2,4,有漂浮物,4,有漂浮物,-6.375,-3.341796875,-6.01171875,-0.9345703125,6.47265625,-3.388671875,2.630396465974627e-06,5.4616590205114335e-05,3.782615976888337e-06,0.0006064148037694395,0.9992805123329163,5.211551615502685e-05,4,有漂浮物
00620.jpg,2,4,有漂浮物,4,有漂浮物,-5.09375,-5.26953125,-5.55078125,-3.203125,7.078125,-4.171875,5.173634690436302e-06,4.3396526052674744e-06,3.2757413919171086e-06,3.426760667935014e-05,0.9999399185180664,1.300651638302952e-05,4,有漂浮物
00626.jpg,2,4,有漂浮物,4,有漂浮物,-5.32421875,-5.953125,-4.609375,-1.134765625,4.9921875,-3.939453125,3.300548269180581e-05,1.759768565534614e-05,6.74588154652156e-05,0.002177922520786524,0.9975722432136536,0.00013182024122215807,4,有漂浮物
00630.jpg,2,4,有漂浮物,4,有漂浮物,-4.92578125,-7.01953125,-4.2109375,-2.1875,5.14453125,-4.90625,4.22822377004195e-05,5.210193648963468e-06,8.641928434371948e-05,0.0006536998553201556,0.9991693496704102,4.311617885832675e-05,4,有漂浮物
00631.jpg,2,4,有漂浮物,4,有漂浮物,-6.04296875,-6.515625,-4.890625,-2.552734375,7.5859375,-5.1640625,1.2050921895934152e-06,7.511874287047249e-07,3.814844603766687e-06,3.9519352867500857e-05,0.9999518394470215,2.9021805403317558e-06,4,有漂浮物
00635.jpg,2,4,有漂浮物,4,有漂浮物,-6.13671875,-7.03125,-6.5546875,-2.568359375,7.0,-7.515625,1.9713475012395065e-06,8.058852358772128e-07,1.2979012353753205e-06,6.990077235968783e-05,0.9999254941940308,4.964914523952757e-07,4,有漂浮物
00637.jpg,2,4,有漂浮物,4,有漂浮物,-4.39453125,-7.28125,-5.88671875,-2.59765625,6.14453125,-7.34375,2.6476382117834873e-05,1.4762931641598698e-06,5.954013886366738e-06,0.00015967301442287862,0.9998050332069397,1.3868490214008489e-06,4,有漂浮物
00643.jpg,2,4,有漂浮物,4,有漂浮物,-5.51171875,-3.99609375,-4.94921875,-1.9248046875,6.0625,-5.16015625,9.401507668371778e-06,4.279815766494721e-05,1.650015838094987e-05,0.00033960529253818095,0.9995782971382141,1.3362236131797545e-05,4,有漂浮物
00648.jpg,2,4,有漂浮物,4,有漂浮物,-6.86328125,-7.078125,-6.70703125,-3.263671875,8.1640625,-6.53125,2.976475172999926e-07,2.4010256538531394e-07,3.4798520687218115e-07,1.088911812985316e-05,0.9999878406524658,4.1486003965474083e-07,4,有漂浮物
00653.jpg,2,4,有漂浮物,4,有漂浮物,-6.625,-6.9296875,-6.02734375,-3.662109375,7.31640625,-7.45703125,8.816887202556245e-07,6.501164762084954e-07,1.6027806850615889e-06,1.7064059647964314e-05,0.9999794960021973,3.8367957699847466e-07,4,有漂浮物
00657.jpg,2,4,有漂浮物,4,有漂浮物,-5.67578125,-5.15625,-3.716796875,-5.08984375,6.44921875,-1.3720703125,5.4197344070416875e-06,9.111870895139873e-06,3.843741069431417e-05,9.737499567563646e-06,0.999536395072937,0.0004009183612652123,4,有漂浮物
00661.jpg,2,4,有漂浮物,4,有漂浮物,-5.765625,-3.92578125,-3.24609375,-4.40234375,5.92578125,-0.065673828125,8.342894943780266e-06,5.252314804238267e-05,0.00010364187619416043,3.2612366339890286e-05,0.9973095655441284,0.0024932974483817816,4,有漂浮物
00665.jpg,2,4,有漂浮物,4,有漂浮物,-6.8125,-4.32421875,-2.8984375,-5.40234375,6.72265625,-1.0576171875,1.322927914770844e-06,1.5928797438391484e-05,6.628143455600366e-05,5.419500666903332e-06,0.9994932413101196,0.000417686125729233,4,有漂浮物
00669.jpg,2,4,有漂浮物,4,有漂浮物,-5.9140625,-5.47265625,-2.25390625,-5.3203125,5.46484375,-1.2802734375,1.1415073458920233e-05,1.7749209291650914e-05,0.00044367442023940384,2.0670027879532427e-05,0.9983318448066711,0.0011746480595320463,4,有漂浮物
00675.jpg,2,4,有漂浮物,4,有漂浮物,-7.4609375,-7.55859375,-3.69921875,-6.0390625,7.4140625,-5.046875,3.466254838713212e-07,3.1437565439773607e-07,1.4912627193552908e-05,1.4367226413014578e-06,0.9999790191650391,3.8750249586883e-06,4,有漂浮物
00680.jpg,2,4,有漂浮物,4,有漂浮物,-8.078125,-5.99609375,-3.2890625,-5.59765625,6.26171875,-3.462890625,5.918651027059241e-07,4.747198545373976e-06,7.113545871106908e-05,7.0709311330574565e-06,0.9998565912246704,5.978517947369255e-05,4,有漂浮物
00681.jpg,2,4,有漂浮物,4,有漂浮物,-8.890625,-7.18359375,-4.75,-5.78515625,7.37890625,-5.3046875,8.594637534997673e-08,4.737855761050014e-07,5.4010497478884645e-06,1.9182955384167144e-06,0.9999890327453613,3.101562015217496e-06,4,有漂浮物
00686.jpg,2,4,有漂浮物,4,有漂浮物,-6.2578125,-6.70703125,-5.98828125,-3.140625,8.1875,-5.8515625,5.326896257429325e-07,3.399233321488282e-07,6.974774464652e-07,1.2029609933961183e-05,0.9999855756759644,7.996617910066561e-07,4,有漂浮物
00690.jpg,2,4,有漂浮物,4,有漂浮物,-8.8515625,-5.16015625,-5.39453125,-4.65625,8.890625,-5.08203125,1.9708986442878995e-08,7.90354022228712e-07,6.252215598578914e-07,1.3081736369713326e-06,0.9999964237213135,8.545764558220981e-07,4,有漂浮物
00694.jpg,2,4,有漂浮物,4,有漂浮物,-7.51953125,-5.9921875,-5.5703125,-2.220703125,7.44140625,-5.58203125,3.1806584388505144e-07,1.4649876902694814e-06,2.2338392682286212e-06,6.364566797856241e-05,0.9999300241470337,2.2078143047110643e-06,4,有漂浮物
00697.jpg,2,4,有漂浮物,4,有漂浮物,-6.98828125,-7.0,-4.21484375,-4.92578125,6.84765625,-5.9609375,9.79752712737536e-07,9.683382131697726e-07,1.5689354768255726e-05,7.706352334935218e-06,0.999971866607666,2.7370717816666e-06,4,有漂浮物
00699.jpg,2,4,有漂浮物,4,有漂浮物,-5.703125,-5.86328125,-5.59375,-4.34375,6.09765625,-7.21875,7.4982986006943975e-06,6.38863048152416e-06,8.364956556761172e-06,2.9196567993494682e-05,0.9999468326568604,1.6471576600451954e-06,4,有漂浮物
00704.jpg,2,4,有漂浮物,4,有漂浮物,-7.40234375,-6.7421875,-5.5703125,-4.06640625,7.46484375,-5.8671875,3.4934629411509377e-07,6.760182031939621e-07,2.1822131657245336e-06,9.818279977480415e-06,0.9999853372573853,1.6216832818827243e-06,4,有漂浮物
00709.jpg,2,4,有漂浮物,4,有漂浮物,-5.625,-5.796875,-2.650390625,-1.0205078125,3.248046875,-3.134765625,0.0001375437423121184,0.00011582345177885145,0.0026933776680380106,0.013745051808655262,0.9816488027572632,0.0016593419713899493,4,有漂浮物
00713.jpg,2,4,有漂浮物,4,有漂浮物,-7.8359375,-6.92578125,-5.72265625,-5.046875,10.203125,-4.6484375,1.4646517776384371e-08,3.6392361124626404e-08,1.2120506198698422e-07,2.3823679384804564e-07,0.9999992847442627,3.5485263083501195e-07,4,有漂浮物
00717.jpg,2,4,有漂浮物,4,有漂浮物,-6.2265625,-7.05859375,-3.662109375,-6.65625,8.9609375,-4.5234375,2.536006036280014e-07,1.1035797342628939e-07,3.2951722914731363e-06,1.650210634807081e-07,0.9999947547912598,1.3925412076787325e-06,4,有漂浮物
00721.jpg,2,4,有漂浮物,4,有漂浮物,-8.4140625,-7.58203125,-2.6875,-5.8828125,7.5078125,-5.51171875,1.216744891507915e-07,2.796057572140853e-07,3.7343412259360775e-05,1.5293519481929252e-06,0.9999585151672363,2.2165188511280576e-06,4,有漂浮物
00725.jpg,2,4,有漂浮物,4,有漂浮物,-7.22265625,-7.1875,-4.84765625,-6.80078125,9.9375,-5.078125,3.527268077618828e-08,3.6534789416009517e-08,3.792170559790975e-07,5.378441514380938e-08,0.9999991655349731,3.011594742474699e-07,4,有漂浮物
00729.jpg,2,4,有漂浮物,4,有漂浮物,-8.8046875,-7.0234375,-6.08984375,-5.57421875,10.734375,-5.5546875,3.268081361085251e-09,1.940349214635262e-08,4.935538555628227e-08,8.265470796686714e-08,0.9999997615814209,8.42849274818036e-08,4,有漂浮物
00733.jpg,2,4,有漂浮物,4,有漂浮物,-7.9453125,-5.73046875,-5.40234375,-5.58203125,9.734375,-3.7265625,2.0980138515369617e-08,1.921775947266724e-07,2.6681217946133984e-07,2.2292991275207896e-07,0.9999978542327881,1.42556882565259e-06,4,有漂浮物
00738.jpg,2,4,有漂浮物,4,有漂浮物,-8.3125,-4.61328125,-5.9453125,-4.51171875,10.5390625,-2.767578125,6.4993428416926236e-09,2.6267559860571055e-07,6.933075269444089e-08,2.907553948716668e-07,0.9999977350234985,1.6634065787002328e-06,4,有漂浮物
00740.jpg,2,4,有漂浮物,4,有漂浮物,-7.25390625,-6.76171875,-4.57421875,-4.78515625,8.8359375,-4.80078125,1.0286505158774162e-07,1.6827600290980627e-07,1.4998275901234592e-06,1.2145973187216441e-06,0.9999958276748657,1.1957667993556242e-06,4,有漂浮物
00745.jpg,2,4,有漂浮物,4,有漂浮物,-8.4765625,-5.390625,-4.7421875,-4.34765625,8.46875,-4.55859375,4.3726117837650236e-08,9.570762813382316e-07,1.8304563127458096e-06,2.7158268949278863e-06,0.9999922513961792,2.1993439531797776e-06,4,有漂浮物
00749.jpg,2,4,有漂浮物,4,有漂浮物,-8.2265625,-6.625,-4.05859375,-2.8125,7.29296875,-4.49609375,1.8193932760368625e-07,9.025606004797737e-07,1.1750394151022192e-05,4.085301043232903e-05,0.9999387264251709,7.586624633404426e-06,4,有漂浮物
00755.jpg,2,4,有漂浮物,4,有漂浮物,-2.884765625,-6.05859375,-1.74609375,-2.5390625,2.84375,-5.515625,0.0031932357233017683,0.00013361491437535733,0.009971256367862225,0.004511988256126642,0.9819598197937012,0.00022996580810286105,4,有漂浮物
00759.jpg,2,4,有漂浮物,4,有漂浮物,-4.359375,-7.0234375,-4.7421875,-4.3359375,7.41015625,-5.49609375,7.736545740044676e-06,5.389636612562754e-07,5.275865987641737e-06,7.920012649265118e-06,0.9999760389328003,2.4824266802170314e-06,4,有漂浮物
00764.jpg,2,4,有漂浮物,4,有漂浮物,-4.20703125,-6.44140625,-4.68359375,-4.328125,6.69140625,-3.00390625,1.848506690294016e-05,1.9789931684499606e-06,1.1477639418444596e-05,1.637686182220932e-05,0.9998902082443237,6.156467861728743e-05,4,有漂浮物
00768.jpg,2,4,有漂浮物,4,有漂浮物,-6.64453125,-6.67578125,-4.5625,-4.96484375,8.8671875,-4.5625,1.8337675555812893e-07,1.7773484728422773e-07,1.4708180060551967e-06,9.836107892624568e-07,0.9999957084655762,1.4708180060551967e-06,4,有漂浮物
00773.jpg,2,4,有漂浮物,4,有漂浮物,-5.5859375,-3.771484375,-2.767578125,-4.9296875,6.203125,-0.357666015625,7.574888968520099e-06,4.649253605748527e-05,0.00012687445268966258,1.4600979739043396e-05,0.9983919262886047,0.0014124909648671746,4,有漂浮物
00777.jpg,2,4,有漂浮物,4,有漂浮物,-6.34765625,-4.4609375,-3.49609375,-3.171875,5.8125,-0.74169921875,5.226154826232232e-06,3.448052302701399e-05,9.048989886650816e-05,0.00012514299305621535,0.9983229041099548,0.001421734457835555,4,有漂浮物
00782.jpg,2,4,有漂浮物,4,有漂浮物,-4.2265625,-5.23046875,-3.81640625,-2.5390625,4.6171875,-5.08203125,0.00014409971481654793,5.2804647566517815e-05,0.00021716592891607434,0.0007789956289343536,0.9987456798553467,6.12544608884491e-05,4,有漂浮物
00785.jpg,2,4,有漂浮物,4,有漂浮物,-4.37109375,-4.640625,-3.9140625,-2.353515625,4.49609375,-4.19140625,0.00014069926692172885,0.00010745729377958924,0.00022221736435312778,0.0010580712696537375,0.9983031749725342,0.00016839498130138963,4,有漂浮物
00787.jpg,2,4,有漂浮物,4,有漂浮物,-6.265625,-8.3203125,-7.10546875,-2.51171875,6.90234375,-8.78125,1.9106762465526117e-06,2.4482042704221385e-07,8.249879215327383e-07,8.15619932836853e-05,0.999915361404419,1.544062939728974e-07,4,有漂浮物
00791.jpg,2,4,有漂浮物,4,有漂浮物,-4.6875,-3.912109375,-1.814453125,-3.587890625,4.08984375,-0.6845703125,0.0001523403188912198,0.0003307978913653642,0.0026950277388095856,0.0004574768536258489,0.9880224466323853,0.008341902866959572,4,有漂浮物
00795.jpg,2,4,有漂浮物,4,有漂浮物,-7.30078125,-7.2265625,-5.41796875,-3.5859375,7.94140625,-4.46484375,2.4010165589061216e-07,2.5859966967800574e-07,1.5779389741510386e-06,9.856694305199198e-06,0.9999840259552002,4.092862127436092e-06,4,有漂浮物
00800.jpg,2,4,有漂浮物,4,有漂浮物,-7.7578125,-7.10546875,-5.953125,-1.7236328125,7.203125,-4.80078125,3.180430212523788e-07,6.106538990025001e-07,1.9330882423673756e-06,0.00013276904064696282,0.9998582601547241,6.119390491221566e-06,4,有漂浮物
00806.jpg,2,4,有漂浮物,4,有漂浮物,-7.3046875,-7.50390625,-5.98828125,-3.1875,8.2265625,-5.08984375,1.7982823408146942e-07,1.4734597186816245e-07,6.707579700560018e-07,1.103899921872653e-05,0.9999862909317017,1.6472225752295344e-06,4,有漂浮物
00810.jpg,2,4,有漂浮物,4,有漂浮物,-7.46484375,-6.24609375,-5.9765625,-2.953125,7.6015625,-3.900390625,2.8623719572351547e-07,9.683279813543777e-07,1.2678807479460374e-06,2.6069976229337044e-05,0.999961256980896,1.0109935828950256e-05,4,有漂浮物
00813.jpg,2,4,有漂浮物,4,有漂浮物,-6.00390625,-4.203125,-3.83203125,-5.4375,7.6015625,-3.3203125,1.2336806776147569e-06,7.469166121154558e-06,1.0825203389686067e-05,2.1736511826020433e-06,0.9999603033065796,1.8058128262055106e-05,4,有漂浮物
00815.jpg,2,4,有漂浮物,4,有漂浮物,-7.89453125,-6.34375,-5.36328125,-2.888671875,7.76953125,-3.802734375,1.5745939663247555e-07,7.424450245707703e-07,1.9791398244706215e-06,2.3506374418502674e-05,0.9999642372131348,9.423523806617595e-06,4,有漂浮物
00821.jpg,2,4,有漂浮物,4,有漂浮物,-8.6484375,-6.21484375,-7.4765625,-4.0859375,8.6640625,-5.16015625,3.028830164453211e-08,3.4527988646004815e-07,9.777183862524907e-08,2.902307869590004e-06,0.9999957084655762,9.91325464383408e-07,4,有漂浮物
00827.jpg,2,4,有漂浮物,4,有漂浮物,-8.125,-6.40625,-7.90625,-3.84375,8.421875,-5.265625,6.512994588092624e-08,3.6326565577837755e-07,8.105552495862867e-08,4.710900611826219e-06,0.9999935626983643,1.1365576710886671e-06,4,有漂浮物
00834.jpg,2,4,有漂浮物,4,有漂浮物,-8.5625,-6.87890625,-6.984375,-5.03125,8.953125,-5.640625,2.472065929737255e-08,1.3311760937995132e-07,1.1979288672137045e-07,8.446220931546122e-07,0.9999984502792358,4.592130551372975e-07,4,有漂浮物
00838.jpg,2,4,有漂浮物,4,有漂浮物,-9.21875,-5.75,-7.80078125,-4.55078125,9.328125,-5.484375,8.814421192937516e-09,2.829129073234071e-07,3.6392325597489616e-08,9.385704515807447e-07,0.9999983310699463,3.6898802591167623e-07,4,有漂浮物
00841.jpg,2,4,有漂浮物,4,有漂浮物,-7.98046875,-8.234375,-6.35546875,-3.802734375,7.78125,-8.0703125,1.4281309290709032e-07,1.1078932971031463e-07,7.252647264976986e-07,9.313973350799643e-06,0.9999896287918091,1.305417356434191e-07,4,有漂浮物
00843.jpg,2,4,有漂浮物,4,有漂浮物,-7.2421875,-7.85546875,-5.68359375,-3.97265625,7.515625,-7.859375,3.897246187989367e-07,2.1106350800437212e-07,1.8520233879826264e-06,1.0249371371173766e-05,0.999987006187439,2.1024065688379778e-07,4,有漂浮物
00848.jpg,2,4,有漂浮物,4,有漂浮物,-8.1875,-7.43359375,-6.19140625,-4.65234375,8.1796875,-7.0546875,7.795054557391268e-08,1.656671884120442e-07,5.73735462694458e-07,2.6737332063930808e-06,0.9999963045120239,2.4198777737183264e-07,4,有漂浮物
00853.jpg,2,4,有漂浮物,4,有漂浮物,-8.90625,-5.0625,-7.6328125,-3.3125,8.8046875,-4.83203125,2.0334532280230633e-08,9.496282586951565e-07,7.265760615382533e-08,5.464733021653956e-06,0.9999922513961792,1.1957624792557908e-06,4,有漂浮物
00858.jpg,2,4,有漂浮物,4,有漂浮物,-8.4296875,-6.33203125,-8.0,-4.55078125,9.609375,-4.39453125,1.4646503565529656e-08,1.1932584698115534e-07,2.2508412911292908e-08,7.084701678650163e-07,0.9999983310699463,8.282855219476914e-07,4,有漂浮物
00862.jpg,2,4,有漂浮物,4,有漂浮物,-7.58203125,-5.98046875,-6.59375,-4.4140625,8.71875,-4.66796875,8.330264478217941e-08,4.1324591393276933e-07,2.2380194764082262e-07,1.979202124857693e-06,0.9999957084655762,1.5353947446783422e-06,4,有漂浮物
00863.jpg,2,4,有漂浮物,4,有漂浮物,-8.421875,-6.65625,-7.08203125,-4.703125,9.1875,-4.62890625,2.250840225315187e-08,1.315666651180436e-07,8.5947135630704e-08,9.276353125642345e-07,0.9999978542327881,9.991025535782683e-07,4,有漂浮物
00867.jpg,2,4,有漂浮物,4,有漂浮物,-9.2578125,-6.18359375,-7.11328125,-5.06640625,8.9765625,-5.5234375,1.2047885356025745e-08,2.606315945286042e-07,1.0286530738312649e-07,7.965543886712112e-07,0.9999983310699463,5.043468149779073e-07,4,有漂浮物
00871.jpg,2,4,有漂浮物,4,有漂浮物,-7.8828125,-5.015625,-6.71484375,-3.70703125,7.07421875,-4.8359375,3.1932205502016586e-07,5.616071575786918e-06,1.0267655170537182e-06,2.0784886146429926e-05,0.9999655485153198,6.721557383571053e-06,4,有漂浮物
00876.jpg,2,4,有漂浮物,4,有漂浮物,-7.9609375,-4.91796875,-5.21875,-3.8828125,7.21875,-3.484375,2.5557886829119525e-07,5.358824637369253e-06,3.96681434722268e-06,1.5088016880326904e-05,0.9999527931213379,2.24735340452753e-05,4,有漂浮物
00882.jpg,2,4,有漂浮物,4,有漂浮物,-9.7890625,-6.421875,-6.74609375,-5.76171875,9.953125,-5.55859375,2.6673294684087523e-09,7.734418261406972e-08,5.592696084022464e-08,1.4966830974572076e-07,0.9999995231628418,1.8337745189000998e-07,4,有漂浮物
00886.jpg,2,4,有漂浮物,4,有漂浮物,-8.4140625,-7.49609375,-5.7421875,-6.53515625,9.0,-6.87109375,2.736329385299996e-08,6.852312139926653e-08,3.9586666389368474e-07,1.791294579334135e-07,0.9999991655349731,1.2801804416540108e-07,4,有漂浮物
00892.jpg,2,4,有漂浮物,4,有漂浮物,-5.42578125,-5.58984375,-5.0703125,-5.37890625,6.90625,-6.44140625,4.408165750646731e-06,3.7411618905025534e-06,6.289788416324882e-06,4.619717856257921e-06,0.9999793767929077,1.5965317743393825e-06,4,有漂浮物
00893.jpg,2,4,有漂浮物,4,有漂浮物,-6.1328125,-5.70703125,-5.0625,-5.3828125,7.32421875,-6.890625,1.4311348195406026e-06,2.1907610516791465e-06,4.173605248070089e-06,3.029712615898461e-06,0.9999884366989136,6.707594479848922e-07,4,有漂浮物
00894.jpg,2,4,有漂浮物,4,有漂浮物,-5.8359375,-6.6484375,-5.8359375,-5.65234375,8.3359375,-7.50390625,7.002155371083063e-07,3.1071877515387314e-07,7.002155371083063e-07,8.413283012487227e-07,0.9999973773956299,1.3208153859523009e-07,4,有漂浮物
00895.jpg,2,4,有漂浮物,4,有漂浮物,-5.375,-5.71875,-4.7890625,-5.41015625,7.08984375,-6.17578125,3.859925072902115e-06,2.7370965653972235e-06,6.935028977750335e-06,3.726582008312107e-06,0.9999809265136719,1.7330215769106871e-06,4,有漂浮物
00899.jpg,2,4,有漂浮物,4,有漂浮物,-7.5625,-6.578125,-5.2734375,-6.07421875,8.5078125,-6.01171875,1.048940703185508e-07,2.8071107749383373e-07,1.0348517207603436e-06,4.646257423246425e-07,0.999997615814209,4.945915179632721e-07,4,有漂浮物
00903.jpg,2,4,有漂浮物,4,有漂浮物,-6.7890625,-6.09375,-6.4765625,-4.84765625,7.54296875,-4.78515625,5.965859486423142e-07,1.1957583865296328e-06,8.154363513313001e-07,4.157335752097424e-06,0.9999887943267822,4.425460701895645e-06,4,有漂浮物
00909.jpg,2,4,有漂浮物,4,有漂浮物,-6.19140625,-6.51953125,-6.203125,-4.59765625,7.2109375,-5.57421875,1.5115753058125847e-06,1.088746898858517e-06,1.4939648735889932e-06,7.44023463994381e-06,0.9999855756759644,2.8020181161991786e-06,4,有漂浮物
00913.jpg,2,4,有漂浮物,4,有漂浮物,-6.96875,-4.6796875,-6.21875,-5.44921875,8.125,-3.953125,2.78524282748549e-07,2.747832695604302e-06,5.896358743484598e-07,1.2728788760796306e-06,0.99998939037323,5.68240693610278e-06,4,有漂浮物
00917.jpg,2,4,有漂浮物,4,有漂浮物,-7.265625,-5.9375,-6.21875,-5.5390625,9.0703125,-5.02734375,8.042511723260759e-08,3.035212330360082e-07,2.2910984398549772e-07,4.52093530611819e-07,0.9999982118606567,7.54162442717643e-07,4,有漂浮物
00921.jpg,2,4,有漂浮物,4,有漂浮物,-5.70703125,-6.171875,-3.447265625,-4.1171875,5.8359375,-6.984375,9.702491297503002e-06,6.095427124819253e-06,9.295804193243384e-05,4.757114584208466e-05,0.9998408555984497,2.704829739741399e-06,4,有漂浮物
00925.jpg,2,4,有漂浮物,4,有漂浮物,-6.8359375,-5.91796875,-7.24609375,-4.44140625,7.7734375,-6.62890625,4.5209097265797027e-07,1.13212558972009e-06,2.9998341233294923e-07,4.956299562763888e-06,0.9999926090240479,5.560814315686002e-07,4,有漂浮物
00927.jpg,2,4,有漂浮物,4,有漂浮物,-6.38671875,-6.30078125,-6.87109375,-4.4375,7.71875,-6.8984375,7.482890396204311e-07,8.154391935022431e-07,4.610075166056049e-07,5.255382347968407e-06,0.9999922513961792,4.4857262082587113e-07,4,有漂浮物
00928.jpg,2,4,有漂浮物,4,有漂浮物,-7.703125,-6.015625,-7.0625,-4.75,9.1328125,-6.61328125,4.878031489852219e-08,2.63703924474612e-07,9.256877575580802e-08,9.349114975520934e-07,0.9999985694885254,1.4506336754038784e-07,4,有漂浮物
00929.jpg,2,4,有漂浮物,4,有漂浮物,-7.20703125,-6.24609375,-7.74609375,-4.28515625,8.8359375,-7.234375,1.0780181014524715e-07,2.8180969025015656e-07,6.288023968181733e-08,2.0025356661790283e-06,0.9999973773956299,1.0489404189684137e-07,4,有漂浮物
00932.jpg,2,4,有漂浮物,4,有漂浮物,-7.75,-4.69921875,-5.9921875,-3.875,7.546875,-5.984375,2.2732308480044594e-07,4.8037568376457784e-06,1.3184139788791072e-06,1.0953039236483164e-05,0.9999814033508301,1.3287544788909145e-06,4,有漂浮物
00937.jpg,2,4,有漂浮物,4,有漂浮物,-7.13671875,-5.9296875,-5.5859375,-4.8515625,7.18359375,-6.51171875,6.03617536398815e-07,2.018221721300506e-06,2.84614884549228e-06,5.931883606535848e-06,0.9999874830245972,1.1277061275904998e-06,4,有漂浮物
00941.jpg,2,4,有漂浮物,4,有漂浮物,-8.1171875,-6.79296875,-6.56640625,-4.015625,8.140625,-6.5703125,8.695987929741023e-08,3.269037165409827e-07,4.1002911643772677e-07,5.255389623926021e-06,0.9999935626983643,4.084305373908137e-07,4,有漂浮物
00946.jpg,2,4,有漂浮物,4,有漂浮物,-7.78515625,-6.03125,-5.9453125,-3.193359375,7.5546875,-5.4375,2.1776043013232993e-07,1.2580293287101085e-06,1.3709226323044277e-06,2.1486763216671534e-05,0.9999734163284302,2.277996827615425e-06,4,有漂浮物
00948.jpg,2,4,有漂浮物,4,有漂浮物,-7.6953125,-5.2578125,-6.6328125,-2.7734375,7.6015625,-4.41015625,2.2731803994702204e-07,2.6015172807092313e-06,6.577665203622018e-07,3.1201612728182226e-05,0.9999592304229736,6.072382802813081e-06,4,有漂浮物
00952.jpg,2,4,有漂浮物,4,有漂浮物,-8.2109375,-5.04296875,-5.87890625,-3.28515625,7.015625,-5.2109375,2.438751209865586e-07,5.794271146442043e-06,2.5116307824646356e-06,3.3605247153900564e-05,0.9999529123306274,4.8983624765241984e-06,4,有漂浮物
00957.jpg,2,4,有漂浮物,4,有漂浮物,-8.0859375,-5.8984375,-6.67578125,-2.541015625,7.15234375,-6.53515625,2.4102925522129226e-07,2.148270368707017e-06,9.87399289442692e-07,6.168772233650088e-05,0.9999337196350098,1.1364895726728719e-06,4,有漂浮物
00961.jpg,2,4,有漂浮物,4,有漂浮物,-6.8359375,-4.53125,-4.2734375,-3.794921875,5.83984375,-6.0859375,3.1254623991117114e-06,3.1320400012191385e-05,4.053161319461651e-05,6.540493632201105e-05,0.9998528957366943,6.6166035139758606e-06,4,有漂浮物
00962.jpg,2,4,有漂浮物,4,有漂浮物,-7.15625,-5.98046875,-4.4921875,-4.03125,6.35546875,-6.83984375,1.3549083632824477e-06,4.3908162297157105e-06,1.944901487149764e-05,3.083757474087179e-05,0.9999420642852783,1.8591885009300313e-06,4,有漂浮物
00967.jpg,2,4,有漂浮物,4,有漂浮物,-8.1953125,-6.296875,-4.86328125,-4.1875,6.91015625,-7.515625,2.752752834567218e-07,1.8375880017629243e-06,7.706372343818657e-06,1.514739869890036e-05,0.9999744892120361,5.431899126051576e-07,4,有漂浮物
00972.jpg,2,4,有漂浮物,4,有漂浮物,-8.640625,-6.43359375,-4.81640625,-4.33984375,7.4140625,-6.54296875,1.065445971448753e-07,9.683512871561106e-07,4.879424068349181e-06,7.858451681386214e-06,0.9999853372573853,8.68024471856188e-07,4,有漂浮物
00976.jpg,2,4,有漂浮物,4,有漂浮物,-7.49609375,-4.67578125,-6.81640625,-6.05859375,9.7421875,-4.62890625,3.262187675545647e-08,5.474634008351131e-07,6.437147703763912e-08,1.3734323545122606e-07,0.9999985694885254,5.737367700930918e-07,4,有漂浮物
00977.jpg,2,4,有漂浮物,4,有漂浮物,-8.3515625,-5.21875,-5.671875,-4.89453125,8.078125,-5.1328125,7.32275324821785e-08,1.679722572589526e-06,1.0676966439859825e-06,2.3229720227391226e-06,0.999993085861206,1.8304579043615377e-06,4,有漂浮物
00980.jpg,2,4,有漂浮物,4,有漂浮物,-6.73828125,-4.71875,-5.08984375,-5.734375,8.6015625,-3.3671875,2.177640539002823e-07,1.6408069996032282e-06,1.1321227475491469e-06,5.942609391240694e-07,0.9999901056289673,6.339188075799029e-06,4,有漂浮物
00983.jpg,2,4,有漂浮物,4,有漂浮物,-4.7734375,-6.5390625,-5.25,-6.6953125,8.515625,-5.29296875,1.6929012645050534e-06,2.8962125497855595e-07,1.0511462278373074e-06,2.477262057709595e-07,0.9999957084655762,1.0069364861919894e-06,4,有漂浮物
00989.jpg,2,4,有漂浮物,4,有漂浮物,-8.0625,-4.98046875,-5.68359375,-2.96484375,8.0703125,-4.8203125,9.853692972683348e-08,2.1483656382770278e-06,1.0635180842655245e-06,1.6124380636028945e-05,0.9999780654907227,2.521524493204197e-06,4,有漂浮物
00992.jpg,2,4,有漂浮物,4,有漂浮物,-7.421875,-2.923828125,-5.58984375,-2.6015625,7.72265625,-3.3671875,2.647168741987116e-07,2.378255703661125e-05,1.6535703935005586e-06,3.282590478193015e-05,0.9999262094497681,1.5265464753611013e-05,4,有漂浮物
00996.jpg,2,4,有漂浮物,4,有漂浮物,-8.5234375,-5.04296875,-6.3984375,-3.671875,9.4921875,-3.54296875,1.4993791097595022e-08,4.869224881076661e-07,1.2554147588161868e-07,1.9183078165951883e-06,0.9999953508377075,2.182234993597376e-06,4,有漂浮物
01003.jpg,2,4,有漂浮物,4,有漂浮物,-8.21875,-4.4453125,-6.1875,-2.39453125,8.1875,-5.0390625,7.496225862269057e-08,3.2630648547637975e-06,5.714829853786796e-07,2.536697684263345e-05,0.9999688863754272,1.802035626496945e-06,4,有漂浮物
01008.jpg,2,4,有漂浮物,4,有漂浮物,-7.56640625,-4.05078125,-5.88671875,-2.7734375,8.125,-4.09765625,1.5321316482186376e-07,5.153622623765841e-06,8.218169114115881e-07,1.848655301728286e-05,0.999970555305481,4.91762102683424e-06,4,有漂浮物
01010.jpg,2,4,有漂浮物,4,有漂浮物,-6.79296875,-4.44921875,-5.16015625,-2.146484375,7.3671875,-4.1484375,7.084036042215303e-07,7.381735031231074e-06,3.6257863484934205e-06,7.382837065961212e-05,0.9999043941497803,9.972088264476042e-06,4,有漂浮物
01013.jpg,2,4,有漂浮物,4,有漂浮物,-7.6328125,-4.484375,-6.015625,-3.65234375,9.1875,-3.025390625,4.95481202733572e-08,1.1544527751539135e-06,2.4966792011582584e-07,2.6529114620643668e-06,0.9999909400939941,4.965981133864261e-06,4,有漂浮物
01017.jpg,2,4,有漂浮物,4,有漂浮物,-6.9140625,-4.0859375,-5.88671875,-3.828125,9.03125,-3.59375,1.1885983752790708e-07,2.0103618680877844e-06,3.320510870707949e-07,2.6016016363428207e-06,0.9999916553497314,3.2887323868635576e-06,4,有漂浮物
01022.jpg,2,4,有漂浮物,4,有漂浮物,-6.54296875,-3.82421875,-4.8046875,-2.626953125,7.89453125,-4.1171875,5.368513029679889e-07,8.139395504258573e-06,3.05337380268611e-06,2.694995237106923e-05,0.9999552965164185,6.072358701203484e-06,4,有漂浮物
01027.jpg,2,4,有漂浮物,4,有漂浮物,-6.56640625,-4.08984375,-5.234375,-3.53515625,8.46875,-2.88671875,2.953280500150868e-07,3.5144885259796865e-06,1.1189187034688075e-06,6.120118996477686e-06,0.9999772310256958,1.1705034012265969e-05,4,有漂浮物
01031.jpg,2,4,有漂浮物,4,有漂浮物,-7.296875,-4.546875,-5.4765625,-2.34375,8.1015625,-3.76953125,2.0536472788990068e-07,3.212444880773546e-06,1.2678781331487698e-06,2.9083101253490895e-05,0.9999592304229736,6.989269422774669e-06,4,有漂浮物
01035.jpg,2,4,有漂浮物,4,有漂浮物,-7.39453125,-4.94921875,-6.109375,-2.537109375,8.4140625,-4.66796875,1.3627165174057154e-07,1.5717780570412287e-06,4.926537258143071e-07,1.7537069652462378e-05,0.9999781847000122,2.0822676560783293e-06,4,有漂浮物
01040.jpg,2,4,有漂浮物,4,有漂浮物,-7.46484375,-4.16015625,-5.984375,-1.68359375,7.96484375,-3.875,1.9903887960026623e-07,5.421824425866362e-06,8.747769015826634e-07,6.452126399381086e-05,0.9999217987060547,7.210862804640783e-06,4,有漂浮物
01044.jpg,2,4,有漂浮物,4,有漂浮物,-7.19921875,-2.822265625,-5.27734375,-2.451171875,7.65625,-2.83984375,3.5343435911272536e-07,2.8131658837082796e-05,2.4152855075953994e-06,4.077174889971502e-05,0.9999006986618042,2.7641479391604662e-05,4,有漂浮物
01048.jpg,2,4,有漂浮物,4,有漂浮物,-6.7109375,-4.6875,-5.27734375,-3.6015625,8.5703125,-2.767578125,2.3090257172952988e-07,1.74661215623928e-06,9.683460575615754e-07,5.173842055228306e-06,0.9999799728393555,1.1912638910871465e-05,4,有漂浮物
01054.jpg,2,4,有漂浮物,4,有漂浮物,-9.5390625,-6.4296875,-6.20703125,-4.5703125,9.8203125,-3.13671875,3.911370338727238e-09,8.764221348656065e-08,1.0949938911153367e-07,5.626387178381265e-07,0.9999969005584717,2.3595625862071756e-06,4,有漂浮物
01058.jpg,2,4,有漂浮物,4,有漂浮物,-8.5546875,-8.9765625,-6.46484375,-3.904296875,8.859375,-6.04296875,2.7363222798726383e-08,1.7945239960681647e-08,2.211947673913528e-07,2.8629001462832093e-06,0.999996542930603,3.372817616309476e-07,4,有漂浮物
01061.jpg,2,4,有漂浮物,4,有漂浮物,-10.625,-8.625,-6.57421875,-3.884765625,9.78125,-5.6796875,1.3730223624719429e-09,1.014533967946818e-08,7.886958286462686e-08,1.1612459047682933e-06,0.9999985694885254,1.9292990316444047e-07,4,有漂浮物
01063.jpg,2,4,有漂浮物,4,有漂浮物,-9.5546875,-6.65625,-7.23046875,-5.015625,10.0,-3.9375,3.2174114483751737e-09,5.838240824118657e-08,3.287774319460368e-08,3.011593605606322e-07,0.9999988079071045,8.851566235534847e-07,4,有漂浮物
01067.jpg,2,4,有漂浮物,4,有漂浮物,-10.1875,-7.73828125,-6.62109375,-4.17578125,9.5625,-4.45703125,2.646568297848262e-09,3.0645402659956744e-08,9.365989228626859e-08,1.0802875749504892e-06,0.9999979734420776,8.154438546625897e-07,4,有漂浮物
01071.jpg,2,4,有漂浮物,4,有漂浮物,-4.828125,-4.921875,-4.78125,-4.9375,6.4375,-3.234375,1.2804198377125431e-05,1.1658355106192175e-05,1.3418684829957783e-05,1.1477609405119438e-05,0.9998875856399536,6.302447582129389e-05,4,有漂浮物
01076.jpg,2,4,有漂浮物,4,有漂浮物,-5.83984375,-5.47265625,-6.4609375,-4.4453125,7.1796875,-4.96875,2.216564780610497e-06,3.199984803359257e-06,1.191085175378248e-06,8.939590770751238e-06,0.9999792575836182,5.296531981002772e-06,4,有漂浮物
01077.jpg,2,4,有漂浮物,4,有漂浮物,-4.83984375,-7.35546875,-3.51953125,-6.2421875,6.93359375,-3.349609375,7.706003998464439e-06,6.227406288417114e-07,2.8855834898422472e-05,1.8958285181724932e-06,0.9999266862869263,3.420028951950371e-05,4,有漂浮物
01081.jpg,2,4,有漂浮物,4,有漂浮物,-5.890625,-5.52734375,-5.171875,-4.51953125,7.38671875,-3.546875,1.7128086255979724e-06,2.4630876396258827e-06,3.5144551020493964e-06,6.747879069735063e-06,0.9999676942825317,1.7847874914878048e-05,4,有漂浮物
01087.jpg,2,4,有漂浮物,4,有漂浮物,-6.203125,-8.3359375,-1.076171875,-5.5,5.3046875,-8.6015625,1.0033940270659514e-05,1.1890573432538076e-06,0.0016907482640817761,2.026911715802271e-05,0.9982768297195435,9.116819228438544e-07,4,有漂浮物
01088.jpg,2,4,有漂浮物,4,有漂浮物,-5.47265625,-8.375,-1.6044921875,-5.6328125,4.8203125,-8.6796875,3.381337592145428e-05,1.856165340541338e-06,0.0016181203536689281,2.8809354262193665e-05,0.9983160495758057,1.3686504871657235e-06,4,有漂浮物
01093.jpg,2,4,有漂浮物,4,有漂浮物,-3.5546875,-4.390625,-1.7568359375,-4.03515625,4.0703125,-1.5712890625,0.00048446410801261663,0.00020999963453505188,0.00292454706504941,0.00029963781707920134,0.9925605654716492,0.0035207937471568584,4,有漂浮物
01097.jpg,2,4,有漂浮物,4,有漂浮物,-9.0390625,-6.9140625,-1.9267578125,-4.86328125,6.7265625,-6.22265625,1.4223111577393865e-07,1.1908865644727484e-06,0.00017451362509746104,9.257918463845272e-06,0.9998125433921814,2.377630380578921e-06,4,有漂浮物
01098.jpg,2,4,有漂浮物,4,有漂浮物,-6.59375,-6.16015625,-3.001953125,-5.25,5.04296875,-5.51171875,8.83206394064473e-06,1.3626037798530888e-05,0.0003205972316209227,3.3856762456707656e-05,0.9995970129966736,2.606047928566113e-05,4,有漂浮物
01104.jpg,2,4,有漂浮物,4,有漂浮物,-7.046875,-4.18359375,-3.47265625,-5.7890625,6.67578125,-4.85546875,1.0972216841764748e-06,1.922213596117217e-05,3.9134327380452305e-05,3.859716798615409e-06,0.9999269247055054,9.817706086323597e-06,4,有漂浮物
01109.jpg,2,4,有漂浮物,4,有漂浮物,-5.765625,-7.35546875,-2.1171875,-5.61328125,4.94140625,-7.1796875,2.236643194919452e-05,4.56180077890167e-06,0.0008591974037699401,2.6047060600831173e-05,0.9990823268890381,5.43847500011907e-06,4,有漂浮物
01110.jpg,2,4,有漂浮物,4,有漂浮物,-6.80078125,-6.0390625,-1.6962890625,-5.9375,5.53515625,-6.11328125,4.387751687318087e-06,9.398365364177153e-06,0.0007229276234284043,1.0403042324469425e-05,0.999244213104248,8.726085980015341e-06,4,有漂浮物
01112.jpg,2,4,有漂浮物,4,有漂浮物,-7.1015625,-7.28515625,-2.888671875,-6.26953125,6.953125,-6.64453125,7.872302489886351e-07,6.551911155838752e-07,5.317859904607758e-05,1.8090407820636756e-06,0.999942421913147,1.2433342817530502e-06,4,有漂浮物
01116.jpg,2,4,有漂浮物,4,有漂浮物,-6.8203125,-6.05859375,-2.994140625,-5.6875,7.29296875,-6.23046875,7.424418413393141e-07,1.5902767245279392e-06,3.406808900763281e-05,2.304818053744384e-06,0.9999599456787109,1.3391472748480737e-06,4,有漂浮物
01120.jpg,2,4,有漂浮物,4,有漂浮物,-6.27734375,-6.24609375,-4.19921875,-4.328125,6.08203125,-6.62109375,4.289024673198583e-06,4.425173301569885e-06,3.426705370657146e-05,3.0122671887511387e-05,0.999923825263977,3.041373929590918e-06,4,有漂浮物
01123.jpg,2,4,有漂浮物,4,有漂浮物,-6.97265625,-4.34765625,-4.140625,-4.875,6.6484375,-4.90234375,1.2145317214162787e-06,1.6766094631748274e-05,2.0622646843548864e-05,9.894854883896187e-06,0.9999418258666992,9.62795820669271e-06,4,有漂浮物
01128.jpg,2,4,有漂浮物,4,有漂浮物,-7.32421875,-4.14453125,-4.76953125,-4.171875,5.91015625,-4.46875,1.787816245268914e-06,4.297774285078049e-05,2.3004327886155806e-05,4.18184936279431e-05,0.9998593330383301,3.1076862796908244e-05,4,有漂浮物
01134.jpg,2,4,有漂浮物,4,有漂浮物,-5.65234375,-6.171875,-2.38671875,-5.5703125,5.00390625,-6.3359375,2.3536886146757752e-05,1.3999722796143033e-05,0.0006165835075080395,2.5549046767991967e-05,0.9993084669113159,1.188141050079139e-05,4,有漂浮物
01138.jpg,2,4,有漂浮物,4,有漂浮物,-6.14453125,-7.11328125,-2.87890625,-5.66015625,5.27734375,-7.05859375,1.094969229598064e-05,4.156034719926538e-06,0.0002868433657567948,1.7773105355445296e-05,0.9996758699417114,4.389647074276581e-06,4,有漂浮物
01139.jpg,2,4,有漂浮物,4,有漂浮物,-5.796875,-6.7890625,-2.341796875,-5.94921875,5.03125,-6.84765625,1.9820299712591805e-05,7.348668987106066e-06,0.0006275257910601795,1.7019554434227757e-05,0.9993213415145874,6.930454674147768e-06,4,有漂浮物
01143.jpg,2,4,有漂浮物,4,有漂浮物,-5.1171875,-6.6484375,-3.59375,-5.375,5.03515625,-6.265625,3.8974125345703214e-05,8.428746696154121e-06,0.0001788121007848531,3.011687113030348e-05,0.9997312426567078,1.2359939319139812e-05,4,有漂浮物
01150.jpg,2,4,有漂浮物,4,有漂浮物,-6.5546875,-4.62109375,-4.61328125,-4.2265625,6.34765625,-1.306640625,2.490865654181107e-06,1.7222626411239617e-05,1.7357706383336335e-05,2.55530139838811e-05,0.9994636178016663,0.00047374877613037825,4,有漂浮物
01155.jpg,2,4,有漂浮物,4,有漂浮物,-6.7734375,-3.88671875,-4.66015625,-4.0546875,6.4296875,-0.93310546875,1.8435134734318126e-06,3.306224607513286e-05,1.5255719517881516e-05,2.7950167350354604e-05,0.9992879033088684,0.000633972289506346,4,有漂浮物
01160.jpg,2,4,有漂浮物,4,有漂浮物,-7.5234375,-4.1328125,-5.19140625,-3.892578125,6.46875,-0.95166015625,8.374936442123726e-07,2.48605792876333e-05,8.625213013147004e-06,3.1611398298991844e-05,0.9993355870246887,0.0005985055468045175,4,有漂浮物
01165.jpg,2,4,有漂浮物,4,有漂浮物,-5.83984375,-4.0234375,-2.90234375,-4.0390625,5.578125,-0.92578125,1.0975804798363242e-05,6.749809836037457e-05,0.00020709824457298964,6.645164103247225e-05,0.9981531500816345,0.0014948120806366205,4,有漂浮物
01169.jpg,2,4,有漂浮物,4,有漂浮物,-7.73828125,-4.67578125,-4.73046875,-4.73828125,7.79296875,-1.8115234375,1.798165243371841e-07,3.8446469261543825e-06,3.6400383578438777e-06,3.6117114632361336e-06,0.9999212026596069,6.741985998814926e-05,4,有漂浮物
01173.jpg,2,4,有漂浮物,4,有漂浮物,-7.86328125,-4.77734375,-4.42578125,-4.04296875,7.453125,-2.869140625,2.2291811774266534e-07,4.879226707998896e-06,6.934779321454698e-06,1.0169181223318446e-05,0.9999449253082275,3.289069718448445e-05,4,有漂浮物
01178.jpg,2,4,有漂浮物,4,有漂浮物,-5.7421875,-4.76953125,-5.76953125,-4.26171875,7.82421875,-3.08984375,1.2828376156903687e-06,3.3930550671357196e-06,1.248235321327229e-06,5.638077709591016e-06,0.9999701976776123,1.819994031393435e-05,4,有漂浮物
01183.jpg,2,4,有漂浮物,4,有漂浮物,-4.98828125,-5.921875,-4.9140625,-2.705078125,7.1640625,-3.6953125,5.27554948348552e-06,2.074020585496328e-06,5.681990387529368e-06,5.1742834330070764e-05,0.9999160766601562,1.9221926777390763e-05,4,有漂浮物
01187.jpg,2,4,有漂浮物,4,有漂浮物,-3.435546875,-3.61328125,-5.6015625,-4.07421875,7.4375,-2.880859375,1.8960989109473303e-05,1.5873472875682637e-05,2.1735636437369976e-06,1.0011272934207227e-05,0.9999200105667114,3.301860488136299e-05,4,有漂浮物
01191.jpg,2,4,有漂浮物,4,有漂浮物,-3.85546875,-4.3984375,-4.87890625,-3.77734375,6.83984375,-4.26953125,2.26489755732473e-05,1.3159526133676991e-05,8.139079909597058e-06,2.44893799390411e-05,0.9999165534973145,1.4970058145991061e-05,4,有漂浮物
01195.jpg,2,4,有漂浮物,4,有漂浮物,-4.05078125,-4.21875,-5.88671875,-3.130859375,7.265625,-3.63671875,1.2170695299573708e-05,1.0288865269103553e-05,1.940786887644208e-06,3.0537423299392685e-05,0.9999266862869263,1.841367338784039e-05,4,有漂浮物
01201.jpg,2,4,有漂浮物,4,有漂浮物,-3.2421875,-3.45703125,-3.525390625,-3.43359375,7.18359375,-3.3125,2.9654127501999028e-05,2.3921018510009162e-05,2.2340431314660236e-05,2.4488288545398973e-05,0.9998719692230225,2.7640684493235312e-05,4,有漂浮物
01205.jpg,2,4,有漂浮物,4,有漂浮物,-3.978515625,-3.201171875,-4.9921875,-3.626953125,7.34765625,-2.857421875,1.2052137208229396e-05,2.6221658117719926e-05,4.373528554424411e-06,1.7129539628513157e-05,0.9999033212661743,3.697846477734856e-05,4,有漂浮物
01209.jpg,2,4,有漂浮物,4,有漂浮物,-7.01171875,-6.171875,-9.0703125,-1.2119140625,7.45703125,-5.33984375,5.202655870562012e-07,1.2049376891809516e-06,6.640322425255363e-08,0.0001718099374556914,0.9998236298561096,2.768925241980469e-06,4,有漂浮物
01210.jpg,2,4,有漂浮物,4,有漂浮物,-6.015625,-6.73828125,-8.8203125,-0.91845703125,6.51953125,-6.0703125,3.5957657473772997e-06,1.7456042087360402e-06,2.1763618462955492e-07,0.0005881164106540382,0.9994028806686401,3.404402605156065e-06,4,有漂浮物
01211.jpg,2,4,有漂浮物,4,有漂浮物,-5.640625,-6.7734375,-8.40625,-1.3974609375,6.609375,-5.41015625,4.783462827617768e-06,1.5408778608616558e-06,3.010556213212112e-07,0.00033306205295957625,0.9996542930603027,6.02328918830608e-06,4,有漂浮物
01215.jpg,2,4,有漂浮物,4,有漂浮物,-7.609375,-7.02734375,-7.69921875,-3.89453125,7.7890625,-5.75,2.0537093803341122e-07,3.6754622101398127e-07,1.8772423970858654e-07,8.430924026470166e-06,0.9999895095825195,1.318424665441853e-06,4,有漂浮物
01216.jpg,2,4,有漂浮物,4,有漂浮物,-7.875,-6.609375,-7.7578125,-3.322265625,7.60546875,-5.25390625,1.891944663157119e-07,6.707526267746289e-07,2.127170546373236e-07,1.7952950656763278e-05,0.9999783039093018,2.601566848170478e-06,4,有漂浮物
01219.jpg,2,4,有漂浮物,4,有漂浮物,-5.91015625,-4.625,-8.140625,-2.671875,6.578125,-4.08203125,3.770063585761818e-06,1.3629657587443944e-05,4.051990174502862e-07,9.60984398261644e-05,0.999862551689148,2.3458122086594813e-05,4,有漂浮物
01223.jpg,2,4,有漂浮物,4,有漂浮物,-5.109375,-6.984375,-2.75390625,-5.8828125,5.48828125,-5.484375,2.496646629879251e-05,3.828731678368058e-06,0.0002632231917232275,1.152013192040613e-05,0.9996793270111084,1.7159185517812148e-05,4,有漂浮物
01230.jpg,2,4,有漂浮物,4,有漂浮物,-4.546875,-4.76171875,-2.1484375,-5.21484375,4.4140625,-2.98828125,0.00012802888522855937,0.00010327673953725025,0.001409081625752151,6.564669456565753e-05,0.9976855516433716,0.0006084103952161968,4,有漂浮物
01235.jpg,2,4,有漂浮物,4,有漂浮物,-6.16015625,-7.515625,-2.365234375,-5.640625,5.2421875,-6.00390625,1.1163218914589379e-05,2.8781726086890558e-06,0.0004964814870618284,1.8768043446470983e-05,0.9994576573371887,1.3051124369667377e-05,4,有漂浮物
01241.jpg,2,4,有漂浮物,4,有漂浮物,-4.5078125,-7.3046875,-2.474609375,-5.1953125,4.421875,-5.65234375,0.0001322327007073909,8.06624666438438e-06,0.001010061358101666,6.649077840847895e-05,0.9987409710884094,4.2099338315892965e-05,4,有漂浮物
02044.jpg,2,3,乱占,4,有漂浮物,-5.640625,-1.2451171875,-4.546875,0.66748046875,3.322265625,-3.80078125,0.00011836747580673546,0.00959792174398899,0.0003533800190780312,0.06498420983552933,0.9242008328437805,0.0007451889687217772,4,有漂浮物
02045.jpg,2,3,乱占,3,乱占,-1.263671875,-5.88671875,-0.393798828125,1.94921875,-0.62548828125,-6.66015625,0.033173199743032455,0.0003258544020354748,0.07917141169309616,0.8243810534477234,0.0627981647849083,0.0001503570965724066,3,乱占
02047.jpg,2,3,乱占,3,乱占,0.048736572265625,-6.0859375,-3.3515625,5.66796875,-2.490234375,-5.20703125,0.00361275183968246,7.826778528396972e-06,0.0001205332882818766,0.9959548711776733,0.000285218091448769,1.88489502761513e-05,3,乱占
02050.jpg,2,3,乱占,3,乱占,-3.291015625,-4.3671875,-0.80810546875,5.0390625,-1.4228515625,-4.3515625,0.00023998768301680684,8.181132579920813e-05,0.002874108264222741,0.9951668977737427,0.0015542551409453154,8.309966506203637e-05,3,乱占
02057.jpg,2,0,乱采,0,乱采,4.54296875,-4.453125,-0.20263671875,-1.400390625,-2.126953125,-4.8984375,0.9873766899108887,0.00012232888548169285,0.008580105379223824,0.0025900891050696373,0.0012524852063506842,7.836682198103517e-05,0,乱采
02061.jpg,2,2,乱堆,2,乱堆,-0.9765625,-4.4375,0.9453125,-4.06640625,0.260498046875,-4.671875,0.08786591142416,0.002759016817435622,0.6004545092582703,0.003998695407062769,0.3027394115924835,0.002182561904191971,2,乱堆
02065.jpg,2,0,乱采,0,乱采,4.21484375,-5.421875,-3.3046875,-0.062225341796875,-0.88818359375,-6.80078125,0.9798293113708496,6.397004472091794e-05,0.0005314464215189219,0.01360325701534748,0.005955713801085949,1.6111103832372464e-05,0,乱采
02069.jpg,2,0,乱采,0,乱采,5.796875,-3.970703125,-1.80078125,1.7099609375,-2.494140625,-5.5703125,0.9826925992965698,5.6287557526957244e-05,0.0004929439164698124,0.016500361263751984,0.00024641965865157545,1.1368701962055638e-05,0,乱采
02073.jpg,2,3,乱占,3,乱占,-3.328125,-2.6875,-0.52685546875,1.1982421875,-0.9140625,-1.173828125,0.007599563337862492,0.014421436004340649,0.12513089179992676,0.7023683190345764,0.08495768159627914,0.06552211195230484,3,乱占
02077.jpg,2,3,乱占,3,乱占,-5.953125,-4.49609375,-4.9375,2.95703125,1.4921875,-4.0390625,0.00010948737326543778,0.0004700506688095629,0.0003023043100256473,0.8109530806541443,0.18742269277572632,0.0007423877832479775,3,乱占
02081.jpg,2,3,乱占,3,乱占,-4.9921875,-4.32421875,-4.328125,4.5703125,-0.037628173828125,-4.140625,6.958743324503303e-05,0.00013571440649684519,0.000135185313411057,0.9896275997161865,0.009868896566331387,0.00016306461475323886,3,乱占
02083.jpg,2,3,乱占,3,乱占,-3.048828125,-2.646484375,-0.4013671875,4.2734375,-2.3984375,-4.67578125,0.0006525900098495185,0.0009758343803696334,0.009213360957801342,0.987779438495636,0.0012505511986091733,0.00012825186422560364,3,乱占
02088.jpg,2,3,乱占,3,乱占,-3.869140625,-2.359375,-3.029296875,2.509765625,0.5263671875,-0.38916015625,0.001407124218530953,0.006368179805576801,0.0032589067704975605,0.8291941285133362,0.11409778147935867,0.04567396640777588,3,乱占
02092.jpg,2,0,乱采,0,乱采,2.67578125,-3.73828125,-0.703125,-0.07403564453125,-1.462890625,-3.591796875,0.8948517441749573,0.0014660849701613188,0.03050076588988304,0.05721643567085266,0.014267528429627419,0.0016973698511719704,0,乱采
02096.jpg,2,0,乱采,0,乱采,5.16015625,-7.29296875,-0.57568359375,-0.10833740234375,-1.6796875,-4.7109375,0.990584135055542,3.86872534363647e-06,0.0031977740582078695,0.005102859809994698,0.001060193171724677,5.115991734783165e-05,0,乱采
02102.jpg,2,2,乱堆,2,乱堆,-3.587890625,-4.546875,6.84375,-2.546875,-0.7080078125,-4.23046875,2.9465059924405068e-05,1.1293425814073998e-05,0.9993354678153992,8.344775415025651e-05,0.0005248371162451804,1.5496700143557973e-05,2,乱堆
02106.jpg,2,2,乱堆,2,乱堆,-0.77685546875,-3.380859375,7.890625,-3.47265625,-2.330078125,-3.537109375,0.00017205024778377265,1.2727725334116258e-05,0.9997565150260925,1.1611381523835007e-05,3.6399822420207784e-05,1.088659973902395e-05,2,乱堆
02111.jpg,2,5,正常,2,乱堆,-2.556640625,-6.33984375,5.5546875,-2.169921875,-0.97119140625,-3.72265625,0.00029942914261482656,6.811924777139211e-06,0.9976980090141296,0.00044080233783461154,0.0014616585103794932,9.33039264054969e-05,2,乱堆
02112.jpg,2,3,乱占,3,乱占,-1.880859375,-5.171875,-3.7890625,5.78125,-1.8271484375,-6.6484375,0.0004698172851931304,1.7484737327322364e-05,6.969585228944197e-05,0.9989432692527771,0.0004957416094839573,3.99389000449446e-06,3,乱占
02116.jpg,2,3,乱占,3,乱占,-1.482421875,-6.4765625,-2.62890625,6.2734375,-2.49609375,-6.2265625,0.0004279152490198612,2.900213758039172e-06,0.00013597086945082992,0.9992741942405701,0.00015528361836913973,3.723948339029448e-06,3,乱占
02121.jpg,2,3,乱占,3,乱占,-1.1953125,-5.8828125,-3.380859375,6.8671875,-3.8203125,-4.96875,0.00031501715420745313,2.901207608374534e-06,3.5413046134635806e-05,0.9996166229248047,2.281976594531443e-05,7.236876172100892e-06,3,乱占
02125.jpg,2,0,乱采,0,乱采,6.19140625,-3.7421875,0.9169921875,-4.18359375,-2.099609375,-2.234375,0.9943612813949585,4.8243549827020615e-05,0.005092080682516098,3.102694245171733e-05,0.00024934569955803454,0.0002179083676310256,0,乱采
02131.jpg,2,3,乱占,3,乱占,-3.73046875,-3.001953125,-3.671875,6.3125,-1.841796875,-1.001953125,4.3441243178676814e-05,9.00103768799454e-05,4.606267611961812e-05,0.9988681077957153,0.00028717194800265133,0.0006650916766375303,3,乱占
02136.jpg,2,3,乱占,3,乱占,-4.46875,-0.2418212890625,-2.16015625,2.5859375,0.88720703125,-2.34375,0.0006858326378278434,0.0469839945435524,0.006899659987539053,0.7943831086158752,0.1453050673007965,0.005742406472563744,3,乱占
02140.jpg,2,2,乱堆,2,乱堆,-3.099609375,-4.09765625,6.4140625,-6.5703125,1.650390625,-2.375,7.319208089029416e-05,2.6978501409757882e-05,0.9912866950035095,2.2759193143429e-06,0.008459853939712048,0.00015106293722055852,2,乱堆
02144.jpg,2,3,乱占,3,乱占,-3.005859375,-4.62890625,-0.1905517578125,4.36328125,-1.029296875,-2.90625,0.0006201595533639193,0.00012235539907123893,0.010355617851018906,0.983740508556366,0.004476242698729038,0.0006851146463304758,3,乱占
02148.jpg,2,3,乱占,3,乱占,-2.587890625,-4.27734375,-0.92236328125,4.95703125,-1.80859375,-2.63671875,0.0005261164042167366,9.713184408610687e-05,0.0027823459822684526,0.9949465394020081,0.0011469015153124928,0.0005010442109778523,3,乱占
02487.jpg,2,1,乱建,4,有漂浮物,-4.0390625,-2.05078125,-4.53125,-1.2197265625,3.12890625,-2.1640625,0.0007522146916016936,0.005493402015417814,0.0004598195955622941,0.012611416168510914,0.9757781028747559,0.004905055742710829,4,有漂浮物
02488.jpg,2,1,乱建,4,有漂浮物,-6.921875,-0.446044921875,-3.076171875,-3.056640625,4.58203125,-3.958984375,1.0013393875851762e-05,0.006501275114715099,0.00046854245010763407,0.000477783614769578,0.9923486709594727,0.00019379756122361869,4,有漂浮物
00005.jpg,3,4,有漂浮物,4,有漂浮物,-6.140625,-5.09375,-3.197265625,-3.572265625,7.65234375,-2.052734375,1.0226980293737142e-06,2.9133952921256423e-06,1.9410294044064358e-05,1.3340487384994049e-05,0.9999023675918579,6.0967126046307385e-05,4,有漂浮物
00010.jpg,3,4,有漂浮物,4,有漂浮物,-5.90625,-4.18359375,-4.40625,-4.578125,8.25,-2.91796875,7.112266189324146e-07,3.9824299165047705e-06,3.1874967589828884e-06,2.68414146376017e-06,0.999975323677063,1.4118939361651428e-05,4,有漂浮物
00013.jpg,3,4,有漂浮物,4,有漂浮物,-6.40625,-4.62890625,-4.49609375,-4.76953125,8.859375,-3.267578125,2.3454116160337435e-07,1.3871059536540997e-06,1.5841247886783094e-06,1.205138460136368e-06,0.9999902248382568,5.411615347838961e-06,4,有漂浮物
00016.jpg,3,4,有漂浮物,4,有漂浮物,-3.408203125,-3.052734375,-3.123046875,-3.576171875,6.4765625,-1.8388671875,5.092050923849456e-05,7.265590102178976e-05,6.77227508276701e-05,4.304719914216548e-05,0.999521017074585,0.0002445945283398032,4,有漂浮物
00020.jpg,3,4,有漂浮物,3,乱占,-2.2734375,-2.1171875,-0.2724609375,1.2197265625,0.58740234375,-1.0703125,0.015807291492819786,0.01848059520125389,0.11691508442163467,0.5198994278907776,0.27625134587287903,0.052646320313215256,3,乱占
00024.jpg,3,4,有漂浮物,4,有漂浮物,-7.9375,-5.78515625,-4.328125,-3.904296875,6.1640625,-1.052734375,7.506145038860268e-07,6.459039468609262e-06,2.772991865640506e-05,4.2365740227978677e-05,0.9991891980171204,0.0007335550035350025,4,有漂浮物
00029.jpg,3,4,有漂浮物,4,有漂浮物,-4.72265625,-3.080078125,-4.9765625,-2.04296875,5.24609375,-2.30078125,4.676924436353147e-05,0.00024172576377168298,3.628191552706994e-05,0.0006819206173531711,0.9984663724899292,0.0005269474349915981,4,有漂浮物
00030.jpg,3,4,有漂浮物,4,有漂浮物,-6.62109375,-1.9951171875,-3.828125,-1.888671875,5.0859375,-0.60595703125,8.192352652258705e-06,0.0008364591631107032,0.00013377642608247697,0.0009304078994318843,0.9947357773780823,0.003355439053848386,4,有漂浮物
00034.jpg,3,4,有漂浮物,4,有漂浮物,-5.23046875,-3.41796875,-4.79296875,-3.8515625,7.87109375,-2.138671875,2.0418929125298746e-06,1.2508109648479149e-05,3.1625454539607745e-06,8.107451321848202e-06,0.9999291896820068,4.4955544581171125e-05,4,有漂浮物
00038.jpg,3,4,有漂浮物,4,有漂浮物,-6.22265625,-2.99609375,-4.8125,-2.2421875,6.53125,-1.677734375,2.889518555093673e-06,7.279537385329604e-05,1.1837188139907084e-05,0.00015471097140107304,0.9994857311248779,0.0002720570482779294,4,有漂浮物
00042.jpg,3,4,有漂浮物,4,有漂浮物,-5.875,-3.728515625,-4.16015625,-2.23046875,5.16015625,-0.7734375,1.60683393914951e-05,0.00013746030163019896,8.92725947778672e-05,0.0006148522370494902,0.9965026378631592,0.0026396808680146933,4,有漂浮物
00047.jpg,3,4,有漂浮物,4,有漂浮物,-3.2578125,-3.96484375,-3.6015625,-3.1015625,5.73046875,-2.45703125,0.00012477728887461126,6.152842979645357e-05,8.848035213304684e-05,0.00014587942860089242,0.9993014335632324,0.00027791401953436434,4,有漂浮物
00051.jpg,3,4,有漂浮物,4,有漂浮物,-5.40625,-4.4375,-5.94140625,-5.12109375,8.9609375,-2.5234375,5.759753776146681e-07,1.5174929330896703e-06,3.3727837944752537e-07,7.660298138034705e-07,0.9999865293502808,1.0289480997016653e-05,4,有漂浮物
00055.jpg,3,4,有漂浮物,4,有漂浮物,-2.94140625,-3.84765625,-1.36328125,-3.90625,5.61328125,-0.833984375,0.00019209017045795918,7.761144661344588e-05,0.0009308423614129424,7.319456926779822e-05,0.99714595079422,0.001580326585099101,4,有漂浮物
00059.jpg,3,4,有漂浮物,4,有漂浮物,-4.9921875,-2.51171875,-3.671875,-5.30859375,8.0234375,-2.677734375,2.2251497284742072e-06,2.6583560611470602e-05,8.332277502631769e-06,1.6216076801356394e-06,0.9999387264251709,2.2517151592182927e-05,4,有漂浮物
00060.jpg,3,4,有漂浮物,4,有漂浮物,-6.71484375,-6.46484375,-4.890625,-6.3125,8.828125,-2.255859375,1.7773255933661858e-07,2.2821311063125904e-07,1.1015777090506162e-06,2.657679658568668e-07,0.9999828338623047,1.535604133096058e-05,4,有漂浮物
00065.jpg,3,4,有漂浮物,4,有漂浮物,-4.8046875,-5.4375,-4.6328125,-4.4453125,6.359375,-2.6484375,1.4171980183164123e-05,7.526681656599976e-06,1.6829642845550552e-05,2.030042560363654e-05,0.999818742275238,0.00012242722732480615,4,有漂浮物
00070.jpg,3,4,有漂浮物,4,有漂浮物,-6.34375,-4.140625,-2.708984375,-4.08984375,6.3515625,1.1943359375,3.0473786409856984e-06,2.7588710509007797e-05,0.00011547422036528587,2.9025883122812957e-05,0.9941011071205139,0.005723682232201099,4,有漂浮物
00076.jpg,3,4,有漂浮物,4,有漂浮物,-7.24609375,-5.0546875,-4.8515625,-4.03125,8.65625,-1.2177734375,1.2407234351030638e-07,1.110173002416559e-06,1.360212309009512e-06,3.089327265115571e-06,0.9999427795410156,5.1492177590262145e-05,4,有漂浮物
00080.jpg,3,4,有漂浮物,4,有漂浮物,-5.9765625,-4.7734375,-3.458984375,-3.51171875,6.7734375,-1.0380859375,2.9009052013861947e-06,9.661489457357675e-06,3.59669684257824e-05,3.4119417250622064e-05,0.9995124340057373,0.0004048430419061333,4,有漂浮物
00085.jpg,3,4,有漂浮物,4,有漂浮物,-4.23046875,-2.76953125,-2.845703125,-1.134765625,3.19921875,-1.2724609375,0.0005760543863289058,0.002482793526723981,0.0023006978444755077,0.012732400558888912,0.9708134531974792,0.01109455805271864,4,有漂浮物
00089.jpg,3,4,有漂浮物,4,有漂浮物,-5.3828125,-3.48046875,-2.900390625,-4.8671875,7.234375,-0.541015625,3.3129279017884983e-06,2.2201862520887516e-05,3.965647556469776e-05,5.548110493691638e-06,0.9995094537734985,0.0004197373928036541,4,有漂浮物
00093.jpg,3,4,有漂浮物,4,有漂浮物,-7.3984375,-7.56640625,-4.78125,-5.1015625,7.03515625,-2.052734375,5.389082389228861e-07,4.555824091312388e-07,7.381505383818876e-06,5.358398539101472e-06,0.9998732805252075,0.00011301191261736676,4,有漂浮物
00099.jpg,3,4,有漂浮物,4,有漂浮物,-6.04296875,-3.501953125,-5.08203125,-3.880859375,7.9765625,-1.1279296875,8.153381827469275e-07,1.034872457239544e-05,2.1314131117833313e-06,7.084838216542266e-06,0.9998683929443359,0.00011115067900391296,4,有漂浮物
00103.jpg,3,4,有漂浮物,4,有漂浮物,-5.58203125,-1.44140625,-2.998046875,-2.654296875,4.05859375,-0.419921875,6.390894850483164e-05,0.004016171675175428,0.0008467824663966894,0.0011941546108573675,0.9827248454093933,0.011154172010719776,4,有漂浮物
00107.jpg,3,4,有漂浮物,4,有漂浮物,-7.765625,-3.3671875,-3.330078125,0.52099609375,4.94140625,-1.3310546875,2.9866739623685135e-06,0.0002428873849567026,0.0002520701091270894,0.011858277954161167,0.9857831001281738,0.001860742224380374,4,有漂浮物
00110.jpg,3,4,有漂浮物,4,有漂浮物,-4.828125,-3.15625,-2.708984375,-4.8359375,7.265625,-1.7421875,5.593195055553224e-06,2.9767752494080923e-05,4.6557648602174595e-05,5.549668458115775e-06,0.9997901320457458,0.00012242372031323612,4,有漂浮物
00111.jpg,3,4,有漂浮物,4,有漂浮物,-4.421875,-3.66796875,-2.55078125,-6.79296875,8.265625,-2.24609375,3.089327265115571e-06,6.565703188243788e-06,2.0066407159902155e-05,2.8847685484834074e-07,0.9999427795410156,2.7214082365389913e-05,4,有漂浮物
00114.jpg,3,5,正常,4,有漂浮物,-5.171875,-1.283203125,-1.9541015625,1.6611328125,3.515625,0.043731689453125,0.00014054295024834573,0.006864956580102444,0.003509702393785119,0.1304207295179367,0.8331868052482605,0.02587725967168808,4,有漂浮物
00119.jpg,3,4,有漂浮物,4,有漂浮物,-3.2578125,-0.9140625,-4.78125,-2.00390625,5.1484375,-1.9921875,0.00022253695351537317,0.0023188882041722536,4.850445839110762e-05,0.0007797703146934509,0.9958413243293762,0.0007889620610512793,4,有漂浮物
00123.jpg,3,4,有漂浮物,4,有漂浮物,-6.203125,-3.029296875,0.006938934326171875,-1.4873046875,5.40625,-0.83935546875,9.01117982721189e-06,0.00021535636915359646,0.004485162440687418,0.0010065524838864803,0.9923598170280457,0.0019241422414779663,4,有漂浮物
00129.jpg,3,4,有漂浮物,4,有漂浮物,-6.28125,-4.53125,-3.4453125,-4.6328125,7.359375,-2.189453125,1.1909837667190004e-06,6.8536382968886755e-06,2.0301955373724923e-05,6.191746706463164e-06,0.9998941421508789,7.12772089173086e-05,4,有漂浮物
00135.jpg,3,4,有漂浮物,4,有漂浮物,-5.2734375,-3.978515625,-2.5390625,-3.943359375,6.94140625,-1.0283203125,4.95403810418793e-06,1.8085758711094968e-05,7.629275205545127e-05,1.8732895114226267e-05,0.9995362758636475,0.0003456131962593645,4,有漂浮物
00140.jpg,3,4,有漂浮物,4,有漂浮物,-3.09765625,-3.91796875,-4.48828125,-4.421875,5.94140625,-3.171875,0.00011864144471473992,5.223712287261151e-05,2.9532189728342928e-05,3.155989179504104e-05,0.9996578693389893,0.00011015485506504774,4,有漂浮物
00145.jpg,3,4,有漂浮物,4,有漂浮物,-8.09375,-4.58203125,-4.39453125,-3.1328125,7.4453125,-1.0576171875,1.7838810606463085e-07,5.977037289994769e-06,7.209683644759934e-06,2.5460896722506732e-05,0.9997583031654358,0.00020282409968785942,4,有漂浮物
00149.jpg,3,4,有漂浮物,4,有漂浮物,-6.87890625,-6.578125,-5.26171875,-5.63671875,8.5390625,-2.173828125,2.0139590617418435e-07,2.720685188251082e-07,1.014813506117207e-06,6.974704547246802e-07,0.9999755620956421,2.225564094260335e-05,4,有漂浮物
00150.jpg,3,4,有漂浮物,4,有漂浮物,-7.08984375,-1.9365234375,-5.15625,-1.390625,5.8203125,-1.0615234375,2.467349759172066e-06,0.0004268637567292899,1.706003058643546e-05,0.000736834539566189,0.9977927207946777,0.001023993012495339,4,有漂浮物
00154.jpg,3,4,有漂浮物,4,有漂浮物,-8.234375,-0.67578125,-4.30078125,-4.4375,6.96875,-0.96142578125,2.494550130904827e-07,0.0004782420874107629,1.2744720152113587e-05,1.111614255933091e-05,0.9991381168365479,0.00035941312671639025,4,有漂浮物
00161.jpg,3,4,有漂浮物,4,有漂浮物,-6.5,-5.5546875,-4.23828125,-3.94140625,5.46484375,-0.8896484375,6.351961474138079e-06,1.6347519704140723e-05,6.097612276789732e-05,8.205234917113557e-05,0.9980986714363098,0.0017356117023155093,4,有漂浮物
00166.jpg,3,4,有漂浮物,4,有漂浮物,-5.48046875,-4.15625,-4.34375,-3.931640625,6.65625,-1.4599609375,5.357116151571972e-06,2.0138724721618928e-05,1.6695588783477433e-05,2.521033093216829e-05,0.9996340274810791,0.00029854883905500174,4,有漂浮物
00171.jpg,3,4,有漂浮物,4,有漂浮物,-5.64453125,-4.9296875,-4.57421875,-3.955078125,7.50390625,-2.484375,1.9483932192088105e-06,3.982257112511434e-06,5.682080427504843e-06,1.0553505489951931e-05,0.9999319314956665,4.593196354107931e-05,4,有漂浮物
00176.jpg,3,4,有漂浮物,4,有漂浮物,-5.75390625,-3.23828125,-2.93359375,-6.08984375,8.3515625,-0.7880859375,7.481972374989709e-07,9.258446880267002e-06,1.2556316505651921e-05,5.347124556465133e-07,0.9998695850372314,0.00010731105430750176,4,有漂浮物
00181.jpg,3,4,有漂浮物,4,有漂浮物,-5.6875,-4.51171875,-3.75,-3.2265625,6.87890625,-0.9169921875,3.4855056583182886e-06,1.1295386684651021e-05,2.4194207071559504e-05,4.0835453546606004e-05,0.9995089769363403,0.00041121698450297117,4,有漂浮物
00185.jpg,3,4,有漂浮物,4,有漂浮物,-7.25390625,-4.32421875,-5.546875,-3.990234375,9.234375,-0.9541015625,6.905776928078922e-08,1.2928843489135033e-06,3.806859183441702e-07,1.8055405917039025e-06,0.999958872795105,3.759958053706214e-05,4,有漂浮物
00190.jpg,3,4,有漂浮物,4,有漂浮物,-5.671875,-4.375,-5.5625,-3.044921875,7.19921875,-1.9638671875,2.5709143756103003e-06,9.404014235769864e-06,2.868062210836797e-06,3.555976218194701e-05,0.9998447895050049,0.00010482260404387489,4,有漂浮物
00194.jpg,3,4,有漂浮物,4,有漂浮物,-5.31640625,-3.03125,-3.15234375,-2.837890625,6.453125,-0.63818359375,7.728417585894931e-06,7.594887574668974e-05,6.72869646223262e-05,9.215018508257344e-05,0.9989253878593445,0.0008314130827784538,4,有漂浮物
00198.jpg,3,4,有漂浮物,4,有漂浮物,-7.4921875,-2.416015625,-3.94921875,-2.1640625,7.765625,-0.447021484375,2.3629644374523195e-07,3.784518412430771e-05,8.168625754478853e-06,4.8689184040995315e-05,0.9996339082717896,0.0002711027627810836,4,有漂浮物
00199.jpg,3,4,有漂浮物,4,有漂浮物,-5.375,-4.453125,-3.658203125,-2.310546875,4.22265625,-2.607421875,6.7674380261451e-05,0.0001701333821984008,0.0003767208836507052,0.0014497708762064576,0.9968583583831787,0.0010773782851174474,4,有漂浮物
00203.jpg,3,4,有漂浮物,4,有漂浮物,-3.416015625,-2.66796875,-2.091796875,-3.259765625,4.125,-2.5625,0.000527946453075856,0.001115481834858656,0.0019846814684569836,0.0006172319408506155,0.994515061378479,0.0012395584490150213,4,有漂浮物
00206.jpg,3,4,有漂浮物,4,有漂浮物,-2.82421875,-1.037109375,-1.7880859375,-4.25390625,4.171875,-1.52734375,0.0009041219600476325,0.0053995647467672825,0.0025480841286480427,0.0002164320758311078,0.9876246452331543,0.003307140665128827,4,有漂浮物
00210.jpg,3,4,有漂浮物,4,有漂浮物,-3.703125,-2.341796875,-3.7578125,-4.69921875,6.42578125,-2.359375,3.9893100620247424e-05,0.00015563779743388295,3.7770030758110806e-05,1.4733291209267918e-05,0.9995991587638855,0.00015292588796000928,4,有漂浮物
00215.jpg,3,4,有漂浮物,4,有漂浮物,-3.166015625,-3.732421875,-4.0078125,-3.3125,3.720703125,-0.53955078125,0.0010041468776762486,0.0005699151079170406,0.0004327225324232131,0.0008673210395500064,0.9832437634468079,0.013882140628993511,4,有漂浮物
00221.jpg,3,4,有漂浮物,4,有漂浮物,-5.54296875,-3.490234375,-4.0703125,-3.154296875,5.90625,-3.40625,1.0654105608409736e-05,8.298664033645764e-05,4.646045636036433e-05,0.00011611919035203755,0.9996535778045654,9.025725739775226e-05,4,有漂浮物
00222.jpg,3,4,有漂浮物,4,有漂浮物,-5.95703125,-2.2734375,-4.765625,-2.71875,6.71484375,-2.0234375,3.1369688713311916e-06,0.00012481724843382835,1.0325981747882906e-05,7.996094063855708e-05,0.9996215105056763,0.0001602685370016843,4,有漂浮物
00226.jpg,3,4,有漂浮物,4,有漂浮物,-5.7265625,-2.359375,-2.177734375,-3.58203125,6.53125,-0.7041015625,4.742810688185273e-06,0.00013752661470789462,0.00016491959104314446,4.049429844599217e-05,0.998932421207428,0.0007198845851235092,4,有漂浮物
00230.jpg,3,4,有漂浮物,4,有漂浮物,-4.87109375,-3.75,-2.484375,-5.01953125,7.1484375,-1.3076171875,6.023518380970927e-06,1.848140891524963e-05,6.55222829664126e-05,5.192598109715618e-06,0.9996923208236694,0.0002125438186340034,4,有漂浮物
00443.jpg,3,4,有漂浮物,4,有漂浮物,-6.2890625,-7.78515625,-3.841796875,-3.3359375,6.48046875,-3.158203125,2.845740027623833e-06,6.3745562783879e-07,3.288737207185477e-05,5.4540749260922894e-05,0.9998438358306885,6.514936103485525e-05,4,有漂浮物
00445.jpg,3,4,有漂浮物,4,有漂浮物,-6.23046875,-8.578125,-3.923828125,-3.146484375,6.08203125,-3.07421875,4.4940611587662715e-06,4.2960056134688784e-07,4.5123240852262825e-05,9.817397221922874e-05,0.9997462630271912,0.00010553121683187783,4,有漂浮物
00455.jpg,3,4,有漂浮物,4,有漂浮物,-5.69921875,-7.3203125,-5.3828125,-2.865234375,7.6171875,-4.09765625,1.6471784647364984e-06,3.256181457800267e-07,2.2602378066949314e-06,2.8023632694385014e-05,0.9999594688415527,8.171286026481539e-06,4,有漂浮物
00465.jpg,3,4,有漂浮物,4,有漂浮物,-6.25390625,-9.3984375,-6.03515625,-3.6875,7.9765625,-4.48046875,6.603586371056736e-07,2.84529484417817e-08,8.21829587493994e-07,8.597177838964853e-06,0.999985933303833,3.890218522428768e-06,4,有漂浮物
00466.jpg,3,4,有漂浮物,4,有漂浮物,-6.37890625,-9.59375,-6.3515625,-3.0234375,7.44140625,-4.43359375,9.951721722245566e-07,3.99677162477019e-08,1.022759420266084e-06,2.8520675186882727e-05,0.9999624490737915,6.962043244129745e-06,4,有漂浮物
00467.jpg,3,4,有漂浮物,4,有漂浮物,-6.1171875,-8.953125,-6.9765625,-2.75,7.33203125,-3.978515625,1.442294887965545e-06,8.461007894311479e-08,6.107060812610143e-07,4.182202246738598e-05,0.999943733215332,1.2242425327713136e-05,4,有漂浮物
00468.jpg,3,4,有漂浮物,4,有漂浮物,-7.34375,-9.0859375,-6.3828125,-2.615234375,7.30078125,-4.296875,4.3645022174132464e-07,7.64385248430699e-08,1.1409447324695066e-06,4.93745319545269e-05,0.9999397993087769,9.187043360725511e-06,4,有漂浮物
00472.jpg,3,4,有漂浮物,4,有漂浮物,-6.02734375,-7.734375,-5.74609375,-3.662109375,7.38671875,-3.36328125,1.4939250831957906e-06,2.710033015773661e-07,1.9791291379078757e-06,1.5905123291304335e-05,0.999958872795105,2.14445262827212e-05,4,有漂浮物
00473.jpg,3,4,有漂浮物,4,有漂浮物,-6.33203125,-7.83984375,-5.03515625,-3.677734375,7.34765625,-3.05078125,1.1454193327153916e-06,2.5358866651004064e-07,4.189769697404699e-06,1.628212157811504e-05,0.9999476671218872,3.0478475309791975e-05,4,有漂浮物
00481.jpg,3,4,有漂浮物,4,有漂浮物,-3.931640625,-9.203125,-3.583984375,-4.109375,4.94921875,-3.8828125,0.00013894139556214213,7.136004569474608e-07,0.00019670567417051643,0.00011631685629254207,0.999401330947876,0.00014589400961995125,4,有漂浮物
00488.jpg,3,4,有漂浮物,4,有漂浮物,-5.19140625,-6.55078125,-3.671875,-3.38671875,6.46484375,-3.720703125,8.663509106554557e-06,2.2249728317547124e-06,3.959294917876832e-05,5.265742584015243e-05,0.9998592138290405,3.770614057430066e-05,4,有漂浮物
00492.jpg,3,4,有漂浮物,4,有漂浮物,-5.6171875,-7.8984375,-6.2265625,-3.59375,7.734375,-4.2109375,1.5903068515399355e-06,1.624600685090627e-07,8.646348419460992e-07,1.2029529898427427e-05,0.9999788999557495,6.489444785984233e-06,4,有漂浮物
00493.jpg,3,4,有漂浮物,4,有漂浮物,-5.67578125,-8.453125,-6.08203125,-3.453125,7.0546875,-4.109375,2.9594255011033965e-06,1.8408667301628157e-07,1.971402525668964e-06,2.7320886147208512e-05,0.9999533891677856,1.4173889212543145e-05,4,有漂浮物
00497.jpg,3,4,有漂浮物,4,有漂浮物,-3.025390625,-6.8125,-1.8095703125,-4.6875,2.98046875,-3.9453125,0.0024343717377632856,5.516532473848201e-05,0.008211281150579453,0.00046189362183213234,0.987866997718811,0.000970219261944294,4,有漂浮物
00501.jpg,3,4,有漂浮物,4,有漂浮物,-7.22265625,-4.10546875,-6.61328125,-4.875,9.1328125,-3.900390625,7.886929864753256e-08,1.7810878034651978e-06,1.450628559496181e-07,8.250535756815225e-07,0.9999949932098389,2.1865007511223666e-06,4,有漂浮物
00506.jpg,3,4,有漂浮物,4,有漂浮物,-6.3515625,-3.44140625,-6.47265625,-5.08984375,8.6640625,-3.80078125,3.0115643312456086e-07,5.529132522497093e-06,2.668098204594571e-07,1.0635296803229721e-06,0.9999890327453613,3.859956450469326e-06,4,有漂浮物
00510.jpg,3,4,有漂浮物,4,有漂浮物,-6.8125,-2.94921875,-6.2890625,-4.30859375,8.4453125,-3.111328125,2.3637723245428788e-07,1.125660401157802e-05,3.9896215753287834e-07,2.8909350930916844e-06,0.9999756813049316,9.572033377480693e-06,4,有漂浮物
00514.jpg,3,4,有漂浮物,4,有漂浮物,-6.4765625,-2.63671875,-5.91796875,-4.12109375,8.2734375,-3.173828125,3.927729039787664e-07,1.8271090084454045e-05,6.866504804747819e-07,4.141032150073443e-06,0.9999657869338989,1.0678268154151738e-05,4,有漂浮物
00519.jpg,3,4,有漂浮物,4,有漂浮物,-6.08984375,-3.439453125,-5.43359375,-3.837890625,7.44921875,-3.646484375,1.318372369496501e-06,1.866758248070255e-05,2.5412291506654583e-06,1.2532822438515723e-05,0.9999498128890991,1.5176637134572957e-05,4,有漂浮物
00523.jpg,3,4,有漂浮物,4,有漂浮物,-3.78515625,-4.58203125,-4.34375,-0.11248779296875,4.671875,-4.16796875,0.00021052092779427767,9.48892193264328e-05,0.00012042068556183949,0.00828542746603489,0.9911451935768127,0.00014356279280036688,4,有漂浮物
00527.jpg,3,4,有漂浮物,4,有漂浮物,-7.640625,-6.8984375,-3.9765625,-3.615234375,7.15625,-4.0859375,3.7478062608897744e-07,7.872362175476155e-07,1.4623767128796317e-05,2.0988532924093306e-05,0.9999500513076782,1.3108659913996235e-05,4,有漂浮物
00531.jpg,3,4,有漂浮物,4,有漂浮物,-5.6328125,-7.28515625,-3.80859375,-2.583984375,5.8515625,-3.037109375,1.0285187272529583e-05,1.9706451439560624e-06,6.37470802757889e-05,0.00021692091831937432,0.9995692372322083,0.00013788332580588758,4,有漂浮物
00532.jpg,3,4,有漂浮物,4,有漂浮物,-6.32421875,-7.2421875,-3.541015625,-2.7109375,6.09765625,-3.185546875,4.0282106965605635e-06,1.608582920198387e-06,6.51391310384497e-05,0.00014939646644052118,0.9996868371963501,9.294372284784913e-05,4,有漂浮物
00533.jpg,3,4,有漂浮物,4,有漂浮物,-6.0546875,-7.51171875,-3.8203125,-2.705078125,6.015625,-3.302734375,5.725240498577477e-06,1.333561726823973e-06,5.34774262632709e-05,0.00016312127991113812,0.999686598777771,8.973293006420135e-05,4,有漂浮物
00534.jpg,3,4,有漂浮物,4,有漂浮物,-6.421875,-7.36328125,-3.96484375,-2.501953125,6.34765625,-3.265625,2.845480366886477e-06,1.10996188595891e-06,3.32070812874008e-05,0.00014340227062348276,0.9997525811195374,6.681862578261644e-05,4,有漂浮物
00539.jpg,3,4,有漂浮物,4,有漂浮物,-7.8515625,-7.87890625,-4.609375,-3.58984375,6.703125,-4.609375,4.774784088112938e-07,4.645992817131628e-07,1.2218499250593595e-05,3.386840035091154e-05,0.9999406337738037,1.2218499250593595e-05,4,有漂浮物
00540.jpg,3,4,有漂浮物,4,有漂浮物,-7.19921875,-8.140625,-4.86328125,-3.263671875,6.88671875,-4.79296875,7.630105187672598e-07,2.976343012051075e-07,7.888878826634027e-06,3.9058610127540305e-05,0.9999434947967529,8.463531230518129e-06,4,有漂浮物
00541.jpg,3,4,有漂浮物,4,有漂浮物,-6.9296875,-8.6640625,-4.91796875,-3.525390625,6.59765625,-5.0234375,1.3338988082978176e-06,2.3544714622403262e-07,9.972436600946821e-06,4.0141188947018236e-05,0.9999393224716187,8.974220691015944e-06,4,有漂浮物
00542.jpg,3,4,有漂浮物,4,有漂浮物,-6.83984375,-7.53125,-3.71875,-3.47265625,6.03125,-4.2578125,2.5708745852170978e-06,1.2876770369985024e-06,5.828471330460161e-05,7.454728620359674e-05,0.9998292922973633,3.399717024876736e-05,4,有漂浮物
00543.jpg,3,4,有漂浮物,4,有漂浮物,-6.625,-8.0,-3.693359375,-3.318359375,5.87890625,-4.609375,3.7113691178092267e-06,9.383811061525194e-07,6.961927283555269e-05,0.0001012954453472048,0.9997965693473816,2.7855372536578216e-05,4,有漂浮物
00544.jpg,3,4,有漂浮物,4,有漂浮物,-7.046875,-7.96484375,-3.65234375,-3.77734375,6.609375,-4.4921875,1.1725466038114973e-06,4.6823225829939474e-07,3.4942684578709304e-05,3.0836814403301105e-05,0.9999173879623413,1.5087482097442262e-05,4,有漂浮物
00545.jpg,3,4,有漂浮物,4,有漂浮物,-6.640625,-6.10546875,-3.521484375,-2.634765625,5.35546875,-2.81640625,6.163467787700938e-06,1.0525446668907534e-05,0.00013946033141110092,0.0003384914598427713,0.999222993850708,0.0002822683600243181,4,有漂浮物
00550.jpg,3,4,有漂浮物,4,有漂浮物,-7.20703125,-7.53515625,-3.419921875,-3.21484375,6.48046875,-4.140625,1.1364079455233878e-06,8.185239721569815e-07,5.014815542381257e-05,6.156293238746002e-05,0.9998618364334106,2.4392571503994986e-05,4,有漂浮物
00552.jpg,3,4,有漂浮物,4,有漂浮物,-7.61328125,-5.87890625,-4.01953125,-3.0,6.66796875,-3.1015625,6.275782880038605e-07,3.55547308572568e-06,2.2825150153948925e-05,6.326893344521523e-05,0.9998525381088257,5.715871157008223e-05,4,有漂浮物
00556.jpg,3,4,有漂浮物,4,有漂浮物,-5.31640625,-4.5390625,-2.806640625,-3.384765625,7.09375,-3.970703125,4.076535333297215e-06,8.869258635968436e-06,5.014972703065723e-05,2.8131447834311984e-05,0.9998931884765625,1.5657507901778445e-05,4,有漂浮物
00562.jpg,3,4,有漂浮物,4,有漂浮物,-4.47265625,-4.51953125,-2.494140625,-3.314453125,6.24609375,-3.8125,2.2119158529676497e-05,2.1106248823343776e-05,0.00015996575530152768,7.043196819722652e-05,0.9996836185455322,4.28026651206892e-05,4,有漂浮物
00566.jpg,3,4,有漂浮物,4,有漂浮物,-4.93359375,-4.0625,-2.712890625,-3.8984375,6.94140625,-3.765625,6.961400686122943e-06,1.6634427083772607e-05,6.41410006210208e-05,1.9600145606091246e-05,0.9998701810836792,2.23840688704513e-05,4,有漂浮物
00571.jpg,3,4,有漂浮物,4,有漂浮物,-4.8828125,-3.693359375,-2.76953125,-2.998046875,6.4296875,-3.453125,1.2215744391141925e-05,4.01321922254283e-05,0.00010108956485055387,8.043836714932695e-05,0.9997151494026184,5.102997238282114e-05,4,有漂浮物
00575.jpg,3,4,有漂浮物,4,有漂浮物,-5.421875,-4.0859375,-3.06640625,-4.0859375,7.26953125,-3.71875,3.077225755987456e-06,1.1704412827384658e-05,3.2443407690152526e-05,1.1704412827384658e-05,0.9999241828918457,1.689729469944723e-05,4,有漂浮物
00581.jpg,3,4,有漂浮物,4,有漂浮物,-5.5234375,-4.25,-2.345703125,-4.09765625,7.06640625,-3.875,3.405996494620922e-06,1.2170014997536782e-05,8.171780791599303e-05,1.4172717783367261e-05,0.999870777130127,1.7707267033983953e-05,4,有漂浮物
00585.jpg,3,4,有漂浮物,4,有漂浮物,-4.29296875,-5.2578125,-4.0234375,-2.796875,5.85546875,-2.43359375,3.9116403058869764e-05,1.490502108936198e-05,5.121708454680629e-05,0.00017462408868595958,0.999468982219696,0.00025111649301834404,4,有漂浮物
00590.jpg,3,4,有漂浮物,4,有漂浮物,-6.20703125,-3.998046875,-4.703125,-4.05078125,7.0,-4.3828125,1.8375353647570591e-06,1.6733447409933433e-05,8.267494195024483e-06,1.587388396728784e-05,0.999945878982544,1.1388953680580016e-05,4,有漂浮物
00595.jpg,3,4,有漂浮物,4,有漂浮物,-7.328125,-4.27734375,-4.84765625,-4.05078125,7.7265625,-4.8125,2.8961639486624335e-07,6.120129000919405e-06,3.4600072922330583e-06,7.676361747144256e-06,0.9999788999557495,3.5838115763908718e-06,4,有漂浮物
00599.jpg,3,4,有漂浮物,4,有漂浮物,-6.7421875,-3.67578125,-5.37109375,-3.041015625,7.76171875,-5.05859375,5.023631501899217e-07,1.0783036486827768e-05,1.9791386876022443e-06,2.0343059077276848e-05,0.999963641166687,2.705161705307546e-06,4,有漂浮物
00604.jpg,3,4,有漂浮物,4,有漂浮物,-6.70703125,-4.27734375,-4.74609375,-2.373046875,7.41796875,-4.34375,7.337643523896986e-07,8.332138349942397e-06,5.214118573348969e-06,5.59476793569047e-05,0.9999220371246338,7.796804311510641e-06,4,有漂浮物
00608.jpg,3,4,有漂浮物,4,有漂浮物,-5.86328125,-4.96484375,-3.197265625,-3.5625,5.8984375,-4.1796875,7.795393685228191e-06,1.914363747346215e-05,0.00011211762466700748,7.781344174873084e-05,0.9997411370277405,4.1977200453402475e-05,4,有漂浮物
00612.jpg,3,4,有漂浮物,4,有漂浮物,-6.9375,-4.26171875,-5.21875,-1.9228515625,6.54296875,-4.7734375,1.3976463151266216e-06,2.0298984964028932e-05,7.795445526426192e-06,0.00021048997587058693,0.9997478127479553,1.2168517969257664e-05,4,有漂浮物
00617.jpg,3,4,有漂浮物,4,有漂浮物,-5.671875,-5.17578125,-3.029296875,-2.4375,6.6875,-3.212890625,4.288362561055692e-06,7.042749984975671e-06,6.024882532074116e-05,0.00010888365068240091,0.999769389629364,5.014352063881233e-05,4,有漂浮物
00621.jpg,3,4,有漂浮物,4,有漂浮物,-5.1953125,-3.388671875,-2.369140625,-2.546875,6.49609375,-1.8935546875,8.36083654576214e-06,5.0917111366288736e-05,0.00014113690122030675,0.00011815484322141856,0.9994543194770813,0.00022708316100761294,4,有漂浮物
00622.jpg,3,4,有漂浮物,4,有漂浮物,-5.2109375,-4.05078125,-4.125,-2.052734375,6.2109375,-2.552734375,1.0947853297693655e-05,3.492837640806101e-05,3.2429899874841794e-05,0.0002575841499492526,0.9995079040527344,0.0001562326797284186,4,有漂浮物
00627.jpg,3,4,有漂浮物,4,有漂浮物,-5.96484375,-5.05078125,-4.421875,-2.6796875,5.05078125,-3.966796875,1.6431347830803134e-05,4.0986935346154496e-05,7.687338074902073e-05,0.00043893317342735827,0.9993056058883667,0.00012117523874621838,4,有漂浮物
00632.jpg,3,4,有漂浮物,4,有漂浮物,-5.0546875,-4.4609375,-3.736328125,-3.669921875,6.95703125,-3.82421875,6.07211541137076e-06,1.0995180673489813e-05,2.2693224309477955e-05,2.4251359718618914e-05,0.9999152421951294,2.0783840227522887e-05,4,有漂浮物
00636.jpg,3,4,有漂浮物,4,有漂浮物,-5.46875,-6.76953125,-6.46484375,-3.015625,7.359375,-5.39453125,2.6841041744773975e-06,7.30932470105472e-07,9.912914720189292e-07,3.120168548775837e-05,0.9999614953994751,2.890893938456429e-06,4,有漂浮物
00638.jpg,3,4,有漂浮物,4,有漂浮物,-5.39453125,-8.0859375,-7.08203125,-3.068359375,6.86328125,-5.69921875,4.747603725263616e-06,3.218189306153363e-07,8.782183726907533e-07,4.8609152145218104e-05,0.9999419450759888,3.5006632970180362e-06,4,有漂浮物
00645.jpg,3,4,有漂浮物,4,有漂浮物,-6.6484375,-6.28515625,-7.796875,-2.962890625,8.2578125,-5.01171875,3.359625964094448e-07,4.831277351513563e-07,1.0654445503632815e-07,1.3393793778959662e-05,0.9999840259552002,1.7262705114262644e-06,4,有漂浮物
00650.jpg,3,4,有漂浮物,4,有漂浮物,-4.328125,-6.09375,-6.8046875,-0.4970703125,5.7265625,-6.15625,4.289615753805265e-05,7.338667273870669e-06,3.6046321838512085e-06,0.0019779910799115896,0.9979612827301025,6.8940403252781834e-06,4,有漂浮物
00654.jpg,3,4,有漂浮物,4,有漂浮物,-6.7421875,-4.80859375,-7.09375,-2.64453125,5.9453125,-4.265625,3.088733592448989e-06,2.1356474462663755e-05,2.173195525756455e-06,0.0001859387703007087,0.9997506737709045,3.675681728054769e-05,4,有漂浮物
00658.jpg,3,4,有漂浮物,4,有漂浮物,-5.4921875,-4.421875,-3.0859375,-4.09765625,6.390625,-4.2421875,6.9070492827449925e-06,2.014296296692919e-05,7.6614975114353e-05,2.7856705855811015e-05,0.9998444318771362,2.4107968783937395e-05,4,有漂浮物
00662.jpg,3,4,有漂浮物,4,有漂浮物,-5.09765625,-5.27734375,-2.560546875,-4.421875,6.3125,-3.84765625,1.1079909199906979e-05,9.25761014514137e-06,0.00014008408470544964,2.177831447625067e-05,0.9997791647911072,3.8672682421747595e-05,4,有漂浮物
00666.jpg,3,4,有漂浮物,4,有漂浮物,-6.21484375,-4.03515625,-3.060546875,-4.328125,6.7265625,-4.06640625,2.396449417574331e-06,2.119310011039488e-05,5.616451016976498e-05,1.581101787451189e-05,0.9998838901519775,2.0541057892842218e-05,4,有漂浮物
00670.jpg,3,4,有漂浮物,4,有漂浮物,-5.99609375,-5.08984375,-2.50390625,-4.515625,6.5078125,-4.03125,3.7114650695002638e-06,9.185964700009208e-06,0.0001219503756146878,1.6311909348587506e-05,0.9998224377632141,2.647684232215397e-05,4,有漂浮物
00676.jpg,3,4,有漂浮物,4,有漂浮物,-8.4453125,-5.34375,-2.646484375,-4.10546875,5.625,-4.64453125,7.747850077066687e-07,1.722553133731708e-05,0.0002556114050094038,5.9422563936095685e-05,0.9996322393417358,3.466087218839675e-05,4,有漂浮物
00682.jpg,3,4,有漂浮物,4,有漂浮物,-7.49609375,-6.82421875,-3.853515625,-5.515625,7.734375,-4.84375,2.429320886676578e-07,4.756379041737091e-07,9.27761630009627e-06,1.760319491950213e-06,0.9999847412109375,3.446538130447152e-06,4,有漂浮物
00687.jpg,3,4,有漂浮物,4,有漂浮物,-6.859375,-5.9609375,-5.703125,-1.5380859375,7.47265625,-4.60546875,5.965140417174553e-07,1.464897195546655e-06,1.8957177871925524e-06,0.0001220751291839406,0.9998682737350464,5.681718903360888e-06,4,有漂浮物
00688.jpg,3,4,有漂浮物,4,有漂浮物,-7.140625,-3.8828125,-5.38671875,-3.423828125,8.2578125,-4.46484375,2.0536937483939255e-07,5.338087248674128e-06,1.1864447060361272e-06,8.44734222482657e-06,0.9999818801879883,2.9827215257682838e-06,4,有漂浮物
00695.jpg,3,4,有漂浮物,4,有漂浮物,-6.3203125,-7.35546875,-5.421875,-4.046875,7.48828125,-4.86328125,1.0069228437714628e-06,3.5762965922003787e-07,2.472763753758045e-06,9.779970241652336e-06,0.9999821186065674,4.322916083765449e-06,4,有漂浮物
00700.jpg,3,4,有漂浮物,4,有漂浮物,-6.328125,-6.671875,-4.73046875,-2.978515625,5.2890625,-5.34375,9.006823347590398e-06,6.386794211721281e-06,4.450665437616408e-05,0.00025661883410066366,0.9996594190597534,2.4103506802930497e-05,4,有漂浮物
00701.jpg,3,4,有漂浮物,4,有漂浮物,-7.5234375,-7.42578125,-4.828125,-4.16796875,6.48828125,-5.01953125,8.218021321226843e-07,9.06105640297028e-07,1.2171009984740522e-05,2.3552056518383324e-05,0.9999525547027588,1.0050784112536348e-05,4,有漂浮物
00705.jpg,3,4,有漂浮物,4,有漂浮物,-7.7265625,-5.359375,-4.87890625,-2.4375,6.265625,-5.1015625,8.378813731724222e-07,8.937972779676784e-06,1.4451201423071325e-05,0.00016603255062364042,0.9997982382774353,1.1566596185730305e-05,4,有漂浮物
00710.jpg,3,4,有漂浮物,4,有漂浮物,-6.296875,-5.07421875,-6.13671875,-5.3984375,9.125,-3.8828125,2.006148349664727e-07,6.813275490458182e-07,2.354605044274649e-07,4.926625365442305e-07,0.9999960660934448,2.2427304884331534e-06,4,有漂浮物
00714.jpg,3,4,有漂浮物,4,有漂浮物,-7.90234375,-5.77734375,-7.40234375,-3.751953125,9.6484375,-4.21484375,2.386664377240777e-08,1.9983295374004229e-07,3.934944459160761e-08,1.514548216619005e-06,0.9999972581863403,9.533497404845548e-07,4,有漂浮物
00718.jpg,3,4,有漂浮物,4,有漂浮物,-8.140625,-5.9765625,-6.95703125,-4.56640625,9.6953125,-4.90625,1.7945279040532114e-08,1.5623942317688488e-07,5.86109045741523e-08,6.400496772585029e-07,0.9999986886978149,4.5563953676719393e-07,4,有漂浮物
00722.jpg,3,4,有漂浮物,4,有漂浮物,-7.3671875,-5.4921875,-6.93359375,-4.5859375,9.0546875,-4.30859375,7.380211286545091e-08,4.812502538698027e-07,1.1386131149038192e-07,1.1911057526958757e-06,0.999996542930603,1.57180693349801e-06,4,有漂浮物
00726.jpg,3,4,有漂浮物,4,有漂浮物,-7.55078125,-6.7734375,-5.65234375,-5.3046875,8.7109375,-4.828125,8.662115646984603e-08,1.8846037619368872e-07,5.782357561656681e-07,8.186346462935035e-07,0.9999970197677612,1.3184345561967348e-06,4,有漂浮物
00730.jpg,3,4,有漂浮物,4,有漂浮物,-8.2265625,-5.15625,-5.9609375,-4.35546875,9.1796875,-4.01171875,2.757781558671013e-08,5.942642928857822e-07,2.657714333054173e-07,1.323593096458353e-06,0.9999958276748657,1.8665655261429492e-06,4,有漂浮物
00734.jpg,3,4,有漂浮物,4,有漂浮物,-6.27734375,-6.05078125,-5.21875,-5.640625,8.9140625,-3.716796875,2.526119544654648e-07,3.168463820202305e-07,7.281072385012521e-07,4.775043862537132e-07,0.9999949932098389,3.269529770477675e-06,4,有漂浮物
00735.jpg,3,4,有漂浮物,4,有漂浮物,-6.38671875,-5.3046875,-6.44140625,-4.0625,9.0234375,-3.423828125,2.0297900960031257e-07,5.989234637127083e-07,1.921766568102612e-07,2.074180201816489e-06,0.9999929666519165,3.9284223021240905e-06,4,有漂浮物
00739.jpg,3,4,有漂浮物,4,有漂浮物,-7.15625,-4.21484375,-6.81640625,-3.693359375,8.3828125,-3.236328125,1.7842793909039756e-07,3.3798651202232577e-06,2.5064275632757926e-07,5.693471848644549e-06,0.9999815225601196,8.992145012598485e-06,4,有漂浮物
00742.jpg,3,4,有漂浮物,4,有漂浮物,-6.49609375,-6.86328125,-2.8046875,-4.78125,5.5,-3.072265625,6.1652926888200454e-06,4.270573299436364e-06,0.00024723561364226043,3.425317845540121e-05,0.999518871307373,0.0001891922438517213,4,有漂浮物
00746.jpg,3,4,有漂浮物,4,有漂浮物,-8.921875,-2.83984375,-6.2578125,-4.48828125,9.453125,-3.01953125,1.0467302580252635e-08,4.58381828138954e-06,1.5025274535673816e-07,8.816984973236686e-07,0.9999905824661255,3.829924025922082e-06,4,有漂浮物
00750.jpg,3,4,有漂浮物,4,有漂浮物,-7.359375,-5.9921875,-5.05859375,-1.4521484375,5.515625,-3.419921875,2.558444975875318e-06,1.0040101187769324e-05,2.55383420153521e-05,0.0009407018660567701,0.9988897442817688,0.00013147974095772952,4,有漂浮物
00756.jpg,3,4,有漂浮物,4,有漂浮物,-5.2734375,-0.96826171875,-1.904296875,0.483642578125,2.1875,-3.232421875,0.0004614601202774793,0.03418600186705589,0.013407054357230663,0.14601662755012512,0.8023764491081238,0.00355251575820148,4,有漂浮物
00760.jpg,3,4,有漂浮物,4,有漂浮物,-4.55078125,-5.546875,-3.16796875,-3.169921875,7.0234375,-4.63671875,9.404568118043244e-06,3.473287961242022e-06,3.7487516237888485e-05,3.741436739801429e-05,0.999903678894043,8.630116099084262e-06,4,有漂浮物
00765.jpg,3,4,有漂浮物,4,有漂浮物,-6.16796875,-4.109375,-4.4140625,-2.994140625,7.36328125,-5.20703125,1.3287066167322337e-06,1.0410341928945854e-05,7.676104360143654e-06,3.1754487281432375e-05,0.9999454021453857,3.4734330256469548e-06,4,有漂浮物
00769.jpg,3,4,有漂浮物,4,有漂浮物,-5.47265625,-3.337890625,-4.78515625,-4.65234375,8.3046875,-3.564453125,1.0388823739049258e-06,8.783817975199781e-06,2.0660643258452183e-06,2.359519612582517e-06,0.9999786615371704,7.00306964063202e-06,4,有漂浮物
00770.jpg,3,4,有漂浮物,4,有漂浮物,-5.9921875,-3.4765625,-2.927734375,-4.60546875,7.09375,-3.923828125,2.0739937554026255e-06,2.5664305212558247e-05,4.443063517101109e-05,8.299497494590469e-06,0.9999030828475952,1.640909249545075e-05,4,有漂浮物
00774.jpg,3,4,有漂浮物,4,有漂浮物,-6.1796875,-4.59375,-3.87890625,-4.2109375,7.48046875,-3.3359375,1.1680168654493173e-06,5.7044403547479305e-06,1.1659118172246963e-05,8.365008397959173e-06,0.999953031539917,2.0066612705704756e-05,4,有漂浮物
00778.jpg,3,4,有漂浮物,4,有漂浮物,-6.375,-3.498046875,-3.658203125,-3.61328125,6.640625,-3.275390625,2.224930085503729e-06,3.951493272325024e-05,3.366714372532442e-05,3.521401959005743e-05,0.9998400211334229,4.93696061312221e-05,4,有漂浮物
00783.jpg,3,4,有漂浮物,4,有漂浮物,-5.01171875,-5.58984375,-5.86328125,-0.873046875,4.7734375,-3.171875,5.60568441869691e-05,3.144503716612235e-05,2.3922124455566518e-05,0.00351585540920496,0.9960198998451233,0.00035290891537442803,4,有漂浮物
00788.jpg,3,4,有漂浮物,4,有漂浮物,-7.19140625,-6.5859375,-6.41015625,-3.146484375,7.33984375,-4.61328125,4.888124749413691e-07,8.955586849879182e-07,1.0676646979845827e-06,2.7914482416235842e-05,0.9999631643295288,6.43884186501964e-06,4,有漂浮物
00792.jpg,3,4,有漂浮物,4,有漂浮物,-4.96875,-5.1796875,-1.7744140625,-3.6796875,5.8359375,-4.078125,2.0290810425649397e-05,1.6431999029009603e-05,0.0004949734429828823,7.364311022683978e-05,0.9993452429771423,4.944164538756013e-05,4,有漂浮物
00796.jpg,3,4,有漂浮物,4,有漂浮物,-8.046875,-6.5390625,-5.80859375,-2.69921875,7.62109375,-2.865234375,1.5684121024150954e-07,7.084266258061689e-07,1.4707314903716906e-06,3.295473288744688e-05,0.9999368190765381,2.7913745725527406e-05,4,有漂浮物
00801.jpg,3,4,有漂浮物,4,有漂浮物,-6.9765625,-7.13671875,-6.84375,-2.349609375,7.58203125,-2.955078125,4.7560868665641465e-07,4.0522365907236235e-07,5.431621730167535e-07,4.8608249926473945e-05,0.9999233484268188,2.6531282856012695e-05,4,有漂浮物
00804.jpg,3,4,有漂浮物,4,有漂浮物,-5.19921875,-3.310546875,-5.7421875,-2.90625,6.04296875,-2.796875,1.3104307981848251e-05,8.662712207296863e-05,7.613875368406298e-06,0.0001297889684792608,0.9996180534362793,0.00014479004312306643,4,有漂浮物
00807.jpg,3,4,有漂浮物,4,有漂浮物,-7.1171875,-6.0,-6.34375,-2.412109375,7.1796875,-2.88671875,6.178689204716648e-07,1.8883595203078585e-06,1.3390475714913919e-06,6.827878678450361e-05,0.9998854398727417,4.2478146497160196e-05,4,有漂浮物
00811.jpg,3,4,有漂浮物,4,有漂浮物,-6.28125,-4.43359375,-5.84375,-2.42578125,6.21875,-2.771484375,3.7254096696415218e-06,2.3637468984816223e-05,5.7700276556715835e-06,0.00017602843581698835,0.9996663331985474,0.00012457931006792933,4,有漂浮物
00818.jpg,3,4,有漂浮物,4,有漂浮物,-6.98046875,-4.1796875,-5.81640625,-2.740234375,5.63671875,-2.587890625,3.312676881250809e-06,5.451837932923809e-05,1.0610235221975017e-05,0.00022997967607807368,0.999433696269989,0.000267825264018029,4,有漂浮物
00822.jpg,3,4,有漂浮物,4,有漂浮物,-8.71875,-5.28125,-7.5703125,-3.154296875,7.6875,-4.9609375,7.496268494833203e-08,2.332020812900737e-06,2.3637699086975772e-07,1.9563944078981876e-05,0.9999746084213257,3.2124942208611174e-06,4,有漂浮物
00826.jpg,3,4,有漂浮物,4,有漂浮物,-8.1171875,-5.609375,-7.34765625,-3.537109375,8.1875,-5.1015625,8.29773156851843e-08,1.0187990255872137e-06,1.7912762473315524e-07,8.092114512692206e-06,0.9999889135360718,1.6928897821344435e-06,4,有漂浮物
00828.jpg,3,4,有漂浮物,4,有漂浮物,-8.828125,-5.62109375,-8.28125,-2.943359375,8.0390625,-4.34375,4.7278515324933323e-08,1.1680456282192608e-06,8.168994014567943e-08,1.6997501006699167e-05,0.9999775886535645,4.189895207673544e-06,4,有漂浮物
00835.jpg,3,4,有漂浮物,4,有漂浮物,-8.625,-6.8046875,-8.1015625,-3.888671875,8.7109375,-4.71875,2.958665312746689e-08,1.8266170798142412e-07,4.9936932811078805e-08,3.373315848875791e-06,0.9999949932098389,1.4708169828736573e-06,4,有漂浮物
00839.jpg,3,4,有漂浮物,4,有漂浮物,-9.3515625,-5.14453125,-7.5390625,-3.396484375,8.328125,-5.12109375,2.097995022154464e-08,1.4089479236645275e-06,1.2851778308231587e-07,8.092114512692206e-06,0.9999889135360718,1.4423600305235595e-06,4,有漂浮物
00845.jpg,3,4,有漂浮物,4,有漂浮物,-6.9765625,-8.6171875,-6.9921875,-3.310546875,6.4296875,-5.93359375,1.5056040183480945e-06,2.918746417890361e-07,1.4822617231402546e-06,5.886282815481536e-05,0.9999336004257202,4.272344995115418e-06,4,有漂浮物
00849.jpg,3,4,有漂浮物,4,有漂浮物,-9.265625,-6.82421875,-7.23828125,-3.39453125,8.1328125,-5.5078125,2.7793905843509492e-08,3.193293593994895e-07,2.1106380643232114e-07,9.856737960944884e-06,0.9999884366989136,1.1910960893146694e-06,4,有漂浮物
00854.jpg,3,4,有漂浮物,4,有漂浮物,-9.0234375,-5.05078125,-8.484375,-2.755859375,8.9375,-4.2890625,1.583649833492018e-08,8.413213095082028e-07,2.7150075965209908e-08,8.34898673929274e-06,0.9999890327453613,1.8020718925981782e-06,4,有漂浮物
00859.jpg,3,4,有漂浮物,4,有漂浮物,-8.6328125,-5.765625,-8.7265625,-2.099609375,7.9921875,-4.1796875,6.023287113521292e-08,1.059344640452764e-06,5.484264775645897e-08,4.1415947634959593e-05,0.9999523162841797,5.173698809812777e-06,4,有漂浮物
00864.jpg,3,4,有漂浮物,4,有漂浮物,-7.796875,-5.95703125,-5.69140625,-3.669921875,7.52734375,-5.12109375,2.211910299365627e-07,1.3925200619269162e-06,1.8161886146117467e-06,1.3711358405998908e-05,0.9999796152114868,3.212510364392074e-06,4,有漂浮物
00868.jpg,3,4,有漂浮物,4,有漂浮物,-9.4375,-5.05859375,-7.7421875,-4.0390625,8.9453125,-4.65234375,1.038589747537344e-08,8.28283248210937e-07,5.658598922764213e-08,2.295914100614027e-06,0.9999955892562866,1.2434004474926041e-06,4,有漂浮物
00872.jpg,3,4,有漂浮物,4,有漂浮物,-8.4921875,-5.33984375,-5.60546875,-3.705078125,7.390625,-5.296875,1.2652371594867873e-07,2.9594937132060295e-06,2.2691224330628756e-06,1.5177040950220544e-05,0.999976396560669,3.0894309475115733e-06,4,有漂浮物
00874.jpg,3,4,有漂浮物,4,有漂浮物,-8.9296875,-6.0625,-7.25390625,-3.443359375,8.3671875,-5.23046875,3.0765118452791285e-08,5.410809649220027e-07,1.6437702754501515e-07,7.425755029544234e-06,0.999990701675415,1.2433943084033672e-06,4,有漂浮物
00877.jpg,3,4,有漂浮物,4,有漂浮物,-8.9140625,-4.7421875,-6.53125,-3.859375,8.8828125,-3.876953125,1.8660026412931074e-08,1.2098583965780563e-06,2.0218762131207768e-07,2.9250622901599854e-06,0.9999927282333374,2.874094434446306e-06,4,有漂浮物
00878.jpg,3,4,有漂浮物,4,有漂浮物,-8.6796875,-5.015625,-6.61328125,-2.15625,7.39453125,-4.35546875,1.0447659093415496e-07,4.076628556504147e-06,8.249883762800891e-07,7.11396787664853e-05,0.9999159574508667,7.888661457400303e-06,4,有漂浮物
00879.jpg,3,4,有漂浮物,4,有漂浮物,-8.4609375,-4.9375,-7.4140625,-4.1640625,8.4453125,-4.125,4.546793519466519e-08,1.541397637083719e-06,1.2952610006777832e-07,3.3405221984139644e-06,0.9999915361404419,3.4735933240881423e-06,4,有漂浮物
00883.jpg,3,4,有漂浮物,4,有漂浮物,-8.4453125,-7.484375,-6.8359375,-4.875,8.2734375,-5.43359375,5.4845074259901594e-08,1.433730290045787e-07,2.7420813353273843e-07,1.9485189568513306e-06,0.999996542930603,1.1145780263177585e-06,4,有漂浮物
00887.jpg,3,4,有漂浮物,4,有漂浮物,-8.6875,-6.421875,-6.4375,-5.34765625,8.78125,-4.81640625,2.5907002765279685e-08,2.496695685749728e-07,2.4579878754593665e-07,7.309587886084046e-07,0.9999974966049194,1.2434028349161963e-06,4,有漂浮物
00896.jpg,3,4,有漂浮物,4,有漂浮物,-7.8046875,-5.9296875,-6.875,-4.1640625,7.921875,-4.1015625,1.4792276203934307e-07,9.645775662647793e-07,3.747944390397606e-07,5.63817184229265e-06,0.9999868869781494,6.0018032854713965e-06,4,有漂浮物
00900.jpg,3,4,有漂浮物,4,有漂浮物,-6.00390625,-6.1953125,-6.5234375,-3.447265625,6.19140625,-4.33203125,5.0535641094029415e-06,4.173218258074485e-06,3.0058563424972817e-06,6.515274435514584e-05,0.9998956918716431,2.6895762857748196e-05,4,有漂浮物
00904.jpg,3,4,有漂浮物,4,有漂浮物,-6.1171875,-5.84375,-7.11328125,-3.962890625,6.9921875,-3.392578125,2.0260372366465162e-06,2.663175564521225e-06,7.482545925086015e-07,1.746814086800441e-05,0.9999462366104126,3.089799065492116e-05,4,有漂浮物
00907.jpg,3,4,有漂浮物,4,有漂浮物,-6.83984375,-6.17578125,-6.75,-3.447265625,7.2109375,-4.21484375,7.90327078448172e-07,1.5353434719145298e-06,8.646205174045463e-07,2.3506328943767585e-05,0.999962329864502,1.0910129276453517e-05,4,有漂浮物
00908.jpg,3,4,有漂浮物,4,有漂浮物,-6.96484375,-6.3828125,-6.546875,-3.126953125,6.69140625,-4.4140625,1.1725560398190282e-06,2.0984884940844495e-06,1.780963998498919e-06,5.443877671496011e-05,0.9999254941940308,1.5028784218884539e-05,4,有漂浮物
00910.jpg,3,4,有漂浮物,4,有漂浮物,-6.8046875,-6.2421875,-5.71484375,-3.765625,6.19921875,-4.13671875,2.2513092972076265e-06,3.951170583604835e-06,6.694964667985914e-06,4.702006481238641e-05,0.9999076128005981,3.2442869269289076e-05,4,有漂浮物
00914.jpg,3,4,有漂浮物,4,有漂浮物,-5.95703125,-5.1328125,-6.23828125,-4.23828125,6.6953125,-3.3125,3.1998085887607886e-06,7.295879640878411e-06,2.41534235101426e-06,1.7847098206402734e-05,0.9999241828918457,4.5043208956485614e-05,4,有漂浮物
00918.jpg,3,4,有漂浮物,4,有漂浮物,-8.3046875,-5.44140625,-6.19921875,-3.220703125,6.4140625,-3.88671875,4.0521018718209234e-07,7.098843525454868e-06,3.3271610391238937e-06,6.54073737678118e-05,0.9998900890350342,3.360313712619245e-05,4,有漂浮物
00922.jpg,3,4,有漂浮物,4,有漂浮物,-7.63671875,-4.96484375,-6.33203125,-2.818359375,6.0078125,-3.921875,1.1862073279189644e-06,1.7160944480565377e-05,4.372996954771224e-06,0.00014680724416393787,0.9997817873954773,4.869638360105455e-05,4,有漂浮物
00926.jpg,3,4,有漂浮物,4,有漂浮物,-7.09375,-5.875,-8.7890625,-3.43359375,7.29296875,-3.86328125,5.648206524710986e-07,1.910763558043982e-06,1.0366823488539012e-07,2.1953119357931428e-05,0.9999611377716064,1.4285166798799764e-05,4,有漂浮物
00933.jpg,3,4,有漂浮物,4,有漂浮物,-8.1484375,-4.4296875,-7.2734375,-3.619140625,7.4609375,-4.42578125,1.6631125276944658e-07,6.854159892100142e-06,3.989599690612522e-07,1.541594792797696e-05,0.9999701976776123,6.880986347823637e-06,4,有漂浮物
00938.jpg,3,4,有漂浮物,4,有漂浮物,-7.453125,-4.76953125,-6.47265625,-4.03125,6.53515625,-4.36328125,8.41280382246623e-07,1.23143281598459e-05,2.242605660285335e-06,2.5765715690795332e-05,0.9999403953552246,1.848599458753597e-05,4,有漂浮物
00942.jpg,3,4,有漂浮物,4,有漂浮物,-8.3125,-5.171875,-6.125,-3.53125,6.3671875,-4.2734375,4.2136113620472315e-07,9.741157555254176e-06,3.7555507788056275e-06,5.024871279601939e-05,0.999911904335022,2.3921973479446024e-05,4,有漂浮物
00949.jpg,3,4,有漂浮物,4,有漂浮物,-7.32421875,-3.263671875,-6.91015625,-2.9140625,6.29296875,-1.1025390625,1.2183958233435987e-06,7.067430124152452e-05,1.843374093368766e-06,0.00010025243682321161,0.999212384223938,0.000613521202467382,4,有漂浮物
00954.jpg,3,4,有漂浮物,4,有漂浮物,-7.3203125,-3.79296875,-7.1796875,-1.158203125,5.7265625,-2.0546875,2.1535508949455107e-06,7.329275831580162e-05,2.4787218535493594e-06,0.0010217042872682214,0.9984835982322693,0.00041685689939185977,4,有漂浮物
00958.jpg,3,4,有漂浮物,4,有漂浮物,-6.4375,-6.2421875,-6.50390625,-2.33203125,5.11328125,-3.73828125,9.621228855394293e-06,1.1696438377839513e-05,9.003070772450883e-06,0.0005837312783114612,0.999242901802063,0.00014304948854260147,4,有漂浮物
00963.jpg,3,4,有漂浮物,4,有漂浮物,-8.1953125,-5.74609375,-6.90234375,-3.71484375,6.921875,-3.103515625,2.7205538799535134e-07,3.150209749946953e-06,9.912575933412882e-07,2.401597157586366e-05,0.999927282333374,4.425848965183832e-05,4,有漂浮物
00968.jpg,3,4,有漂浮物,4,有漂浮物,-8.46875,-6.39453125,-7.8671875,-3.53125,7.421875,-3.837890625,1.2553807948734175e-07,9.990729950004607e-07,2.29102994353525e-07,1.7502678019809537e-05,0.9999682903289795,1.2880483154731337e-05,4,有漂浮物
00970.jpg,3,4,有漂浮物,4,有漂浮物,-9.359375,-5.0,-8.3828125,-2.603515625,7.2109375,-4.40234375,6.361723592362978e-08,4.975391675543506e-06,1.689236768243063e-07,5.465214780997485e-05,0.9999310970306396,9.044532816915307e-06,4,有漂浮物
00973.jpg,3,4,有漂浮物,4,有漂浮物,-7.8203125,-3.17578125,-4.93359375,-3.244140625,6.44921875,-3.5390625,6.349516752379714e-07,6.604423833778128e-05,1.1387455742806196e-05,6.168035906739533e-05,0.9998143315315247,4.592656114255078e-05,4,有漂浮物
00978.jpg,3,4,有漂浮物,4,有漂浮物,-6.484375,-3.3046875,-5.265625,-3.0078125,5.984375,-3.673828125,3.8438060983025935e-06,9.240218059858307e-05,1.30034277390223e-05,0.00012434071686584502,0.999702513217926,6.388022302417085e-05,4,有漂浮物
00985.jpg,3,4,有漂浮物,4,有漂浮物,-7.4375,-4.23828125,-5.359375,-2.44921875,8.15625,-3.8984375,1.689291906359358e-07,4.141023964621127e-06,1.3496554629455204e-06,2.4779223167570308e-05,0.9999637603759766,5.817012606712524e-06,4,有漂浮物
00991.jpg,3,4,有漂浮物,4,有漂浮物,-7.26171875,-2.94140625,-5.14453125,-2.607421875,7.92578125,-3.708984375,2.535875296416634e-07,1.9072856957791373e-05,2.106738747897907e-06,2.663564919203054e-05,0.9999431371688843,8.852395694702864e-06,4,有漂浮物
00997.jpg,3,4,有漂浮物,4,有漂浮物,-6.65234375,-2.4296875,-5.33203125,-2.25390625,6.91796875,-3.375,1.2775792583852308e-06,8.714934665476903e-05,4.784012162417639e-06,0.00010389746603323147,0.9997690320014954,3.386259049875662e-05,4,有漂浮物
00998.jpg,3,4,有漂浮物,4,有漂浮物,-7.05078125,-3.326171875,-5.59375,-2.111328125,7.96875,-3.326171875,2.999651371737855e-07,1.2435066309990361e-05,1.2878089137302595e-06,4.190328036202118e-05,0.9999316930770874,1.2435066309990361e-05,4,有漂浮物
00999.jpg,3,4,有漂浮物,4,有漂浮物,-7.6796875,-1.77734375,-5.8125,-3.529296875,8.453125,-3.916015625,9.85344286164036e-08,3.6053159419680014e-05,6.37525033653219e-07,6.252874754864024e-06,0.9999526739120483,4.24746622229577e-06,4,有漂浮物
01000.jpg,3,4,有漂浮物,4,有漂浮物,-7.00390625,-1.93359375,-4.9921875,-1.5830078125,6.7265625,-3.513671875,1.0882571359616122e-06,0.00017327674140688032,8.135981261148117e-06,0.000246035517193377,0.9995357990264893,3.5687906347448006e-05,4,有漂浮物
01005.jpg,3,4,有漂浮物,4,有漂浮物,-6.796875,-4.4765625,-4.2890625,-1.3779296875,7.17578125,-4.48046875,8.543901799384912e-07,8.696713848621584e-06,1.0490239219507203e-05,0.00019278547551948577,0.9997784495353699,8.662808795634191e-06,4,有漂浮物
01009.jpg,3,4,有漂浮物,4,有漂浮物,-7.44921875,-4.21875,-5.234375,-1.46875,7.484375,-3.703125,3.2685522910469444e-07,8.26666200737236e-06,2.9939865271444432e-06,0.0001293123495997861,0.9998452663421631,1.3844053682987578e-05,4,有漂浮物
01014.jpg,3,4,有漂浮物,4,有漂浮物,-5.45703125,-2.904296875,-3.86328125,-2.052734375,6.90234375,-3.15625,4.28826933784876e-06,5.507068999577314e-05,2.110760033247061e-05,0.0001290474465349689,0.9997476935386658,4.280541179468855e-05,4,有漂浮物
01018.jpg,3,4,有漂浮物,4,有漂浮物,-6.57421875,-2.90625,-5.4375,-3.33203125,8.828125,-3.794921875,2.045688631824305e-07,8.01342412160011e-06,6.375441330419562e-07,5.234843229118269e-06,0.9999825954437256,3.2951322737062583e-06,4,有漂浮物
01021.jpg,3,4,有漂浮物,4,有漂浮物,-7.71875,-3.822265625,-5.5703125,-2.142578125,8.25,-4.00390625,1.1610251959837115e-07,5.715619863622123e-06,9.951676247510477e-07,3.065789496758953e-05,0.999957799911499,4.766261099575786e-06,4,有漂浮物
01023.jpg,3,4,有漂浮物,4,有漂浮物,-9.0703125,-3.1484375,-6.0078125,-2.345703125,8.765625,-3.623046875,1.7944831398608585e-08,6.695407591905678e-06,3.836773885268485e-07,1.4941703739168588e-05,0.9999737739562988,4.1654006963653956e-06,4,有漂浮物
01028.jpg,3,4,有漂浮物,4,有漂浮物,-6.45703125,-2.06640625,-4.8515625,-2.021484375,7.5078125,-3.099609375,8.611339694652997e-07,6.948562077013776e-05,4.288613581593381e-06,7.267820910783485e-05,0.9998279809951782,2.4727516574785113e-05,4,有漂浮物
01032.jpg,3,4,有漂浮物,4,有漂浮物,-7.3671875,-3.59375,-5.17578125,-2.421875,8.0546875,-4.12109375,2.006068058335586e-07,8.73230237630196e-06,1.7949870425582048e-06,2.8188216674607247e-05,0.9999560117721558,5.153547590452945e-06,4,有漂浮物
01036.jpg,3,4,有漂浮物,4,有漂浮物,-7.77734375,-3.7734375,-6.05078125,-2.2109375,8.3359375,-3.724609375,1.0047875775853754e-07,5.507425612449879e-06,5.648209935316117e-07,2.627445792313665e-05,0.9999617338180542,5.783016149507603e-06,4,有漂浮物
01038.jpg,3,4,有漂浮物,4,有漂浮物,-7.1953125,-4.8046875,-5.8828125,-1.2939453125,8.25,-4.1328125,1.9595292144458654e-07,2.139868001904688e-06,7.28053407783591e-07,7.162801921367645e-05,0.9999210834503174,4.189658284303732e-06,4,有漂浮物
01041.jpg,3,4,有漂浮物,4,有漂浮物,-6.765625,-2.533203125,-5.57421875,-2.24609375,7.9375,-3.62109375,4.116046739000012e-07,2.8352917070151307e-05,1.3548818742492585e-06,3.778224709094502e-05,0.999922513961792,9.552847586746793e-06,4,有漂浮物
01045.jpg,3,4,有漂浮物,4,有漂浮物,-6.9296875,-2.44921875,-5.28125,-1.83203125,7.46484375,-3.32421875,5.603543513643672e-07,4.946586341247894e-05,2.9131983865227085e-06,9.169521945295855e-05,0.9998347759246826,2.0620440409402363e-05,4,有漂浮物
01049.jpg,3,4,有漂浮物,4,有漂浮物,-8.046875,-3.794921875,-6.18359375,-2.099609375,8.8828125,-3.794921875,4.441399781285327e-08,3.1197491807688493e-06,2.862415158233489e-07,1.6997479178826325e-05,0.999976396560669,3.1197491807688493e-06,4,有漂浮物
01055.jpg,3,4,有漂浮物,4,有漂浮物,-9.46875,-7.00390625,-5.9140625,-3.234375,8.734375,-4.140625,1.2430230178495094e-08,1.4619993748965499e-07,4.3477075450937264e-07,6.3391912590304855e-06,0.9999905824661255,2.5612646368244896e-06,4,有漂浮物
01059.jpg,3,4,有漂浮物,4,有漂浮物,-8.6015625,-6.359375,-6.765625,-4.01953125,8.984375,-4.546875,2.304213175818859e-08,2.169163764165205e-07,1.4449744867306435e-07,2.2515084765473148e-06,0.9999960660934448,1.3287739193401649e-06,4,有漂浮物
01064.jpg,3,4,有漂浮物,4,有漂浮物,-8.421875,-8.1953125,-6.1171875,-1.0556640625,7.640625,-4.5546875,1.0569866759624347e-07,1.3257583475478896e-07,1.0592112857921165e-06,0.00016717612743377686,0.9998264908790588,5.05321440869011e-06,4,有漂浮物
01068.jpg,3,4,有漂浮物,4,有漂浮物,-8.390625,-7.5078125,-6.78125,-3.615234375,9.75,-5.28515625,1.323201104241889e-08,3.1990897042533106e-08,6.61558914316629e-08,1.5687423911003862e-06,0.9999980926513672,2.9533421752603317e-07,4,有漂浮物
01072.jpg,3,4,有漂浮物,4,有漂浮物,-6.28125,-4.71484375,-5.30859375,-3.775390625,7.51171875,-5.25,1.0227731763734482e-06,4.898475253867218e-06,2.7051949018641608e-06,1.2533149856608361e-05,0.9999759197235107,2.86843828689598e-06,4,有漂浮物
01078.jpg,3,4,有漂浮物,4,有漂浮物,-5.19921875,-6.67578125,-4.9921875,-4.73828125,6.51171875,-4.93359375,8.203239303838927e-06,1.8737966911430703e-06,1.00901570476708e-05,1.3006727385800332e-05,0.9999561309814453,1.0699041922634933e-05,4,有漂浮物
01082.jpg,3,4,有漂浮物,4,有漂浮物,-6.12890625,-5.1875,-5.640625,-2.28125,6.5390625,-2.048828125,3.1493354981648736e-06,8.073586286627688e-06,5.131883426656714e-06,0.0001476504694437608,0.9996497631072998,0.0001862834906205535,4,有漂浮物
01086.jpg,3,5,正常,4,有漂浮物,-5.74609375,-3.0234375,-2.6953125,-2.876953125,5.93359375,-3.80859375,8.45957674755482e-06,0.0001287606719415635,0.0001787664950825274,0.0001490735448896885,0.9994762539863586,5.872110341442749e-05,4,有漂浮物
01089.jpg,3,4,有漂浮物,4,有漂浮物,-6.07421875,-8.90625,-3.412109375,-4.71484375,5.125,-5.3359375,1.3680882148037199e-05,8.057096465563518e-07,0.00019599884399212897,5.3270057833287865e-05,0.9997076392173767,2.8625005143112503e-05,4,有漂浮物
01090.jpg,3,4,有漂浮物,4,有漂浮物,-5.4921875,-8.2265625,-4.06640625,-5.33984375,4.5859375,-4.46484375,4.1971881728386506e-05,2.7254266115050996e-06,0.00017464951088186353,4.8878795496420935e-05,0.9996144771575928,0.00011725413787644356,4,有漂浮物
01094.jpg,3,4,有漂浮物,4,有漂浮物,-3.822265625,-5.52734375,-1.9248046875,-3.798828125,5.28125,-4.64453125,0.00011115871893707663,2.0204006432322785e-05,0.0007413108251057565,0.00011379476927686483,0.9989646673202515,4.8847021389519796e-05,4,有漂浮物
01099.jpg,3,4,有漂浮物,4,有漂浮物,-7.1328125,-5.96875,-3.697265625,-4.6171875,6.66015625,-5.5,1.0227425946141011e-06,3.2757614008005476e-06,3.175450910930522e-05,1.2655765203817282e-05,0.9999459981918335,5.234651325736195e-06,4,有漂浮物
01105.jpg,3,4,有漂浮物,4,有漂浮物,-7.9453125,-5.70703125,-3.943359375,-4.9296875,6.04296875,-4.9765625,8.412562806370261e-07,7.88862871559104e-06,4.602083208737895e-05,1.7163176380563527e-05,0.9999117851257324,1.6377216525143012e-05,4,有漂浮物
01111.jpg,3,4,有漂浮物,4,有漂浮物,-6.37890625,-5.87890625,-4.94140625,-3.279296875,4.48046875,-4.0546875,1.9209041056456044e-05,3.167035538353957e-05,8.087308378890157e-05,0.0004262348229531199,0.9992457628250122,0.00019629129383247346,4,有漂浮物
01117.jpg,3,4,有漂浮物,4,有漂浮物,-6.55078125,-6.4140625,-4.9609375,-5.625,6.44921875,-2.763671875,2.2600547708861995e-06,2.5911658667610027e-06,1.1081010597990826e-05,5.704015165974852e-06,0.9998785257339478,9.973318810807541e-05,4,有漂浮物
01124.jpg,3,4,有漂浮物,4,有漂浮物,-8.0703125,-2.755859375,-4.15625,-2.419921875,5.87109375,-3.55078125,8.812168630356609e-07,0.0001791102549759671,4.415079456521198e-05,0.0002506203018128872,0.999444305896759,8.08891563792713e-05,4,有漂浮物
01130.jpg,3,4,有漂浮物,4,有漂浮物,-7.08984375,-4.05859375,-5.19921875,-3.78515625,5.47265625,-3.15234375,3.4995573514606804e-06,7.252174691529945e-05,2.3179343770607375e-05,9.532804688205943e-05,0.9996260404586792,0.00017949307220987976,4,有漂浮物
01131.jpg,3,4,有漂浮物,4,有漂浮物,-6.48046875,-4.7890625,-5.1640625,-3.33203125,4.53515625,-3.21875,1.6426680303993635e-05,8.914935460779816e-05,6.127139204181731e-05,0.0003827355685643852,0.9990217685699463,0.00042864351416938007,4,有漂浮物
01135.jpg,3,4,有漂浮物,4,有漂浮物,-6.8828125,-6.9140625,-3.822265625,-4.70703125,4.546875,-4.25,1.086257088900311e-05,1.0528364327910822e-05,0.00023179882555268705,9.56890798988752e-05,0.999500036239624,0.0001511292502982542,4,有漂浮物
01140.jpg,3,4,有漂浮物,4,有漂浮物,-6.33984375,-6.80859375,-3.654296875,-5.1640625,4.140625,-4.03125,2.8056243536411785e-05,1.7557147657498717e-05,0.00041147900628857315,9.092113032238558e-05,0.9991697072982788,0.00028225331334397197,4,有漂浮物
01144.jpg,3,4,有漂浮物,4,有漂浮物,-6.1484375,-5.8359375,-3.61328125,-3.36328125,7.29296875,-5.70703125,1.4536196886183461e-06,1.9868623439833755e-06,1.8342356270295568e-05,2.3552052880404517e-05,0.9999524354934692,2.2602218905376503e-06,4,有漂浮物
01151.jpg,3,4,有漂浮物,4,有漂浮物,-6.5390625,-5.3203125,-3.765625,-3.4765625,6.890625,-5.2109375,1.4707258060298045e-06,4.975401225237874e-06,2.3551596314064227e-05,3.144550646538846e-05,0.9999330043792725,5.550461537495721e-06,4,有漂浮物
01152.jpg,3,4,有漂浮物,4,有漂浮物,-5.66796875,-4.34375,-3.853515625,-3.59765625,7.06640625,-4.9296875,2.9478430860763183e-06,1.1081672710133716e-05,1.8093032849719748e-05,2.3368438633042388e-05,0.9999382495880127,6.167879291751888e-06,4,有漂浮物
01156.jpg,3,4,有漂浮物,4,有漂浮物,-6.53125,-4.8359375,-3.78125,-3.33984375,7.0078125,-5.00390625,1.3183498595026322e-06,7.182828994700685e-06,2.0622461306629702e-05,3.206570181646384e-05,0.9999327659606934,6.072221822250867e-06,4,有漂浮物
01158.jpg,3,4,有漂浮物,4,有漂浮物,-6.3984375,-5.11328125,-3.80859375,-3.171875,7.20703125,-4.60546875,1.2336549843894318e-06,4.459949650481576e-06,1.644177064008545e-05,3.10793548123911e-05,0.9999394416809082,7.4108861554122996e-06,4,有漂浮物
01162.jpg,3,4,有漂浮物,4,有漂浮物,-5.421875,-6.08203125,-3.6875,-3.615234375,7.16015625,-5.12890625,3.4329814297962002e-06,1.7740638895702432e-06,1.944916402862873e-05,2.090670204779599e-05,0.9999498128890991,4.601571617968148e-06,4,有漂浮物
01166.jpg,3,4,有漂浮物,4,有漂浮物,-5.4765625,-5.0625,-3.29296875,-3.044921875,6.5703125,-4.73828125,5.8619934861781076e-06,8.868913027981762e-06,5.2043687901459634e-05,6.669502181466669e-05,0.9998542070388794,1.2265261830179952e-05,4,有漂浮物
01170.jpg,3,4,有漂浮物,4,有漂浮物,-5.7265625,-4.796875,-3.6015625,-3.83203125,7.08203125,-4.53125,2.7369851522962563e-06,6.9347461248980835e-06,2.2916494344826788e-05,1.819939279812388e-05,0.9999401569366455,9.044614671438467e-06,4,有漂浮物
01175.jpg,3,4,有漂浮物,4,有漂浮物,-5.34375,-3.9296875,-4.890625,-2.212890625,7.44140625,-2.85546875,2.8017318527417956e-06,1.1522483873704914e-05,4.4077428356104065e-06,6.414185190806165e-05,0.9998834133148193,3.373443178134039e-05,4,有漂浮物
01179.jpg,3,4,有漂浮物,4,有漂浮物,-5.4453125,-5.125,-5.2109375,-3.0546875,8.203125,-3.53125,1.1818109442174318e-06,1.6280132513202261e-06,1.4939488437448745e-06,1.2905748917546589e-05,0.9999748468399048,8.013361366465688e-06,4,有漂浮物
01184.jpg,3,4,有漂浮物,4,有漂浮物,-5.421875,-4.671875,-6.27734375,-2.091796875,7.83984375,-3.5859375,1.7397234159943764e-06,3.6829944747296395e-06,7.395283887490223e-07,4.860878107137978e-05,0.9999343156814575,1.0909823686233722e-05,4,有漂浮物
01188.jpg,3,4,有漂浮物,4,有漂浮物,-3.451171875,-4.0234375,-3.865234375,-2.337890625,6.2421875,-3.984375,6.166952516650781e-05,3.479676161077805e-05,4.07610677939374e-05,0.00018774246564134955,0.9996387958526611,3.618290429585613e-05,4,有漂浮物
01192.jpg,3,4,有漂浮物,4,有漂浮物,-3.67578125,-4.7890625,-3.953125,-1.56640625,7.10546875,-3.646484375,2.0780695194844157e-05,6.8260296757216565e-06,1.5747486031614244e-05,0.00017129708430729806,0.9997639060020447,2.13985113077797e-05,4,有漂浮物
01196.jpg,3,4,有漂浮物,4,有漂浮物,-2.32421875,-4.546875,-5.15625,-1.9873046875,6.48046875,-3.32421875,0.00014996211393736303,1.6244044672930613e-05,8.831734703562688e-06,0.00021003972506150603,0.9995597004890442,5.516797682503238e-05,4,有漂浮物
01198.jpg,3,4,有漂浮物,4,有漂浮物,-3.63671875,-4.83203125,-5.98828125,-3.005859375,7.45703125,-4.8984375,1.520624846307328e-05,4.601553428074112e-06,1.4479430774372304e-06,2.8575959731824696e-05,0.999945878982544,4.305906713852892e-06,4,有漂浮物
01202.jpg,3,4,有漂浮物,4,有漂浮物,-4.1953125,-4.5703125,-5.21875,-1.751953125,7.41796875,-3.66796875,9.043907084560487e-06,6.215780103957513e-06,3.249996098020347e-06,0.00010411026596557349,0.9998619556427002,1.5324227206292562e-05,4,有漂浮物
01206.jpg,3,4,有漂浮物,4,有漂浮物,-3.849609375,-3.10546875,-5.1015625,-1.5634765625,7.18359375,-3.109375,1.6152256648638286e-05,3.399455817998387e-05,4.618669663614128e-06,0.00015888690541032702,0.9997524619102478,3.386202661204152e-05,4,有漂浮物
01212.jpg,3,4,有漂浮物,4,有漂浮物,-5.40625,-3.484375,-7.97265625,-3.603515625,7.92578125,-3.80078125,1.6216571339100483e-06,1.1082015589636285e-05,1.2456123954507348e-07,9.837315701588523e-06,0.9999692440032959,8.076166523096617e-06,4,有漂浮物
01218.jpg,3,4,有漂浮物,4,有漂浮物,-7.453125,-5.73046875,-7.875,-3.572265625,8.2890625,-5.1640625,1.4562994010702823e-07,8.154377155733528e-07,9.550645074796194e-08,7.058079063426703e-06,0.9999904632568359,1.4367390122060897e-06,4,有漂浮物
01224.jpg,3,4,有漂浮物,4,有漂浮物,-4.984375,-6.30859375,-2.9921875,-4.453125,5.74609375,-5.6796875,2.186321944463998e-05,5.815850272483658e-06,0.00016029136895667762,3.719058804563247e-05,0.9997639060020447,1.0907964679063298e-05,4,有漂浮物
01231.jpg,3,4,有漂浮物,4,有漂浮物,-6.22265625,-6.15234375,-4.11328125,-4.203125,6.109375,-5.41015625,4.407866072142497e-06,4.728950443677604e-06,3.63344261131715e-05,3.321235635667108e-05,0.9999114274978638,9.933280125551391e-06,4,有漂浮物
01233.jpg,3,4,有漂浮物,4,有漂浮物,-5.11328125,-6.18359375,-3.501953125,-4.3671875,6.0,-5.24609375,1.491086368332617e-05,5.1129550229234155e-06,7.469537376891822e-05,3.144323272863403e-05,0.9998607635498047,1.3056388525001239e-05,4,有漂浮物
01238.jpg,3,4,有漂浮物,4,有漂浮物,-6.34765625,-4.41796875,-3.931640625,-2.56640625,6.1796875,-4.8984375,3.6252492918720236e-06,2.496838897059206e-05,4.0606926631880924e-05,0.00015904275642242283,0.9997562766075134,1.544278347864747e-05,4,有漂浮物
01242.jpg,3,4,有漂浮物,4,有漂浮物,-4.7421875,-3.74609375,-3.34765625,-4.46484375,4.796875,-3.982421875,7.192631892394274e-05,0.00019475376757327467,0.0002900848921854049,9.491541277384385e-05,0.9991945624351501,0.00015376230294350535,4,有漂浮物
02046.jpg,3,3,乱占,3,乱占,-2.70703125,-3.7109375,-2.173828125,4.1328125,-0.96923828125,-3.53515625,0.0010598435765132308,0.0003883745812345296,0.001806379179470241,0.9902575016021729,0.006024980451911688,0.00046301132533699274,3,乱占
02051.jpg,3,3,乱占,3,乱占,-1.7333984375,-4.93359375,-3.421875,7.91796875,-3.455078125,-1.92578125,6.432832742575556e-05,2.6216523565381067e-06,1.1887928849318996e-05,0.99985671043396,1.1499693755467888e-05,5.3070289141032845e-05,3,乱占
02052.jpg,3,0,乱采,0,乱采,5.03125,-6.56640625,0.155517578125,-2.15234375,-0.35986328125,-3.8046875,0.9870694875717163,9.068796316569205e-06,0.007530850358307362,0.0007491221185773611,0.004497974645346403,0.0001435320300515741,0,乱采
02058.jpg,3,3,乱占,3,乱占,-3.822265625,-5.9140625,-3.044921875,2.853515625,-0.6298828125,-1.9990234375,0.0012094760313630104,0.00014932807243894786,0.002631439594551921,0.9590743184089661,0.029446354135870934,0.0074889566749334335,3,乱占
02062.jpg,3,3,乱占,4,有漂浮物,-4.21484375,-0.408447265625,-3.685546875,1.00390625,2.76171875,-1.86328125,0.0007609652238897979,0.03423432633280754,0.0012919196160510182,0.14055266976356506,0.8151684999465942,0.007991630584001541,4,有漂浮物
02066.jpg,3,0,乱采,0,乱采,5.03515625,-4.83203125,-1.64453125,-1.705078125,-1.767578125,-3.076171875,0.9961137771606445,5.164685353520326e-05,0.001251288689672947,0.0011777750914916396,0.0011064172722399235,0.0002989536733366549,0,乱采
02070.jpg,3,0,乱采,0,乱采,6.1328125,-5.08984375,-2.83984375,1.763671875,-2.958984375,-3.080078125,0.9871525168418884,1.3196129657444544e-05,0.000125201404443942,0.012499441392719746,0.00011113914661109447,9.846382454270497e-05,0,乱采
02074.jpg,3,3,乱占,3,乱占,-6.609375,-4.38671875,-4.671875,3.845703125,1.4287109375,-4.390625,2.6424761017551646e-05,0.00024394865613430738,0.00018342419934924692,0.917474091053009,0.08182904124259949,0.000242997586610727,3,乱占
02078.jpg,3,3,乱占,3,乱占,-2.23046875,-8.4375,-5.81640625,4.3046875,0.44189453125,-4.34765625,0.0014193140668794513,2.8602178190340055e-06,3.933015250368044e-05,0.9778242707252502,0.02054334431886673,0.00017084239516407251,3,乱占
02082.jpg,3,3,乱占,3,乱占,-6.04296875,-4.3125,-4.4453125,3.74609375,1.56640625,-2.119140625,5.0208942411700264e-05,0.00028334406670182943,0.00024810436298139393,0.8956058621406555,0.10127229988574982,0.0025402591563761234,3,乱占
02084.jpg,3,3,乱占,3,乱占,-3.359375,-3.421875,-0.062103271484375,4.703125,-1.796875,-3.255859375,0.00031171375303529203,0.0002928279573097825,0.008428356610238552,0.9891342520713806,0.0014871031744405627,0.00034571022843010724,3,乱占
02089.jpg,3,3,乱占,4,有漂浮物,-2.4375,-1.6181640625,-5.46875,1.22265625,2.8125,-3.775390625,0.004291600082069635,0.009737608954310417,0.00020709235104732215,0.16680340468883514,0.817834198474884,0.0011261097388342023,4,有漂浮物
02093.jpg,3,0,乱采,0,乱采,1.7080078125,-3.255859375,-1.1630859375,-0.39697265625,-1.419921875,-2.53125,0.8040540218353271,0.00561700901016593,0.045539163053035736,0.09797241538763046,0.035224322229623795,0.011593082919716835,0,乱采
02097.jpg,3,2,乱堆,2,乱堆,-3.333984375,-4.8125,6.48046875,-2.177734375,-1.5625,-1.03515625,5.45954899280332e-05,1.244645409315126e-05,0.9988945126533508,0.00017350412963423878,0.000320998253300786,0.0005439076921902597,2,乱堆
02103.jpg,3,2,乱堆,2,乱堆,-3.265625,-6.34765625,5.03125,-1.5185546875,-1.908203125,0.08203125,0.000246887793764472,1.1323753824399319e-05,0.990345299243927,0.0014165849424898624,0.000959445838816464,0.007020503748208284,2,乱堆
02107.jpg,3,2,乱堆,2,乱堆,-1.7646484375,-5.85546875,5.6640625,-1.7001953125,-2.64453125,0.423095703125,0.0005899533862248063,9.867269909591414e-06,0.9932667016983032,0.0006292298785410821,0.0002447312872391194,0.005259481258690357,2,乱堆
02109.jpg,3,2,乱堆,2,乱堆,-3.083984375,-5.2890625,5.83203125,-2.435546875,-2.41015625,0.5380859375,0.00013346245395950973,1.4713154996570665e-05,0.994341254234314,0.0002552536316215992,0.00026181762223131955,0.004993490409106016,2,乱堆
02113.jpg,3,3,乱占,3,乱占,-2.2890625,-4.27734375,-3.962890625,7.14453125,-2.974609375,-3.28125,7.997714419616386e-05,1.0951316653518006e-05,1.499793870607391e-05,0.9998241066932678,4.029365300084464e-05,2.965270687127486e-05,3,乱占
02117.jpg,3,3,乱占,3,乱占,-2.02734375,-5.03125,-4.11328125,6.0234375,-0.440185546875,-3.123046875,0.0003182035870850086,1.5780660760356113e-05,3.9517904951935634e-05,0.9979641437530518,0.0015559624880552292,0.00010637687228154391,3,乱占
02122.jpg,3,2,乱堆,2,乱堆,-1.7666015625,-6.8671875,-0.295654296875,-1.7138671875,-0.7255859375,-3.3046875,0.10570284724235535,0.0006440659635700285,0.4601622223854065,0.11142661422491074,0.2993601858615875,0.02270410768687725,2,乱堆
02126.jpg,3,0,乱采,0,乱采,3.171875,-5.1875,-0.5029296875,-4.17578125,-0.74755859375,-3.22265625,0.9544209241867065,0.00022351645748130977,0.024198729544878006,0.0006147426902316511,0.018947485834360123,0.0015945213381201029,0,乱采
02128.jpg,3,3,乱占,3,乱占,-4.6796875,-4.12109375,-2.173828125,2.990234375,0.03753662109375,-3.474609375,0.00043992578866891563,0.0007690836791880429,0.005390888080000877,0.9427231550216675,0.04920892044901848,0.0014680410968139768,3,乱占
02133.jpg,3,3,乱占,3,乱占,-3.39453125,-2.8671875,-2.416015625,6.2421875,-2.212890625,-2.77734375,6.52423404972069e-05,0.00011054828064516187,0.00017357751494273543,0.9993170499801636,0.00021267161355353892,0.00012094018893549219,3,乱占
02137.jpg,3,3,乱占,3,乱占,-2.876953125,-6.44921875,-5.62890625,4.0625,0.367431640625,-3.638671875,0.0009439214481972158,2.65167673205724e-05,6.022513480274938e-05,0.9743209481239319,0.024207739159464836,0.0004406822845339775,3,乱占
02141.jpg,3,2,乱堆,2,乱堆,-3.693359375,-4.29296875,5.9765625,-5.0234375,0.548828125,-3.03125,6.286372808972374e-05,3.4513825085014105e-05,0.9953913688659668,1.66247282322729e-05,0.004372791387140751,0.00012188509572297335,2,乱堆
02145.jpg,3,3,乱占,3,乱占,-3.81640625,-3.220703125,0.1962890625,4.94140625,-1.6240234375,-1.5126953125,0.0001553455658722669,0.00028184440452605486,0.008589942939579487,0.9880262613296509,0.0013913570437580347,0.0015552055556327105,3,乱占
02149.jpg,3,3,乱占,3,乱占,-2.46484375,-3.361328125,-1.529296875,5.21875,-1.138671875,-2.517578125,0.00045848748413845897,0.000187063604244031,0.0011685043573379517,0.9960241317749023,0.0017269374802708626,0.0004349358787294477,3,乱占
02489.jpg,3,1,乱建,4,有漂浮物,-5.234375,0.298828125,-2.806640625,-0.286376953125,1.9609375,-1.841796875,0.0005652629770338535,0.14298489689826965,0.0064062257297337055,0.07964138686656952,0.753589928150177,0.01681235432624817,4,有漂浮物
