filename,relative_path,split,label,frame_id,sequence_id,sequence_id_method,width,height,declared_width,declared_height,sha256,difference_hash,image_ok,size_mismatch,duplicate_group,training_use,training_exclusion_reason,review_status
00062.jpg,初赛测试集/00062.jpg,test,,62,file_block_0001,filename_contiguous_block_provisional,1706,1279,,,52a7aca1f88238e33b0269019eb66c4b621a8df2012c2f6c61c445f367f91878,1bdfd8cbcf4b6961,True,False,,,,unlabeled
00167.jpg,初赛测试集/00167.jpg,test,,167,file_block_0001,filename_contiguous_block_provisional,4080,3060,,,092c22e80e393b93ea281ff1168f92ff063572a0b483097bebb6346d5acbb8e8,f0345d3f40e0acae,True,False,,,,unlabeled
00234.jpg,初赛测试集/00234.jpg,test,,234,file_block_0001,filename_contiguous_block_provisional,1706,1279,,,3eb7a34756c94ce6f6f9399aaa87968c070b3fd6cfd313a276e5c8f84d54e143,303a3efdfbf3f1f1,True,False,,,,unlabeled
00235.jpg,初赛测试集/00235.jpg,test,,235,file_block_0001,filename_contiguous_block_provisional,1706,1279,,,04c688fc17c1dfefd9a627aed78971b5f70ac42c3fb8fe4b8ba9b8edbf7904a4,692cee7b4a90d1eb,True,False,,,,unlabeled
00236.jpg,初赛测试集/00236.jpg,test,,236,file_block_0001,filename_contiguous_block_provisional,1706,1279,,,58600dced8a4e89f691449ee89b14d46fcfafa0cfa50afc67e509be5793de097,b338242590d2c4c3,True,False,,,,unlabeled
00237.jpg,初赛测试集/00237.jpg,test,,237,file_block_0001,filename_contiguous_block_provisional,1706,1279,,,3fd1a32711bb47f1a66879858a54765be0d17c3d0e3c8e1cf77340aa4e71c6cd,5b03171f47040e0b,True,False,,,,unlabeled
00238.jpg,初赛测试集/00238.jpg,test,,238,file_block_0001,filename_contiguous_block_provisional,1706,1279,,,72f278e203219b6f09fd06a1a18a9e60295c546c04151ad33e1617e29ba33743,3ad08cc646c180a0,True,False,dup_0000,,,unlabeled
00239.jpg,初赛测试集/00239.jpg,test,,239,file_block_0001,filename_contiguous_block_provisional,1706,1279,,,72f278e203219b6f09fd06a1a18a9e60295c546c04151ad33e1617e29ba33743,3ad08cc646c180a0,True,False,dup_0000,,,unlabeled
00240.jpg,初赛测试集/00240.jpg,test,,240,file_block_0001,filename_contiguous_block_provisional,4080,3060,,,4af19e51c6ad208122151e900d54eeebb862e200a8ce5708434130170f2f9fdc,1f7ff76c60283010,True,False,,,,unlabeled
00241.jpg,初赛测试集/00241.jpg,test,,241,file_block_0001,filename_contiguous_block_provisional,1706,1279,,,1954f26fb1537f055357639cfd272f45936296adee0f7b21e2aec1af24eb45bc,0f8e86d35bd9981c,True,False,,,,unlabeled
00242.jpg,初赛测试集/00242.jpg,test,,242,file_block_0001,filename_contiguous_block_provisional,1706,1279,,,778c337739f938263b3861c176239f2960c11eab9034da3804a241ebbd849710,f8fbb9e08111a23e,True,False,,,,unlabeled
00243.jpg,初赛测试集/00243.jpg,test,,243,file_block_0001,filename_contiguous_block_provisional,1706,1279,,,ae9266c02498212653e5e88681c0b7dc44898613ded913de5a5e944de4075ef5,181f1f9bd0e46662,True,False,,,,unlabeled
00244.jpg,初赛测试集/00244.jpg,test,,244,file_block_0001,filename_contiguous_block_provisional,1706,1279,,,e3535bba39249449a77edfa55184cc2582185ac4bfc4277892c0c0cd69e49e2f,975f84263770f0ec,True,False,,,,unlabeled
00245.jpg,初赛测试集/00245.jpg,test,,245,file_block_0001,filename_contiguous_block_provisional,1706,1279,,,496f6404080182bac1e4cb476182043bd0d67402227fb2b2298665b417000087,00c0c70c8e83838e,True,False,,,,unlabeled
00246.jpg,初赛测试集/00246.jpg,test,,246,file_block_0001,filename_contiguous_block_provisional,4080,3060,,,8b33716943956115512f1778648e3d62e92eb724a3d19462101e25aa17dee24e,1f812101080e0300,True,False,,,,unlabeled
00247.jpg,初赛测试集/00247.jpg,test,,247,file_block_0001,filename_contiguous_block_provisional,4080,3060,,,cd04ed12acf714f8d71788adfb6bb222605c5481631a4e4f556c168536921aa6,00c3c7e7c7e3b1a3,True,False,,,,unlabeled
00248.jpg,初赛测试集/00248.jpg,test,,248,file_block_0001,filename_contiguous_block_provisional,4080,3060,,,ecc280b5dd445b6999549ccd4e1bf81d1858c5016401bd98f3e9ce6e4511bec7,c0c0e080902c2070,True,False,,,,unlabeled
00249.jpg,初赛测试集/00249.jpg,test,,249,file_block_0001,filename_contiguous_block_provisional,4080,3060,,,280daaa522280b55c1ddaba7a127789da173a0795c92d1b8c8a28ed60aa1fb6b,debcd898f87c3a49,True,False,,,,unlabeled
00250.jpg,初赛测试集/00250.jpg,test,,250,file_block_0001,filename_contiguous_block_provisional,1706,1279,,,0140a86638b656d48d1ffac50eec5c15565c39f52048ecbe59ed96d0ff86ec65,fb7f78293d34353d,True,False,,,,unlabeled
00251.jpg,初赛测试集/00251.jpg,test,,251,file_block_0001,filename_contiguous_block_provisional,1706,1279,,,d509c4b3f72d7f81ac52a5d863112748bcd54501f07291ffc63bcbb3f8611f8f,cffea7e4e6efc753,True,False,,,,unlabeled
00252.jpg,初赛测试集/00252.jpg,test,,252,file_block_0001,filename_contiguous_block_provisional,1706,1280,,,818419701c35623c1ac409df49ea451fc89d2bec2dfb721caaad1480b48050ae,78654f597979782c,True,False,,,,unlabeled
00253.jpg,初赛测试集/00253.jpg,test,,253,file_block_0001,filename_contiguous_block_provisional,1706,1279,,,ba3b61d0148151c951b0b5bccc3ba0372205f6a52ceb35b424b923d4ed7ad024,71696fbfba3b9f8b,True,False,,,,unlabeled
00254.jpg,初赛测试集/00254.jpg,test,,254,file_block_0001,filename_contiguous_block_provisional,1706,1279,,,875f004f5747edd400b561c1f7c3f13800bcd4bf8060ffc5773b837d3666a3d7,998cd84c4c647c79,True,False,,,,unlabeled
00255.jpg,初赛测试集/00255.jpg,test,,255,file_block_0001,filename_contiguous_block_provisional,1706,1279,,,518d6e1a594f5714132733d6bec147472adce45ec0c155869989c781b1743f1b,f0faecfcfc5939e3,True,False,,,,unlabeled
00256.jpg,初赛测试集/00256.jpg,test,,256,file_block_0001,filename_contiguous_block_provisional,1706,1280,,,8967a85e94c1b9121833a93efdb217d4bcf76b768984042d4d892f0526a5123f,1edaf63e17161a39,True,False,,,,unlabeled
00257.jpg,初赛测试集/00257.jpg,test,,257,file_block_0001,filename_contiguous_block_provisional,1706,1279,,,778eb251367ef7a6ba8c4e2b71d886a56a4b06b3c6538f0f86e7e91460adbc1a,c6e0bcf7f1f3e397,True,False,,,,unlabeled
00258.jpg,初赛测试集/00258.jpg,test,,258,file_block_0001,filename_contiguous_block_provisional,1706,1279,,,6eda36e2cdeb3a84b6333d5e8c6112aac398f95ebca6e05c6ac343a629818378,0f0f0f0f9f97c7c7,True,False,,,,unlabeled
00259.jpg,初赛测试集/00259.jpg,test,,259,file_block_0001,filename_contiguous_block_provisional,1706,1279,,,58878633c1c838b6012f3a3758134fec515d1d0c6eedb2cf0f5fbfa6cf962790,e5f1f8e0c0404070,True,False,,,,unlabeled
00260.jpg,初赛测试集/00260.jpg,test,,260,file_block_0001,filename_contiguous_block_provisional,1706,1279,,,584c7fd1bd140d5302a975941423f0eb50513d57f5da8c500afb781368e68594,e7e3c2c2e78e1c3e,True,False,,,,unlabeled
00261.jpg,初赛测试集/00261.jpg,test,,261,file_block_0001,filename_contiguous_block_provisional,1706,1279,,,f1ac53b9a7869777a862fda6d4cb5d45dfbd077d72c9289f3b360c2d1cac4cfc,83eb6ae611618d1d,True,False,,,,unlabeled
00262.jpg,初赛测试集/00262.jpg,test,,262,file_block_0001,filename_contiguous_block_provisional,1706,1279,,,01bd6d85d4742e6a00aa30bb5389c8fa677336af5469bb649657db12adcf4fde,1c8f07c1896babc9,True,False,,,,unlabeled
00263.jpg,初赛测试集/00263.jpg,test,,263,file_block_0001,filename_contiguous_block_provisional,1706,1279,,,4ac9c00716ab10110ec67cefd69e533b2d31bb6f73b77840a791341b762d7ac7,17d77f7228e48404,True,False,,,,unlabeled
00264.jpg,初赛测试集/00264.jpg,test,,264,file_block_0001,filename_contiguous_block_provisional,1706,1279,,,94878d8fa38e578d120735ad94e5a75f68da43959243609658d44cea2600d614,0e6e7fdef67e7c4c,True,False,,,,unlabeled
00265.jpg,初赛测试集/00265.jpg,test,,265,file_block_0001,filename_contiguous_block_provisional,1706,1279,,,a5ac4c27676a57b3331a49a3730f9513bd687f24e23d2b9fd75af8392d7504f4,1f19236265171695,True,False,,,,unlabeled
00266.jpg,初赛测试集/00266.jpg,test,,266,file_block_0001,filename_contiguous_block_provisional,1706,1279,,,79460dd4bfc3d3f64256ed9b20a914ab627d5a456b93209fd7d427de9e176d79,1c1c1838fedef9f1,True,False,,,,unlabeled
00267.jpg,初赛测试集/00267.jpg,test,,267,file_block_0001,filename_contiguous_block_provisional,1706,1279,,,a727d9341bc9a0a11c7580eb6d77a61edecb5d588b6f48c57aa590f9e3a5ba4c,0b0b82b08b939090,True,False,,,,unlabeled
00268.jpg,初赛测试集/00268.jpg,test,,268,file_block_0001,filename_contiguous_block_provisional,1706,1279,,,9b02bdc3d466825f87414f58b58b7e08af7d4abf90adf33f93b791984bd27d76,41c1c1c1a1a0a0a0,True,False,,,,unlabeled
00269.jpg,初赛测试集/00269.jpg,test,,269,file_block_0001,filename_contiguous_block_provisional,1706,1279,,,e348a9316eae315f64574246d0c9480f42a1f4763c85bf40e3a78a2fd4173822,1f3c3d12994c5790,True,False,,,,unlabeled
00270.jpg,初赛测试集/00270.jpg,test,,270,file_block_0001,filename_contiguous_block_provisional,1706,1279,,,4ef487015ace0f76545d43f9d167e3338937e790c350b3ef31d69c119c53d335,2faa6bc78383e3d0,True,False,,,,unlabeled
00271.jpg,初赛测试集/00271.jpg,test,,271,file_block_0001,filename_contiguous_block_provisional,1706,1279,,,52bf77cbe351c9ec4462f3f3d7b4eb1e7bfb7ba75b6551a4a80a6119f99c7b2c,18fef7d3e6e37621,True,False,,,,unlabeled
00272.jpg,初赛测试集/00272.jpg,test,,272,file_block_0001,filename_contiguous_block_provisional,1706,1279,,,bc83d2d3a14b4657afd0545ad78489d79dab669eb03008decc4bee1360f44669,0612070f0e62f2e2,True,False,,,,unlabeled
00273.jpg,初赛测试集/00273.jpg,test,,273,file_block_0001,filename_contiguous_block_provisional,1706,1279,,,fd6c9410d370687ec39e3c4fc8a67943099e3663b1fff72ca6630a5f3013b29a,74260743470103b3,True,False,,,,unlabeled
00274.jpg,初赛测试集/00274.jpg,test,,274,file_block_0001,filename_contiguous_block_provisional,1706,1279,,,938fbfe0c1f37f928fb98a3abdebd5ceed1d3d05b6247c7f43249e712048af7b,0fdfe7e6e6eedfe7,True,False,,,,unlabeled
00275.jpg,初赛测试集/00275.jpg,test,,275,file_block_0001,filename_contiguous_block_provisional,1706,1279,,,c0a3845b59b309ccf344c1ac3565b27b3f2aff0d5ba5b895d83f1d32a2587c8b,791b8183816361e0,True,False,,,,unlabeled
00276.jpg,初赛测试集/00276.jpg,test,,276,file_block_0001,filename_contiguous_block_provisional,1706,1279,,,125a04fbaffd713aea3a0d2b6ecca0562ad923b958c4c976af349907ee66a70b,a83ba3e8cfceccec,True,False,dup_0001,,,unlabeled
00277.jpg,初赛测试集/00277.jpg,test,,277,file_block_0001,filename_contiguous_block_provisional,1706,1279,,,c70fc2b14fbd1f75318b2b338fded50afeffde213d09937c5d183d90eb95f6ea,163607070560a0e4,True,False,,,,unlabeled
00278.jpg,初赛测试集/00278.jpg,test,,278,file_block_0001,filename_contiguous_block_provisional,1706,1279,,,125a04fbaffd713aea3a0d2b6ecca0562ad923b958c4c976af349907ee66a70b,a83ba3e8cfceccec,True,False,dup_0001,,,unlabeled
00279.jpg,初赛测试集/00279.jpg,test,,279,file_block_0001,filename_contiguous_block_provisional,1279,1706,,,44bed14ef7a6453a87eae0020ec8c94c0953c5535b2bc30c93d29bc8830ce2d7,000660f0d0d0f8b1,True,False,,,,unlabeled
00280.jpg,初赛测试集/00280.jpg,test,,280,file_block_0001,filename_contiguous_block_provisional,1706,1279,,,6951226c438f87299423a0eb6948f511756bd99a538b5b87b5402699719cbd1c,8687f8faf2c2c6c6,True,False,,,,unlabeled
00281.jpg,初赛测试集/00281.jpg,test,,281,file_block_0001,filename_contiguous_block_provisional,1706,1279,,,27f7526f1fc52c5d9705fbdee18e4eecdfb445250003d4c586e53808701c99c7,cf4eddfdf5f5e1e1,True,False,,,,unlabeled
00282.jpg,初赛测试集/00282.jpg,test,,282,file_block_0001,filename_contiguous_block_provisional,1920,1080,,,d513c9cc469be70b0957f00a24e944492dc09ab22e7729e547f6b0a40c19dc22,1d0f6cedf3c39b51,True,False,,,,unlabeled
00283.jpg,初赛测试集/00283.jpg,test,,283,file_block_0001,filename_contiguous_block_provisional,1920,1080,,,5b5404697378b69549f8b490150e443bc2331f1251c91564d6083be9a7d74faf,f833f1e9fbb9b8fc,True,False,,,,unlabeled
00284.jpg,初赛测试集/00284.jpg,test,,284,file_block_0001,filename_contiguous_block_provisional,1920,1080,,,5120f6b8c88a8208e2c9839e1ac8c1a6f68251ad34f94d1ba3505be190c3386a,f96ee4f6e4f0acbc,True,False,,,,unlabeled
00285.jpg,初赛测试集/00285.jpg,test,,285,file_block_0001,filename_contiguous_block_provisional,1706,1279,,,364e1d9d564a4dfa1c011172026b6c40d1130fe4673cd66fd0b0e7a5a8917ba6,c846434387bce8e0,True,False,,,,unlabeled
00286.jpg,初赛测试集/00286.jpg,test,,286,file_block_0001,filename_contiguous_block_provisional,1706,1279,,,6f84cb3fadf6cecbbfcf5fd8943d28303ce9d31c674247115fee6dbe3ceeefad,a1b1f87839644c04,True,False,,,,unlabeled
00287.jpg,初赛测试集/00287.jpg,test,,287,file_block_0001,filename_contiguous_block_provisional,1706,1279,,,597e8c1b1bd122d906920fa8c3a2c8c0227fd886ff0ec1814f86eab5e9bc6b3e,b078f97934640607,True,False,,,,unlabeled
00288.jpg,初赛测试集/00288.jpg,test,,288,file_block_0001,filename_contiguous_block_provisional,1706,1279,,,03ebc35ff23512292d78ceb77b57ec7a2a15b2dcc693ea850e737cea0378ddba,2e2d2b71c4766d65,True,False,,,,unlabeled
00289.jpg,初赛测试集/00289.jpg,test,,289,file_block_0001,filename_contiguous_block_provisional,1706,1279,,,1a0be57ffa255f8d63225de9cbc438904b30e7e95609e70b749c6b875cce5add,1a074f4292113666,True,False,,,,unlabeled
00290.jpg,初赛测试集/00290.jpg,test,,290,file_block_0001,filename_contiguous_block_provisional,1706,1279,,,06d9fc57a10e61e2d30ce581442c90a778c6193dbb87905cd70a2f024ff5a222,07e363e303061616,True,False,,,,unlabeled
00291.jpg,初赛测试集/00291.jpg,test,,291,file_block_0001,filename_contiguous_block_provisional,1706,1279,,,d0698fd0d08fd03dc398a0313b9e86ae093401188731d8cca04d53969b3db63c,1d0f0e6ccc163626,True,False,,,,unlabeled
00292.jpg,初赛测试集/00292.jpg,test,,292,file_block_0001,filename_contiguous_block_provisional,1706,1279,,,c06ba3edcf6abe22f765545d92b888e4c08b0a5fef6ca00063c36661698cc922,7fffdd9d99c8e8f8,True,False,,,,unlabeled
00293.jpg,初赛测试集/00293.jpg,test,,293,file_block_0001,filename_contiguous_block_provisional,1706,1279,,,8cbb86835b6468eeb6cf128b33031cd862d12047464ed65bcd02780430bb2ff4,7eff9d9999c8e0f8,True,False,,,,unlabeled
00294.jpg,初赛测试集/00294.jpg,test,,294,file_block_0001,filename_contiguous_block_provisional,1706,1279,,,6beb8764739a7cbc8d31e6d8ea1d9587e70a0270ccf8c5538070b560d0f768ed,1f9b5ff2faf8f3f3,True,False,,,,unlabeled
00295.jpg,初赛测试集/00295.jpg,test,,295,file_block_0001,filename_contiguous_block_provisional,1706,1279,,,b943a5a9f1f236cd39da93605aafc72a11cfab1713038341a152d02500d54356,c3c3079f9f87c791,True,False,,,,unlabeled
00296.jpg,初赛测试集/00296.jpg,test,,296,file_block_0001,filename_contiguous_block_provisional,1706,1279,,,784ee94ef675f093ca53a49b0431fe2255d5b2e6b7299f46b376aa0f86f6346e,8f0e2d61e0c4e4c0,True,False,,,,unlabeled
00297.jpg,初赛测试集/00297.jpg,test,,297,file_block_0001,filename_contiguous_block_provisional,1706,1279,,,a54c574335af7d5c6a5bd8c3d85ffaf43cebfaadf0ce4100d0dcd7a71f919af9,9e3df947707de9ec,True,False,,,,unlabeled
00298.jpg,初赛测试集/00298.jpg,test,,298,file_block_0001,filename_contiguous_block_provisional,1706,1279,,,785f66cdfc48734a307f5ade8432f01cb90d37f268e6e43a9f8463ef143565ef,7ffde2f3c7ce5c18,True,False,,,,unlabeled
00299.jpg,初赛测试集/00299.jpg,test,,299,file_block_0001,filename_contiguous_block_provisional,1706,1279,,,fe5cd8479a169d5b428b485768d80539562774f8ce00993aa5eaf55e18a85162,c3cf9a16f6f762e2,True,False,,,,unlabeled
00300.jpg,初赛测试集/00300.jpg,test,,300,file_block_0001,filename_contiguous_block_provisional,1706,1279,,,b8811deb97110f447f49831aab6230cf205e7018cfb5ee7ed9bd8cb6f0d47993,006c3e0260b293d9,True,False,,,,unlabeled
00301.jpg,初赛测试集/00301.jpg,test,,301,file_block_0001,filename_contiguous_block_provisional,1706,1279,,,a1bf432e6b9c1d843cc0e3f5bac7db9bbe34e0073ff28e952f2196843ac8fb57,fb5b2b6999191838,True,False,,,,unlabeled
00302.jpg,初赛测试集/00302.jpg,test,,302,file_block_0001,filename_contiguous_block_provisional,1706,1279,,,355c53608032b0c70fe99bc2d40038cace1592c3e0bb67d9f005ddd8a8d1f807,2f9f5250e0a60606,True,False,,,,unlabeled
00303.jpg,初赛测试集/00303.jpg,test,,303,file_block_0001,filename_contiguous_block_provisional,1279,1706,,,e42b4ce745ea43963e1f29a19d519eb689ff00d732866ac88c18e23d6d2b6313,1e2e3674dcdcdf3f,True,False,,,,unlabeled
00304.jpg,初赛测试集/00304.jpg,test,,304,file_block_0001,filename_contiguous_block_provisional,1279,1706,,,9b3ecd796239d690f75d70298e570a852e58f715bdcd41e98ff65ee66a28ce17,dddcc13870e97ffc,True,False,,,,unlabeled
00305.jpg,初赛测试集/00305.jpg,test,,305,file_block_0001,filename_contiguous_block_provisional,1706,1279,,,0fbcbc83ac8d7a266c1914895bd4c408ef759a5065f3cdd8395dc69d06ced14d,0f2f2f1f3f7afcf8,True,False,,,,unlabeled
00306.jpg,初赛测试集/00306.jpg,test,,306,file_block_0001,filename_contiguous_block_provisional,1706,1279,,,11a6b56f6fd3fe0a472afd13f0fbd6e3290940cf53cc888d364cd62abb546fba,799f0f2931342e3e,True,False,,,,unlabeled
00307.jpg,初赛测试集/00307.jpg,test,,307,file_block_0001,filename_contiguous_block_provisional,1706,1279,,,c4e404470b95894d115a3d4dec7c8e5627828d7b54e343c4b55f7fa6ef9d72a3,bf3f3f3fa7277ffc,True,False,dup_0002,,,unlabeled
00308.jpg,初赛测试集/00308.jpg,test,,308,file_block_0001,filename_contiguous_block_provisional,1706,1279,,,62f4c9aa0db71b7802745c35ca87c9bb1aa177dbaa59e381a172268651e1424b,9f3f3f3fb6273b78,True,False,,,,unlabeled
00309.jpg,初赛测试集/00309.jpg,test,,309,file_block_0001,filename_contiguous_block_provisional,1706,1279,,,c4e404470b95894d115a3d4dec7c8e5627828d7b54e343c4b55f7fa6ef9d72a3,bf3f3f3fa7277ffc,True,False,dup_0002,,,unlabeled
00310.jpg,初赛测试集/00310.jpg,test,,310,file_block_0001,filename_contiguous_block_provisional,1706,1279,,,82d73a114c4aeb2e1383c08f845bc9babda04242b438e9fa7fe4633a1f4a6f62,dbbbb6608861c3c3,True,False,,,,unlabeled
00311.jpg,初赛测试集/00311.jpg,test,,311,file_block_0001,filename_contiguous_block_provisional,1706,1279,,,ab2c4fee8327f258b7fbaf82e14e2c9bcc9b6944af23c210ae9b6b9cf8f9a29d,bffcf4f0309e8f8b,True,False,,,,unlabeled
00312.jpg,初赛测试集/00312.jpg,test,,312,file_block_0001,filename_contiguous_block_provisional,1706,1279,,,34520b8f6f1f354510953bd8be90eb6e569b2b491f526fc368901b91287f9d68,2727376672b232e2,True,False,,,,unlabeled
00313.jpg,初赛测试集/00313.jpg,test,,313,file_block_0001,filename_contiguous_block_provisional,1706,1279,,,350fb64a027bf7e778eebcde96628407418abc36ee2ed99208df454f22036197,9bd99b038327e9f1,True,False,,,,unlabeled
00314.jpg,初赛测试集/00314.jpg,test,,314,file_block_0001,filename_contiguous_block_provisional,1706,1279,,,5872969d2fa3ef8d8fbfaed61bddac58ab79a512a2c82f38eb012719a887b45e,1b27c587173d6569,True,False,,,,unlabeled
00315.jpg,初赛测试集/00315.jpg,test,,315,file_block_0001,filename_contiguous_block_provisional,1706,1279,,,0123ad712090f0a3f095b702aa37e452569485a032ee66b86e1aabdf069646ce,df6171544cc6c1e4,True,False,,,,unlabeled
00316.jpg,初赛测试集/00316.jpg,test,,316,file_block_0001,filename_contiguous_block_provisional,1279,1706,,,1e56beb642b757e4c1e474028c550a5431b58ee14dc32b0ff0d76c8362e84fe1,0100c92180c80485,True,False,,,,unlabeled
00317.jpg,初赛测试集/00317.jpg,test,,317,file_block_0001,filename_contiguous_block_provisional,1706,1279,,,d5623dda4ad6e77d46206bd456b38cc3ea9fa144c2cd7e8eb544879cfefed54d,93b8786fb393f3e4,True,False,,,,unlabeled
00318.jpg,初赛测试集/00318.jpg,test,,318,file_block_0001,filename_contiguous_block_provisional,1706,1279,,,02d5b76a7e541e006e8546c0e79bb173077c3337590fbd13594a5f71c55a1cbc,40d04247c393a8a2,True,False,,,,unlabeled
00319.jpg,初赛测试集/00319.jpg,test,,319,file_block_0001,filename_contiguous_block_provisional,1706,1279,,,3728ed4cc311b82e0294bf945f36697a0f1609b234b054f9c31c69d6f90a5bac,e7e3754e1b3971c0,True,False,,,,unlabeled
00320.jpg,初赛测试集/00320.jpg,test,,320,file_block_0001,filename_contiguous_block_provisional,1706,1279,,,ab24f3f50d4f7fbecfeff97af9712f658672fabed91a6245911c64d5a6c12cdf,e0e0686860646920,True,False,,,,unlabeled
00321.jpg,初赛测试集/00321.jpg,test,,321,file_block_0001,filename_contiguous_block_provisional,1706,1279,,,7453e345c0cbd5e3399e2e10d43eeb75f9b70354d956a9334e78a8ed97ff05f5,64c03c0861607478,True,False,,,,unlabeled
00322.jpg,初赛测试集/00322.jpg,test,,322,file_block_0001,filename_contiguous_block_provisional,1706,1279,,,41ecfb82784b148fc5688203e473b2bfbeebe61a1ec03f28ccdae0f053c4b7af,0b4b0c1cde5e7fb7,True,False,,,,unlabeled
00323.jpg,初赛测试集/00323.jpg,test,,323,file_block_0001,filename_contiguous_block_provisional,1706,1279,,,e752c152674d5ca2a8a0d5639e8821af4659db9466c2750a33617566fcdb7c23,0c044c7867878d0d,True,False,,,,unlabeled
00324.jpg,初赛测试集/00324.jpg,test,,324,file_block_0001,filename_contiguous_block_provisional,1706,1279,,,339d9915679200787fa3d1a8386754430f06122e5e80a010b749ca886da167cc,f1f4fffffbfbd9b1,True,False,,,,unlabeled
00325.jpg,初赛测试集/00325.jpg,test,,325,file_block_0001,filename_contiguous_block_provisional,1706,1279,,,bd1f1f51ecc666d0f03a5ff4d174334d5aa4fa5bffe9eb1a7684578c925b954c,0b8b8c8c888080c0,True,False,,,,unlabeled
00326.jpg,初赛测试集/00326.jpg,test,,326,file_block_0001,filename_contiguous_block_provisional,1706,1279,,,3457190154a0139525e1433be9caf897819bd833c591393bd4ed78cc08c356b5,0000c7effffdf9f9,True,False,,,,unlabeled
00327.jpg,初赛测试集/00327.jpg,test,,327,file_block_0001,filename_contiguous_block_provisional,1706,1279,,,fb4b33c873b2b055978e53670519557c9d60ce491d4971bc4378dd1c4c381cd6,16363d1f2f3d3979,True,False,,,,unlabeled
00328.jpg,初赛测试集/00328.jpg,test,,328,file_block_0001,filename_contiguous_block_provisional,1706,1279,,,b2317bcc0690828b2bb776c75d6de8115e22269b317f0e5170a643023a475eff,a00008185cf67060,True,False,,,,unlabeled
00329.jpg,初赛测试集/00329.jpg,test,,329,file_block_0001,filename_contiguous_block_provisional,4080,3060,,,293e90b9458178c5f88c0d5809738d8af0b62262f30f2d6c0fbc9a94596fb84e,06a6f1dd171e1a2b,True,False,,,,unlabeled
00330.jpg,初赛测试集/00330.jpg,test,,330,file_block_0001,filename_contiguous_block_provisional,1706,1279,,,f265b6927ad4a2de60bf9e0726368fe0f1a7dee7afeacd0ca684a6acb982957f,763a6ac7c7a53997,True,False,,,,unlabeled
00331.jpg,初赛测试集/00331.jpg,test,,331,file_block_0001,filename_contiguous_block_provisional,1706,1279,,,d663d69979eb69e638ea6be98c5ca0b4119a06e63e5ef3ac7385bace50caa5db,e2e2b6e0c81a70e0,True,False,,,,unlabeled
00332.jpg,初赛测试集/00332.jpg,test,,332,file_block_0001,filename_contiguous_block_provisional,1706,1279,,,44456d2dfff431ebf13cedeb78d0e9c5ed6da04b41f5c3d746f49ac1805b46fe,11333237a6b2534b,True,False,,,,unlabeled
00333.jpg,初赛测试集/00333.jpg,test,,333,file_block_0001,filename_contiguous_block_provisional,1706,1279,,,df76da563565596fca28e889eed648a57b3979573217bdf274d4fe6bbedbca02,c0809029060f0b0b,True,False,,,,unlabeled
00334.jpg,初赛测试集/00334.jpg,test,,334,file_block_0001,filename_contiguous_block_provisional,1706,1279,,,ff7693bc4dbdfbc4cb8eb1b2aed4154aebc0401b12398a722f7bf2920bdec2e7,1f1f0f353e3f3b3b,True,False,,,,unlabeled
00335.jpg,初赛测试集/00335.jpg,test,,335,file_block_0001,filename_contiguous_block_provisional,4080,3060,,,9329730f1f0e52f7b460a58512155251b7f90b6f2e60aab034165ea62b59fc84,3f07a62613246261,True,False,,,,unlabeled
00336.jpg,初赛测试集/00336.jpg,test,,336,file_block_0001,filename_contiguous_block_provisional,4080,3060,,,8ad15a213bc16ee0c45d25fcbe52e256ce3371970f1d93982bc92bd973d58dbf,0c0c3f3f97c48484,True,False,,,,unlabeled
00337.jpg,初赛测试集/00337.jpg,test,,337,file_block_0001,filename_contiguous_block_provisional,1706,1279,,,31e8dff59f87be8671d9951b6d361d557b89fff1eafac34126b70cdaef93315a,0022222622068611,True,False,,,,unlabeled
00338.jpg,初赛测试集/00338.jpg,test,,338,file_block_0001,filename_contiguous_block_provisional,1706,1279,,,f8785b0a6a4ebd3b2a38ade9d44b9283a5f58476716e9865da420b71188304da,0e07c17e3777f4be,True,False,,,,unlabeled
00339.jpg,初赛测试集/00339.jpg,test,,339,file_block_0001,filename_contiguous_block_provisional,1706,1279,,,9d7edcd92bad9aa3b46e331ec7cd91ead0b266bdf74efc0d792c99cc24d96864,9f9e1b2e171b9b99,True,False,,,,unlabeled
00340.jpg,初赛测试集/00340.jpg,test,,340,file_block_0001,filename_contiguous_block_provisional,1706,1279,,,846c3b399448e92295707704d1d0f7fc4bd685a16ae49d588685226f4edbdbb6,f878fce4f4e4e0f7,True,False,,,,unlabeled
00341.jpg,初赛测试集/00341.jpg,test,,341,file_block_0001,filename_contiguous_block_provisional,1706,1279,,,6f0d859f4b0d5e228b617fefcf8ee3c2e530933528322d2a918480773329300e,1ff9b1180eb33130,True,False,,,,unlabeled
00431.jpg,初赛测试集/00431.jpg,test,,431,file_block_0002,filename_contiguous_block_provisional,746,903,,,fa566bdba923a7775e5cddaee2d04645ada0967b6de9979261ddd580c3c46c88,1f1f0f031c1f213f,True,False,,,,unlabeled
00441.jpg,初赛测试集/00441.jpg,test,,441,file_block_0003,filename_contiguous_block_provisional,1279,1706,,,708c7aed38f6ffcce58d7f2bf23b79762443786fefc7c2f4bab752e9cf4d86e6,0f1d0d3f1e90f0e0,True,False,,,,unlabeled
01244.jpg,初赛测试集/01244.jpg,test,,1244,file_block_0004,filename_contiguous_block_provisional,1920,1080,,,8cbd8462e66e5070037b46f6c476d08233497927fe6b2c4a5a52fdad6b821978,143216063cb01818,True,False,,,,unlabeled
01245.jpg,初赛测试集/01245.jpg,test,,1245,file_block_0004,filename_contiguous_block_provisional,1920,1080,,,ddff91cf3dd562abace094f0f3b6d9ddd6a69f0f68c2d009fe846b81f8154e2a,7c7afb373f3e3f3f,True,False,,,,unlabeled
01246.jpg,初赛测试集/01246.jpg,test,,1246,file_block_0004,filename_contiguous_block_provisional,1920,1080,,,58d69a66ca04603cfd1fbad442b58dd9552d3c2ede1474c40769eb82e72e0095,7c7a7f373f7e7f3f,True,False,,,,unlabeled
01247.jpg,初赛测试集/01247.jpg,test,,1247,file_block_0004,filename_contiguous_block_provisional,1920,1080,,,74c5aadf2af09a6a28388ec20281290fa6969510728ae8178bac84ff138d2860,7e7e7f773f3f3f3b,True,False,,,,unlabeled
01248.jpg,初赛测试集/01248.jpg,test,,1248,file_block_0004,filename_contiguous_block_provisional,1920,1080,,,25df67500a562845e860db970782760c4f1954cf7296f048ffa9cc5162af2b64,707a7b777e7a3f7f,True,False,,,,unlabeled
01249.jpg,初赛测试集/01249.jpg,test,,1249,file_block_0004,filename_contiguous_block_provisional,1280,720,,,a4926635e2cff95515d19ef4fe24ead32f2ba30c281e74f288f27c8f72030fcd,fff9797b777d3d3d,True,False,,,,unlabeled
01250.jpg,初赛测试集/01250.jpg,test,,1250,file_block_0004,filename_contiguous_block_provisional,1280,720,,,b586794111e48faf6884c9ce157cf9f40b697d94e6afb80430c2a0c830c2e6b0,dffd717373757f37,True,False,,,,unlabeled
01251.jpg,初赛测试集/01251.jpg,test,,1251,file_block_0004,filename_contiguous_block_provisional,1280,720,,,aefd37ebe0635005d6cc0fbf3031d0fa89123861e44cf24c5db4e2ffd59748c6,617973373e373f27,True,False,,,,unlabeled
01252.jpg,初赛测试集/01252.jpg,test,,1252,file_block_0004,filename_contiguous_block_provisional,1280,720,,,280d2df7fe44aa49c948a54844992ae32aa3d9867ffcbaa0f893994afb04d5dd,7d7f7e3e3e373f2d,True,False,,,,unlabeled
01253.jpg,初赛测试集/01253.jpg,test,,1253,file_block_0004,filename_contiguous_block_provisional,1280,720,,,085b89bae7a1625ded114fa8eb64e8950aea7f9240bae818728965e868006d42,7d7f3e3e3c3f3f2d,True,False,,,,unlabeled
01254.jpg,初赛测试集/01254.jpg,test,,1254,file_block_0004,filename_contiguous_block_provisional,1280,720,,,29e28d3bd338cbdfcc0d39fa59b9fa7787daaf303fefc65d0739379a6f064139,6d797b3d3f373f2f,True,False,,,,unlabeled
01255.jpg,初赛测试集/01255.jpg,test,,1255,file_block_0004,filename_contiguous_block_provisional,1280,720,,,980595d0317ae25768cdad16518934cd9ba396a77318d5ff73fc1bc882cb5fe4,7d7f7f3f3f37172f,True,False,,,,unlabeled
01256.jpg,初赛测试集/01256.jpg,test,,1256,file_block_0004,filename_contiguous_block_provisional,1280,720,,,0504d2ba994799543d495be187097ce0faf33856f252dcb0d6e92a6803a9b366,7d7b77373f171737,True,False,,,,unlabeled
01257.jpg,初赛测试集/01257.jpg,test,,1257,file_block_0004,filename_contiguous_block_provisional,1280,720,,,010f48a843fe1ef43379c310524c810c12f5a2fa88e2de34f005e823284c0182,7d7b77363f171f2f,True,False,,,,unlabeled
01258.jpg,初赛测试集/01258.jpg,test,,1258,file_block_0004,filename_contiguous_block_provisional,1280,720,,,b0dd1aed15e5b283db548ffb6923c8f3440a05e41b79781069c4f9fd7843f398,7d7976363f373b2d,True,False,,,,unlabeled
01259.jpg,初赛测试集/01259.jpg,test,,1259,file_block_0004,filename_contiguous_block_provisional,1280,720,,,6b6084fd247fd868f6d86c6877ce7d20a31c9f5878aa043067b6ddb71944bd55,7d79773e3e373f2d,True,False,,,,unlabeled
01260.jpg,初赛测试集/01260.jpg,test,,1260,file_block_0004,filename_contiguous_block_provisional,1280,720,,,874bb70d5df94c3d88440f7c1a56b121f78054e0f32e886582e140a3f9c3428e,fdf9f77f7f373b2f,True,False,,,,unlabeled
01261.jpg,初赛测试集/01261.jpg,test,,1261,file_block_0004,filename_contiguous_block_provisional,1280,720,,,1d1e6e648478aedf8cb70d7c31f578217a17e77ffd5ae27a280149a73e7d4fb3,fd7b7f3e3f373b2d,True,False,,,,unlabeled
01262.jpg,初赛测试集/01262.jpg,test,,1262,file_block_0004,filename_contiguous_block_provisional,1280,720,,,49f1331562652eaabc7e29b7bb0ebbcf945419e061beef706595c3dddb8c98c6,7d797f3f3f17332f,True,False,,,,unlabeled
01263.jpg,初赛测试集/01263.jpg,test,,1263,file_block_0004,filename_contiguous_block_provisional,1280,720,,,4b92df3d0dc0ab8a56fd770042d32d81bee4c72aeff8c0431a8d79c40ca76350,7d7976767e275f3d,True,False,,,,unlabeled
01264.jpg,初赛测试集/01264.jpg,test,,1264,file_block_0004,filename_contiguous_block_provisional,1280,720,,,adfcd784c100c5b61b84c3e4013fa7c97c8112689d6f9b761844ce8988b92deb,7d7976363e371f2f,True,False,,,,unlabeled
01265.jpg,初赛测试集/01265.jpg,test,,1265,file_block_0004,filename_contiguous_block_provisional,1280,720,,,e7b084c9756431c5e0fcb4ac04dbc8406937106b170e74fc722089792b05a4c0,7d79723d3d373b2f,True,False,,,,unlabeled
01266.jpg,初赛测试集/01266.jpg,test,,1266,file_block_0004,filename_contiguous_block_provisional,1280,720,,,217a8278119c099cba4e417303497dccd9e92a3a90babfa51a348d7ff0c0dafe,7d7972773f173b2f,True,False,,,,unlabeled
01267.jpg,初赛测试集/01267.jpg,test,,1267,file_block_0004,filename_contiguous_block_provisional,1280,720,,,ef12900e023ce97dba7d80d9d380dbd03763acf19c6c8820e852b46b7eb8ea69,7d7b7e3e3c173f2f,True,False,,,,unlabeled
01268.jpg,初赛测试集/01268.jpg,test,,1268,file_block_0004,filename_contiguous_block_provisional,1280,720,,,a370ced5dfd58722e51fd0fe283908470a6a589cd5440510b642dfaa951cf22e,fd7f7e3e3e173f2f,True,False,,,,unlabeled
01269.jpg,初赛测试集/01269.jpg,test,,1269,file_block_0004,filename_contiguous_block_provisional,1280,720,,,ec2b71c762a71d4f53066292ef0fa1460b569aebe096897b0b7069b95a300ef3,7d7f7f3e3e373f2d,True,False,,,,unlabeled
01270.jpg,初赛测试集/01270.jpg,test,,1270,file_block_0004,filename_contiguous_block_provisional,1280,720,,,8b943e1640264e8ccea97a49fa034c53d96373f628e810cc5208bb540ac9f356,fd79773e3e373f2d,True,False,,,,unlabeled
01271.jpg,初赛测试集/01271.jpg,test,,1271,file_block_0004,filename_contiguous_block_provisional,1280,720,,,f1e76c5d27adca3e18d4abd9b19f7855a4b5ebc2fa8213c9c2b80ec0b3843c79,7df9763e3e373f2f,True,False,,,,unlabeled
01272.jpg,初赛测试集/01272.jpg,test,,1272,file_block_0004,filename_contiguous_block_provisional,1280,720,,,e10cbfc56309d8f74e437bc87215a02650b6bbb55af6b0bcc447f139ff504f00,7d7936361e363f2f,True,False,,,,unlabeled
01273.jpg,初赛测试集/01273.jpg,test,,1273,file_block_0004,filename_contiguous_block_provisional,1280,720,,,94ffbefe34ba4f226eef90b79b0e4902f169e444207b6c689fcaca9e88a01381,7d7936363e363f2f,True,False,,,,unlabeled
01274.jpg,初赛测试集/01274.jpg,test,,1274,file_block_0004,filename_contiguous_block_provisional,1280,720,,,4c4938ecc992c2aeafdfdee6591e7b0a9bf207bc98c60f545c400c24c818022d,7d79363e1e163f2d,True,False,,,,unlabeled
01275.jpg,初赛测试集/01275.jpg,test,,1275,file_block_0004,filename_contiguous_block_provisional,1280,720,,,ec2abfe6d024dc6afa002dc9d2c35710553f1978bd9562de88477ce8f0341625,fd7b7e3e3c36372f,True,False,,,,unlabeled
01276.jpg,初赛测试集/01276.jpg,test,,1276,file_block_0004,filename_contiguous_block_provisional,1280,720,,,2419c15f017d20334041314ade5cb6c9d928ceed8e4d8683e236725fbda633d4,7d7b363e3c363f2d,True,False,,,,unlabeled
01277.jpg,初赛测试集/01277.jpg,test,,1277,file_block_0004,filename_contiguous_block_provisional,1280,720,,,4289a31d039adea468b1699da89f7520d841267fc7a8fe82c6dffcb114caeea9,7d79363e3e363f2d,True,False,,,,unlabeled
01278.jpg,初赛测试集/01278.jpg,test,,1278,file_block_0004,filename_contiguous_block_provisional,1280,720,,,ca508e0f2f867ccd89e8a2ffd2dcf3031cdec448e8e66d8f29ff034f315f07df,7d7b3e3e3e3e3e2f,True,False,,,,unlabeled
01279.jpg,初赛测试集/01279.jpg,test,,1279,file_block_0004,filename_contiguous_block_provisional,1280,720,,,9b630cd07d8c03f04e5c3a7d6c1c2265360ad0f66b5488ed8ea0e9cd756bf16f,7c39303032030307,True,False,,,,unlabeled
01280.jpg,初赛测试集/01280.jpg,test,,1280,file_block_0004,filename_contiguous_block_provisional,1280,720,,,453e1c3266b93fc09b065758d33be86f79712846c213fb623caa35e577dd2b7c,7c39303232030707,True,False,,,,unlabeled
01281.jpg,初赛测试集/01281.jpg,test,,1281,file_block_0004,filename_contiguous_block_provisional,1280,720,,,662748164b032da60175af4b1eed26069db25dfef34c446ddef3591bdafd4b18,7c39703232230707,True,False,,,,unlabeled
01282.jpg,初赛测试集/01282.jpg,test,,1282,file_block_0004,filename_contiguous_block_provisional,1280,720,,,99ef9de84585015cbdc546910a49d00ba1de0780fa87c5ebab379c1031cbb40a,3d3872363e161f2d,True,False,,,,unlabeled
01283.jpg,初赛测试集/01283.jpg,test,,1283,file_block_0004,filename_contiguous_block_provisional,1280,720,,,6ff54c187a22d3458b5840debbc0959093acaa0958075357cf7d7aa3566c0d49,7c39303216070707,True,False,,,,unlabeled
01284.jpg,初赛测试集/01284.jpg,test,,1284,file_block_0004,filename_contiguous_block_provisional,1280,720,,,6668b8e5e87d4d333e39f3fac8f8f5a00063edb3be0b9ffefa76503e22178785,7c39713236030707,True,False,,,,unlabeled
01285.jpg,初赛测试集/01285.jpg,test,,1285,file_block_0004,filename_contiguous_block_provisional,1280,720,,,4247bdb6f268adf4ccc19344a919b1a359abab605ab9353e9d5b63431255dd77,7c39317333030707,True,False,,,,unlabeled
01286.jpg,初赛测试集/01286.jpg,test,,1286,file_block_0004,filename_contiguous_block_provisional,1280,720,,,21cf8e254cd119693c06ded5c48a5d2f5e361fafdcdfdc1676f100c11d1ebb9e,7c39313373030307,True,False,,,,unlabeled
01287.jpg,初赛测试集/01287.jpg,test,,1287,file_block_0004,filename_contiguous_block_provisional,1280,720,,,92a190632daa46a7a3ce9260744c3112f05d772c19045a4aeaa9769ef4a39ae1,7c39317313030307,True,False,,,,unlabeled
01288.jpg,初赛测试集/01288.jpg,test,,1288,file_block_0004,filename_contiguous_block_provisional,1920,1080,,,54312b28884205e87fc06db0d698c80da9719c340af5c9de21cfa22c1c87e9a0,81c1e1e28687c2c2,True,False,,,,unlabeled
01289.jpg,初赛测试集/01289.jpg,test,,1289,file_block_0004,filename_contiguous_block_provisional,1280,720,,,b46547e511beb9389ec3cd5de9dce522f0f27e4b321d7d46ea74e0864dd0064d,faf3b636babebebe,True,False,,,,unlabeled
01290.jpg,初赛测试集/01290.jpg,test,,1290,file_block_0004,filename_contiguous_block_provisional,1280,720,,,59b0a988a326aff3db51b4adc79bbdf5bdd60e7991042f338914bb5615070604,faf376363a3e3c3e,True,False,,,,unlabeled
01291.jpg,初赛测试集/01291.jpg,test,,1291,file_block_0004,filename_contiguous_block_provisional,1280,720,,,57e80c9de60a0758a0371aab6f542b909570d75c7c539cea9ee002824516de24,7a7b7736363e3e77,True,False,,,,unlabeled
01292.jpg,初赛测试集/01292.jpg,test,,1292,file_block_0004,filename_contiguous_block_provisional,1280,720,,,1a7f1a1a2ed2713265ac1a0f23240299e8c33d1b7934d656f70e26440aefa690,fafe7e7676fefe7f,True,False,,,,unlabeled
01293.jpg,初赛测试集/01293.jpg,test,,1293,file_block_0004,filename_contiguous_block_provisional,1280,720,,,15a19bc1e06aca7ea1c867efc70fe2329cb0250fc91dd3094fe0d85d02212339,3b3b3f3f3f3f3f1f,True,False,,,,unlabeled
01294.jpg,初赛测试集/01294.jpg,test,,1294,file_block_0004,filename_contiguous_block_provisional,1280,720,,,a86406de37ea80126bf66bdba4109070e46b5cc1cfa7ff6b090715ea7a01d972,7b7b3f3f3f3f3f3f,True,False,,,,unlabeled
01295.jpg,初赛测试集/01295.jpg,test,,1295,file_block_0004,filename_contiguous_block_provisional,1280,720,,,9f07fcab1be92ace4e3ed7be43da8ee2b88aed434105bab79d009edd894f58a5,fb7b3a3ffffffe7f,True,False,,,,unlabeled
01296.jpg,初赛测试集/01296.jpg,test,,1296,file_block_0004,filename_contiguous_block_provisional,2560,1440,,,3b648a32d4af3c3960fc734c9553f711dcc047ef7b259a8ca2e431883315f28c,3131911210109080,True,False,,,,unlabeled
01297.jpg,初赛测试集/01297.jpg,test,,1297,file_block_0004,filename_contiguous_block_provisional,2560,1440,,,20574d665733ab877d02206b2efbf20d46c4fac54fefc1c5e96ca2310c7a95aa,3131e220282020c0,True,False,,,,unlabeled
01298.jpg,初赛测试集/01298.jpg,test,,1298,file_block_0004,filename_contiguous_block_provisional,1920,1080,,,190307314d06e28d4c130d1dfc21edb71c3314ce9b78372b6d3fe345cc8a02f7,c3c3c38bcbc1c5d7,True,False,,,,unlabeled
01299.jpg,初赛测试集/01299.jpg,test,,1299,file_block_0004,filename_contiguous_block_provisional,1920,1080,,,4516a0b7895fd79f6ac45be65d02e7f510695f6c95879345214f82f8f0a56cac,c3c3e3f3d3c3cbd7,True,False,,,,unlabeled
01300.jpg,初赛测试集/01300.jpg,test,,1300,file_block_0004,filename_contiguous_block_provisional,1920,1080,,,c584b3af3ec4a41a83be2bcadf25829b2706454acce92c78a2e683f7e7353432,8081b19191301213,True,False,,,,unlabeled
01301.jpg,初赛测试集/01301.jpg,test,,1301,file_block_0004,filename_contiguous_block_provisional,1920,1080,,,5bd65cf3fb6da6668d6971173fa115ab1e6962d69855f4eb9ae6e784ed9c7c85,8081b19193023027,True,False,,,,unlabeled
01302.jpg,初赛测试集/01302.jpg,test,,1302,file_block_0004,filename_contiguous_block_provisional,1920,1080,,,efad2667f80dfae3d055406d352206269acbe106df55afde4b972cb798df64cd,0881a19193101013,True,False,,,,unlabeled
01303.jpg,初赛测试集/01303.jpg,test,,1303,file_block_0004,filename_contiguous_block_provisional,1920,1080,,,009e174fe41e19f1f36dbfbabc3e4f2f294cea4be33704e86a50bd92a1194666,8081919393301013,True,False,,,,unlabeled
01304.jpg,初赛测试集/01304.jpg,test,,1304,file_block_0004,filename_contiguous_block_provisional,1920,1080,,,4d229fac4e884f73dd9ebaaa9ef56b492f8f8a2358fe854beab0dfa8fc690d5a,c99999b1b1b0f0fb,True,False,,,,unlabeled
01305.jpg,初赛测试集/01305.jpg,test,,1305,file_block_0004,filename_contiguous_block_provisional,1920,1080,,,ed5a9687b6791e507676dec053a99aebee716ce3d7f7bba0402334d12c5d3aa5,a999f99999b0b0b0,True,False,,,,unlabeled
01306.jpg,初赛测试集/01306.jpg,test,,1306,file_block_0004,filename_contiguous_block_provisional,1920,1080,,,8bedbb42114fd5cdc6609f31890816751d2da4277796f0a9eae171b8df87f28f,39c9e99999989898,True,False,,,,unlabeled
01307.jpg,初赛测试集/01307.jpg,test,,1307,file_block_0004,filename_contiguous_block_provisional,1920,1080,,,ba2e0d7aa6079fc22b057571f368b2ce25dfaef8ce171fa2ef8ec1a943b4c070,298991f1b190d1d5,True,False,,,,unlabeled
01308.jpg,初赛测试集/01308.jpg,test,,1308,file_block_0004,filename_contiguous_block_provisional,1920,1080,,,97c45ca6602c99d3aca82915bdb20e5bc97a49c9aba48e0933d3f96964ed582f,a9999999b990b098,True,False,,,,unlabeled
01309.jpg,初赛测试集/01309.jpg,test,,1309,file_block_0004,filename_contiguous_block_provisional,1920,1080,,,d6161741b1061305c89dcbf87fae3a5c7d8eba8120433c45ad84a73afe602761,a999e99b999898d8,True,False,,,,unlabeled
01310.jpg,初赛测试集/01310.jpg,test,,1310,file_block_0004,filename_contiguous_block_provisional,1920,1080,,,3deef222efc2c6da430f308ddc98ca800825daed413fc9f2105c9dd12cf3b61c,19c9e99b99989898,True,False,,,,unlabeled
01311.jpg,初赛测试集/01311.jpg,test,,1311,file_block_0004,filename_contiguous_block_provisional,1920,1080,,,6eedb4d8d3f21c19c50d566970fd1923c56fba4938cec6ecb652d45245eb7829,3969b99b1b181888,True,False,,,,unlabeled
01312.jpg,初赛测试集/01312.jpg,test,,1312,file_block_0004,filename_contiguous_block_provisional,1920,1080,,,42f999bd1a4d653f536d8a55b238fe1b136883ba7cdbf67a8aedbc336d3e7d20,1991919319988080,True,False,,,,unlabeled
01313.jpg,初赛测试集/01313.jpg,test,,1313,file_block_0004,filename_contiguous_block_provisional,1920,1080,,,f6d54d87508f586c4305012d96521506c9168252f93be7b461a929b8616d0f29,cdc98191989899d9,True,False,,,,unlabeled
01314.jpg,初赛测试集/01314.jpg,test,,1314,file_block_0004,filename_contiguous_block_provisional,1920,1080,,,63856d2fab04f499495d17a40a8cbaa056ae866e89ec22ab67d08c008e90fa2b,8999898989d8d0d3,True,False,,,,unlabeled
01315.jpg,初赛测试集/01315.jpg,test,,1315,file_block_0004,filename_contiguous_block_provisional,1920,1080,,,556b7fb601c2457e134824e9f49d4c7b966784965ece8f9adbe8dbbf358584e9,a1819193919088a3,True,False,,,,unlabeled
01316.jpg,初赛测试集/01316.jpg,test,,1316,file_block_0004,filename_contiguous_block_provisional,2560,1440,,,4279613df73517637fdaa14b4700ee19940f112d657022ab507f41c94c8a20c1,8c01032333180804,True,False,,,,unlabeled
01317.jpg,初赛测试集/01317.jpg,test,,1317,file_block_0004,filename_contiguous_block_provisional,2560,1440,,,83cbcfdbb1ea47e9a02943f44d967e1f50189b6351ed6f1b1641daf4f6ff457d,0c11032313100826,True,False,,,,unlabeled
01318.jpg,初赛测试集/01318.jpg,test,,1318,file_block_0004,filename_contiguous_block_provisional,2560,1440,,,f481ffcc78a7278a3ce016d8748f313b839bce61f250b8f80ea986e6fd5e77ac,0512051533b73f3f,True,False,,,,unlabeled
01319.jpg,初赛测试集/01319.jpg,test,,1319,file_block_0004,filename_contiguous_block_provisional,2560,1440,,,e6c6b6a27f9eacba2f9feb8ab1e0b1a5f2bdb34938b04b0ba91fca8edd2a0220,8983071b3bfb6f3e,True,False,,,,unlabeled
01320.jpg,初赛测试集/01320.jpg,test,,1320,file_block_0004,filename_contiguous_block_provisional,2560,1440,,,bafe0d7b57f92b6282cb2344aec2d27aed281e2289b73e5865441914fa003202,8083051333d9c234,True,False,,,,unlabeled
01321.jpg,初赛测试集/01321.jpg,test,,1321,file_block_0004,filename_contiguous_block_provisional,2560,1440,,,e0677164542f8653f7cbd15f60f03bd82cc947ae119c6d848396ca04f7f628a2,9081051333d8ccb4,True,False,,,,unlabeled
01322.jpg,初赛测试集/01322.jpg,test,,1322,file_block_0004,filename_contiguous_block_provisional,2560,1440,,,e117a9cc9af5bfc4c27d197257fde91585cee6e07025a8e7add1bd42f6812b73,9081031333d8ccb6,True,False,,,,unlabeled
01323.jpg,初赛测试集/01323.jpg,test,,1323,file_block_0004,filename_contiguous_block_provisional,2560,1440,,,bfa58448fa0c799689d41f793ef366e3ce9cd03c828680b001389a74c2c47ea1,90e1033333d8cc20,True,False,,,,unlabeled
01324.jpg,初赛测试集/01324.jpg,test,,1324,file_block_0004,filename_contiguous_block_provisional,1920,1080,,,53de33c17cd975541b8e9ce2971b56b745c6e932aff77065b036cc051daab97a,60e0e0f170303020,True,False,,,,unlabeled
01325.jpg,初赛测试集/01325.jpg,test,,1325,file_block_0004,filename_contiguous_block_provisional,1920,1080,,,aa812d411af6345b2eb55a5a599d6344fbcfdfb10e1d73a81980c85a9f8ced15,60e0f0f170303123,True,False,,,,unlabeled
01326.jpg,初赛测试集/01326.jpg,test,,1326,file_block_0004,filename_contiguous_block_provisional,1920,1080,,,61f52b5dd01e0d7084d958e625d2e4bf01f73928fda7e3089fe251b1b2560638,60e8f0f1f0b031a1,True,False,,,,unlabeled
01327.jpg,初赛测试集/01327.jpg,test,,1327,file_block_0004,filename_contiguous_block_provisional,1920,1080,,,fb4b9d9f437c8af677613a97c225557abfe9628df28ea4efbdee7b5140bedbc1,60e0f0f170303020,True,False,,,,unlabeled
01328.jpg,初赛测试集/01328.jpg,test,,1328,file_block_0004,filename_contiguous_block_provisional,1920,1080,,,44e569db09d620101c92c1bb46ea8cad0a7e2d449d000769f5162d3c69525741,6d6e667073676d6d,True,False,,,,unlabeled
01329.jpg,初赛测试集/01329.jpg,test,,1329,file_block_0004,filename_contiguous_block_provisional,1920,1080,,,0cfe665da38f0b3fbe0084a186ff0861d2878850b39fd3c0ac6232456dd1663c,60e8f0f170303020,True,False,,,,unlabeled
01330.jpg,初赛测试集/01330.jpg,test,,1330,file_block_0004,filename_contiguous_block_provisional,1920,1080,,,281d4cf5b4a417297ad0c3599a20a801aaebf879a87084d4fa37d7467479682a,6d6e667073676ded,True,False,,,,unlabeled
01331.jpg,初赛测试集/01331.jpg,test,,1331,file_block_0004,filename_contiguous_block_provisional,1920,1080,,,8f21c3f17dc11f28d859b63b5b423ccdd61e62d1c9652127b2f7f9b280c734a5,60e0f0f178183020,True,False,,,,unlabeled
01332.jpg,初赛测试集/01332.jpg,test,,1332,file_block_0004,filename_contiguous_block_provisional,1920,1080,,,4bf6a1a5f0649e4c2bfc11601cefc07bfa8643768025bdc9bec89f188957eb80,60e0f0f170303020,True,False,,,,unlabeled
01333.jpg,初赛测试集/01333.jpg,test,,1333,file_block_0004,filename_contiguous_block_provisional,1920,1080,,,c6d79a201f92ce94ff68ec2aee1626ed3d825c0b3de45a330fa0e1fcc0e85375,656e667073676ded,True,False,,,,unlabeled
01334.jpg,初赛测试集/01334.jpg,test,,1334,file_block_0004,filename_contiguous_block_provisional,1920,1080,,,272c6926a2fd794b4136c3f2bd0dd43e17305e6aa618d501e551f4024bdaa9ce,60e0f0f1e0203020,True,False,,,,unlabeled
01335.jpg,初赛测试集/01335.jpg,test,,1335,file_block_0004,filename_contiguous_block_provisional,1920,1080,,,2d5c85de8c4e0d28cc755c2b0d507251f36c6e164ebce67b4e3365dabc08a010,60e0f1f170383020,True,False,,,,unlabeled
01336.jpg,初赛测试集/01336.jpg,test,,1336,file_block_0004,filename_contiguous_block_provisional,1920,1080,,,da0ce478b3a6fe74b844a15e318e49617ac01ab78e75c3718d8707e4708eb8be,60f0f1f1f0383120,True,False,,,,unlabeled
01337.jpg,初赛测试集/01337.jpg,test,,1337,file_block_0004,filename_contiguous_block_provisional,1920,1080,,,aafc29ccd0386f6d65b34a66e96477f9e8af2483a0b74188190b613462b8dfa8,60e0e0f170303020,True,False,,,,unlabeled
01338.jpg,初赛测试集/01338.jpg,test,,1338,file_block_0004,filename_contiguous_block_provisional,1920,1080,,,f773a12ee817d66ee53795c41a087d930a7b956a0fa5947f2672bdc2ca9c9828,60e0f0f1f030b0e0,True,False,,,,unlabeled
01339.jpg,初赛测试集/01339.jpg,test,,1339,file_block_0004,filename_contiguous_block_provisional,1920,1080,,,576fdc8398916f77d8527d412c5997d8126aa5d225dc502dbfc9d188ff3705e7,646e66707361e9f1,True,False,,,,unlabeled
01340.jpg,初赛测试集/01340.jpg,test,,1340,file_block_0004,filename_contiguous_block_provisional,1920,1080,,,11127e3e929e68a27d474e20e96a41c8489c40a4548eff0caf4f4b1c67662ad9,25073d3ca52efdd9,True,False,,,,unlabeled
01341.jpg,初赛测试集/01341.jpg,test,,1341,file_block_0004,filename_contiguous_block_provisional,1920,1080,,,6e8e14aa2bf19c250660f7e278f13afdc01029f2f669345a9acc7f97d9037929,6c6e647063612888,True,False,,,,unlabeled
01342.jpg,初赛测试集/01342.jpg,test,,1342,file_block_0004,filename_contiguous_block_provisional,1920,1080,,,e8a89c6b78dfa968d30656a751fd8b116f4d7c9f293c9b313c8d8edfe2c74ece,7f7e1e3c0e0e0e06,True,False,,,,unlabeled
01343.jpg,初赛测试集/01343.jpg,test,,1343,file_block_0004,filename_contiguous_block_provisional,1920,1080,,,59565165395587374928aca80967d6d41d8043eea4c7c90ec00c18375429df90,7b7c2e1e0e040c0e,True,False,,,,unlabeled
01344.jpg,初赛测试集/01344.jpg,test,,1344,file_block_0004,filename_contiguous_block_provisional,1920,1080,,,d2de7b60df598f9591fe969afd820cc7fd691c3cb3b979ed9efe8789549c7ac7,fceeececfce5e1e9,True,False,,,,unlabeled
01345.jpg,初赛测试集/01345.jpg,test,,1345,file_block_0004,filename_contiguous_block_provisional,1920,1080,,,a3f6c7f2c59881af1a4855545ffb464051f05603648fbba34e99adb939491351,df7e8f1f4e060206,True,False,,,,unlabeled
01346.jpg,初赛测试集/01346.jpg,test,,1346,file_block_0004,filename_contiguous_block_provisional,1920,1080,,,830375d47cd7e896c82e0577d80ef6fc4d6bbd0ee665769db9d10b072d741931,ccdfdf4e1c246051,True,False,,,,unlabeled
01347.jpg,初赛测试集/01347.jpg,test,,1347,file_block_0004,filename_contiguous_block_provisional,1920,1080,,,2d95f1bce68d3f1b242e9efe4eda13407342432280df2b529fa0b07238e65742,68d95c5c9c1c90cd,True,False,,,,unlabeled
01348.jpg,初赛测试集/01348.jpg,test,,1348,file_block_0004,filename_contiguous_block_provisional,1920,1080,,,f566e5c739bcd034795d75034c9c9a11a90828884cdd93e9f483460eebdadd25,4ed6b4343cf9f1f3,True,False,,,,unlabeled
01349.jpg,初赛测试集/01349.jpg,test,,1349,file_block_0004,filename_contiguous_block_provisional,1920,1080,,,d901c064a264e722d2bfeb9cddf39267cfce4097b13e55dc2cf9213d95cfa51a,6cd94d0c8d8980c3,True,False,,,,unlabeled
01350.jpg,初赛测试集/01350.jpg,test,,1350,file_block_0004,filename_contiguous_block_provisional,1920,1080,,,1924775155fa6c005a852127932f764c0e64109fe013fed444e352da774465e4,e8d95d1c2420c0e3,True,False,,,,unlabeled
01351.jpg,初赛测试集/01351.jpg,test,,1351,file_block_0004,filename_contiguous_block_provisional,1920,1080,,,4f492cdacddac0a155e74e29ea99fced98f6f91452e717bd72377d24696747ba,e899d91ca8e1e1eb,True,False,,,,unlabeled
01352.jpg,初赛测试集/01352.jpg,test,,1352,file_block_0004,filename_contiguous_block_provisional,1920,1080,,,9bb95309525ef8833cc2c0ab9bd252afe54dc37e3a387792369082ac16591e1e,e8d9595ceca0f0f9,True,False,,,,unlabeled
01353.jpg,初赛测试集/01353.jpg,test,,1353,file_block_0004,filename_contiguous_block_provisional,1920,1080,,,9a676234c870e0bda22687332c816563ee5995784dcfd03efab8e8a2c5e485e6,e899d90c0c00617b,True,False,,,,unlabeled
01354.jpg,初赛测试集/01354.jpg,test,,1354,file_block_0004,filename_contiguous_block_provisional,1920,1080,,,df20a2b4370ab53b23b6c4a521b5d35eeccb6355d32938e478722fdd477b797c,4cfcdd5cfda56173,True,False,,,,unlabeled
01355.jpg,初赛测试集/01355.jpg,test,,1355,file_block_0004,filename_contiguous_block_provisional,1920,1080,,,13be1130acf0fe4f21a8f4b106eb8e41d41ceba59fcd145b8bf6df72d7ef212a,0e3634343c78f8f1,True,False,,,,unlabeled
01356.jpg,初赛测试集/01356.jpg,test,,1356,file_block_0004,filename_contiguous_block_provisional,1920,1080,,,d8e16917007c31215dc4d63b35951485b737dbd2b034940b998cc2983e0c3be6,f8fcf9fdffdf7f3b,True,False,,,,unlabeled
01357.jpg,初赛测试集/01357.jpg,test,,1357,file_block_0004,filename_contiguous_block_provisional,1920,1080,,,67c83fe8795cb35f6d98214650f1b1d26b7ab1ce77e969357c9d9439e7549ed0,d1d0d1c141002003,True,False,,,,unlabeled
01358.jpg,初赛测试集/01358.jpg,test,,1358,file_block_0004,filename_contiguous_block_provisional,1920,1080,,,84746410806dcb23f288ab3750fe3789e1d4d79dbe6c6a1243d2ed9074a56cfc,cbb959595bb6d498,True,False,,,,unlabeled
01359.jpg,初赛测试集/01359.jpg,test,,1359,file_block_0004,filename_contiguous_block_provisional,1920,1080,,,8093f0562a676c06b0a32375aaac4ca9bdffdc808cef88af0df27321c18751a6,cbab71734fe7a6ca,True,False,,,,unlabeled
01360.jpg,初赛测试集/01360.jpg,test,,1360,file_block_0004,filename_contiguous_block_provisional,1920,1080,,,6bedae71c16814f4eb5acecc37980423461ba994ab285de8661672463d26dfc5,f0f0e0e0c09e9c9e,True,False,,,,unlabeled
01361.jpg,初赛测试集/01361.jpg,test,,1361,file_block_0004,filename_contiguous_block_provisional,1920,1080,,,c767efc82e6fe008e644709995adc44ac19e2f0f9ad6fec99e9af95ed14491e6,cbabf97b5f77b7cb,True,False,,,,unlabeled
01362.jpg,初赛测试集/01362.jpg,test,,1362,file_block_0004,filename_contiguous_block_provisional,1920,1080,,,1378103dea5dd46f230de202daab1c07457aa63e21524e11c2aa0f6383934d53,92796d4416f3f0f0,True,False,,,,unlabeled
01363.jpg,初赛测试集/01363.jpg,test,,1363,file_block_0004,filename_contiguous_block_provisional,1920,1080,,,9528130c9c1cd1d5986a06ac033162da427f53b3c080653d1b1d6acf8987ed5f,cbab71795fc7f7ff,True,False,,,,unlabeled
01364.jpg,初赛测试集/01364.jpg,test,,1364,file_block_0004,filename_contiguous_block_provisional,1920,1080,,,b3bb972b44c43aa074c97c31855fe76c583c353388ece19d48136d959367dc80,804d4d4d0640e0e5,True,False,,,,unlabeled
01365.jpg,初赛测试集/01365.jpg,test,,1365,file_block_0004,filename_contiguous_block_provisional,1920,1080,,,9a1f896449807491c2dea56adee756673c1b3f373d9573bf1b008dafc13bf9ab,cbab79795f0f47f3,True,False,,,,unlabeled
01366.jpg,初赛测试集/01366.jpg,test,,1366,file_block_0004,filename_contiguous_block_provisional,1920,1080,,,78c45a8f097f29d4b7f46a238f87f3ea2cdad525622968eecb2590e3d3ee6af5,904d4d5c14707072,True,False,,,,unlabeled
01367.jpg,初赛测试集/01367.jpg,test,,1367,file_block_0004,filename_contiguous_block_provisional,1920,1080,,,a293afadb14e9df71e75b89af0ead27695d9af4ff13e40b8a7e5c64deb9c573a,cbab79795fefeff7,True,False,,,,unlabeled
01368.jpg,初赛测试集/01368.jpg,test,,1368,file_block_0004,filename_contiguous_block_provisional,1920,1080,,,975d0c7abe3dc5131442ba80cd1c89f628fd5f5a13439d9f5cd1462e5b0e4042,f0f0e0e1c18f9eba,True,False,,,,unlabeled
01369.jpg,初赛测试集/01369.jpg,test,,1369,file_block_0004,filename_contiguous_block_provisional,1920,1080,,,9c96627032f4b8a46a0572715cf54a53c3b7dcba29a5093974f63af2a6ed40ae,cbab71714f4f8fb7,True,False,,,,unlabeled
01370.jpg,初赛测试集/01370.jpg,test,,1370,file_block_0004,filename_contiguous_block_provisional,1920,1080,,,2ab1d6fab76df924117dd27449e711006011ac88d04fe8885af124f47ed6e8ed,3332323270e1c2e2,True,False,,,,unlabeled
01371.jpg,初赛测试集/01371.jpg,test,,1371,file_block_0004,filename_contiguous_block_provisional,1920,1080,,,34538a4d3f19a3cbb3a19d8c25bd9e40ddd38a33eca6cafa932c0c4214689373,3332323260e0c0e2,True,False,,,,unlabeled
01372.jpg,初赛测试集/01372.jpg,test,,1372,file_block_0004,filename_contiguous_block_provisional,1920,1080,,,95115a6636a0ccfdb1af7a8c12ead8f4a1a584a69faefbe94d26ddda2eefd974,92494d1c1eeec5c3,True,False,,,,unlabeled
01373.jpg,初赛测试集/01373.jpg,test,,1373,file_block_0004,filename_contiguous_block_provisional,1920,1080,,,c33d86ba16862bb41cddea84de0390ecbb1d9bc6a519afd86ffd2324bf682c82,cbbb797b5fffffdf,True,False,,,,unlabeled
01374.jpg,初赛测试集/01374.jpg,test,,1374,file_block_0004,filename_contiguous_block_provisional,1920,1080,,,e35771a599a65b15207296f5a4ec7d66a064d79fe31e3305ffab28f4668a22f4,90494d1c16fadbfa,True,False,,,,unlabeled
01375.jpg,初赛测试集/01375.jpg,test,,1375,file_block_0004,filename_contiguous_block_provisional,1920,1080,,,7958af0e5653485763aad29755dc8670417c1a41fc21fa3f5d9e86f1dcb3b464,904d4d5d1ea9bdfd,True,False,,,,unlabeled
01376.jpg,初赛测试集/01376.jpg,test,,1376,file_block_0004,filename_contiguous_block_provisional,1920,1080,,,484f52e020f413bb8d67d47a065870e0bdee40722ca86c1dadf49423686547a7,90494d5d121928cc,True,False,,,,unlabeled
01377.jpg,初赛测试集/01377.jpg,test,,1377,file_block_0004,filename_contiguous_block_provisional,1920,1080,,,0a85957354658382c2201b1ee93181c137dfd286ae7f247e217c8572e35c5d5c,90494d5d1270e8d0,True,False,,,,unlabeled
01378.jpg,初赛测试集/01378.jpg,test,,1378,file_block_0004,filename_contiguous_block_provisional,1920,1080,,,72cabbff997bc4eb7f89a4f83963a96ae3c617b22eea507b6ba30549cf59ff32,90494d5d1878f0f8,True,False,,,,unlabeled
01379.jpg,初赛测试集/01379.jpg,test,,1379,file_block_0004,filename_contiguous_block_provisional,1920,1080,,,ea7bda7902a04406f3c541f7432c02621683166fa540fda7e039c134a58efd78,3332323261e0c4e0,True,False,,,,unlabeled
01380.jpg,初赛测试集/01380.jpg,test,,1380,file_block_0004,filename_contiguous_block_provisional,1920,1080,,,58197bf4a1a8c26447e9e5424019f1348dd503da0b15a06ce1d026c86d423709,90494d5d16000404,True,False,,,,unlabeled
01381.jpg,初赛测试集/01381.jpg,test,,1381,file_block_0004,filename_contiguous_block_provisional,1920,1080,,,72cb28df54c474d45bfb2e89838fcfa7d088faba265186cbf6b3e275cd0f7972,90494d7c12c1c0e0,True,False,,,,unlabeled
01382.jpg,初赛测试集/01382.jpg,test,,1382,file_block_0004,filename_contiguous_block_provisional,1920,1080,,,5a38aeeb5bb6a28ba24ebf6e159344713e5f75fe3057b33a8c766a62d80b55c8,92cd6d5f1ffffbfb,True,False,,,,unlabeled
01383.jpg,初赛测试集/01383.jpg,test,,1383,file_block_0004,filename_contiguous_block_provisional,1920,1080,,,8cf5f0f9dc227548fcf46dd65cc5d03da4d6d8964af1776036e6e3f7b5970e9e,96fd6d7f7fffffff,True,False,,,,unlabeled
01384.jpg,初赛测试集/01384.jpg,test,,1384,file_block_0004,filename_contiguous_block_provisional,1920,1080,,,6b9a21d705ffb0a3f7556b9a814a438c5a9c8207cd88af589ee0875ff5b99f52,07330e8f9b933170,True,False,,,,unlabeled
01385.jpg,初赛测试集/01385.jpg,test,,1385,file_block_0004,filename_contiguous_block_provisional,1920,1080,,,042f5941c5b59d446f8d7d695010917ce8f3ba2feb5f1db3a75b23395fe8cfa7,07130e8f9b933170,True,False,,,,unlabeled
01386.jpg,初赛测试集/01386.jpg,test,,1386,file_block_0004,filename_contiguous_block_provisional,1920,1080,,,66acab51ad8062b7474b91bc08ac83a54ee072ae02bef5f4ed625dbdaef45b54,3058d01080000000,True,False,,,,unlabeled
01387.jpg,初赛测试集/01387.jpg,test,,1387,file_block_0004,filename_contiguous_block_provisional,1920,1080,,,03b53b5806296415df0ba33aa200ed2f990877e81ea601b2ddb0d81acd3e8880,3878f01000000000,True,False,,,,unlabeled
01388.jpg,初赛测试集/01388.jpg,test,,1388,file_block_0004,filename_contiguous_block_provisional,1920,1080,,,c745849435eb19407a5564385c30b06806a1370e3415516f1d3384b6ef722944,3878b03000110101,True,False,,,,unlabeled
01389.jpg,初赛测试集/01389.jpg,test,,1389,file_block_0004,filename_contiguous_block_provisional,1920,1080,,,0e6be4c1dda03cab90dc68a0b40d9349745ea62aae6fa4a0657badd723792499,3878b09080000006,True,False,,,,unlabeled
01390.jpg,初赛测试集/01390.jpg,test,,1390,file_block_0004,filename_contiguous_block_provisional,1920,1080,,,64dfeea273750396afbe965b50a1ccd78dd7a08ae713d8dfd29bd679ac37a8e2,a1a3e365894f7fdf,True,False,,,,unlabeled
01391.jpg,初赛测试集/01391.jpg,test,,1391,file_block_0004,filename_contiguous_block_provisional,1920,1080,,,b6a9e5a62c0d033af276c4ef2426736b6f1d9701a670f639b20e3466a8b68c74,e1a3e364894f7fdb,True,False,,,,unlabeled
01392.jpg,初赛测试集/01392.jpg,test,,1392,file_block_0004,filename_contiguous_block_provisional,1920,1080,,,cafbc61a2324ad3c3d0188ccf276d9eeba2158cd63b487309ab7eac24a81efd1,e1a3e366894f7fdf,True,False,,,,unlabeled
01393.jpg,初赛测试集/01393.jpg,test,,1393,file_block_0004,filename_contiguous_block_provisional,1920,1080,,,aaf00e078ab491aaf632caf2528477f592cbb8735ad8003e8ad4ae90e7fe08d9,a1a3e7668d4f5fdf,True,False,,,,unlabeled
01394.jpg,初赛测试集/01394.jpg,test,,1394,file_block_0004,filename_contiguous_block_provisional,1920,1080,,,a500df6c2c4f3102a1ff25e1146e2aada620c238171e89e58f9bc850a8488dac,242118321090e0c1,True,False,,,,unlabeled
01395.jpg,初赛测试集/01395.jpg,test,,1395,file_block_0004,filename_contiguous_block_provisional,1920,1080,,,bd8e62fcf26fa82f8a2ac2ade149f18cf71af7756985d7dd2984b74b6fc2c652,242118323010e0e1,True,False,,,,unlabeled
01396.jpg,初赛测试集/01396.jpg,test,,1396,file_block_0004,filename_contiguous_block_provisional,1920,1080,,,c71d3a6f9ab95b697b523fd5276bff5e5bb33e3062bfd39fc34d9a01983b9fe0,b9b938f8f8f1f1e1,True,False,,,,unlabeled
01397.jpg,初赛测试集/01397.jpg,test,,1397,file_block_0004,filename_contiguous_block_provisional,1920,1080,,,2605b5d2348b2873fcc34634466ec930188e98e8ae1b08d1c07ebaf89c0692a7,3020207060400009,True,False,,,,unlabeled
01398.jpg,初赛测试集/01398.jpg,test,,1398,file_block_0004,filename_contiguous_block_provisional,1920,1080,,,5950dce6b9e474ff41acf6c78c2e3a29f640450132da6e71e1cf18378ef60d0c,3373320307031b39,True,False,,,,unlabeled
01399.jpg,初赛测试集/01399.jpg,test,,1399,file_block_0004,filename_contiguous_block_provisional,1920,1080,,,a9fab361402a30dd7555a7569c906275b15dead2fd7925fd47cfa55ba8559965,c3fff9f9f2f0f1f3,True,False,,,,unlabeled
01400.jpg,初赛测试集/01400.jpg,test,,1400,file_block_0004,filename_contiguous_block_provisional,1920,1080,,,4473c81f2ad8ee569deeefb5d86eaac67d6686c1af838953c2137f454bafb61f,60702122230a88c0,True,False,,,,unlabeled
01401.jpg,初赛测试集/01401.jpg,test,,1401,file_block_0004,filename_contiguous_block_provisional,1920,1080,,,ee7702eb5f2183ffa4674d02b6e05f7959a06156784fca0dcefc2fba035c6db1,c3c2c3c3c0c00022,True,False,,,,unlabeled
01402.jpg,初赛测试集/01402.jpg,test,,1402,file_block_0004,filename_contiguous_block_provisional,1920,1080,,,a39527da0b7a9702fae59f7a418a8cba6681b4d4e129944bf10697381e8a6df7,3773121206031339,True,False,,,,unlabeled
01403.jpg,初赛测试集/01403.jpg,test,,1403,file_block_0004,filename_contiguous_block_provisional,1920,1080,,,a892884bdb50684676cc62575c957b85056feebcc3002038ee73ae7016b56cc5,cfdf1d1e3b0f1e19,True,False,,,,unlabeled
01404.jpg,初赛测试集/01404.jpg,test,,1404,file_block_0004,filename_contiguous_block_provisional,1920,1080,,,57259a444221b8423fbc3ca4ef0c1a49beed4d80ef35efd201e0224fd17c0e4b,61723010585c0c48,True,False,,,,unlabeled
01405.jpg,初赛测试集/01405.jpg,test,,1405,file_block_0004,filename_contiguous_block_provisional,1920,1080,,,0eded9271d633b499ee653fc07e66ced1ea14d3121ed14db69377732993d5e54,69773791d8ccccc7,True,False,,,,unlabeled
01406.jpg,初赛测试集/01406.jpg,test,,1406,file_block_0004,filename_contiguous_block_provisional,1920,1080,,,a82abf582c2445954b6e6a176754df2094e4e9019a09b167ff8f834469a3b69b,69373398dc5c8cc4,True,False,,,,unlabeled
01407.jpg,初赛测试集/01407.jpg,test,,1407,file_block_0004,filename_contiguous_block_provisional,1920,1080,,,8de7447e38ad003f52ecad13db01c2919d115a12c9465fb75d1113354a2afaac,69373198dc5c8cc8,True,False,,,,unlabeled
01408.jpg,初赛测试集/01408.jpg,test,,1408,file_block_0004,filename_contiguous_block_provisional,1920,1080,,,c4290f8cfa0847c3ca5f666ecd600f0e304070b656a4ff37bef07cd204f94c19,69773010dc5c8cc0,True,False,,,,unlabeled
01409.jpg,初赛测试集/01409.jpg,test,,1409,file_block_0004,filename_contiguous_block_provisional,1920,1080,,,2a9fed67528b7a163e65bb637909acf134268fbae4b938ee5e0cc1b55ee8f391,797332189c5c8c48,True,False,,,,unlabeled
01410.jpg,初赛测试集/01410.jpg,test,,1410,file_block_0004,filename_contiguous_block_provisional,1920,1080,,,8bbd13c4a585a2ecaaa1754055edce41c7d3419d16a83e0c978706c598a14877,69733696dcdc8cc8,True,False,,,,unlabeled
01411.jpg,初赛测试集/01411.jpg,test,,1411,file_block_0004,filename_contiguous_block_provisional,1920,1080,,,88bd93e66a475dcebdb5124b7e4229a1d0a955615c873909f34bc3149cd77751,f9773bb0f0988cc3,True,False,,,,unlabeled
01412.jpg,初赛测试集/01412.jpg,test,,1412,file_block_0004,filename_contiguous_block_provisional,1920,1080,,,767274e39bb66d996afe856774a0123ab9ca4e8522bb2c81cc197f2c0f5e55a4,69773b98dcdc8cc1,True,False,,,,unlabeled
01413.jpg,初赛测试集/01413.jpg,test,,1413,file_block_0004,filename_contiguous_block_provisional,1920,1080,,,77a4fe0dc7bfbf315845e48a54770a51419f064e0e4ac9ccc172d9843564e7af,69773b9cdcdc8cc0,True,False,,,,unlabeled
01414.jpg,初赛测试集/01414.jpg,test,,1414,file_block_0004,filename_contiguous_block_provisional,1920,1080,,,074d80af19dd0604ea442c014bd39bb4e507778d6bd381be5216cd33dc8d0f9c,e1773b9cdcdc8cc1,True,False,,,,unlabeled
01415.jpg,初赛测试集/01415.jpg,test,,1415,file_block_0004,filename_contiguous_block_provisional,1920,1080,,,ebd4faa79cea7be424ca29c733bd03cdc435a1961392c8688c6cf235ecae8438,69773b9cdcdc8cc1,True,False,,,,unlabeled
01416.jpg,初赛测试集/01416.jpg,test,,1416,file_block_0004,filename_contiguous_block_provisional,1920,1080,,,e61475279523c70295b3a2ec3fa05d11865fb53795b9f66035a746ebc9dd9f70,79773b9cdcdc8cc6,True,False,,,,unlabeled
01417.jpg,初赛测试集/01417.jpg,test,,1417,file_block_0004,filename_contiguous_block_provisional,1920,1080,,,4ad25464595f63101e3f20f3045c8fa0cc401eba4b869851e9c4ee7704797093,e9773b9cdc5c8cc0,True,False,,,,unlabeled
01418.jpg,初赛测试集/01418.jpg,test,,1418,file_block_0004,filename_contiguous_block_provisional,1920,1080,,,24836fcb2261067ece23e78f2a90e5454e8f08baaaa64c51ac082273ffb58b2a,69773b9cdc5c8dc1,True,False,,,,unlabeled
01419.jpg,初赛测试集/01419.jpg,test,,1419,file_block_0004,filename_contiguous_block_provisional,1920,1080,,,99aeb7453ae7400f43d3ce6103f4273e577dbc1c0366cddb1bc7075162d6334d,69373b9cdcdc8cc7,True,False,,,,unlabeled
01420.jpg,初赛测试集/01420.jpg,test,,1420,file_block_0004,filename_contiguous_block_provisional,1920,1080,,,db3cb1e546f48aafc922b290438f7bcf5fe480bd8237fa2b5f2f5e4d2d8402a3,69773b9cdccc8cc0,True,False,,,,unlabeled
01421.jpg,初赛测试集/01421.jpg,test,,1421,file_block_0004,filename_contiguous_block_provisional,1920,1080,,,ed236d61d12bd9085e8f958d651d2245b7c643fa6cc610ce3fc86cf15675a844,79773b9cdc5c8cc1,True,False,,,,unlabeled
01422.jpg,初赛测试集/01422.jpg,test,,1422,file_block_0004,filename_contiguous_block_provisional,1920,1080,,,fdce78dd306904ffd8cd79139638bb343b3aee2698a7ebecf317562d0e489ee4,69773b9cdccc8cc1,True,False,,,,unlabeled
01423.jpg,初赛测试集/01423.jpg,test,,1423,file_block_0004,filename_contiguous_block_provisional,1920,1080,,,f501d847a1a70688d097bb8abb2701859ed2a6b107cf5d872b5525a4b6219a2f,693731999ccc8cc0,True,False,,,,unlabeled
01424.jpg,初赛测试集/01424.jpg,test,,1424,file_block_0004,filename_contiguous_block_provisional,1920,1080,,,2f187591909c0736fac401f09c3209fc53e3f6c73d8bf78ef2edaad302e60210,793731909c4c8cc1,True,False,,,,unlabeled
01425.jpg,初赛测试集/01425.jpg,test,,1425,file_block_0004,filename_contiguous_block_provisional,1920,1080,,,e61a023ea1746a8487b3dee56c9c44cfcaed58dce4537e5e7c08a499d3555a84,3f2d246566e3f3f8,True,False,,,,unlabeled
01426.jpg,初赛测试集/01426.jpg,test,,1426,file_block_0004,filename_contiguous_block_provisional,1920,1080,,,eeda4490ff2850aa171ec7a3b003b6fe5bdd56692b3527fea3883c19a0604f7a,3f2d246766e7f3f9,True,False,,,,unlabeled
01427.jpg,初赛测试集/01427.jpg,test,,1427,file_block_0004,filename_contiguous_block_provisional,1920,1080,,,1f1419ef00e1dcc1b870973dfc5ce6053ba555a22dd4d50aeccc513d5fd66e79,3f2d257766e3f3f9,True,False,,,,unlabeled
01428.jpg,初赛测试集/01428.jpg,test,,1428,file_block_0004,filename_contiguous_block_provisional,1920,1080,,,d148d9bdbd8349163650a726aa5ccb6bbc5a119433866567ab42325b53e00968,1f2d056766f3f3f9,True,False,,,,unlabeled
01429.jpg,初赛测试集/01429.jpg,test,,1429,file_block_0004,filename_contiguous_block_provisional,1920,1080,,,77d551560cf63cc11cd19c8fd57bd79e0956b24e93b9781aab77e40b6e0c21fd,1b2d056766e3f3f8,True,False,,,,unlabeled
01430.jpg,初赛测试集/01430.jpg,test,,1430,file_block_0004,filename_contiguous_block_provisional,1920,1080,,,d8abdecacd17fa61697185cc13c701b0432646481110b298420633f616f543b9,1f2d057766e7f3f9,True,False,,,,unlabeled
01431.jpg,初赛测试集/01431.jpg,test,,1431,file_block_0004,filename_contiguous_block_provisional,1920,1080,,,ddcb7499c276b58b84be0eae9b573d88be6afd81877b00c934ce9d8f08297061,1f2d056766f3f3f8,True,False,,,,unlabeled
01432.jpg,初赛测试集/01432.jpg,test,,1432,file_block_0004,filename_contiguous_block_provisional,1920,1080,,,8668c445bcddfb73005b7aae410c510f206114cc5288d31c1920e62b1959af37,1f2d057766e7f3f9,True,False,,,,unlabeled
01433.jpg,初赛测试集/01433.jpg,test,,1433,file_block_0004,filename_contiguous_block_provisional,1920,1080,,,bbd2763f18a6d3af2dd938cf2e70d334cc698bc07479631308f97827816cb57e,1f2d057766e7e3f8,True,False,,,,unlabeled
01434.jpg,初赛测试集/01434.jpg,test,,1434,file_block_0004,filename_contiguous_block_provisional,1920,1080,,,106cd272083786ddbf508111d0d80666cc15fa80abd208f6540735505dd32990,1f2d057766e7f3f8,True,False,,,,unlabeled
01435.jpg,初赛测试集/01435.jpg,test,,1435,file_block_0004,filename_contiguous_block_provisional,1920,1080,,,c5c0a0d8107b9208c14e45cd3a75b5c42f341d004e36c53397995e32ccf70930,1f2d057766e7e3d9,True,False,,,,unlabeled
01436.jpg,初赛测试集/01436.jpg,test,,1436,file_block_0004,filename_contiguous_block_provisional,1920,1080,,,00ccd44dedd05098436bc51a37273f0f11a5f66629526bedd42dcd1a89f0d6b1,1f0d057766e6e3d9,True,False,,,,unlabeled
01437.jpg,初赛测试集/01437.jpg,test,,1437,file_block_0004,filename_contiguous_block_provisional,1920,1080,,,e7035b3ebbc018295404c9bba8fad845a7da077c87de6db469cad67352bf9a37,3f2d256766e3e3f9,True,False,,,,unlabeled
01438.jpg,初赛测试集/01438.jpg,test,,1438,file_block_0004,filename_contiguous_block_provisional,1920,1080,,,9bbe073e204c2b064baccf0b04030ef6824a9d5cf40b4975d337a740d8b5fe18,3b3d257766e7f3d8,True,False,,,,unlabeled
01439.jpg,初赛测试集/01439.jpg,test,,1439,file_block_0004,filename_contiguous_block_provisional,1920,1080,,,480c656f5cb3f8e1b3e5497a770051e26f5a2a1f637d90c3667c191ac5d9d57f,3f2d057766e3f3fb,True,False,,,,unlabeled
01440.jpg,初赛测试集/01440.jpg,test,,1440,file_block_0004,filename_contiguous_block_provisional,1920,1080,,,a33dbc04de2d21463d5a9f418dfb61491fb1a913e59b841902a2d3321656c8cd,3b2d057766e3f3f9,True,False,,,,unlabeled
01441.jpg,初赛测试集/01441.jpg,test,,1441,file_block_0004,filename_contiguous_block_provisional,1920,1080,,,545645f8980d225c3b9c8d17bb8bbab41096e57ebc787e41754d68a1d50c1ffd,3f2d247666e3f3d8,True,False,,,,unlabeled
01442.jpg,初赛测试集/01442.jpg,test,,1442,file_block_0004,filename_contiguous_block_provisional,1920,1080,,,193bd28c22e0bfbfa2c38cfe52f48a07e8a0acd6bb19c6096cd389b84e007fe4,3f2d047666e3f3f8,True,False,,,,unlabeled
01443.jpg,初赛测试集/01443.jpg,test,,1443,file_block_0004,filename_contiguous_block_provisional,1920,1080,,,dc0ac7b17348d920dd1131b511732be619234276056f969266abfa1762399597,3b2d047466e7f3f8,True,False,,,,unlabeled
01444.jpg,初赛测试集/01444.jpg,test,,1444,file_block_0004,filename_contiguous_block_provisional,1920,1080,,,b1522f9a285fd269e61926734c6edec5a28d275c53f18261ec47d9365d743b21,3f2d056466e7e3d8,True,False,,,,unlabeled
01445.jpg,初赛测试集/01445.jpg,test,,1445,file_block_0004,filename_contiguous_block_provisional,1920,1080,,,0977a5184aefd049dbb67ff73f1ce1cd32f4a6887fa95281d09a3e6ed80b367b,1c2c046466e6c3d1,True,False,,,,unlabeled
01446.jpg,初赛测试集/01446.jpg,test,,1446,file_block_0004,filename_contiguous_block_provisional,1280,720,,,487075c279a11e7cc5e47b7b66e9821b74e087da5ffe05c60331c77fba6c9b66,33b0a0e4c4c0d89e,True,False,,,,unlabeled
01447.jpg,初赛测试集/01447.jpg,test,,1447,file_block_0004,filename_contiguous_block_provisional,1280,720,,,c20bb4ae21d37f301f959b63b910486fd33e904e0b89b86b95c439f8cf0194a9,622200606044444e,True,False,,,,unlabeled
01448.jpg,初赛测试集/01448.jpg,test,,1448,file_block_0004,filename_contiguous_block_provisional,1280,720,,,978710a7928f32abbb250a614d310d7de254d903b19abd81355b4aff8ad7b4b3,7bb0f0c0c0c0c0c6,True,False,,,,unlabeled
01449.jpg,初赛测试集/01449.jpg,test,,1449,file_block_0004,filename_contiguous_block_provisional,1280,720,,,6c490c415860d6f87a21ef56374be0fe104ffddeddc8299b15097346fa9f1caf,7fbcf4c4c0c0c0e0,True,False,,,,unlabeled
01450.jpg,初赛测试集/01450.jpg,test,,1450,file_block_0004,filename_contiguous_block_provisional,1280,720,,,e97fcc51817f44afe8c4c7cd342620ffc1b38e600d5de44bd7e9b0be1cb4be8b,3fbdf4c4c4c8d8f0,True,False,,,,unlabeled
01451.jpg,初赛测试集/01451.jpg,test,,1451,file_block_0004,filename_contiguous_block_provisional,1280,720,,,ff5ea64a1b3de45c30ee92bc6d1673c5fcf851bd991d8e6e8d37eb4309befb83,3fb0f0c0c0c0c0c0,True,False,,,,unlabeled
01452.jpg,初赛测试集/01452.jpg,test,,1452,file_block_0004,filename_contiguous_block_provisional,1280,720,,,058cc27598b77874042e6f2cda484faa8d3d2d7cccac4b592d02f02df37de00e,3bb0e0c4c6c2c3d1,True,False,,,,unlabeled
01453.jpg,初赛测试集/01453.jpg,test,,1453,file_block_0004,filename_contiguous_block_provisional,1920,1080,,,5da0f0eadacb5acc9d6fe2bf7c4a4542c467e41ff115c5a0a131fd61f5a31df7,c535353570707070,True,False,,,,unlabeled
01454.jpg,初赛测试集/01454.jpg,test,,1454,file_block_0004,filename_contiguous_block_provisional,1920,1080,,,d6d3d8b80748fda1a908ef4ae39a71d0fe0e851f9898b8a90c82b23f9fc18e69,9535353534767b39,True,False,,,,unlabeled
01455.jpg,初赛测试集/01455.jpg,test,,1455,file_block_0004,filename_contiguous_block_provisional,1920,1080,,,63fde15c1e1dbb92b0701bf12e8cd65d9f2f0e56eacbc41b733ebd0d81ee538b,95353d3510120032,True,False,,,,unlabeled
01456.jpg,初赛测试集/01456.jpg,test,,1456,file_block_0004,filename_contiguous_block_provisional,1920,1080,,,21403e10940f69e7f1f7fe1ebce8c23fba0ee81799ccd5d64c5a09cc13bcebaf,9694b8100137068c,True,False,,,,unlabeled
01457.jpg,初赛测试集/01457.jpg,test,,1457,file_block_0004,filename_contiguous_block_provisional,1920,1080,,,c98561b232ca7c87a774ca18775fe52b071c9372e48e20f936511988c97dcf5d,96b4b81005231393,True,False,,,,unlabeled
01458.jpg,初赛测试集/01458.jpg,test,,1458,file_block_0004,filename_contiguous_block_provisional,1920,1080,,,126a85bb5d35326790146c063125be5d3beeee09b50059316c4aadcefb555a4f,16b6bcb025171399,True,False,,,,unlabeled
01459.jpg,初赛测试集/01459.jpg,test,,1459,file_block_0004,filename_contiguous_block_provisional,1920,1080,,,938a07521156c078d053b8552c13c162e3a9705bd9fd0c1c3f74c75b463f63f2,15373d3521371f9f,True,False,,,,unlabeled
01460.jpg,初赛测试集/01460.jpg,test,,1460,file_block_0004,filename_contiguous_block_provisional,1920,1080,,,a5a9b7055f42ba4d3abb62940f20e694ceff2a1212dfcd324a53d2b571b42f05,daeb2f2f3f3f7f7d,True,False,,,,unlabeled
01461.jpg,初赛测试集/01461.jpg,test,,1461,file_block_0004,filename_contiguous_block_provisional,1920,1080,,,a5a6de1ef293be15e6936ac056d07d4e4bed2d6e473df3da949b2638af7747b5,ae2e2e3a3a393161,True,False,,,,unlabeled
01462.jpg,初赛测试集/01462.jpg,test,,1462,file_block_0004,filename_contiguous_block_provisional,1920,1080,,,022036cb308394e5957f341fbf3e11ff54a29ee438cc6b67ee6a8a602bcb8218,aa2e2e3a3a397161,True,False,,,,unlabeled
01463.jpg,初赛测试集/01463.jpg,test,,1463,file_block_0004,filename_contiguous_block_provisional,1920,1080,,,5661066623cb3be34842bf663bd0daab32749270c9896b6b6b2f9a43027b0ac2,a22e2e3e3a396161,True,False,,,,unlabeled
01464.jpg,初赛测试集/01464.jpg,test,,1464,file_block_0004,filename_contiguous_block_provisional,1920,1080,,,9ad0cce4767aef8d9ba575672963e33a6b6dabcde77aeda573615d7879f8a37b,a22e2e3e3a396161,True,False,,,,unlabeled
01465.jpg,初赛测试集/01465.jpg,test,,1465,file_block_0004,filename_contiguous_block_provisional,1920,1080,,,d968834d38ebb10d7d5e761294f7772462bb43f205507a81b849e2bfcd6290fb,a62e2e3a38396161,True,False,,,,unlabeled
01466.jpg,初赛测试集/01466.jpg,test,,1466,file_block_0004,filename_contiguous_block_provisional,1920,1080,,,8e31c42214405dcc0aa4ad6b9fb63a6e4fcc8dc3741111c44a8175f228bf427c,a6ae2e3e3a396161,True,False,,,,unlabeled
01467.jpg,初赛测试集/01467.jpg,test,,1467,file_block_0004,filename_contiguous_block_provisional,1920,1080,,,8d44e048330651e2a8e2203dfcc4e994620f6ae5d46d342727091bfef88c2c97,a6ae2e3e38396161,True,False,,,,unlabeled
01468.jpg,初赛测试集/01468.jpg,test,,1468,file_block_0004,filename_contiguous_block_provisional,1920,1080,,,359c73719a58e21d284426eb3dbfaf6aabd38aaa0815455408fd742b02f6f1b7,a6262c3838396161,True,False,,,,unlabeled
01469.jpg,初赛测试集/01469.jpg,test,,1469,file_block_0004,filename_contiguous_block_provisional,1920,1080,,,b3dc7a92aeb5d7aadd6792e7c0273b0cd8b7bd9573bdccb9bf7d4f0251b97461,26ae2e3a38316167,True,False,,,,unlabeled
01470.jpg,初赛测试集/01470.jpg,test,,1470,file_block_0004,filename_contiguous_block_provisional,1920,1080,,,99f98a0c5f2b00fe2c3db6b7b91995cd1bc512f4d9fc19f55aeb62f217d55d1b,a6262e3a38316165,True,False,,,,unlabeled
01471.jpg,初赛测试集/01471.jpg,test,,1471,file_block_0004,filename_contiguous_block_provisional,1920,1080,,,57526e616b04bfc264c637cd0d5508c99d893dc5b0e5d9da960320d16d1d7698,a6ae2e3e38316160,True,False,,,,unlabeled
01472.jpg,初赛测试集/01472.jpg,test,,1472,file_block_0004,filename_contiguous_block_provisional,1920,1080,,,14a333134e2e5f94189e254639b949f0fc81a19c1d3cf9a364870f82c589e152,a6ae2e3e3a316160,True,False,,,,unlabeled
01473.jpg,初赛测试集/01473.jpg,test,,1473,file_block_0004,filename_contiguous_block_provisional,1920,1080,,,3e235d53ba719c0a29e0cd8f2516ec81fd234c606accd49fa9d4ec9da697cd2a,a6aa2e3e38316161,True,False,,,,unlabeled
01474.jpg,初赛测试集/01474.jpg,test,,1474,file_block_0004,filename_contiguous_block_provisional,1920,1080,,,ac0675bcb6cffd0ff847fbeba3758799ca60eedb15b6308a2e0957e364960182,a6aa2e3a38316161,True,False,,,,unlabeled
01475.jpg,初赛测试集/01475.jpg,test,,1475,file_block_0004,filename_contiguous_block_provisional,1920,1080,,,acc168b1974bdbb4b42685bb6f2ad1a817c5b2498ba6a537a1ded06879da1d48,a2ae2e3e3b316161,True,False,,,,unlabeled
01476.jpg,初赛测试集/01476.jpg,test,,1476,file_block_0004,filename_contiguous_block_provisional,1920,1080,,,5814c70462341caecb569763775b0efd4bc73d64f8767ff6ee3d78a52d1cbf3d,29111f0f0f070701,True,False,,,,unlabeled
01477.jpg,初赛测试集/01477.jpg,test,,1477,file_block_0004,filename_contiguous_block_provisional,1920,1080,,,785d57a325b52c1999754d416b42bae136325e4136aaccdf5ebc25d2dad4c095,29151f0f0f0f0f0d,True,False,,,,unlabeled
01478.jpg,初赛测试集/01478.jpg,test,,1478,file_block_0004,filename_contiguous_block_provisional,2592,1944,,,d64dd197e5b3dfb3ec30489b3b518385696a57ada67d76d1bf0c57e1b6eb3440,0f0f07070f0f0f0f,True,False,,,,unlabeled
01479.jpg,初赛测试集/01479.jpg,test,,1479,file_block_0004,filename_contiguous_block_provisional,2592,1944,,,0970f61bda78af0075e8b906d5dd175452fbe5fde4e2d98defb37059e367d439,1f0f07070f0f0f0f,True,False,,,,unlabeled
01480.jpg,初赛测试集/01480.jpg,test,,1480,file_block_0004,filename_contiguous_block_provisional,2592,1944,,,329c2164bc88fb037485591b02e1b72aa5aef846b92b274c8ff80d0e98bf5cfb,3f0f070f0f0f0f0f,True,False,,,,unlabeled
01481.jpg,初赛测试集/01481.jpg,test,,1481,file_block_0004,filename_contiguous_block_provisional,2592,1944,,,90b08c4cd446d583a30ee879e2fb6e23691701cd3492fee5a49f11463f22644a,070f070f0f0f0f0f,True,False,,,,unlabeled
01482.jpg,初赛测试集/01482.jpg,test,,1482,file_block_0004,filename_contiguous_block_provisional,2592,1944,,,ea1ad8f0a907d5c46f39ab13052b3c3a9e7508e8f8554489ad14883821d2b5b9,070f070f0f0f0f0f,True,False,,,,unlabeled
01483.jpg,初赛测试集/01483.jpg,test,,1483,file_block_0004,filename_contiguous_block_provisional,2592,1944,,,323ada67cbd21c5dc3b846e9409aeff151e040074998a1532ead3fd6a6a69ee6,0f0f070f0f0f0f0f,True,False,,,,unlabeled
01484.jpg,初赛测试集/01484.jpg,test,,1484,file_block_0004,filename_contiguous_block_provisional,2592,1944,,,e315bed4a92638caaa098e304c08877cd225d9d89bc1d2b884ec56351f0c7d0e,3f0f0f0f2f0f0f1f,True,False,,,,unlabeled
01485.jpg,初赛测试集/01485.jpg,test,,1485,file_block_0004,filename_contiguous_block_provisional,2592,1944,,,568601df129c08cf63f582a30674c90478f539cf4e05f6899d9b295838d48667,0f0f07070f0f0f0f,True,False,,,,unlabeled
01486.jpg,初赛测试集/01486.jpg,test,,1486,file_block_0004,filename_contiguous_block_provisional,2592,1944,,,9ff31834f49cfa2160cdd519767419aa62d188d121cc8779264b1031ac1d098e,0f0f070f0f0f0f0f,True,False,,,,unlabeled
01487.jpg,初赛测试集/01487.jpg,test,,1487,file_block_0004,filename_contiguous_block_provisional,2592,1944,,,788f3eaf7ee3d517246b709a83db49d2961b8c4aa034efeb6921d0e42ba4aa72,3f0f07272f0f0f0f,True,False,,,,unlabeled
01488.jpg,初赛测试集/01488.jpg,test,,1488,file_block_0004,filename_contiguous_block_provisional,2592,1944,,,87ca5beeff514744d5fb8f8dacd6bacb3f64d239ea208db0341fd88493ef8929,030707070f070707,True,False,,,,unlabeled
01489.jpg,初赛测试集/01489.jpg,test,,1489,file_block_0004,filename_contiguous_block_provisional,2592,1944,,,a52795a1253780ad37351d50572e6da344bd8544f0704aa60bfa8d1d31b43b73,3f0f07372f0f0f1f,True,False,,,,unlabeled
01490.jpg,初赛测试集/01490.jpg,test,,1490,file_block_0004,filename_contiguous_block_provisional,2592,1944,,,f2de54c5ffd4036ccf615016332ef1aeb8a2fd239ce2986e92b5d97ddb3cea3f,1b0f07373f0f0f1f,True,False,,,,unlabeled
01491.jpg,初赛测试集/01491.jpg,test,,1491,file_block_0004,filename_contiguous_block_provisional,2592,1944,,,18e6857b0b4ed8fee90fa7ba7f32b56f3c73494c28004e8097b805ce1ce6f605,1b0f07372f0f0f1f,True,False,,,,unlabeled
01492.jpg,初赛测试集/01492.jpg,test,,1492,file_block_0004,filename_contiguous_block_provisional,2592,1944,,,8fe0f2a366a6ec6d65a3770f222e513b0ee96da95ded14708ebda7e4f477e9f9,070707070f0f070f,True,False,,,,unlabeled
01493.jpg,初赛测试集/01493.jpg,test,,1493,file_block_0004,filename_contiguous_block_provisional,2592,1944,,,c900f60df7172c1d6379a2083b6ed5db960213e7d25c14f52c40e68a95038f2c,030707071f0f070f,True,False,,,,unlabeled
01494.jpg,初赛测试集/01494.jpg,test,,1494,file_block_0004,filename_contiguous_block_provisional,2592,1944,,,0f34ed804ab6ce3a180a08ddeb69aab9fe8d4b63191ef6af3a4a530fe8183bcd,0f0707272f0f0f0f,True,False,,,,unlabeled
01495.jpg,初赛测试集/01495.jpg,test,,1495,file_block_0004,filename_contiguous_block_provisional,2592,1944,,,704e23c295cb32559547557649f294c526497c8760ca95604167cca04a93322a,070f07072f0f070f,True,False,,,,unlabeled
01496.jpg,初赛测试集/01496.jpg,test,,1496,file_block_0004,filename_contiguous_block_provisional,2592,1944,,,b1a60ca973047bd1fbcda29c7ef67e015b48722d510f49765941fe4f01e7b462,3f0f07270f0f0f0f,True,False,,,,unlabeled
01497.jpg,初赛测试集/01497.jpg,test,,1497,file_block_0004,filename_contiguous_block_provisional,2592,1944,,,caa97cc4aa49c4da4f4049c97ea83e391f1362f175639f47adbc7a148d28739b,1f0f070f0f0f0f1f,True,False,,,,unlabeled
01498.jpg,初赛测试集/01498.jpg,test,,1498,file_block_0004,filename_contiguous_block_provisional,2592,1944,,,d1569011302e2cf5cbea081dd6c6c2ad95dfdc20d475308a0ea6d9fdb4e45aec,1f0f070f2f0f0f0f,True,False,,,,unlabeled
01499.jpg,初赛测试集/01499.jpg,test,,1499,file_block_0004,filename_contiguous_block_provisional,2592,1944,,,76108e706d7cac8ae77ec3b28f71240794734cab8e0ec4d57ef1e3cd0164c7d1,0307070f0f0f070f,True,False,,,,unlabeled
01500.jpg,初赛测试集/01500.jpg,test,,1500,file_block_0004,filename_contiguous_block_provisional,2592,1944,,,d4eef93d50fb8305262ea01c167e20a30df33a39f7b9e0ed120288a76b29fb1b,0b0f07272f0f0f0f,True,False,,,,unlabeled
01501.jpg,初赛测试集/01501.jpg,test,,1501,file_block_0004,filename_contiguous_block_provisional,2592,1944,,,ea702cfe689108c189051a959b704f641de31858c45870f32b605b72084bd6f0,0f0f070f0f0f0f0f,True,False,,,,unlabeled
01502.jpg,初赛测试集/01502.jpg,test,,1502,file_block_0004,filename_contiguous_block_provisional,2592,1944,,,7fc8a7f923a37b6791525987380bd1d3d8a2d56cec47a8c72b0a9757ec7a2ec5,1f0f07372f0f0f1f,True,False,,,,unlabeled
01503.jpg,初赛测试集/01503.jpg,test,,1503,file_block_0004,filename_contiguous_block_provisional,2592,1944,,,74c41caa55c1e9d14bd8882ead68d0eba12e773a6b82281a0a301cdebd2bf9d9,270f07372f0f0707,True,False,,,,unlabeled
01504.jpg,初赛测试集/01504.jpg,test,,1504,file_block_0004,filename_contiguous_block_provisional,2592,1944,,,ea84e13da6e7d65af39093d8f62a4eecad92ed1bc887194c95cb913782ac0cac,1f0f07270f0f0f1f,True,False,,,,unlabeled
01505.jpg,初赛测试集/01505.jpg,test,,1505,file_block_0004,filename_contiguous_block_provisional,2592,1944,,,94aa2f5e68c04f64a77f4372f51db5fd51504534eb0a1477c736d9dcf713f3cd,130707272f070707,True,False,,,,unlabeled
01506.jpg,初赛测试集/01506.jpg,test,,1506,file_block_0004,filename_contiguous_block_provisional,2592,1944,,,db43a6385c5bac9f6e9f5ed09c0f5d17d52ffe379c145a640b4c02024f27575e,070707270f0f0707,True,False,,,,unlabeled
01507.jpg,初赛测试集/01507.jpg,test,,1507,file_block_0004,filename_contiguous_block_provisional,2592,1944,,,2bd1a9267bb51d708d80065301a0a32255f0a4f7af8594df65181cac38625608,0f0f070f0f0f070f,True,False,,,,unlabeled
01508.jpg,初赛测试集/01508.jpg,test,,1508,file_block_0004,filename_contiguous_block_provisional,2592,1944,,,189d06c68985d0fd46f87fcd6018ac30fa37e46d542cc05437586a7b157c53c0,0f0f070f0f0f0f0f,True,False,,,,unlabeled
01509.jpg,初赛测试集/01509.jpg,test,,1509,file_block_0004,filename_contiguous_block_provisional,2592,1944,,,1fe81a9ed16f3cc034d4e34fe5034740052d126e67489ad704408ab916d4cf51,0f07070f0f0f070f,True,False,,,,unlabeled
01510.jpg,初赛测试集/01510.jpg,test,,1510,file_block_0004,filename_contiguous_block_provisional,2592,1944,,,5bdf331cf63d8e2360d11bcec90ae4b672109ebe25f98360eca1be2e50a4bc94,1f0f070f0f0f0f1f,True,False,,,,unlabeled
01511.jpg,初赛测试集/01511.jpg,test,,1511,file_block_0004,filename_contiguous_block_provisional,2592,1944,,,296d45abcbb780f3343225bb3e06a5d31fc53510c747f69763fe9c5791e89120,0f0707070f0f0f0f,True,False,,,,unlabeled
01512.jpg,初赛测试集/01512.jpg,test,,1512,file_block_0004,filename_contiguous_block_provisional,2592,1944,,,db1e0e84c2d6e2725fae395fb0f74772184e3b5dd3f69181ae1394a600798a8c,0f0f070f0f0f0f0f,True,False,,,,unlabeled
01513.jpg,初赛测试集/01513.jpg,test,,1513,file_block_0004,filename_contiguous_block_provisional,2592,1944,,,42ecc7d16a1d4c3c42c6c06f8dc2486433bfe992e6b0a682eb20a6f3248357b5,0f0f070f0f0f0f0f,True,False,,,,unlabeled
01514.jpg,初赛测试集/01514.jpg,test,,1514,file_block_0004,filename_contiguous_block_provisional,2592,1944,,,870a3b231452f777b2fe8d2a57299068f187e510b95a78dab766f6b6168955e1,3f0f070f0f0f0f0f,True,False,,,,unlabeled
01515.jpg,初赛测试集/01515.jpg,test,,1515,file_block_0004,filename_contiguous_block_provisional,2592,1944,,,a6cc4445359e307bb2c89475e8d9c558dc1c4486364a3f2891318fd4ebaae455,070707070f0f070f,True,False,,,,unlabeled
01516.jpg,初赛测试集/01516.jpg,test,,1516,file_block_0004,filename_contiguous_block_provisional,2592,1944,,,a226608aee5c183e1b8d6cdbc953c7a6b3b047b2e142aba9e1949d5a55dbc7bd,1f0f0726370f0b13,True,False,,,,unlabeled
01517.jpg,初赛测试集/01517.jpg,test,,1517,file_block_0004,filename_contiguous_block_provisional,2592,1944,,,3de975689ec221d13b819752b1a22770dc7fab7c06fb99d193f0ee0865f28f06,3b0f0726270f0b3b,True,False,,,,unlabeled
01518.jpg,初赛测试集/01518.jpg,test,,1518,file_block_0004,filename_contiguous_block_provisional,2592,1944,,,3d073d7c5d3482b4e56738774d684b10709c1e400e73615f970276272fe71eac,0f0707272e0f070f,True,False,,,,unlabeled
01519.jpg,初赛测试集/01519.jpg,test,,1519,file_block_0004,filename_contiguous_block_provisional,2592,1944,,,c0056dbfcefde88c490ded04b6e380f82ffbf17caec41880626a06a1ed6ea21c,1b0f07272f0f0f0f,True,False,,,,unlabeled
01520.jpg,初赛测试集/01520.jpg,test,,1520,file_block_0004,filename_contiguous_block_provisional,2592,1944,,,e7fc9c7df9becfcaf0012890bacce35127c829d787e3d8590310d739cb7f8379,2707070727070707,True,False,,,,unlabeled
01521.jpg,初赛测试集/01521.jpg,test,,1521,file_block_0004,filename_contiguous_block_provisional,2592,1944,,,269634e90fa1f13737cec36c72b840a30739839f3a4edbca1ad3ceb7c4f3cf84,070707070f070707,True,False,,,,unlabeled
01522.jpg,初赛测试集/01522.jpg,test,,1522,file_block_0004,filename_contiguous_block_provisional,2592,1944,,,929f3c4ac0d70393ce884d8dec9f3fb1cff4fbd8e5e3ec02e01e4162d36c30e8,1f0f070f0f0f0f0f,True,False,,,,unlabeled
01523.jpg,初赛测试集/01523.jpg,test,,1523,file_block_0004,filename_contiguous_block_provisional,2592,1944,,,c9ef832e71be0eca24e2878c2f78ebc23396e2360dbd11efe39048fae9b67ea4,1f0f070f0f0f0f0f,True,False,,,,unlabeled
01524.jpg,初赛测试集/01524.jpg,test,,1524,file_block_0004,filename_contiguous_block_provisional,2592,1944,,,494841d1e9bc09842f710b72a294206e3eb5434b6be1ede1f811674407e8a518,0f0f070f0f0f0f0f,True,False,,,,unlabeled
01525.jpg,初赛测试集/01525.jpg,test,,1525,file_block_0004,filename_contiguous_block_provisional,2592,1944,,,5f64cc895640c89048aad27626cfe1b59970562f9293af9f2db9638a584f87f1,0f0f070f0f0f0f0f,True,False,,,,unlabeled
01526.jpg,初赛测试集/01526.jpg,test,,1526,file_block_0004,filename_contiguous_block_provisional,2592,1944,,,2c0dcb55a09ff8bce8697b1f1ea117338dcdda9881c014b4011cebfaefbe471d,1f0f070f0f0f0f1f,True,False,,,,unlabeled
01527.jpg,初赛测试集/01527.jpg,test,,1527,file_block_0004,filename_contiguous_block_provisional,2592,1944,,,a6ff82260cbb9d60f89df2ab2c550d41ddbba2199068529970b86b91b720333a,0f0f070f0f0f0f0f,True,False,,,,unlabeled
01528.jpg,初赛测试集/01528.jpg,test,,1528,file_block_0004,filename_contiguous_block_provisional,2592,1944,,,1fc09776b13cd2cbd328c74dfe91237efcccd0265f86e2dd1b130b6a383682b0,0f0f070f0f0f0f0f,True,False,,,,unlabeled
01529.jpg,初赛测试集/01529.jpg,test,,1529,file_block_0004,filename_contiguous_block_provisional,2592,1944,,,378131385acf6127d633ffdee2b4ce6ac2d37d907820d2dbb3adaec7685ee5ee,070707270f07070f,True,False,,,,unlabeled
01530.jpg,初赛测试集/01530.jpg,test,,1530,file_block_0004,filename_contiguous_block_provisional,2592,1944,,,cb0a4e684dff468efcfab86d6ab5c93ff61bab6e00d80863015e8c3b103c36e6,070707270f0f0f0f,True,False,,,,unlabeled
01531.jpg,初赛测试集/01531.jpg,test,,1531,file_block_0004,filename_contiguous_block_provisional,2592,1944,,,c0d583b2b22e8c517393c209cd5ba18b2d8c2c579deac3225ebeb15dcc7791b3,0f0707270f070f0f,True,False,,,,unlabeled
01532.jpg,初赛测试集/01532.jpg,test,,1532,file_block_0004,filename_contiguous_block_provisional,2592,1944,,,7b22f25fddde6ae99fce7ba0f84b8a2318ab8a0df754265ea532dee239bd493d,0f07070f0f07070f,True,False,,,,unlabeled
01533.jpg,初赛测试集/01533.jpg,test,,1533,file_block_0004,filename_contiguous_block_provisional,2592,1944,,,49f8023a25bce6605390cdf0341cb4f87b58a42a13ce19172967cfe7a17d4d84,1f07072f0f0f071f,True,False,,,,unlabeled
01534.jpg,初赛测试集/01534.jpg,test,,1534,file_block_0004,filename_contiguous_block_provisional,2592,1944,,,a679d98fdfaaff3afba076025a7ccfd06c2838f520def123ab001f9b2ba8e543,0f0707070f0f0f0f,True,False,,,,unlabeled
01535.jpg,初赛测试集/01535.jpg,test,,1535,file_block_0004,filename_contiguous_block_provisional,2592,1944,,,96a1532562d4adb7b1e43745e1050f405dfa45f52adaf75f451b8925e3e99a0f,070707270f0f071f,True,False,,,,unlabeled
01536.jpg,初赛测试集/01536.jpg,test,,1536,file_block_0004,filename_contiguous_block_provisional,2592,1944,,,417ba3f84ffe040cbd8d0f6075135b0414acbbe5df6bf13371445ed3439c20c1,1f0707270f0f0f1f,True,False,,,,unlabeled
01537.jpg,初赛测试集/01537.jpg,test,,1537,file_block_0004,filename_contiguous_block_provisional,2592,1944,,,e20f1eb1328089e5c5556a8c2465f1d7120c2c8a03c0caf760aab7e0c4c89596,0f0f07272f0f0f0f,True,False,,,,unlabeled
01538.jpg,初赛测试集/01538.jpg,test,,1538,file_block_0004,filename_contiguous_block_provisional,2592,1944,,,0de0470754f5158800755b501968eeba756163f8a2e2df0d59977946c85ee71f,1f0f070f0f0f0f1f,True,False,,,,unlabeled
01539.jpg,初赛测试集/01539.jpg,test,,1539,file_block_0004,filename_contiguous_block_provisional,1920,1080,,,f07381e90f81a625db563f64f9e328a0087c0bb16647616971e496d888b928c7,569624246c3c4dd1,True,False,,,,unlabeled
01540.jpg,初赛测试集/01540.jpg,test,,1540,file_block_0004,filename_contiguous_block_provisional,1920,1080,,,2299e27c41e8f94b2c43e6b70996d62ac4e9936fe4e65a4456666f9d0a82b09d,468624246c3c4dd1,True,False,,,,unlabeled
01541.jpg,初赛测试集/01541.jpg,test,,1541,file_block_0004,filename_contiguous_block_provisional,1920,1080,,,9b2ca40a981ccb4b11622b8560cbe272de902385e6aa8977857f19d2e269d556,068624246c3c4dd1,True,False,,,,unlabeled
01542.jpg,初赛测试集/01542.jpg,test,,1542,file_block_0004,filename_contiguous_block_provisional,1920,1080,,,f43bf20b88b432c9b6f26d3ddf999991cbfcba2b954a7000caa0449642c8cc76,169634346c3c4dc3,True,False,,,,unlabeled
01543.jpg,初赛测试集/01543.jpg,test,,1543,file_block_0004,filename_contiguous_block_provisional,1920,1080,,,6f684f8675b185d94b575cfbccf586fa1b57b499ced645977641b568c6a883a1,068624246c0d4dd3,True,False,,,,unlabeled
01544.jpg,初赛测试集/01544.jpg,test,,1544,file_block_0004,filename_contiguous_block_provisional,1920,1080,,,1bc5378ee886bbd72db587e4b8d769d241ef8d12fea05a6204cda8487316a6dc,569634346c7c47d0,True,False,,,,unlabeled
01545.jpg,初赛测试集/01545.jpg,test,,1545,file_block_0004,filename_contiguous_block_provisional,1920,1080,,,c63b8b66cebbb134332b45667d075296f7ae5e484806610d04020798a669245b,46d6a4242c1d4d51,True,False,,,,unlabeled
01546.jpg,初赛测试集/01546.jpg,test,,1546,file_block_0004,filename_contiguous_block_provisional,1920,1080,,,343b597fcb62396d31b387035fc81e7daab54fcb241cf04851f11e5bba65e512,569634347c3c4dc0,True,False,,,,unlabeled
01547.jpg,初赛测试集/01547.jpg,test,,1547,file_block_0004,filename_contiguous_block_provisional,1920,1080,,,05aadabb62fb333631fa1de9f8e12f46c1fbe7fb387f7be9923980fc7fceb698,068624246c2c4dc1,True,False,,,,unlabeled
01548.jpg,初赛测试集/01548.jpg,test,,1548,file_block_0004,filename_contiguous_block_provisional,1920,1080,,,694c4662622fe98b5cc42a2102e787a47544c4cc6899df155281c5eb71888d8f,368624247c1c4dc3,True,False,,,,unlabeled
01549.jpg,初赛测试集/01549.jpg,test,,1549,file_block_0004,filename_contiguous_block_provisional,1920,1080,,,952a07696a12e5ea6a7adf81842715baeeced3cf099c2499db469d02c3740902,2f1f7ffddfdf8e8c,True,False,,,,unlabeled
01550.jpg,初赛测试集/01550.jpg,test,,1550,file_block_0004,filename_contiguous_block_provisional,1920,1080,,,387ffcc117fc0d4b97f4efb8ce2f56a4781e64823b41c0bde1921f126d457d35,271e7fdf8f0f0d0d,True,False,,,,unlabeled
01551.jpg,初赛测试集/01551.jpg,test,,1551,file_block_0004,filename_contiguous_block_provisional,1920,1080,,,8bcd45901f64b8cc80f9513475f0062d2e3b84d0429110b80441b1850caa0730,3f3f3f3fdfdf8f8e,True,False,,,,unlabeled
01552.jpg,初赛测试集/01552.jpg,test,,1552,file_block_0004,filename_contiguous_block_provisional,1920,1080,,,0aa5a5ff1aad67f769fdc64d259349fe2d340dc5b81669322fe008e900ff2106,373f7fb7dfdf8f8e,True,False,,,,unlabeled
01553.jpg,初赛测试集/01553.jpg,test,,1553,file_block_0004,filename_contiguous_block_provisional,1920,1080,,,f748f97c49073882f1ad63a4697d089a1e9a573ac1d6ca69aea5026adc910783,3f3f7fffdfdf8f8e,True,False,,,,unlabeled
01554.jpg,初赛测试集/01554.jpg,test,,1554,file_block_0004,filename_contiguous_block_provisional,1920,1080,,,8dfaf29fff051ed562af611bcbf7a8fb9b6b6b7897e26ef22cbad2e738d1eda6,3f3f7fafcfdf8e9e,True,False,,,,unlabeled
01555.jpg,初赛测试集/01555.jpg,test,,1555,file_block_0004,filename_contiguous_block_provisional,1920,1080,,,3cd6f5affa607b0277fe834bd290604b3fd66f7c56435a266bd389783cd6581c,371e77f3dfcf8f9e,True,False,,,,unlabeled
01556.jpg,初赛测试集/01556.jpg,test,,1556,file_block_0004,filename_contiguous_block_provisional,1920,1080,,,b80218d2a23b225f78b8ebcf0c11bec252f98795d3342744a5ff9f72ec1dda92,271e77f6dfdf8f8e,True,False,,,,unlabeled
01557.jpg,初赛测试集/01557.jpg,test,,1557,file_block_0004,filename_contiguous_block_provisional,1920,1080,,,6d70430c48f01da517496b91e4e91b193f596a3d2746a48e3152ee2fe8efb389,3f1f373fdfdf8e8e,True,False,,,,unlabeled
01558.jpg,初赛测试集/01558.jpg,test,,1558,file_block_0004,filename_contiguous_block_provisional,1920,1080,,,e6e836a2d237bc5ceaa5abbe63584c09f55193752a300597e59796f96f1e32a4,361e77f7dfdf8f86,True,False,,,,unlabeled
01559.jpg,初赛测试集/01559.jpg,test,,1559,file_block_0004,filename_contiguous_block_provisional,1920,1080,,,d23575ede45479f0924e9018a425d15d8b1d50e0095e24e85d522332ecafa353,371e7ff7dfcf8e8e,True,False,,,,unlabeled
01560.jpg,初赛测试集/01560.jpg,test,,1560,file_block_0004,filename_contiguous_block_provisional,1920,1080,,,8251035e4a82fbb8f5977792b3c62e34cc5d0ec49fd02b20a89e1b8346bf9d4d,371e7ff7dfdf8d8e,True,False,,,,unlabeled
01561.jpg,初赛测试集/01561.jpg,test,,1561,file_block_0004,filename_contiguous_block_provisional,1920,1080,,,9f26fcad3281f70a6385e98bc6aeb465495ed2158095c7a07eab66181a6a67d3,373e7ff7dfdf8f9e,True,False,,,,unlabeled
01562.jpg,初赛测试集/01562.jpg,test,,1562,file_block_0004,filename_contiguous_block_provisional,1920,1080,,,812b61b962ad0adfca02a2677c5d569537100db3bebda600560109cb819d09e9,e1c3e1e5c35b7bb9,True,False,,,,unlabeled
01563.jpg,初赛测试集/01563.jpg,test,,1563,file_block_0004,filename_contiguous_block_provisional,2560,1440,,,6ad71193d20d71900ffa3473007c306060afdbe53b2f007a8f5faf245dcaa2f5,ffe667878b079989,True,False,,,,unlabeled
01564.jpg,初赛测试集/01564.jpg,test,,1564,file_block_0004,filename_contiguous_block_provisional,1920,1080,,,6774ccf26807d2c7fd6f12261e83b4476e60453eb4ab6fcd6cc73fe53522d844,fcfcf9f1809ccccd,True,False,,,,unlabeled
01565.jpg,初赛测试集/01565.jpg,test,,1565,file_block_0004,filename_contiguous_block_provisional,1920,1080,,,375ecdf8aa388a3a580fe21686b9e981c43e7904381c73a0aea7107c447ca049,e3c383e7e3737bb9,True,False,,,,unlabeled
01566.jpg,初赛测试集/01566.jpg,test,,1566,file_block_0004,filename_contiguous_block_provisional,1920,1080,,,de5226eb9e5b65f34c546bced02d2d3f27e6857eca25ff9ad51af1ebdb995d4e,0707070707070505,True,False,,,,unlabeled
01567.jpg,初赛测试集/01567.jpg,test,,1567,file_block_0004,filename_contiguous_block_provisional,1920,1080,,,ae1c8175ca15ae16f0b7b16bcfde6af2fde305bb1e2564ac3ade21ac563decd6,07030f0f07070707,True,False,,,,unlabeled
01568.jpg,初赛测试集/01568.jpg,test,,1568,file_block_0004,filename_contiguous_block_provisional,1920,1080,,,b885083b60795ef8125539d47336c2f3a304f9f3eea240cd445f66cf6bf18fad,0703050f07070645,True,False,,,,unlabeled
01569.jpg,初赛测试集/01569.jpg,test,,1569,file_block_0004,filename_contiguous_block_provisional,1920,1080,,,137e1e2bd07a2ed1f0d56870a4e1f225f003cedb866a6e058cb4ab4bd626db2b,0703030705070545,True,False,,,,unlabeled
01570.jpg,初赛测试集/01570.jpg,test,,1570,file_block_0004,filename_contiguous_block_provisional,1920,1080,,,ce9926bf943a9f41961f78b592375cf7f57feb0740f97f2de14d31dbb13f7cdb,6727e4672727250f,True,False,,,,unlabeled
01571.jpg,初赛测试集/01571.jpg,test,,1571,file_block_0004,filename_contiguous_block_provisional,1324,748,,,874597f78ace2fd2bafc60e58cc5cb15be4fc1104469eea802fa8b9ed7263bc4,4b0bcb6b39391919,True,False,,,,unlabeled
01572.jpg,初赛测试集/01572.jpg,test,,1572,file_block_0004,filename_contiguous_block_provisional,1920,1080,,,ccb48dd21497b5361fd024509a95fa6a40b6bcbb7df4a1ff26bdeffeedb29018,0301030303030303,True,False,,,,unlabeled
01573.jpg,初赛测试集/01573.jpg,test,,1573,file_block_0004,filename_contiguous_block_provisional,1920,1080,,,971070bf60e4cf89694223d487cb65eaad4bd14c3c42043e24f1e99816bc8e9b,8381810101040383,True,False,,,,unlabeled
01574.jpg,初赛测试集/01574.jpg,test,,1574,file_block_0004,filename_contiguous_block_provisional,1920,1080,,,eb00b9c0d43849ff116c5dce67da453e31911d2b375809c756bff8424accbbc1,83c1c16141030383,True,False,,,,unlabeled
01575.jpg,初赛测试集/01575.jpg,test,,1575,file_block_0004,filename_contiguous_block_provisional,1920,1080,,,c160510aa6b8c2a7bc30dcbee8bb3da9a028611e9a2135e0ed84bd39ca4ba7c0,c3c3c181c3433fbd,True,False,,,,unlabeled
01576.jpg,初赛测试集/01576.jpg,test,,1576,file_block_0004,filename_contiguous_block_provisional,1920,1080,,,54735a1200efad47cf3090b7e55b6cf3cf96cc4af50c92f82183eac2b5e08ca3,e3e383c1c1c16131,True,False,,,,unlabeled
01577.jpg,初赛测试集/01577.jpg,test,,1577,file_block_0004,filename_contiguous_block_provisional,1920,1080,,,91c6bbb0fb49e63d74c114d14c9aa6e3f7abe24c24c08e01fafee1ad8720bbaf,e1618381c0c06771,True,False,,,,unlabeled
01578.jpg,初赛测试集/01578.jpg,test,,1578,file_block_0004,filename_contiguous_block_provisional,1920,1080,,,3f4b8c68549a6aa4b40ea3c3ed1fc40b9d6fec9d8ee7e2a54821dc29f882f123,830181c1c1092f9b,True,False,,,,unlabeled
01579.jpg,初赛测试集/01579.jpg,test,,1579,file_block_0004,filename_contiguous_block_provisional,1920,1080,,,801ea66a595545385505fd4c28b5d9d84bb1bcfa9bdfc2aa016aea5d71a13f42,838181c301151787,True,False,,,,unlabeled
01580.jpg,初赛测试集/01580.jpg,test,,1580,file_block_0004,filename_contiguous_block_provisional,1920,1080,,,ff6d986647e3021f71b6e4f042e4d19d56988232cf304f317adf6c389f32a3fc,830181c101030381,True,False,,,,unlabeled
01581.jpg,初赛测试集/01581.jpg,test,,1581,file_block_0004,filename_contiguous_block_provisional,1920,1080,,,fb48642fcf5da55a949c249223d0a3bfc5b643bf05449679a0274c206094650a,8381c1c101010181,True,False,,,,unlabeled
01582.jpg,初赛测试集/01582.jpg,test,,1582,file_block_0004,filename_contiguous_block_provisional,1920,1080,,,6f0412ecd28dec08ca749a7c495908c046f31e4f6e746c4596a116fe67270b8a,8141c1c141000181,True,False,,,,unlabeled
01583.jpg,初赛测试集/01583.jpg,test,,1583,file_block_0004,filename_contiguous_block_provisional,1920,1080,,,4151739a6d2bdedea006fbe281b69aafb7cfa3e62d6cbe3967ec89b9fcbdb9d3,e3e3e1c7c7436337,True,False,,,,unlabeled
01584.jpg,初赛测试集/01584.jpg,test,,1584,file_block_0004,filename_contiguous_block_provisional,1920,1080,,,b29a15ca4e0aca0b13e6d09818f4643aa02ffad4469610d79fb0a2486eaa0485,818181c101001191,True,False,,,,unlabeled
01585.jpg,初赛测试集/01585.jpg,test,,1585,file_block_0004,filename_contiguous_block_provisional,1920,1080,,,a4cb70c9038a91321e5677905b909abcdd7263477352e59e92a3445bcf699f96,81c1838341010181,True,False,,,,unlabeled
01586.jpg,初赛测试集/01586.jpg,test,,1586,file_block_0004,filename_contiguous_block_provisional,1920,1080,,,a18725e0d763f41dc5dbee00046ce696ec1e5a012dbbce24e49c4c72b466f4da,838181a143031191,True,False,,,,unlabeled
01587.jpg,初赛测试集/01587.jpg,test,,1587,file_block_0004,filename_contiguous_block_provisional,1920,1080,,,f96fa4ed81d75f4e38efc6f4827d54a82a599d962164927bcb5fe52a3da066f7,0301018101010181,True,False,,,,unlabeled
01588.jpg,初赛测试集/01588.jpg,test,,1588,file_block_0004,filename_contiguous_block_provisional,1920,1080,,,30f5568589720ddbe9dd70264a27431e3fbeacf9e1a120d29b650706eeb5e2fd,834181a141020383,True,False,,,,unlabeled
01589.jpg,初赛测试集/01589.jpg,test,,1589,file_block_0004,filename_contiguous_block_provisional,1920,1080,,,2e346364c0d8ab75cf6427017dd00887623a58f7c9a7bdf2e1dac392a30e42f4,83d1c183431b3393,True,False,,,,unlabeled
01590.jpg,初赛测试集/01590.jpg,test,,1590,file_block_0004,filename_contiguous_block_provisional,1920,1080,,,7d0d51a1aad6261be768c1aec6c0428d4268e0e22914fbca578d13a2a97962bd,e1c1c1c3c3430fbd,True,False,,,,unlabeled
01591.jpg,初赛测试集/01591.jpg,test,,1591,file_block_0004,filename_contiguous_block_provisional,1920,1080,,,1c37d8dae5fb907ba6f604032a510e619e6677765771c39e9cb34b599315a04e,e3c1c181c14d1d39,True,False,,,,unlabeled
01592.jpg,初赛测试集/01592.jpg,test,,1592,file_block_0004,filename_contiguous_block_provisional,1920,1080,,,a9f0965ec910645448fde4735df0d487341f67081f435e4ab3b4fcffb9f05e81,e3d1c181c3436739,True,False,,,,unlabeled
01593.jpg,初赛测试集/01593.jpg,test,,1593,file_block_0004,filename_contiguous_block_provisional,1920,1080,,,444ea1b836ee0e5eba6b462f5f14119df70f1e1b040d9a22d2274c7649a6c688,e3c1c1e1c1010131,True,False,,,,unlabeled
01594.jpg,初赛测试集/01594.jpg,test,,1594,file_block_0004,filename_contiguous_block_provisional,1920,1080,,,7194b3b6c93e757857f21a9ba3e4b54d236bf990cfc4e5713ce29e160d8d5694,e3c1c1a1c1100121,True,False,,,,unlabeled
01595.jpg,初赛测试集/01595.jpg,test,,1595,file_block_0004,filename_contiguous_block_provisional,1920,1080,,,6aa57be95bfe0b85975d55c1b0d64a306c3e866ea2136599197f3cfdc4897330,73f3c3c3c3616131,True,False,,,,unlabeled
01596.jpg,初赛测试集/01596.jpg,test,,1596,file_block_0004,filename_contiguous_block_provisional,1920,1080,,,af968f4efb365bbb23bffd8d308b57dd00fdf7ed392b800261b1d205a3022794,c18181c1010a0c85,True,False,,,,unlabeled
01597.jpg,初赛测试集/01597.jpg,test,,1597,file_block_0004,filename_contiguous_block_provisional,1920,1080,,,f53ce3fcc32417e56b58f78dac558f45660a4b5008bfee467fa4cc13ed3a791a,d18181e140000281,True,False,,,,unlabeled
01598.jpg,初赛测试集/01598.jpg,test,,1598,file_block_0004,filename_contiguous_block_provisional,1920,1080,,,d72cfff400e31526830f59b10c4111ea91b74315c73c2c2375a54607ad228199,d383838360000281,True,False,,,,unlabeled
01599.jpg,初赛测试集/01599.jpg,test,,1599,file_block_0004,filename_contiguous_block_provisional,1920,1080,,,44c51e37c5291959a0a7a4bce0107d3a9b4945eb88a9d0f9af6c07a7e16fbdc2,d3c3c387670f0f0b,True,False,,,,unlabeled
01600.jpg,初赛测试集/01600.jpg,test,,1600,file_block_0004,filename_contiguous_block_provisional,1920,1080,,,8d558e1697681579ff980a2fd016761265a9375dfae984fd3d2980c23677a38e,a381818000000381,True,False,,,,unlabeled
01601.jpg,初赛测试集/01601.jpg,test,,1601,file_block_0004,filename_contiguous_block_provisional,1920,1080,,,ffcf3bff03b3df60c5e825f34eba5952729327c6db9e1133b5654c5de6d96baa,38228ed49d85c3af,True,False,,,,unlabeled
01602.jpg,初赛测试集/01602.jpg,test,,1602,file_block_0004,filename_contiguous_block_provisional,1920,1080,,,dedfe8569b84b539a3c907246b35ef5fab33751cdf97afd92e6d19dab0117191,7030b09c9d85472d,True,False,,,,unlabeled
01603.jpg,初赛测试集/01603.jpg,test,,1603,file_block_0004,filename_contiguous_block_provisional,1920,1080,,,2c28ed698cdce497352a19f3afc2007fb77fb81626f3148d98a15241f943f664,78309e9c8181c12e,True,False,,,,unlabeled
01604.jpg,初赛测试集/01604.jpg,test,,1604,file_block_0004,filename_contiguous_block_provisional,1920,1080,,,43c21b4f39f4cba836b276749f32afe267568ff0b1f50b9ebb2db5cd01ca41ea,783c9e9c8181c1ae,True,False,,,,unlabeled
01605.jpg,初赛测试集/01605.jpg,test,,1605,file_block_0004,filename_contiguous_block_provisional,1920,1080,,,b25ee3c809b371c8a5fbeac76010eb84c5f976ef5d931b5c9166a927bd3c7365,654d1f1fbf7ee8ed,True,False,,,,unlabeled
01606.jpg,初赛测试集/01606.jpg,test,,1606,file_block_0004,filename_contiguous_block_provisional,1920,1080,,,a4818b030e25d1cdc3dfc81ed117585070e3453efdb6cdfd217421eda536b1ba,182a8ec4cdc9c3af,True,False,,,,unlabeled
01607.jpg,初赛测试集/01607.jpg,test,,1607,file_block_0004,filename_contiguous_block_provisional,1920,1080,,,038af78de3063db84fc7ff386fc53399bc956e15f6b27df9d280e3d846618e26,383e9e90c981c3af,True,False,,,,unlabeled
01608.jpg,初赛测试集/01608.jpg,test,,1608,file_block_0004,filename_contiguous_block_provisional,1920,1080,,,a245e2c906a60d7df532e997aa103ed00790124f46be048701a5cf24a7bf5e5d,382a8ed8cd81c3af,True,False,,,,unlabeled
01609.jpg,初赛测试集/01609.jpg,test,,1609,file_block_0004,filename_contiguous_block_provisional,1920,1080,,,70ecce13a6190907ec18ace4393d33fb664ec96549f5e5c79cd345fc82a07c22,382a8edccd81c3af,True,False,,,,unlabeled
01610.jpg,初赛测试集/01610.jpg,test,,1610,file_block_0004,filename_contiguous_block_provisional,1920,1080,,,8dbdfed4e830c6b5caa7c9b951d7af5e48d98e5e10c99ff43e276e9c6891f074,383a8ec0c9c1e3af,True,False,,,,unlabeled
01611.jpg,初赛测试集/01611.jpg,test,,1611,file_block_0004,filename_contiguous_block_provisional,1920,1080,,,1dcbe6e647d017ecfb36a3a81e04282f11b1fa1e323fcacc1db68d1b925cfa99,383a8e90c981c3af,True,False,,,,unlabeled
01612.jpg,初赛测试集/01612.jpg,test,,1612,file_block_0004,filename_contiguous_block_provisional,1920,1080,,,afb947b75bf4793164e46b8db5204075c1972742afd6419f50fff12d2890e1c7,383e0ed0c9c1c38f,True,False,,,,unlabeled
01613.jpg,初赛测试集/01613.jpg,test,,1613,file_block_0004,filename_contiguous_block_provisional,1920,1080,,,0cdb360ab20ea8e68a91d6eb692c766f1ddd37ee40be5adfa5a8ea867d3f9671,654d1f97b37ee8ed,True,False,,,,unlabeled
01614.jpg,初赛测试集/01614.jpg,test,,1614,file_block_0004,filename_contiguous_block_provisional,1920,1080,,,01a68abb04946b3e551302920be016497eb49064648c6dcccfe205e17cb18045,183e8edcdc85c38f,True,False,,,,unlabeled
01615.jpg,初赛测试集/01615.jpg,test,,1615,file_block_0004,filename_contiguous_block_provisional,1920,1080,,,965aa182664374d97e30cd404d42c06e3023f0d30c5e67e918d5210e32c43b71,180bce4049090383,True,False,,,,unlabeled
01616.jpg,初赛测试集/01616.jpg,test,,1616,file_block_0004,filename_contiguous_block_provisional,1920,1080,,,5e27f5c8203751ba1d8b105f2a6028f08076fbbcc1308a254438c466d780f795,7030b89c8587432e,True,False,,,,unlabeled
01617.jpg,初赛测试集/01617.jpg,test,,1617,file_block_0004,filename_contiguous_block_provisional,1920,1080,,,cd7709d0caf0c83843a9c7949958b45f4d2f1ece99a532ade425a5195379804a,7030bc948581432d,True,False,,,,unlabeled
01618.jpg,初赛测试集/01618.jpg,test,,1618,file_block_0004,filename_contiguous_block_provisional,1920,1080,,,2b30aaf652182f2433f1aa150bd6afe4aff15a18fb6cdfcd4a45c32d5a2c1a1d,78329e9e9c85c32e,True,False,,,,unlabeled
01619.jpg,初赛测试集/01619.jpg,test,,1619,file_block_0004,filename_contiguous_block_provisional,1920,1080,,,7e598b9c4cc47615233a65d53a8d48f8ac078344b76f8ab512cf067028b3c7d6,383e9e848081c18f,True,False,,,,unlabeled
01620.jpg,初赛测试集/01620.jpg,test,,1620,file_block_0004,filename_contiguous_block_provisional,1920,1080,,,63b3d990c32f96954d01ebd3f6e89b197de7334113f522e6f1eb3f1d8ca1c4a5,383e0e80c9c1438f,True,False,,,,unlabeled
01621.jpg,初赛测试集/01621.jpg,test,,1621,file_block_0004,filename_contiguous_block_provisional,1920,1080,,,aaeca6bd87bf6109627d3df0721d4d6113f003a786b85e20f6000d55c0d21fca,644d1f3f3b3ae9f5,True,False,,,,unlabeled
01622.jpg,初赛测试集/01622.jpg,test,,1622,file_block_0004,filename_contiguous_block_provisional,1920,1080,,,6d43c167023da24ccffd3821da63cf675a1ac35ce8893b136a16f31638583307,6d4d1734346e6cea,True,False,,,,unlabeled
01623.jpg,初赛测试集/01623.jpg,test,,1623,file_block_0004,filename_contiguous_block_provisional,1920,1080,,,d390399373c11c75379fd22cecc32c044ffce2cdb9179f3bbf27df6da1239350,180ac640c141030f,True,False,,,,unlabeled
01624.jpg,初赛测试集/01624.jpg,test,,1624,file_block_0004,filename_contiguous_block_provisional,1920,1080,,,4911039c51ab7c8a4086d7e1b4b92f0ff8c0e5fb621b20a856a877441876c3a8,380bce4049090302,True,False,,,,unlabeled
01625.jpg,初赛测试集/01625.jpg,test,,1625,file_block_0004,filename_contiguous_block_provisional,1920,1080,,,d0040c6502390d12dea6392aaa7210d9c73578b027407e65810d887b3ed16b16,380e8ec0c181838f,True,False,,,,unlabeled
01626.jpg,初赛测试集/01626.jpg,test,,1626,file_block_0004,filename_contiguous_block_provisional,1920,1080,,,99588559694400423a1295c1ee4e15391a869b46da1a1b674b25a7a73286f95b,383a8edc9d85830b,True,False,,,,unlabeled
01627.jpg,初赛测试集/01627.jpg,test,,1627,file_block_0004,filename_contiguous_block_provisional,1920,1080,,,3bb8de033fedc264af455c24eb1ab8e4476a17fb4bc96af976c5592d39669705,e3cd1f3fbb3dec68,True,False,,,,unlabeled
01628.jpg,初赛测试集/01628.jpg,test,,1628,file_block_0004,filename_contiguous_block_provisional,1920,1080,,,6713525b94c6429768d4430b8987287f2c53d57b06d2000142991370ab703982,042c1f0e06031309,True,False,,,,unlabeled
01629.jpg,初赛测试集/01629.jpg,test,,1629,file_block_0004,filename_contiguous_block_provisional,1920,1080,,,47a2ae0362bfa914790ca2f9fbc35c40361e008b6b4c3fcd364b8be7937c0ce2,242c1f1e06131b19,True,False,,,,unlabeled
01630.jpg,初赛测试集/01630.jpg,test,,1630,file_block_0004,filename_contiguous_block_provisional,1920,1080,,,0766ca0eb16cec7acb84dd780fb480bee1c6180af8aea1b0cb8d57b6bfcdc16b,64fc979e84949e1b,True,False,,,,unlabeled
01631.jpg,初赛测试集/01631.jpg,test,,1631,file_block_0004,filename_contiguous_block_provisional,1920,1080,,,36d2f118d647c80ab344c963f28ff339c0f194fb283ea4f4c4cf5c88806d5ccc,042c1f0e06030301,True,False,,,,unlabeled
01632.jpg,初赛测试集/01632.jpg,test,,1632,file_block_0004,filename_contiguous_block_provisional,1920,1080,,,6fcf97db6f593678c69a9d96504eb0a45b4d68088f22b1a5b9eaf17afddf0caf,042c1f0e0e070705,True,False,,,,unlabeled
01633.jpg,初赛测试集/01633.jpg,test,,1633,file_block_0004,filename_contiguous_block_provisional,1920,1080,,,cb23e3645b8bc91579fdcb38054a39477f1470cbfa7da941c0f0365eb2ba0f89,242c1f0e04050707,True,False,,,,unlabeled
01634.jpg,初赛测试集/01634.jpg,test,,1634,file_block_0004,filename_contiguous_block_provisional,1920,1080,,,1220db5b054ad809fb76c1a3c9db3b0587d2eea9cbb326e00d96da00c478f205,242c1f0e04030204,True,False,,,,unlabeled
01635.jpg,初赛测试集/01635.jpg,test,,1635,file_block_0004,filename_contiguous_block_provisional,1920,1080,,,80aadfe528f71a6b0ec0b8c16016a0afad40ba8612738c3542f176a7a3a78808,242c1f0e06070707,True,False,,,,unlabeled
01636.jpg,初赛测试集/01636.jpg,test,,1636,file_block_0004,filename_contiguous_block_provisional,1920,1080,,,0eac4f1b5465bec97194851c1435a997e768c75eee6529d3659dc210276510e1,242c1f0e04070705,True,False,,,,unlabeled
01637.jpg,初赛测试集/01637.jpg,test,,1637,file_block_0004,filename_contiguous_block_provisional,1920,1080,,,c566b6d4162dd6614bd791b383bd8633a1d0068e189eebaa1eef59d969e16758,242c1f0f0e070707,True,False,,,,unlabeled
01638.jpg,初赛测试集/01638.jpg,test,,1638,file_block_0004,filename_contiguous_block_provisional,1920,1080,,,f3abfbc21b1c8d716ecf332eed65a5c0aaa96ea546554dadcb1d5bbc8cb7ae2c,7f5fcf0f0f3f1f1f,True,False,,,,unlabeled
01639.jpg,初赛测试集/01639.jpg,test,,1639,file_block_0004,filename_contiguous_block_provisional,1920,1080,,,2fdeb561dad49911b5ff0cf64f4a38cae88d73503a0cbd8d2d21fd94cfcd5df1,1f9f8fcf5f7f7f3f,True,False,,,,unlabeled
01640.jpg,初赛测试集/01640.jpg,test,,1640,file_block_0004,filename_contiguous_block_provisional,2560,1440,,,850575c4224da7aeea92638097567dce6280db00a560d7efd7c73bc43b800bdf,a0841938808080c1,True,False,,,,unlabeled
01641.jpg,初赛测试集/01641.jpg,test,,1641,file_block_0004,filename_contiguous_block_provisional,1920,1080,,,33fdb10cfc6eb80906edee4ef2a06310085b04e41eb4efb885e7e2cf2ef5a24a,77160e0c0f0f0303,True,False,,,,unlabeled
01642.jpg,初赛测试集/01642.jpg,test,,1642,file_block_0004,filename_contiguous_block_provisional,1920,1080,,,a6645b67aa1e863f7b9cbf6191f572e94f960d6694dd240f72ac73c51ce8e29c,5e1e0f0f0f070f01,True,False,,,,unlabeled
01643.jpg,初赛测试集/01643.jpg,test,,1643,file_block_0004,filename_contiguous_block_provisional,1920,1080,,,c284a1fa165384bae37fea4e1ce32a811d9790538625cc94f6da0ff1dbe7d883,0f01000f0b01090f,True,False,,,,unlabeled
01644.jpg,初赛测试集/01644.jpg,test,,1644,file_block_0004,filename_contiguous_block_provisional,1920,1080,,,a17597a12d8ec3b0b9b87a5d12d8aa63d625a8a81f10867fcc9b68bd0c1e9056,98999d876d6f6dec,True,False,,,,unlabeled
01645.jpg,初赛测试集/01645.jpg,test,,1645,file_block_0004,filename_contiguous_block_provisional,1920,1080,,,edc4d6fcc509269c101eaf7e191bd4396f63709ab20eb83a06e0db3b27c923a6,dccfcd4f6d67676c,True,False,,,,unlabeled
01646.jpg,初赛测试集/01646.jpg,test,,1646,file_block_0004,filename_contiguous_block_provisional,1920,1080,,,df8162564c261a8ebf607a13ff4ff52b23c75877c7def6d8407119db248f6fd7,981995a76d6ccf8d,True,False,,,,unlabeled
01647.jpg,初赛测试集/01647.jpg,test,,1647,file_block_0004,filename_contiguous_block_provisional,1920,1080,,,5b0e4af72f5bab39a24fab0c11afe8070db3d7bdbb3facc9fbd9b6194075a503,dccfcd4f6d67676d,True,False,,,,unlabeled
01648.jpg,初赛测试集/01648.jpg,test,,1648,file_block_0004,filename_contiguous_block_provisional,1920,1080,,,ae2dd05295cd79716eb8ecd5172c9467fe6ee72f0e2ec40d73d0641dad32fab7,ba393d2f6d6ead3d,True,False,,,,unlabeled
02151.jpg,初赛测试集/02151.jpg,test,,2151,file_block_0005,filename_contiguous_block_provisional,3840,2160,,,f058235fee5bff2ca8bafa88c2303c84a3777c0c91958848f1028024f4aed58b,0c000347db93b15d,True,False,,,,unlabeled
02152.jpg,初赛测试集/02152.jpg,test,,2152,file_block_0005,filename_contiguous_block_provisional,3840,2160,,,f3668761e85370007f4baa820402e382ae13b8677e0c15b97a31560a8e0239e0,0c0003075311b15d,True,False,,,,unlabeled
02153.jpg,初赛测试集/02153.jpg,test,,2153,file_block_0005,filename_contiguous_block_provisional,3840,2160,,,1eebbef25929faee124712a1deed0422141649cfda7717ede10239c6367ccfb6,0c000747d393b15d,True,False,,,,unlabeled
02154.jpg,初赛测试集/02154.jpg,test,,2154,file_block_0005,filename_contiguous_block_provisional,3840,2160,,,3a9f108a7038ce0d24942beaab669a6660600d32347ebad1bcc3fea32683813e,a9810bcb8391b15c,True,False,,,,unlabeled
02155.jpg,初赛测试集/02155.jpg,test,,2155,file_block_0005,filename_contiguous_block_provisional,3840,2160,,,27310acbe71752b064690fe2041df897e3e42af64ce36107f0040c80a435e3bd,08000fcf9391b14c,True,False,,,,unlabeled
02156.jpg,初赛测试集/02156.jpg,test,,2156,file_block_0005,filename_contiguous_block_provisional,3840,2160,,,178e9f024c7b167fad613fa4c86e49d53ed6047f8137711edd45ffc70dc59b0f,a0800b4b5391b15d,True,False,,,,unlabeled
02157.jpg,初赛测试集/02157.jpg,test,,2157,file_block_0005,filename_contiguous_block_provisional,3840,2160,,,ec6632da34aa00b4a3cd4a2b4a305aa450e766597fdae94cca23daa5cd70b47c,0c0bdb0e1f562e26,True,False,,,,unlabeled
02158.jpg,初赛测试集/02158.jpg,test,,2158,file_block_0005,filename_contiguous_block_provisional,3840,2160,,,f5953ae1a29cbb767b9c292b51754a8a1f71e9132afdfb9ee2f67f01e9470c23,8c0b4b071e09aa0e,True,False,,,,unlabeled
02159.jpg,初赛测试集/02159.jpg,test,,2159,file_block_0005,filename_contiguous_block_provisional,3840,2160,,,e436a0ae2ffc5806f9ab817486de7389e71c1d0cdc2d5345afd3f624fc78b2e6,8c0bc9051e09a30f,True,False,,,,unlabeled
02160.jpg,初赛测试集/02160.jpg,test,,2160,file_block_0005,filename_contiguous_block_provisional,3840,2160,,,5dcce1fe0c3bc926737d85315f5009fc4ce7f1f268c9b87fb102b07f929a2011,8c0b63051409ab0f,True,False,,,,unlabeled
02161.jpg,初赛测试集/02161.jpg,test,,2161,file_block_0005,filename_contiguous_block_provisional,3840,2160,,,d258b817ace13e567fe7bb960c4a0cdb0ca99bd7e547a60a81b4f8318582cce7,9e0f6f0f1e472606,True,False,,,,unlabeled
02162.jpg,初赛测试集/02162.jpg,test,,2162,file_block_0005,filename_contiguous_block_provisional,3840,2160,,,cf8d5208a6537175ec26fe558f405911d3dc8f5d3799ff1898f46e3d926525cf,9e1f6f0f5f470606,True,False,,,,unlabeled
02163.jpg,初赛测试集/02163.jpg,test,,2163,file_block_0005,filename_contiguous_block_provisional,1920,1080,,,271e8ca5d774ee242734f912001ce1e3ef4db2d18557bb7102c5b7d20ced7758,26b22113064d8d1a,True,False,,,,unlabeled
02164.jpg,初赛测试集/02164.jpg,test,,2164,file_block_0005,filename_contiguous_block_provisional,1920,1080,,,9faf06446deee28b7e6251b28f18c0af1cf721842c2be1be7039fafa55bc21bb,46b23333174d8f9a,True,False,,,,unlabeled
02165.jpg,初赛测试集/02165.jpg,test,,2165,file_block_0005,filename_contiguous_block_provisional,1920,1080,,,f20ea84c9ab28a6f156f483064aa4c01d1d3e2ae9fe61bc51a6067ede878ef84,46b23113174d8f9a,True,False,,,,unlabeled
02166.jpg,初赛测试集/02166.jpg,test,,2166,file_block_0005,filename_contiguous_block_provisional,1920,1080,,,1d7715c90068016f45dfa4de219ab6cae70d98f01b23cf566b397113f764e0c9,13323337176d8f9a,True,False,,,,unlabeled
02167.jpg,初赛测试集/02167.jpg,test,,2167,file_block_0005,filename_contiguous_block_provisional,1920,1080,,,66177c9e3396b34f68b31acbe76f947c29db344e6ea264784085c798375e5ee8,46b2b113076d8d99,True,False,,,,unlabeled
02168.jpg,初赛测试集/02168.jpg,test,,2168,file_block_0005,filename_contiguous_block_provisional,1920,1080,,,e6c0ced7dea147d8ca564016a95ad7e5042111a64f0219abe7bf0a0b41d71376,0311232307878f8a,True,False,,,,unlabeled
02169.jpg,初赛测试集/02169.jpg,test,,2169,file_block_0005,filename_contiguous_block_provisional,1920,1080,,,7e2096d0c243cb312515231b58a96e6773d857a50b52d45bb87c08e9173eda14,4632b383070d1f1a,True,False,,,,unlabeled
02170.jpg,初赛测试集/02170.jpg,test,,2170,file_block_0005,filename_contiguous_block_provisional,1920,1080,,,6c4add92dfedd22ed23875c319f1833e02479c11f845838df7ce031d282a03d7,8c8c8d0f890d24a6,True,False,,,,unlabeled
02171.jpg,初赛测试集/02171.jpg,test,,2171,file_block_0005,filename_contiguous_block_provisional,1920,1080,,,9726cb9fb3162ca3bfb27639a89b05f59fed9dae053a22c7ade863847a682db8,c48c8c0c8d0c0484,True,False,,,,unlabeled
02172.jpg,初赛测试集/02172.jpg,test,,2172,file_block_0005,filename_contiguous_block_provisional,1920,1080,,,b87f3c92d728097c28c2265555b57ab8d14df8f2c6008f67baff3c954862cde0,8c8cad4b09492424,True,False,,,,unlabeled
02173.jpg,初赛测试集/02173.jpg,test,,2173,file_block_0005,filename_contiguous_block_provisional,1920,1080,,,67e826d62d72aaf8b6262526d378b9ed57c7b49241cf1357cfca6d919ff41c0b,0c8c919199498ccc,True,False,,,,unlabeled
02174.jpg,初赛测试集/02174.jpg,test,,2174,file_block_0005,filename_contiguous_block_provisional,1920,1080,,,d1413f078323c95c67e41246df81d49dfe0794c126e00cd956aa9d9416a31d98,cc8c848f894d8484,True,False,,,,unlabeled
02175.jpg,初赛测试集/02175.jpg,test,,2175,file_block_0005,filename_contiguous_block_provisional,1088,613,,,af659369dd6362b1b8699af2db1fc765de508c6e108c3f6886c3168a9fdfc1a7,7373337151861469,True,False,dup_0003,,,unlabeled
02176.jpg,初赛测试集/02176.jpg,test,,2176,file_block_0005,filename_contiguous_block_provisional,3840,2160,,,4b0aa245d791e6720b42eb17df81137539b75b02e357bab952738f75ac04b6a6,c82ca3c3dafcfce8,True,False,,,,unlabeled
02177.jpg,初赛测试集/02177.jpg,test,,2177,file_block_0005,filename_contiguous_block_provisional,3840,2160,,,7590ca509f25736ae4f6b767e95d7bcd60b852a8558e1c02a5a6cabce2ad2661,c828e3c3fef6fcea,True,False,,,,unlabeled
02178.jpg,初赛测试集/02178.jpg,test,,2178,file_block_0005,filename_contiguous_block_provisional,2560,1440,,,06bee0e428492faaf894096a9189cceb2ec43d61b8f8b3cbe3632ec1650dc807,efc7f303093bf7f6,True,False,,,,unlabeled
02179.jpg,初赛测试集/02179.jpg,test,,2179,file_block_0005,filename_contiguous_block_provisional,2688,1520,,,c05f8f40f62276093fc6051f98b33cdda0af5118c4767703aa590bad02b94361,0f87f3031b3f3fbe,True,False,,,,unlabeled
02180.jpg,初赛测试集/02180.jpg,test,,2180,file_block_0005,filename_contiguous_block_provisional,2688,1520,,,b6a7133ce2fc8d628960d6e449c5e8d1e6bcd536f47fe965ff333a4aec1529cd,6fc7f3039313a776,True,False,,,,unlabeled
02181.jpg,初赛测试集/02181.jpg,test,,2181,file_block_0005,filename_contiguous_block_provisional,2688,1520,,,190bfadc21ed2450290917cf5eb30c7be25fddfaa61b29679bf5e2cf0363fe80,4f47f30305279fbe,True,False,,,,unlabeled
02182.jpg,初赛测试集/02182.jpg,test,,2182,file_block_0005,filename_contiguous_block_provisional,2688,1520,,,42daa4a3dd8728d9cce5dbde2db9d55289d7db7c4fad75339f7369b9a9483e82,0fc7f303092727be,True,False,,,,unlabeled
02183.jpg,初赛测试集/02183.jpg,test,,2183,file_block_0005,filename_contiguous_block_provisional,2560,1440,,,be4925a4d632b3a31f3c0dedb5a7ea94e8d0a61c8b70cf344dd73d851847435c,0f13cfef0f878503,True,False,,,,unlabeled
02184.jpg,初赛测试集/02184.jpg,test,,2184,file_block_0005,filename_contiguous_block_provisional,2560,1440,,,90df5988f834b6c89b79e0b697e2a2ce96fb19abebd1768a7e68a7af6b35c717,1f13dfef0f8f0703,True,False,,,,unlabeled
02185.jpg,初赛测试集/02185.jpg,test,,2185,file_block_0005,filename_contiguous_block_provisional,2560,1440,,,04085adcf568b84a178756968fe36696c529986d913fc85ad1ab651cb940b5f4,3f2fcfcd7ff7f3f2,True,False,,,,unlabeled
02186.jpg,初赛测试集/02186.jpg,test,,2186,file_block_0005,filename_contiguous_block_provisional,2560,1440,,,d7694c8f289ca58ee01ff89da3b86f4562fe379ccc72a20dd807d3fff31c90a9,2547c7cd14238319,True,False,,,,unlabeled
02187.jpg,初赛测试集/02187.jpg,test,,2187,file_block_0005,filename_contiguous_block_provisional,2560,1440,,,9e8eb3f0cd55a477f4cb20bf18f178b6582983582efd3286b66b44f7a457fa45,0f07454907071306,True,False,,,,unlabeled
02188.jpg,初赛测试集/02188.jpg,test,,2188,file_block_0005,filename_contiguous_block_provisional,2688,1520,,,6ff921c56ef074767ec035364bcc40a36f1ff346afca01dc87d1c8be5d0b60bd,03172322061a134b,True,False,,,,unlabeled
02189.jpg,初赛测试集/02189.jpg,test,,2189,file_block_0005,filename_contiguous_block_provisional,2688,1520,,,b86fab57da71d68cdd8e043201deb0857dd456eda7ce8ba3e0cbb53c5d1901fa,0f1723620413430b,True,False,,,,unlabeled
02190.jpg,初赛测试集/02190.jpg,test,,2190,file_block_0005,filename_contiguous_block_provisional,640,480,,,d684e9f4c2a537c3a629f20e3eea6602ea6ce3d01bf24b8cb820fe72ae889870,3d09892848c0c0ac,True,False,,,,unlabeled
02191.jpg,初赛测试集/02191.jpg,test,,2191,file_block_0005,filename_contiguous_block_provisional,3264,1840,,,23085cd59538edbc936964089660850911b481fdf76849d4543d6e76b95e731f,ffff2e6b5f7f3f1f,True,False,,,,unlabeled
02192.jpg,初赛测试集/02192.jpg,test,,2192,file_block_0005,filename_contiguous_block_provisional,3840,2160,,,65cae40cc6c2ec4b8c5703ce18317a67c731fd2df29ad08923449576eed15d5d,93b4272e580d2da9,True,False,,,,unlabeled
02193.jpg,初赛测试集/02193.jpg,test,,2193,file_block_0005,filename_contiguous_block_provisional,3840,2160,,,66e837c566d81fe07b8509742d1f82abf59191e7400dedcc78c36fd8859f8592,1a2a37ac0c0c0c2d,True,False,,,,unlabeled
02194.jpg,初赛测试集/02194.jpg,test,,2194,file_block_0005,filename_contiguous_block_provisional,3840,2160,,,b9f16f95b3689ea90c37d991fc3cd8a4dd06fc895f130211c913bf1c01549ba8,d1d9fcdfe3a3d0cd,True,False,,,,unlabeled
02195.jpg,初赛测试集/02195.jpg,test,,2195,file_block_0005,filename_contiguous_block_provisional,3840,2160,,,ed61e12666f39ea280312db33e7a421ec098038b9ff138fb95e1253e74133437,c3c3decfe3e1d8ce,True,False,,,,unlabeled
02196.jpg,初赛测试集/02196.jpg,test,,2196,file_block_0005,filename_contiguous_block_provisional,1920,1080,,,08de6ea7f9f10c9fd176c6346f432c12014e06b782d70fcf03eb02e461f62ddb,9cb77f7f0800a392,True,False,,,,unlabeled
02197.jpg,初赛测试集/02197.jpg,test,,2197,file_block_0005,filename_contiguous_block_provisional,1920,1080,,,04b66169c11351bb6124b9bdcfbf7a58f26479cf0971730e76d5ab6fff4c7725,1f1f7f7f0f078392,True,False,,,,unlabeled
02198.jpg,初赛测试集/02198.jpg,test,,2198,file_block_0005,filename_contiguous_block_provisional,1920,1080,,,7bea7a7d8a3fc504305666406930e671fdedead88f7351e4a6ee11fa62a4b35a,173d7f7f5b129280,True,False,,,,unlabeled
02199.jpg,初赛测试集/02199.jpg,test,,2199,file_block_0005,filename_contiguous_block_provisional,667,500,,,7d5f8bfa2712b892391e69297b370ae950a1bcb8b09ea2d197f50374f35bc62d,061e318010c44870,True,False,,,,unlabeled
02200.jpg,初赛测试集/02200.jpg,test,,2200,file_block_0005,filename_contiguous_block_provisional,3840,2160,,,7e73857b295d4a16926cb3517b1303ed19dfc48020da327aa4dc9c5921ab2477,86e6f65ecf67773b,True,False,,,,unlabeled
02201.jpg,初赛测试集/02201.jpg,test,,2201,file_block_0005,filename_contiguous_block_provisional,3840,2160,,,1c211053b509c8fdf81ed67256eab7a3a5ebc8a0dc07d9b245187196c3d101ab,a6e7775f4d67771b,True,False,,,,unlabeled
02202.jpg,初赛测试集/02202.jpg,test,,2202,file_block_0005,filename_contiguous_block_provisional,3840,2160,,,bab5019d343f28535accb9460a0108246625b4cf57ff9268bf1382ed6504b519,86e7f65ec567772b,True,False,,,,unlabeled
02203.jpg,初赛测试集/02203.jpg,test,,2203,file_block_0005,filename_contiguous_block_provisional,3840,2160,,,faadf40f8cb369bbe872b559fa46724befb3da2a2e87ec424880e4d45fa9bd81,86a7f44ec767771b,True,False,,,,unlabeled
02204.jpg,初赛测试集/02204.jpg,test,,2204,file_block_0005,filename_contiguous_block_provisional,3840,2160,,,c8048b928fb25e711685f24ab8badec073bd2dc9838eb1fec09b79cff076abee,86e7f75fc767773b,True,False,,,,unlabeled
02205.jpg,初赛测试集/02205.jpg,test,,2205,file_block_0005,filename_contiguous_block_provisional,3840,2160,,,7daf85dddc19a7d4f39a55b720adefef649e7d5712dd5ff6a7ae475c277b146a,86e7f55ec767373b,True,False,,,,unlabeled
02206.jpg,初赛测试集/02206.jpg,test,,2206,file_block_0005,filename_contiguous_block_provisional,3840,2160,,,2712f812b33feb620101277025f39277162fb49dc91543135c4ab880ec9f0b51,86a7f54ec567771b,True,False,,,,unlabeled
02207.jpg,初赛测试集/02207.jpg,test,,2207,file_block_0005,filename_contiguous_block_provisional,3840,2160,,,9c07f6f1d69bde7c97d7e50074b46e8524a8b0efd0c9d13761bc0f7962e2a306,a7a7f74ec5ef731b,True,False,,,,unlabeled
02208.jpg,初赛测试集/02208.jpg,test,,2208,file_block_0005,filename_contiguous_block_provisional,3840,2160,,,27fdc7a0daaf4873a50a11ef3781a330517e1494551180a4e49b41fbf6858f55,f7a7f74fc5ef737f,True,False,,,,unlabeled
02209.jpg,初赛测试集/02209.jpg,test,,2209,file_block_0005,filename_contiguous_block_provisional,3840,2160,,,128986ddf12bd9f2507432cd918b8f8c288cc2d429720ce7f5c090cb0ecf52c8,fffff9861f3f0f8c,True,False,,,,unlabeled
02210.jpg,初赛测试集/02210.jpg,test,,2210,file_block_0005,filename_contiguous_block_provisional,3840,2160,,,b82ceb8d76ae8c7a613f4edf1e7360d3b4ccaf385fde786bf583be41cb15672c,3e3bd0023e332788,True,False,,,,unlabeled
02211.jpg,初赛测试集/02211.jpg,test,,2211,file_block_0005,filename_contiguous_block_provisional,2560,1440,,,9e79a82d007f8983f500f7988a9dd9a1dbc7454407c52749247ede834126bfe3,060003031feecac0,True,False,,,,unlabeled
02212.jpg,初赛测试集/02212.jpg,test,,2212,file_block_0005,filename_contiguous_block_provisional,1920,1080,,,1ba3d6b348fea1944e1459a7ab8b883e2398b4436dfe190c47c9e04bef0f884c,e2e1e1d3d2c2c6cc,True,False,,,,unlabeled
02213.jpg,初赛测试集/02213.jpg,test,,2213,file_block_0005,filename_contiguous_block_provisional,1920,1080,,,892f9c7ab4b1eb64c8111cf8fccd7b65b8f8e46573dc5645b03dbf89fbf005d4,e2e1e1d3d2c2c686,True,False,,,,unlabeled
02214.jpg,初赛测试集/02214.jpg,test,,2214,file_block_0005,filename_contiguous_block_provisional,1920,1080,,,f8edd7fb08c6b6f77469cf2dc5ffe6ae87da2383a8376b658cb86624d2ac7c10,e1e1d1c3c3c6c7c6,True,False,,,,unlabeled
02215.jpg,初赛测试集/02215.jpg,test,,2215,file_block_0005,filename_contiguous_block_provisional,3840,2160,,,17c874160c07cd4a1d154b593e85a744d7a75ed29dd035968d7731f4994ecb6f,4a1a9c150c8888d4,True,False,,,,unlabeled
02216.jpg,初赛测试集/02216.jpg,test,,2216,file_block_0005,filename_contiguous_block_provisional,3840,2160,,,c277260d14fa542e1966dddc15bb9719ee4ede453ed321b1cf4abdc3ddadf34b,ca1a94170c888bd4,True,False,,,,unlabeled
02217.jpg,初赛测试集/02217.jpg,test,,2217,file_block_0005,filename_contiguous_block_provisional,3840,2160,,,dd81bfe68882f2513e19510af40095e378d8e91fdee208ff50066efd557844fe,4a5a88080c0c88d2,True,False,,,,unlabeled
02218.jpg,初赛测试集/02218.jpg,test,,2218,file_block_0005,filename_contiguous_block_provisional,3840,2160,,,576f6f7e1679fe394057c23919522bae3169cac1f24c417fc8de935eb3d43943,ca5a88090c0c88d0,True,False,,,,unlabeled
02219.jpg,初赛测试集/02219.jpg,test,,2219,file_block_0005,filename_contiguous_block_provisional,3840,2160,,,880b9c3626fb56597b66a0f7f36358eeb4562bc21da70825d2a2ddfb49fa7117,ca5a890b08088893,True,False,,,,unlabeled
02220.jpg,初赛测试集/02220.jpg,test,,2220,file_block_0005,filename_contiguous_block_provisional,3840,2160,,,150f31777392395836465c1c1aed44f044a6c3c7ec3d3d697e88234a72ab3842,dada960708aaa294,True,False,,,,unlabeled
02221.jpg,初赛测试集/02221.jpg,test,,2221,file_block_0005,filename_contiguous_block_provisional,3840,2160,,,f28a7edf97bc13bb1aebfa426fbd07b437768852e6a32a0421cb7c30210fc678,ca5e8c050c0c88d0,True,False,,,,unlabeled
02222.jpg,初赛测试集/02222.jpg,test,,2222,file_block_0005,filename_contiguous_block_provisional,3840,2160,,,31ca45aff1d8f850c4593e418327c38458f269bafb38721454c55eed51c47d00,cada940708888a94,True,False,,,,unlabeled
02223.jpg,初赛测试集/02223.jpg,test,,2223,file_block_0005,filename_contiguous_block_provisional,3840,2160,,,3794fbb24756b898ba30e20879cd981cf7bb5658dc4729f03f5f9ca5ec0d8644,cad28d050c0c88d3,True,False,,,,unlabeled
02224.jpg,初赛测试集/02224.jpg,test,,2224,file_block_0005,filename_contiguous_block_provisional,3840,2160,,,e6c9ae16a3845eb8f4c1706542467f0a16f4ea224e699fdfab61714b36c2f39d,cada8d050c088895,True,False,,,,unlabeled
02225.jpg,初赛测试集/02225.jpg,test,,2225,file_block_0005,filename_contiguous_block_provisional,3840,2160,,,3ef3e9243c6b17646c0223bed8276edd24b566908db6a9bc9ffa51e6f21dd6fd,da9a96070aaaa294,True,False,,,,unlabeled
02226.jpg,初赛测试集/02226.jpg,test,,2226,file_block_0005,filename_contiguous_block_provisional,3840,2160,,,e15d5e5e7a8eac94f1eaa3ad5762fc6e67f406f1469be554fb2ced46c9f9c070,ca5a94070a8a8892,True,False,,,,unlabeled
02227.jpg,初赛测试集/02227.jpg,test,,2227,file_block_0005,filename_contiguous_block_provisional,3840,2160,,,eccd1bf8b99fb33fa9b2ac59b5b21f844bcec41b6fcaf92304b2e80f05b921d9,cada042200b28896,True,False,,,,unlabeled
02228.jpg,初赛测试集/02228.jpg,test,,2228,file_block_0005,filename_contiguous_block_provisional,3840,2160,,,74805cc2a93c1a683c5267db365fa51867d4782b366dea8e4972951654d82fee,dad2162700ba8896,True,False,,,,unlabeled
02229.jpg,初赛测试集/02229.jpg,test,,2229,file_block_0005,filename_contiguous_block_provisional,3840,2160,,,8984ea6436f0ccbea4be8aacdab4eb497a6587aaa40895baf5cd547f9fa33e57,4a4a8808080c89c1,True,False,,,,unlabeled
02230.jpg,初赛测试集/02230.jpg,test,,2230,file_block_0005,filename_contiguous_block_provisional,3840,2160,,,6256e32a8a761badf08efaa52cf4cafdf21f2bd5a59a8003604bf74b658eb65b,ca128d070b098995,True,False,,,,unlabeled
02231.jpg,初赛测试集/02231.jpg,test,,2231,file_block_0005,filename_contiguous_block_provisional,3840,2160,,,fc26acadd22bb3e0b71dcb79fd213e5015de4c17fb2c90f13fd935ff2523527a,dada96060aa2a294,True,False,,,,unlabeled
02232.jpg,初赛测试集/02232.jpg,test,,2232,file_block_0005,filename_contiguous_block_provisional,3840,2160,,,2611451e3f57e1482d3f353d2b70c25bc8afb79e5925b62215761a8a8133e4ca,da1a960b0a8a8b94,True,False,,,,unlabeled
02233.jpg,初赛测试集/02233.jpg,test,,2233,file_block_0005,filename_contiguous_block_provisional,3840,2160,,,202eb38e53c89f29393fde49edc9f50f3af69803fb5eb496236b76c3072a43cc,da5a960a0aa2a294,True,False,,,,unlabeled
02234.jpg,初赛测试集/02234.jpg,test,,2234,file_block_0005,filename_contiguous_block_provisional,3840,2160,,,ce35d3de2941bdda3a72d69dbcf1dd548f449e715fe5f02cc2818e663b3d92e1,ca1a840708028294,True,False,,,,unlabeled
02235.jpg,初赛测试集/02235.jpg,test,,2235,file_block_0005,filename_contiguous_block_provisional,3840,2160,,,e924b3be08f57612461f2646028681462025104d2e694e51ccf4b3a7096b79e3,da1a96060aa2a294,True,False,,,,unlabeled
02236.jpg,初赛测试集/02236.jpg,test,,2236,file_block_0005,filename_contiguous_block_provisional,3840,2160,,,d69e8cdc6f9bbe2d18b2e7e5afdb3fce9212ae5bc70a0f3ad5d3b21ed1b1bf03,da1a960608828394,True,False,,,,unlabeled
02237.jpg,初赛测试集/02237.jpg,test,,2237,file_block_0005,filename_contiguous_block_provisional,3840,2160,,,bad308e195837bc3e8bf03a932b176d8ab979bce18e4bf04bc3a8db6c512d2d1,ca1a940608828b84,True,False,,,,unlabeled
02238.jpg,初赛测试集/02238.jpg,test,,2238,file_block_0005,filename_contiguous_block_provisional,3840,2160,,,840286dab146f7dc15ab4586204e42d8259b77da598b59235ca8f23a0a7d751e,da1a8c04080a8a80,True,False,,,,unlabeled
02239.jpg,初赛测试集/02239.jpg,test,,2239,file_block_0005,filename_contiguous_block_provisional,3840,2160,,,7ee996f5ae9a585016b9efb19652be7f4a3654c8a11f3eaaa9f6fe2be270ebaf,521288040c068380,True,False,,,,unlabeled
02240.jpg,初赛测试集/02240.jpg,test,,2240,file_block_0005,filename_contiguous_block_provisional,3840,2160,,,9d89a517366e882865af75da53ca8d465ac22d731357b1cbefeef7ead739e935,da1a96160c868392,True,False,,,,unlabeled
02241.jpg,初赛测试集/02241.jpg,test,,2241,file_block_0005,filename_contiguous_block_provisional,3840,2160,,,46c6cef39f957af380cdcc43c3263274a6f3d4b5d0bc006573fe37795122e834,da1a96040c848396,True,False,,,,unlabeled
02242.jpg,初赛测试集/02242.jpg,test,,2242,file_block_0005,filename_contiguous_block_provisional,3840,2160,,,7c281ad1efb68624828f50a1be3bfbc7a36e68c9e231be16e161f8d864e4ffcf,da1a96030c818381,True,False,,,,unlabeled
02243.jpg,初赛测试集/02243.jpg,test,,2243,file_block_0005,filename_contiguous_block_provisional,3840,2160,,,6ab6d2b51fc8a19b1eb01c872d473a8ef7340a4f683bfcb14f93093725e5da89,4a1a96050c028384,True,False,,,,unlabeled
02244.jpg,初赛测试集/02244.jpg,test,,2244,file_block_0005,filename_contiguous_block_provisional,3840,2160,,,9dba0f0f144826cc1a3f66218b3e613ff8aed2d752b980d4c4a9c2484a16bdec,5a1a96030c898381,True,False,,,,unlabeled
02245.jpg,初赛测试集/02245.jpg,test,,2245,file_block_0005,filename_contiguous_block_provisional,3840,2160,,,4eb606e8656761ad850eebf4fe7f3b1948a0730168f1131e084a012ea0e63932,5a9296050c248790,True,False,,,,unlabeled
02246.jpg,初赛测试集/02246.jpg,test,,2246,file_block_0005,filename_contiguous_block_provisional,700,466,,,8f163a459577c371055c6d3e0cdf0f745f2772b82c07adfb3a9e346f3713b1e3,31231f3763130d04,True,False,,,,unlabeled
02247.jpg,初赛测试集/02247.jpg,test,,2247,file_block_0005,filename_contiguous_block_provisional,1920,1080,,,04d419bd1c2737f2c07c0e6502409ac64a9f0eb8b4de54c8ad62bef62fdf5309,161709090d11071d,True,False,,,,unlabeled
02248.jpg,初赛测试集/02248.jpg,test,,2248,file_block_0005,filename_contiguous_block_provisional,1920,1080,,,1cb123a2440c5827e2d8d954e1bdd2ed0b61399d9a6ac9f62741ff8f1beac4dc,161209091911071c,True,False,,,,unlabeled
02249.jpg,初赛测试集/02249.jpg,test,,2249,file_block_0005,filename_contiguous_block_provisional,1920,1080,,,6fd2bed7c3083a8cf724ad98e5ab2031c20440acfadf6c1c1135467f9cf93b87,061609091911061d,True,False,,,,unlabeled
02250.jpg,初赛测试集/02250.jpg,test,,2250,file_block_0005,filename_contiguous_block_provisional,1920,1080,,,be7a4ea06afdb54dc16bd37886af0fb69dcce99c9aba6577bc2dcb85770c9b27,1ffbf9edc9c18719,True,False,,,,unlabeled
02251.jpg,初赛测试集/02251.jpg,test,,2251,file_block_0005,filename_contiguous_block_provisional,1920,1080,,,6e63602c9895e13b673816313211031a9b9493870cf2f4094503db725d2045f9,061639597999870d,True,False,,,,unlabeled
02252.jpg,初赛测试集/02252.jpg,test,,2252,file_block_0005,filename_contiguous_block_provisional,1920,1080,,,2709af6a87d90ec54699c5c1de8a8e91fc3b37c4cf447dc7cb1d53a3a70c7000,1616094f5d11071d,True,False,,,,unlabeled
02253.jpg,初赛测试集/02253.jpg,test,,2253,file_block_0005,filename_contiguous_block_provisional,1920,1080,,,f9bb02e8bd42377ffa49ea1c1b307637abeaad71be7f39d5dd56e027181ef59b,1617090f1d11071d,True,False,,,,unlabeled
02254.jpg,初赛测试集/02254.jpg,test,,2254,file_block_0005,filename_contiguous_block_provisional,1920,1080,,,db8587b720e7f08d78ab49cda2bfb9834211fc7707f2aa424f16a84725089a8a,1617090d1d11071d,True,False,,,,unlabeled
02255.jpg,初赛测试集/02255.jpg,test,,2255,file_block_0005,filename_contiguous_block_provisional,1920,1080,,,483a820a8b70632f00d877381cb51bc790ea76fd064e483753e224c27b860109,1617090f1d11071d,True,False,,,,unlabeled
02256.jpg,初赛测试集/02256.jpg,test,,2256,file_block_0005,filename_contiguous_block_provisional,1920,1080,,,274ac0d5085e32268053dfc30020cbe280294533533dd12bbdc7a2142ab3de9d,06160d4d5d19070f,True,False,,,,unlabeled
02257.jpg,初赛测试集/02257.jpg,test,,2257,file_block_0005,filename_contiguous_block_provisional,1920,1080,,,ac70e458587da9e6cee1d878867af5ce8c1ab7e3cbfd3f6f4a11fd4336f0a120,16160c4d5d19061e,True,False,,,,unlabeled
02258.jpg,初赛测试集/02258.jpg,test,,2258,file_block_0005,filename_contiguous_block_provisional,1920,1080,,,e71b9b1ebd95aaf2a71f8f80dc13aa96d49977d784b997f9b1d937f114260db1,1e1a0a0f1d13061c,True,False,,,,unlabeled
02259.jpg,初赛测试集/02259.jpg,test,,2259,file_block_0005,filename_contiguous_block_provisional,1920,1080,,,63be65b898610517a31489508075be1ac30e6d7e7b665937ec7abe7e683f11a7,1e1a0b0f0d13061c,True,False,,,,unlabeled
02260.jpg,初赛测试集/02260.jpg,test,,2260,file_block_0005,filename_contiguous_block_provisional,1920,1080,,,eb7cd543b9ad63adb01c095081db49ee23f85f3186af32ee89ffd46e8a4661bc,171f0b0f0d13061c,True,False,,,,unlabeled
02261.jpg,初赛测试集/02261.jpg,test,,2261,file_block_0005,filename_contiguous_block_provisional,1920,1080,,,c76697bf9d52470c12c990ab48379eaacead05ea8d2bced5b26e864993c22a0d,171f0f0f0d13061d,True,False,,,,unlabeled
02262.jpg,初赛测试集/02262.jpg,test,,2262,file_block_0005,filename_contiguous_block_provisional,1920,1080,,,3b64491de854de4641574e05711beeb704082c6685deaf18992ec441f8895c58,171f0f0f0f13061d,True,False,,,,unlabeled
02263.jpg,初赛测试集/02263.jpg,test,,2263,file_block_0005,filename_contiguous_block_provisional,1920,1080,,,e9cd900d3de6db770d8d07bd6895b75aa488f2708a9a805791b43de0d2322dd6,171f0f0f0f13071d,True,False,,,,unlabeled
02264.jpg,初赛测试集/02264.jpg,test,,2264,file_block_0005,filename_contiguous_block_provisional,1920,1080,,,1369a2bf4a3db72cb71dde37feda06e2dd54306e8c1f0f15c3a17bc4f0735518,171f0f0f0f13071d,True,False,,,,unlabeled
02265.jpg,初赛测试集/02265.jpg,test,,2265,file_block_0005,filename_contiguous_block_provisional,1920,1080,,,18d1176656951ca7e5fd9469144974a6c4c309f0dc2ea3f434babf87a6d50d06,171f0f0f0f0b070f,True,False,,,,unlabeled
02266.jpg,初赛测试集/02266.jpg,test,,2266,file_block_0005,filename_contiguous_block_provisional,1200,900,,,f41d9246c9679453ede64c0fa87787601b1f42f5f600dc3fa872d5def92a6e8b,dd1d5b931d3e34b7,True,False,,,,unlabeled
02267.jpg,初赛测试集/02267.jpg,test,,2267,file_block_0005,filename_contiguous_block_provisional,1088,613,,,af659369dd6362b1b8699af2db1fc765de508c6e108c3f6886c3168a9fdfc1a7,7373337151861469,True,False,dup_0003,,,unlabeled
02268.jpg,初赛测试集/02268.jpg,test,,2268,file_block_0005,filename_contiguous_block_provisional,2560,1440,,,56f9ff6fcbadc869df716ad489958a8aeb179f387833cc71a518bd2f5b5ca489,0400404b5b438793,True,False,,,,unlabeled
02269.jpg,初赛测试集/02269.jpg,test,,2269,file_block_0005,filename_contiguous_block_provisional,2560,1440,,,b9f474918788aa45b808f8ff090406bf8fb5579aeef12d7f7e3abc8c9e128287,737bff1b03884dc9,True,False,,,,unlabeled
02270.jpg,初赛测试集/02270.jpg,test,,2270,file_block_0005,filename_contiguous_block_provisional,2560,1440,,,79d64a9e4abd97f1b5191004c252ff06c5861186b0f5aead33b11b2dc891e7dd,7173f711018045c9,True,False,,,,unlabeled
02271.jpg,初赛测试集/02271.jpg,test,,2271,file_block_0005,filename_contiguous_block_provisional,2560,1440,,,2cef4ade4e3730156e9526a784d137b460a5d8ab1ec38a63f9247ffb76ec442a,0000404b5bc38f19,True,False,,,,unlabeled
02272.jpg,初赛测试集/02272.jpg,test,,2272,file_block_0005,filename_contiguous_block_provisional,2560,1440,,,9b101e7526be33ab19daf0c37052af22c208f62f89cc3a0db7f071eea75a3f5b,f173c3010080c1c9,True,False,,,,unlabeled
02273.jpg,初赛测试集/02273.jpg,test,,2273,file_block_0005,filename_contiguous_block_provisional,2560,1440,,,134bd010511b1877dfef936c6aebcc72bb9722c2ca8e33cb7095b9f62e6fae17,000040495bc38713,True,False,,,,unlabeled
02274.jpg,初赛测试集/02274.jpg,test,,2274,file_block_0005,filename_contiguous_block_provisional,2560,1440,,,d33e2bad3e6485fb8ec420d0185ddc4b0170b9351fa1e210022d43b94f0d72e3,000040495bc16531,True,False,,,,unlabeled
02275.jpg,初赛测试集/02275.jpg,test,,2275,file_block_0005,filename_contiguous_block_provisional,640,377,,,2175cfdb64e4320e417add184d21d2a2ccfced5012c4f9184efab10c82f9b1be,0f0341c08013171a,True,False,,,,unlabeled
02276.jpg,初赛测试集/02276.jpg,test,,2276,file_block_0005,filename_contiguous_block_provisional,2000,1333,,,2a5209ba6e7bd6830e7b57754543730977933c14f72b60f893dfc57d27607b84,270f0f171f1b0f07,True,False,,,,unlabeled
02277.jpg,初赛测试集/02277.jpg,test,,2277,file_block_0005,filename_contiguous_block_provisional,3840,2160,,,d0711811629ba3332e5c58360af6b66e8e96789ee491fd14be91bd3867a710c6,23b00a5219bd3b23,True,False,,,,unlabeled
02278.jpg,初赛测试集/02278.jpg,test,,2278,file_block_0005,filename_contiguous_block_provisional,3840,2160,,,fa40a3a311a849dac61b700c08ea7402771033cee6195a17e529b61c1e2a4365,63a0101239bd3f33,True,False,,,,unlabeled
02279.jpg,初赛测试集/02279.jpg,test,,2279,file_block_0005,filename_contiguous_block_provisional,3840,2160,,,59be010ce31ff4dee0a95efe7fab088b77319609a18dae761a462751d6c55910,63b0081219bd3b23,True,False,,,,unlabeled
02280.jpg,初赛测试集/02280.jpg,test,,2280,file_block_0005,filename_contiguous_block_provisional,3840,2160,,,fcbd398cf153d8c81f6d78dbfa0b3470a71447007fa0a37540d3a692b3918205,23a30ed2f93d3f33,True,False,,,,unlabeled
02281.jpg,初赛测试集/02281.jpg,test,,2281,file_block_0005,filename_contiguous_block_provisional,3840,2160,,,f4991589e0677e7e4851b1395986d38e1279999cf09fd0295e5bbb3ec12ba0e1,23a12e52593d3b33,True,False,,,,unlabeled
02282.jpg,初赛测试集/02282.jpg,test,,2282,file_block_0005,filename_contiguous_block_provisional,3840,2160,,,f4f40762aa5ef31732caeeccf896cd3afca1be73f048e74f4d86de364053da5e,32a82292f97d3e3a,True,False,,,,unlabeled
02283.jpg,初赛测试集/02283.jpg,test,,2283,file_block_0005,filename_contiguous_block_provisional,2560,1440,,,5ba9c6634fcd66e94b3b725451444958bb127f0515f0b6b1cab5eeafacd72be7,03b1dbd7979dd9f9,True,False,,,,unlabeled
02284.jpg,初赛测试集/02284.jpg,test,,2284,file_block_0005,filename_contiguous_block_provisional,2560,1440,,,1139e3718149fbf44ecd052e9a8e885a086c62ec65ee649b584f805bf7a00f11,03b0999d919193c7,True,False,,,,unlabeled
02285.jpg,初赛测试集/02285.jpg,test,,2285,file_block_0005,filename_contiguous_block_provisional,2560,1440,,,9696caf6b1eb3fa894df50d06731e947fa970f27f2c60f95143d32f8254a0d58,83b1d3c79f9b93e7,True,False,,,,unlabeled
02286.jpg,初赛测试集/02286.jpg,test,,2286,file_block_0005,filename_contiguous_block_provisional,2560,1440,,,9aafc7bb9a18787f0f0dedbb0d24a1076a440bb12e621af074cd1b20401ad21d,03b0d3d7b39393e7,True,False,,,,unlabeled
02287.jpg,初赛测试集/02287.jpg,test,,2287,file_block_0005,filename_contiguous_block_provisional,2560,1440,,,4f0fb945bfc3c855845887c813d33f6be77e1bef041af5a550d4e7da4b495c31,4ece3f262654404c,True,False,,,,unlabeled
02288.jpg,初赛测试集/02288.jpg,test,,2288,file_block_0005,filename_contiguous_block_provisional,2560,1440,,,41f82357943f5b4677b64b740d887618b190525f4cdc7e27f75776e972cb634b,67473f2f27044048,True,False,,,,unlabeled
02289.jpg,初赛测试集/02289.jpg,test,,2289,file_block_0005,filename_contiguous_block_provisional,2560,1440,,,e7ec4061fe0dfe462692332d3c97b6f338100bda04bc796765c953e03e2a5e7c,1c071f0f04444040,True,False,,,,unlabeled
02290.jpg,初赛测试集/02290.jpg,test,,2290,file_block_0005,filename_contiguous_block_provisional,2560,1440,,,1dded670ffff4d6eaecaa907b1fbfd3c44f7f7c3196fac1d2a3ea06719b28d1d,0c1f3f0f0444406c,True,False,,,,unlabeled
02291.jpg,初赛测试集/02291.jpg,test,,2291,file_block_0005,filename_contiguous_block_provisional,3840,2160,,,7859778605367a97bd0f5b7a2ffd577574e63bc553e3d79b194a4811880c8c29,1d99100010a4c2c0,True,False,,,,unlabeled
02292.jpg,初赛测试集/02292.jpg,test,,2292,file_block_0005,filename_contiguous_block_provisional,3840,2160,,,d0b858ee35473d9398deab5e254638468e11b0305730118c2e1d06f4ab1e2177,0e0918001880c9ca,True,False,,,,unlabeled
02293.jpg,初赛测试集/02293.jpg,test,,2293,file_block_0005,filename_contiguous_block_provisional,3840,2160,,,698025632e3e151d29e63cf8ab52c37c115b847a77995299741f226a1ec0461c,8c081020208080c1,True,False,,,,unlabeled
02294.jpg,初赛测试集/02294.jpg,test,,2294,file_block_0005,filename_contiguous_block_provisional,3840,2160,,,f62c21794ccb05a5568328092a09c1865537ce1709b42d4bdc38cec0c7547860,0c08180606180943,True,False,,,,unlabeled
02295.jpg,初赛测试集/02295.jpg,test,,2295,file_block_0005,filename_contiguous_block_provisional,3840,2160,,,bd040b8d0c05ba04f31b065ae123fb167865cbea11af79043d6d2b817b39d335,9e18180e0f3f3f8b,True,False,,,,unlabeled
02296.jpg,初赛测试集/02296.jpg,test,,2296,file_block_0005,filename_contiguous_block_provisional,3840,2160,,,5d866e38c349320ae07a402e35135864e456a7e512d59707a237bfbe14ee8a70,9198f83e27173f8b,True,False,,,,unlabeled
02297.jpg,初赛测试集/02297.jpg,test,,2297,file_block_0005,filename_contiguous_block_provisional,3840,2160,,,20f0eb118e108fa724e047ed9027b73c8df5ee4ea958418645835bac23df9b07,fdeb8d0185860114,True,False,,,,unlabeled
02298.jpg,初赛测试集/02298.jpg,test,,2298,file_block_0005,filename_contiguous_block_provisional,3840,2160,,,6b5c11377f099b0d6f146559842b85f474aba2bf970b44c7f0672d110b17c6a6,fbdd0d01c304068e,True,False,,,,unlabeled
02299.jpg,初赛测试集/02299.jpg,test,,2299,file_block_0005,filename_contiguous_block_provisional,2560,1440,,,6432a86f639ff30b292b15fa425a7fec5447238c34c2ec01ef02157c4543eae3,86870707050d0d09,True,False,,,,unlabeled
02300.jpg,初赛测试集/02300.jpg,test,,2300,file_block_0005,filename_contiguous_block_provisional,2560,1440,,,a0fb88fd0fab6fe963e5fb6e84b8f0ed8c6c2b6ba32d2eb0ebc965a8fc792baa,83870707050d0d19,True,False,,,,unlabeled
02301.jpg,初赛测试集/02301.jpg,test,,2301,file_block_0005,filename_contiguous_block_provisional,2560,1440,,,385afa5f4819ea66227590105e760cb572d325cb1e42706c097325303616aaa2,878f0f4f0d0d091b,True,False,,,,unlabeled
02302.jpg,初赛测试集/02302.jpg,test,,2302,file_block_0005,filename_contiguous_block_provisional,2560,1440,,,fe08d8454e593c55c247d1a27fce177554ee33d4d21bbb7195b72f922cf33f5c,8f070707050d0d19,True,False,,,,unlabeled
02303.jpg,初赛测试集/02303.jpg,test,,2303,file_block_0005,filename_contiguous_block_provisional,3840,2160,,,cf71270baa0da540d2af4689d52fd42d260751667b9f533e884811004983cdc9,d7e7f557cfa7232b,True,False,,,,unlabeled
02304.jpg,初赛测试集/02304.jpg,test,,2304,file_block_0005,filename_contiguous_block_provisional,3840,2160,,,83d668b164d2e44970ab3ad412cbf7b4d27a8f5e7083eb39cf0e92d4a44caad8,b7e7f75fcfa76717,True,False,,,,unlabeled
02305.jpg,初赛测试集/02305.jpg,test,,2305,file_block_0005,filename_contiguous_block_provisional,3840,2160,,,78e3301fcc448a8d84da2b87878ea5e950a988a831583ecca90ced8ad7b1a1bf,66e6f75f4fe7771b,True,False,,,,unlabeled
02306.jpg,初赛测试集/02306.jpg,test,,2306,file_block_0005,filename_contiguous_block_provisional,3840,2160,,,d2ebbce1586ee4bc0e3ce788f4ec54c08bd832bf4098c2385dd188ad9ed81b92,f4e6f67edf6f775d,True,False,,,,unlabeled
02307.jpg,初赛测试集/02307.jpg,test,,2307,file_block_0005,filename_contiguous_block_provisional,3840,2160,,,a70af9cc20b7759a5a86348d8bbda0be4a6020095c0f0145d008659afe5c4480,c5c6e1d5df653d1d,True,False,,,,unlabeled
02308.jpg,初赛测试集/02308.jpg,test,,2308,file_block_0005,filename_contiguous_block_provisional,3840,2160,,,7402400feb17e04f1f71bf1a823f8536006857dd2aabd3fbe4f4e9ec9d614764,44e6f65fdf67371c,True,False,,,,unlabeled
02309.jpg,初赛测试集/02309.jpg,test,,2309,file_block_0005,filename_contiguous_block_provisional,1920,1080,,,4282f9219c7d5151d6ef702c74895c9aa7db0db3a0418ac7f07468d34bd39317,3f3f3f3f1f078118,True,False,,,,unlabeled
02310.jpg,初赛测试集/02310.jpg,test,,2310,file_block_0005,filename_contiguous_block_provisional,1920,1080,,,5cb9764bfeb2babd4087679dea0dca1870a9bb7091cfba3b53288dee1aadee3e,3f3f3f7f3f074141,True,False,,,,unlabeled
02311.jpg,初赛测试集/02311.jpg,test,,2311,file_block_0005,filename_contiguous_block_provisional,1920,1080,,,b864f85ffc086966ed21bd7baa1c73629e8e17f0c0bf07ac2f0b3b17d913f591,1f3f3f3f1f070181,True,False,,,,unlabeled
02312.jpg,初赛测试集/02312.jpg,test,,2312,file_block_0005,filename_contiguous_block_provisional,1920,1080,,,7830f4dca8422ac4b3b5ff625249cfffcdef4f9fa97e3b84baf8b6ee922d45c2,a33f3f0101633119,True,False,,,,unlabeled
02313.jpg,初赛测试集/02313.jpg,test,,2313,file_block_0005,filename_contiguous_block_provisional,1280,720,,,84f8eee7af3c5d18d736112834e98090971db8a8701708d9bd0b48475df1b4d1,c5c5e9e1e1d91b02,True,False,,,,unlabeled
02314.jpg,初赛测试集/02314.jpg,test,,2314,file_block_0005,filename_contiguous_block_provisional,2560,1440,,,c1f5f1344f8cc7bb97ee4ef8eff92742e176fd6644d044ec50a7920825bfb65c,0f0f0f0f17070f13,True,False,,,,unlabeled
02315.jpg,初赛测试集/02315.jpg,test,,2315,file_block_0005,filename_contiguous_block_provisional,1920,1080,,,d6491c0df25c45135830882fa93116e29e1bdd8b0b85ae13610a9359dfef634e,171b03271f5fdfdb,True,False,,,,unlabeled
02316.jpg,初赛测试集/02316.jpg,test,,2316,file_block_0005,filename_contiguous_block_provisional,1920,1080,,,99586abac96c6bbb283617f71f729b9790e945385a9fdf12dd8fee02bbfcf5e9,171b23271f5fdfdb,True,False,,,,unlabeled
02317.jpg,初赛测试集/02317.jpg,test,,2317,file_block_0005,filename_contiguous_block_provisional,1920,1080,,,a807cd08eae778df1e077b92f630961fdad0d47352a861084f5aefe7dd04b922,13270e5f5fdf8fcb,True,False,,,,unlabeled
02318.jpg,初赛测试集/02318.jpg,test,,2318,file_block_0005,filename_contiguous_block_provisional,3840,2160,,,d6e12384fb08efb730ec6f2160969538871105a9d9630b16331a06e1a1bb7d0b,1f35216466e6e66a,True,False,,,,unlabeled
02319.jpg,初赛测试集/02319.jpg,test,,2319,file_block_0005,filename_contiguous_block_provisional,3840,2160,,,6514e0cdaf39855eb3d96a6e2975aa12eb0db72977147820d190a661f0a3fb4a,1f1f2c6447e6e676,True,False,,,,unlabeled
02320.jpg,初赛测试集/02320.jpg,test,,2320,file_block_0005,filename_contiguous_block_provisional,3840,2160,,,46924957c5b1e3cb8e66b4d37be5629193b7c1010c6f52c7a9432e4144af4c55,1d1d246666e6ea68,True,False,,,,unlabeled
02321.jpg,初赛测试集/02321.jpg,test,,2321,file_block_0005,filename_contiguous_block_provisional,3840,2160,,,9ee935e2a334ee3057484951a02cd0507e26adfa24ae9dbf8f244a526ef66c56,1f1f2d66c7c7e636,True,False,,,,unlabeled
02484.jpg,初赛测试集/02484.jpg,test,,2484,file_block_0006,filename_contiguous_block_provisional,1080,608,,,bd9ef1ea0b671e4597154ebf0711af7020a8a5afe7fc8c41880f0f9394d4cc09,6dd6d66b63e33929,True,False,,,,unlabeled
02490.jpg,初赛测试集/02490.jpg,test,,2490,file_block_0007,filename_contiguous_block_provisional,821,500,,,d7b309d87318a7b3526a0f2f863764a79243ba2a0671f0815a3d99cc95588e01,f4f0a9a3c78fb8f2,True,False,,,,unlabeled
02492.jpg,初赛测试集/02492.jpg,test,,2492,file_block_0008,filename_contiguous_block_provisional,624,447,,,821b8118b4d2184de33941f3561dd3361117edcf3135a8729ac3a24d31322fec,00081cb9f7716361,True,False,,,,unlabeled
00000.jpg,训练集/00000.jpg,train,有漂浮物,0,file_block_0000,filename_contiguous_block_provisional,4080,3060,4080,3060,ff4bd057f41c3cd55361f855bbe4f0b2435b4729af5ddf6c92719b39c13a55da,6049ddf9684ea6ba,True,False,,True,,unreviewed
00002.jpg,训练集/00002.jpg,train,有漂浮物,2,file_block_0001,filename_contiguous_block_provisional,4080,3060,4080,3060,3e8b67aa874205239acb396eaa6bd5ba0aaedb3f86a17d2b577fe589a5ea4255,435d5d5d4c3f39f8,True,False,,True,,unreviewed
00003.jpg,训练集/00003.jpg,train,有漂浮物,3,file_block_0001,filename_contiguous_block_provisional,1706,1280,1706,1280,b28a7823625cd00c48bb3e1fe864716684f8f7848beaff7c6fd2c0c9a207fb7b,737372dbddcc8c08,True,False,,True,,unreviewed
00004.jpg,训练集/00004.jpg,train,有漂浮物,4,file_block_0001,filename_contiguous_block_provisional,1706,1279,1706,1279,3ba7740734ae0cffb8b12e0fd207461ae39fe8c105e0a5327a7dc3881916e42d,ece5dfe7f2fefeff,True,False,,True,,unreviewed
00005.jpg,训练集/00005.jpg,train,有漂浮物,5,file_block_0001,filename_contiguous_block_provisional,1706,1279,1706,1279,0a9b05287f35711f7c4138edd509735070244a885d5bcf25898d7e93df679836,f6cbcbe9c5b46ccd,True,False,,True,,unreviewed
00006.jpg,训练集/00006.jpg,train,有漂浮物,6,file_block_0001,filename_contiguous_block_provisional,1706,1280,1706,1280,1c72b48cb02fc6fde62d1c95e41cf731f9c3c1fff59287bb2c50c8d1b386aae3,d9e2e1850c0e1c79,True,False,,True,,unreviewed
00007.jpg,训练集/00007.jpg,train,有漂浮物,7,file_block_0001,filename_contiguous_block_provisional,1706,1280,1706,1280,d1db0533c08d0566386d39067e36d76a424a4a2286823bd1195fdd1123d3b5d3,19058ddd79797939,True,False,,True,,unreviewed
00008.jpg,训练集/00008.jpg,train,有漂浮物,8,file_block_0001,filename_contiguous_block_provisional,1706,1279,1706,1279,9bb7802f4662522405013d7a65cc94de6127dae523df0687f4821a4bd390a877,0f0d0311250d3d3d,True,False,,True,,unreviewed
00009.jpg,训练集/00009.jpg,train,有漂浮物,9,file_block_0001,filename_contiguous_block_provisional,1706,1279,1706,1279,648f6bfc8a4945a8b6f478076bb27959a71ce00d22a84b9bd838b6dcf1aa3ac9,1bed1319187be9c1,True,False,,True,,unreviewed
00010.jpg,训练集/00010.jpg,train,有漂浮物,10,file_block_0001,filename_contiguous_block_provisional,4080,3060,4080,3060,e8305ed053efd120aa04b651d8b09758c3f1767b745c562a2fa40029c9134727,efffce0fc39c0f47,True,False,,True,,unreviewed
00011.jpg,训练集/00011.jpg,train,有漂浮物,11,file_block_0001,filename_contiguous_block_provisional,1706,1279,1706,1279,2e3b2e37b407e64e2dffe6ab43689e44dbca19287239db55a1c30e25f2ed6919,4d4c52d01667cccc,True,False,,True,,unreviewed
00012.jpg,训练集/00012.jpg,train,有漂浮物,12,file_block_0001,filename_contiguous_block_provisional,1706,1279,1706,1279,4d16f1f4c6c10763a59181d97b8cbe10e2ec326d08d1c5fc3e395dcfe53d1b31,070eccc72373e3a1,True,False,,True,,unreviewed
00013.jpg,训练集/00013.jpg,train,有漂浮物,13,file_block_0001,filename_contiguous_block_provisional,1706,1279,1706,1279,b4b81200299b68b75a7e65fe950e91f1ac3c40b600edc2e3d8460d13b39ff956,99c862120b468d19,True,False,,True,,unreviewed
00014.jpg,训练集/00014.jpg,train,有漂浮物,14,file_block_0001,filename_contiguous_block_provisional,1706,1279,1706,1279,18ec8147211788ef5825eadce8a29466fd1043703e6151f037f9a74e9e2efe33,0f03a320406868ea,True,False,,True,,unreviewed
00015.jpg,训练集/00015.jpg,train,有漂浮物,15,file_block_0001,filename_contiguous_block_provisional,1706,1280,1706,1280,996b830389799b52efdb5f98e03f23f96b61a96b65f440778b2350605ace88ac,33b399b363430d6d,True,False,,True,,unreviewed
00016.jpg,训练集/00016.jpg,train,有漂浮物,16,file_block_0001,filename_contiguous_block_provisional,1706,1279,1706,1279,ca2676cfe0b3e909ae7a59a1a963c40e5a83effaf2035b4cc2cde2e2386b43bc,438c959033b5d1f5,True,False,,True,,unreviewed
00017.jpg,训练集/00017.jpg,train,有漂浮物,17,file_block_0001,filename_contiguous_block_provisional,1706,1280,1706,1280,860a0c603fa4d48d50999d4b5813caf7eea1a6d343ee04a348be53eac50588a4,c11b1b0c18272775,True,False,,True,,unreviewed
00018.jpg,训练集/00018.jpg,train,有漂浮物,18,file_block_0001,filename_contiguous_block_provisional,1706,1279,1706,1279,82c4051b999fb04c76fa2d0cbd8c6d896473b5f4ed206dc7c5d79c1196bba001,0ffba766242c2d2c,True,False,,True,,unreviewed
00019.jpg,训练集/00019.jpg,train,有漂浮物,19,file_block_0001,filename_contiguous_block_provisional,4080,3060,4080,3060,8b95d1d23ed6d1f36a23196e7bfad1bbc40d01e88ec5e3c3fcfb23a5024ff3f0,d872727263c38303,True,False,,True,,unreviewed
00020.jpg,训练集/00020.jpg,train,有漂浮物,20,file_block_0001,filename_contiguous_block_provisional,1706,1279,1706,1279,71e7da7d19c97e945555b9dcd0b0e94b8e9d33a59b5cb4daba99d9bec3dad614,31538b82213cf616,True,False,,True,,unreviewed
00021.jpg,训练集/00021.jpg,train,有漂浮物,21,file_block_0001,filename_contiguous_block_provisional,1706,1279,1706,1279,aa1aab225c5ba45276cf9f036d3a77414e6a01c381441864e891881aed3ab6a1,ffffffffcbc3b4c5,True,False,,True,,unreviewed
00022.jpg,训练集/00022.jpg,train,有漂浮物,22,file_block_0001,filename_contiguous_block_provisional,1706,1279,1706,1279,ede7eb19442774fa1a5d261950c08459fc396b49dcfa9bf95ed89183a647c1d7,d2224303079c2c00,True,False,,True,,unreviewed
00023.jpg,训练集/00023.jpg,train,有漂浮物,23,file_block_0001,filename_contiguous_block_provisional,1706,1279,1706,1279,be9d21bf2b0d4a1294708666e0fa1ead057b384e5b143105d7096de7f72fff89,3ffbecfc7cfef6ee,True,False,,True,,unreviewed
00024.jpg,训练集/00024.jpg,train,有漂浮物,24,file_block_0001,filename_contiguous_block_provisional,4080,3060,4080,3060,61c5e4e98fb1768c70a4b4f5e0d78d1808ba3e879cd251df225d02ca00f34652,7607072220030606,True,False,,True,,unreviewed
00025.jpg,训练集/00025.jpg,train,有漂浮物,25,file_block_0001,filename_contiguous_block_provisional,4080,3060,4080,3060,89cb762496858775fea165db4017518d60e23df7155eb258f7952ac43527e1c8,c2e0f1b0304200c0,True,False,,True,,unreviewed
00026.jpg,训练集/00026.jpg,train,有漂浮物,26,file_block_0001,filename_contiguous_block_provisional,4080,3060,4080,3060,cf7b0ee0cedd1ccc20e0284c94d39d678e30165110a8b98f8cf95cfe0543b1ea,7078d8d8e1210000,True,False,,True,,unreviewed
00027.jpg,训练集/00027.jpg,train,有漂浮物,27,file_block_0001,filename_contiguous_block_provisional,4080,3060,4080,3060,459ddb8a72d73fda28ccf6af4773ccc304b8e56797b89887ca74c119e3d1a698,b0bcbc4c64044090,True,False,,True,,unreviewed
00028.jpg,训练集/00028.jpg,train,有漂浮物,28,file_block_0001,filename_contiguous_block_provisional,3264,2448,3264,2448,9f6aaea2d3ce389f94b31ca8ef4c439fdb66fbb20dbe06dd03ea3039d00b92ae,3efc6ee6fb9e8e2e,True,False,,True,,unreviewed
00029.jpg,训练集/00029.jpg,train,有漂浮物,29,file_block_0001,filename_contiguous_block_provisional,4080,3060,4080,3060,317e171f85cafd828c1de2004456bf83ac262729008c3e0f8f77e6d5aaa008a1,c76e8ede7c3c0e87,True,False,,True,,unreviewed
00030.jpg,训练集/00030.jpg,train,有漂浮物,30,file_block_0001,filename_contiguous_block_provisional,4080,3060,4080,3060,5a5389774cbec73ccbac5cc5d440fa06e97247863dc6f7beb2c7bd778d6c7fa4,313167f6b68ecde3,True,False,,True,,unreviewed
00031.jpg,训练集/00031.jpg,train,有漂浮物,31,file_block_0001,filename_contiguous_block_provisional,4080,3060,4080,3060,18583efc5ad090d19e00b51cad6438a1267be336920dadff92ac5715a83cedc8,2577767e7cf9f9e4,True,False,,True,,unreviewed
00032.jpg,训练集/00032.jpg,train,有漂浮物,32,file_block_0001,filename_contiguous_block_provisional,1706,1279,1706,1279,4c7a495b537b5d9f72478add67182924cb7dbfaf182e72aec30ef8b1da3a0d16,cfdcf0691811cd86,True,False,,True,,unreviewed
00033.jpg,训练集/00033.jpg,train,正常,33,file_block_0001,filename_contiguous_block_provisional,4080,3060,4080,3060,d06a54debe36872e10623798fb94b14d54eb968672b32f38d6f4be8ec1682aa7,1f9e40060f04c0d0,True,False,,True,,unreviewed
00034.jpg,训练集/00034.jpg,train,有漂浮物,34,file_block_0001,filename_contiguous_block_provisional,1706,1279,1706,1279,cfa8c3c7d10d9bff26fc0bfd6a79f3bbf49e4ced03d0c8d933db1c7386131fec,b9363e1b133b199c,True,False,,True,,unreviewed
00035.jpg,训练集/00035.jpg,train,有漂浮物,35,file_block_0001,filename_contiguous_block_provisional,1706,1279,1706,1279,d96b43f09203a52a1eb2f15ea4df6c39cd5d3c1edfb797918f91d5213ee9fa67,837f70dfcff797d7,True,False,,True,,unreviewed
00036.jpg,训练集/00036.jpg,train,有漂浮物,36,file_block_0001,filename_contiguous_block_provisional,1706,1279,1706,1279,1f936f04235af61f29c5cf1720ebfde7bf342fdc7ed890a9362936b74fab1179,fd7ffef9ebfefafa,True,False,,True,,unreviewed
00037.jpg,训练集/00037.jpg,train,有漂浮物,37,file_block_0001,filename_contiguous_block_provisional,1706,1279,1706,1279,ea913c6c96af02b9b44d886b3ca85153b0ac93942678f274bf48f2f9752a15a3,c0003f7f79dcf8f8,True,False,,True,,unreviewed
00038.jpg,训练集/00038.jpg,train,有漂浮物,38,file_block_0001,filename_contiguous_block_provisional,1706,1279,1706,1279,56e063256c30b6958c06b1373a0cb2112aca6417f6d2c794d61c56fdb897c2d4,84806018ac286868,True,False,,True,,unreviewed
00039.jpg,训练集/00039.jpg,train,有漂浮物,39,file_block_0001,filename_contiguous_block_provisional,1706,1279,1706,1279,0a6381b9267e0613c5dd31cd51b0c8812c06243b02c3b96653547b2839dcbdb0,cbc030188e262024,True,False,,True,,unreviewed
00040.jpg,训练集/00040.jpg,train,有漂浮物,40,file_block_0001,filename_contiguous_block_provisional,1706,1279,1706,1279,d2d3759fcb23efd18c005e98b76204f37421315d26e696784022bc4def317895,83c7c68706061627,True,False,,True,,unreviewed
00041.jpg,训练集/00041.jpg,train,有漂浮物,41,file_block_0001,filename_contiguous_block_provisional,4080,3060,4080,3060,fc2e97da77926c846dd22ca4c80d59dfddcd3894fbbf35ea4b64986eceaab58c,0301c29878a2a020,True,False,,True,,unreviewed
00042.jpg,训练集/00042.jpg,train,有漂浮物,42,file_block_0001,filename_contiguous_block_provisional,4080,3060,4080,3060,fc2265abda4ce01f4ceccf9e4c77e689f23d0aedc424d4db64fdbcf758163cbd,7f7cfbfdf8f4e5f1,True,False,,True,,unreviewed
00043.jpg,训练集/00043.jpg,train,有漂浮物,43,file_block_0001,filename_contiguous_block_provisional,4080,3060,4080,3060,2d89db202b47971149019748becd97a12a2fb2c955f238b16cd1de4e676b2476,fcff5f0fc7000010,True,False,,True,,unreviewed
00044.jpg,训练集/00044.jpg,train,有漂浮物,44,file_block_0001,filename_contiguous_block_provisional,4080,3060,4080,3060,ef902f6456fbc5528871b192158d5f9b2c742485fbd38c60ba61da622946fee4,7b323a283f1d0280,True,False,,True,,unreviewed
00045.jpg,训练集/00045.jpg,train,有漂浮物,45,file_block_0001,filename_contiguous_block_provisional,4080,3060,4080,3060,b6ad3ad6e037490886ab60da5bca550f0b38948ab23a8b759aebf47ca873b8b6,9f9fbaba8d9d8d0d,True,False,,True,,unreviewed
00046.jpg,训练集/00046.jpg,train,有漂浮物,46,file_block_0001,filename_contiguous_block_provisional,4080,3060,4080,3060,8f3c173206734dccde9440f53a0e0a8910cf739aa07b012ffc4219b778e90c09,fffecc1a931c4f43,True,False,,True,,unreviewed
00047.jpg,训练集/00047.jpg,train,有漂浮物,47,file_block_0001,filename_contiguous_block_provisional,1706,1279,1706,1279,eeada057c851495a8a38124a5b7bc3b58a6d458c9734f9d56fab362452cc98ba,3f7fffd7632d3c0c,True,False,,True,,unreviewed
00048.jpg,训练集/00048.jpg,train,有漂浮物,48,file_block_0001,filename_contiguous_block_provisional,1706,1279,1706,1279,23389481eab25f838ff060c2bfc316d2090deb2d4cde01f756f58d6a3029a03d,030190cc0d66525a,True,False,,True,,unreviewed
00049.jpg,训练集/00049.jpg,train,有漂浮物,49,file_block_0001,filename_contiguous_block_provisional,1706,1279,1706,1279,eb92553e71e9e9d2d36e2b27f845f7bd554358ee535c5cf827069e7a640b123a,90313370313a9cac,True,False,,True,,unreviewed
00050.jpg,训练集/00050.jpg,train,有漂浮物,50,file_block_0001,filename_contiguous_block_provisional,1706,1279,1706,1279,015839cf56600eb0aa9ae661e8868049630554ad78c3e16f84db027524f0d342,e3f3fb7f7df8fde2,True,False,,True,,unreviewed
00051.jpg,训练集/00051.jpg,train,有漂浮物,51,file_block_0001,filename_contiguous_block_provisional,4080,3060,4080,3060,d9ece263175fa894a63563e1150a034879c52e86fe81882cb96bbfcc3eb6b114,a065d67040c0c666,True,False,,True,,unreviewed
00052.jpg,训练集/00052.jpg,train,有漂浮物,52,file_block_0001,filename_contiguous_block_provisional,4080,3060,4080,3060,5e0ca7c0e48d98404e77e1e9b810d06aaac38feda305ac1ef99af100bc26e9ab,b6ee9e995f0b080c,True,False,,True,,unreviewed
00053.jpg,训练集/00053.jpg,train,有漂浮物,53,file_block_0001,filename_contiguous_block_provisional,1706,1279,1706,1279,ce089d2095044e1e1561f721f62c3158e0db504075c3e046f9e0065acb407805,9ff889441033acce,True,False,,True,,unreviewed
00054.jpg,训练集/00054.jpg,train,有漂浮物,54,file_block_0001,filename_contiguous_block_provisional,1706,1279,1706,1279,2d1e4d4d9c138755faf71b1b64a71c4db71e3bae5449885220fc3a0b06fd3071,3bfb969431c2969f,True,False,,True,,unreviewed
00055.jpg,训练集/00055.jpg,train,有漂浮物,55,file_block_0001,filename_contiguous_block_provisional,1706,1279,1706,1279,4d3d491da3af813093234aa14f014623ef535cf72b326231d6dfca598911e100,ff1d0d0402e8a232,True,False,,True,,unreviewed
00056.jpg,训练集/00056.jpg,train,有漂浮物,56,file_block_0001,filename_contiguous_block_provisional,1706,1279,1706,1279,78d89076364dd1eceea17de5e348dfa5ed3dfe9dd96b346943cc6df99070ae38,0e8eae42627262a0,True,False,,True,,unreviewed
00057.jpg,训练集/00057.jpg,train,有漂浮物,57,file_block_0001,filename_contiguous_block_provisional,1706,1279,1706,1279,72f8ce4b6c815e8e14ff0fc5f94145c86d6bbd46b1ef96d9bb8059bd8b578917,d03820717df7f6e6,True,False,,True,,unreviewed
00058.jpg,训练集/00058.jpg,train,有漂浮物,58,file_block_0001,filename_contiguous_block_provisional,1706,1279,1706,1279,2a6049891f1f099d207cf3fa485ac72f2639e960756aea2bcd9aeca75e1e8f5b,6fcfdb99d99e67a8,True,False,,True,,unreviewed
00059.jpg,训练集/00059.jpg,train,有漂浮物,59,file_block_0001,filename_contiguous_block_provisional,1706,1279,1706,1279,7d0236ec9e8f80020a1b1177a83655c3ccb70e9588b262ef9d5699ac555bf8cf,c64e4fc1ddcfe576,True,False,,True,,unreviewed
00060.jpg,训练集/00060.jpg,train,有漂浮物,60,file_block_0001,filename_contiguous_block_provisional,1706,1279,1706,1279,e04ef9a7114319d6465191780e7391bec604dfeecb7d0ac3c582eb1c16375523,020e1e1ef6f676e6,True,False,,True,,unreviewed
00061.jpg,训练集/00061.jpg,train,有漂浮物,61,file_block_0001,filename_contiguous_block_provisional,1706,1279,1706,1279,81b2a64b7307e5c6d45e76eda5d6aae0cb2b1bce62b557d3049be7dfb24a504f,bc38387017151010,True,False,,True,,unreviewed
00063.jpg,训练集/00063.jpg,train,有漂浮物,63,file_block_0001,filename_contiguous_block_provisional,1706,1279,1706,1279,761733d342fbc42b2f25edd541bc118981e85bc9f5144f7b0d149f946ce5c03d,f4f767cc3dbfbfff,True,False,,True,,unreviewed
00064.jpg,训练集/00064.jpg,train,正常,64,file_block_0001,filename_contiguous_block_provisional,1706,1279,1706,1279,d6632d37bcd52084ae054eb8c84cdf61a89d7cad164eaa668942b5e821a4cd27,0b2f1310dd037934,True,False,,True,,unreviewed
00065.jpg,训练集/00065.jpg,train,有漂浮物,65,file_block_0001,filename_contiguous_block_provisional,4080,3060,4080,3060,fd20787e306d0a1243019dff41cc4adb778e0e381813942a7a2a00273e9e75a8,c9c86c6c2d332226,True,False,,True,,unreviewed
00066.jpg,训练集/00066.jpg,train,有漂浮物,66,file_block_0001,filename_contiguous_block_provisional,4080,3060,4080,3060,396fe2ecc198d91e5371c6cb74a433d9d6eaa33654c7b31036a0d24403ca6750,c8c8e82c2c3382a7,True,False,,True,,unreviewed
00067.jpg,训练集/00067.jpg,train,有漂浮物,67,file_block_0001,filename_contiguous_block_provisional,4080,3060,4080,3060,03a13b66c48079a7639c95fb743c401aed910401262453ad8b696f304301140b,1cdcf3e3b7bc3c3e,True,False,,True,,unreviewed
00068.jpg,训练集/00068.jpg,train,有漂浮物,68,file_block_0001,filename_contiguous_block_provisional,4080,3060,4080,3060,6ef725b5a7a783cfb172926db3979b7acd57c989ab32c64ee80e3c5987f4bf8e,81f1f3a59b73ebcf,True,False,,True,,unreviewed
00069.jpg,训练集/00069.jpg,train,有漂浮物,69,file_block_0001,filename_contiguous_block_provisional,4080,3060,4080,3060,674425b1fe5b303f5527e3492161bc2cd1128b034f98366ace7f70dc36f9914e,0e1e8e1e0f0f3d3d,True,False,,True,,unreviewed
00070.jpg,训练集/00070.jpg,train,有漂浮物,70,file_block_0001,filename_contiguous_block_provisional,4080,3060,4080,3060,c97679942174d97e7de58a8c11400d2e9cffd7b7e58dc845064a8cbbd035e8fc,fedec6c62626129b,True,False,,True,,unreviewed
00071.jpg,训练集/00071.jpg,train,有漂浮物,71,file_block_0001,filename_contiguous_block_provisional,1706,1279,1706,1279,7990f637912ab181688bc5f492e4b49b1ffdc946a140c55cf44fbc1cfec0fe72,ddede3e0a60c1898,True,False,,True,,unreviewed
00072.jpg,训练集/00072.jpg,train,有漂浮物,72,file_block_0001,filename_contiguous_block_provisional,1706,1279,1706,1279,8ab40260b3ff06d76751be287262606ae03cd3ffebec8f315066cb0e0b81b191,5d1f5b1f063878d8,True,False,,True,,unreviewed
00073.jpg,训练集/00073.jpg,train,有漂浮物,73,file_block_0001,filename_contiguous_block_provisional,1706,1279,1706,1279,2550d88c669fe0615d63634598155220734a42cd17d62951aaa4544fed5ac98c,1f1b9e801341418f,True,False,,True,,unreviewed
00074.jpg,训练集/00074.jpg,train,有漂浮物,74,file_block_0001,filename_contiguous_block_provisional,1706,1279,1706,1279,60be588ef2bfa0999c2af8eee91916623feb19bed26e11ac8be92e034f6e9ec9,e4b0e77f18e6eced,True,False,,True,,unreviewed
00075.jpg,训练集/00075.jpg,train,有漂浮物,75,file_block_0001,filename_contiguous_block_provisional,1706,1279,1706,1279,41f65d42b8811abc730f5f813f55b0cec67882e85b23d9193d726ef1ba67b5e8,270b0f3f33716dd5,True,False,,True,,unreviewed
00076.jpg,训练集/00076.jpg,train,有漂浮物,76,file_block_0001,filename_contiguous_block_provisional,1706,1279,1706,1279,1734b7d41312beed315b54d652f9ece085752f1afc67fb4ce75e35c495e4c069,9854c49418181898,True,False,,True,,unreviewed
00077.jpg,训练集/00077.jpg,train,有漂浮物,77,file_block_0001,filename_contiguous_block_provisional,1706,1279,1706,1279,92c60ea5010c5886a660da203f7ef4bc7a4a2eb73015bb8149baeb91dcb04ae7,95edfffdda6b6201,True,False,,True,,unreviewed
00078.jpg,训练集/00078.jpg,train,有漂浮物,78,file_block_0001,filename_contiguous_block_provisional,1706,1279,1706,1279,1834bcd5bb395d759fc751e9af30a70abffb1ba14d2803df60b782f234c0faa3,ea8b9f9fde9c5c6e,True,False,,True,,unreviewed
00079.jpg,训练集/00079.jpg,train,有漂浮物,79,file_block_0001,filename_contiguous_block_provisional,1706,1279,1706,1279,6ff725b042fc1660225eb58be4113ec9fd463f3edf4911c206edd895e122912a,4963e3939191b133,True,False,,True,,unreviewed
00080.jpg,训练集/00080.jpg,train,有漂浮物,80,file_block_0001,filename_contiguous_block_provisional,1706,1279,1706,1279,11b8e739edb7064500a0e80b4fa46a78273de64ca7aaea06af77fc81b77d3a26,87a3b697e687e666,True,False,,True,,unreviewed
00081.jpg,训练集/00081.jpg,train,有漂浮物,81,file_block_0001,filename_contiguous_block_provisional,1706,1279,1706,1279,6291ed597b9cd37fb34d816ea6910f6ddafe6c537198886341a227af479824dc,ba73672373181e9b,True,False,,True,,unreviewed
00082.jpg,训练集/00082.jpg,train,有漂浮物,82,file_block_0001,filename_contiguous_block_provisional,1706,1279,1706,1279,cfd7c7a84dbe3e6a923a60f0d5cde1557075aae9b06324be6236c29bbc5fb83e,d9f3def9fb8cb345,True,False,,True,,unreviewed
00083.jpg,训练集/00083.jpg,train,有漂浮物,83,file_block_0001,filename_contiguous_block_provisional,1706,1279,1706,1279,4e71fa70ab54b75db98192f375cb5bc11f4fd70e4ca5136e589397675d328ebe,0344d0120c5c4d33,True,False,,True,,unreviewed
00084.jpg,训练集/00084.jpg,train,有漂浮物,84,file_block_0001,filename_contiguous_block_provisional,1706,1279,1706,1279,ed4a7402f92ebfe311b4629450d4d4b8d57936a72a9b2f9552ab6e79a699c7c8,8c8bc98d96972307,True,False,,True,,unreviewed
00085.jpg,训练集/00085.jpg,train,有漂浮物,85,file_block_0001,filename_contiguous_block_provisional,1706,1279,1706,1279,98c930548c9ad7fc0620d9f8a1e87238dbea2f5bb2fc26bae499eacfc96267d6,a40009c161b0a4e4,True,False,,True,,unreviewed
00086.jpg,训练集/00086.jpg,train,有漂浮物,86,file_block_0001,filename_contiguous_block_provisional,1706,1279,1706,1279,ad3a7cb37c391d2a12848d1e06b6ca9c9da980c399f6a227d288f7a8181677b1,a727c0e267392e46,True,False,,True,,unreviewed
00087.jpg,训练集/00087.jpg,train,有漂浮物,87,file_block_0001,filename_contiguous_block_provisional,1706,1279,1706,1279,e76bc2407e00c23a79ad51e711af40e190d540c8da75f98a541e21149bec9587,89cfe1293b6950ca,True,False,,True,,unreviewed
00088.jpg,训练集/00088.jpg,train,有漂浮物,88,file_block_0001,filename_contiguous_block_provisional,4080,3060,4080,3060,ca057b833c1276f515cffd262f54186ddf169525c58bca19f94e8f66304dd5ca,bcef878cbcbfdfcf,True,False,,True,,unreviewed
00089.jpg,训练集/00089.jpg,train,有漂浮物,89,file_block_0001,filename_contiguous_block_provisional,4080,3060,4080,3060,86be33ddf97cef37026544792e17ec8523073c0daffc00e1f3f9b53ab3d28fc4,3f3e3c86c3400818,True,False,,True,,unreviewed
00090.jpg,训练集/00090.jpg,train,有漂浮物,90,file_block_0001,filename_contiguous_block_provisional,4080,3060,4080,3060,56f1c535b4b81392557bf832de1dd39213f25f5583b98d57e74e7cf80fbe3bc6,0111e9e1c1c32646,True,False,,True,,unreviewed
00091.jpg,训练集/00091.jpg,train,有漂浮物,91,file_block_0001,filename_contiguous_block_provisional,1706,1279,1706,1279,935bca4d06d05dc1d2bf61a719494065b1660d11c00fb8708035f8d77f675042,9f9fb8c360216718,True,False,,True,,unreviewed
00092.jpg,训练集/00092.jpg,train,有漂浮物,92,file_block_0001,filename_contiguous_block_provisional,1706,1279,1706,1279,c262cd57cc746832d58429e5f9188cd4153416643716f81216aceb980b28ec5b,0f9fffb7e4f4f3f1,True,False,,True,,unreviewed
00093.jpg,训练集/00093.jpg,train,有漂浮物,93,file_block_0001,filename_contiguous_block_provisional,1706,1279,1706,1279,c5daae87e444b579a9a408cfb221ef3a17fb433f5360ec6670193de2562cfb4a,7f7ffee7e7c1c323,True,False,,True,,unreviewed
00094.jpg,训练集/00094.jpg,train,有漂浮物,94,file_block_0001,filename_contiguous_block_provisional,4080,3060,4080,3060,d3fa771a6daff974b021be9b33996ed14c7b71d9c29d3d17ec457fbea7ef143d,88ccc8c898d8b878,True,False,,True,,unreviewed
00095.jpg,训练集/00095.jpg,train,有漂浮物,95,file_block_0001,filename_contiguous_block_provisional,4080,3060,4080,3060,f488602b82eb7fc6e462d3c16c854722f76405d08aefdb979da7e47885c87810,000001939050c0c8,True,False,,True,,unreviewed
00096.jpg,训练集/00096.jpg,train,正常,96,file_block_0001,filename_contiguous_block_provisional,4080,3060,4080,3060,64d1aa49767b78de0191b1f2f0234ea0a5ccd272f10fbb3e148777e1c19ccd21,cccdded5d080820a,True,False,,True,,unreviewed
00097.jpg,训练集/00097.jpg,train,有漂浮物,97,file_block_0001,filename_contiguous_block_provisional,1706,1279,1706,1279,a2525120d1154863d0c1bfd3c83431a553a5fc26d196bb8f7b6ba4c28eea11a2,0f0fcd0739904c4c,True,False,,True,,unreviewed
00098.jpg,训练集/00098.jpg,train,有漂浮物,98,file_block_0001,filename_contiguous_block_provisional,1706,1279,1706,1279,f7c99c5b5d5a32f8793260d18a04c42506aeefbf32d39ac65eecf14daca27d4f,cfdf9fd74743478d,True,False,,True,,unreviewed
00099.jpg,训练集/00099.jpg,train,有漂浮物,99,file_block_0001,filename_contiguous_block_provisional,1706,1279,1706,1279,cb40671eeacd9a5edd3e0c0d56c5f2a2006c2e64f60061bf5497b781b7c784a2,1637d71711181838,True,False,,True,,unreviewed
00100.jpg,训练集/00100.jpg,train,正常,100,file_block_0001,filename_contiguous_block_provisional,1706,1279,1706,1279,a1b3d9e3644974ea612fe5bff14fdb741518f8ed9dac7e192512c89d029205e2,75f8f0fcf8f9939b,True,False,,True,,unreviewed
00101.jpg,训练集/00101.jpg,train,有漂浮物,101,file_block_0001,filename_contiguous_block_provisional,1706,1279,1706,1279,aee00260c49f77b56f3bc8efcf0f68d81dab3aa1843af2ef8ce5fd881c84c8a5,77f8c092c2f6f879,True,False,,True,,unreviewed
00102.jpg,训练集/00102.jpg,train,有漂浮物,102,file_block_0001,filename_contiguous_block_provisional,1706,1279,1706,1279,645887692987e3867418653586006fc94898456acfb5b91d3ac2d63011afa61a,ef3f0f2f1d1a1818,True,False,,True,,unreviewed
00103.jpg,训练集/00103.jpg,train,有漂浮物,103,file_block_0001,filename_contiguous_block_provisional,1706,1279,1706,1279,2b7155ae3f2fea0b5b3087b88a45004df932d0da10fef8ea8ca82ca0f7912704,4636430b5d5171e1,True,False,,True,,unreviewed
00104.jpg,训练集/00104.jpg,train,有漂浮物,104,file_block_0001,filename_contiguous_block_provisional,4080,3060,4080,3060,2726b512cc05fca1fd2cc3b0b71870a1b71df04be25c543f0bb3c6d100e6c387,0b8faf0f4f676767,True,False,,True,,unreviewed
00105.jpg,训练集/00105.jpg,train,有漂浮物,105,file_block_0001,filename_contiguous_block_provisional,4080,3060,4080,3060,8033bd118726c3bc501119358a4cd8a71c1520f86f6966d1dc1ebb4598b09ae1,434319594b4372f8,True,False,,True,,unreviewed
00106.jpg,训练集/00106.jpg,train,有漂浮物,106,file_block_0001,filename_contiguous_block_provisional,4080,3060,4080,3060,bcae56541ca51929ac12a0a244d8365a6f430e669e78381ac3590e8f852b2da1,60200707818050c0,True,False,,True,,unreviewed
00107.jpg,训练集/00107.jpg,train,有漂浮物,107,file_block_0001,filename_contiguous_block_provisional,1706,1279,1706,1279,50184c37dacef99a6074ea772956885d2a30cf9a437c36d070dadc0e514b2b6a,ddcdc44c647f5fdf,True,False,,True,,unreviewed
00108.jpg,训练集/00108.jpg,train,有漂浮物,108,file_block_0001,filename_contiguous_block_provisional,1706,1279,1706,1279,9465ce45e96984d171356aa16c8811cfcf1df109052f606c8160340cb87f92aa,0090920318183868,True,False,,True,,unreviewed
00109.jpg,训练集/00109.jpg,train,有漂浮物,109,file_block_0001,filename_contiguous_block_provisional,1706,1279,1706,1279,7ceb85a5bfc1694fd432a45dc3df0592f690aa59e1b344e19edc0afb663d60b2,9a17e36704510e04,True,False,,True,,unreviewed
00110.jpg,训练集/00110.jpg,train,有漂浮物,110,file_block_0001,filename_contiguous_block_provisional,1706,1279,1706,1279,80c22b7553e3fdc09a9557fa2ca38a201f600abe985c29e72134340c7c443c58,68bf22222361c0c0,True,False,,True,,unreviewed
00111.jpg,训练集/00111.jpg,train,有漂浮物,111,file_block_0001,filename_contiguous_block_provisional,1706,1279,1706,1279,7b76fda6eac3d8dcdb140801729519b8d2caab65acbd452c85c4c5eecd68fe26,471d17e101002c2c,True,False,,True,,unreviewed
00112.jpg,训练集/00112.jpg,train,有漂浮物,112,file_block_0001,filename_contiguous_block_provisional,1706,1279,1706,1279,9b146df9948102dd70967eb6450b4f8311350ae90887a212df59ce2c5d78c1ee,80c40030700657f0,True,False,,True,,unreviewed
00113.jpg,训练集/00113.jpg,train,有漂浮物,113,file_block_0001,filename_contiguous_block_provisional,4080,3060,4080,3060,17ac2be39a51fe1a2effdea74c3e6e6aba84b43d022efae2e4e5b85fc3faec66,4fdfffcfde9f0f0e,True,False,,True,,unreviewed
00114.jpg,训练集/00114.jpg,train,正常,114,file_block_0001,filename_contiguous_block_provisional,4080,3060,4080,3060,ca9df61e439d8a990aa857e9bd560ce07f47d07c8387c0805d351883437976bf,0c080100882f2723,True,False,,True,,unreviewed
00115.jpg,训练集/00115.jpg,train,有漂浮物,115,file_block_0001,filename_contiguous_block_provisional,1706,1279,1706,1279,ea6eb13d6c9a3b4c96be9aaf0bf6da4cdde521fc447de5a08f54c6e4dd764ec9,dd0f6efd8b1bcbcb,True,False,,True,,unreviewed
00116.jpg,训练集/00116.jpg,train,有漂浮物,116,file_block_0001,filename_contiguous_block_provisional,1706,1279,1706,1279,730d4b8b7049f2291918470827fd6c789ab3b46c4e876a1529287842e29e5e73,83f373130183a2a1,True,False,,True,,unreviewed
00117.jpg,训练集/00117.jpg,train,有漂浮物,117,file_block_0001,filename_contiguous_block_provisional,1706,1279,1706,1279,63170a789c4650282034a41a566857fab721d45f612bbb64481ef44fa91bb673,84a838b9e1e9e9f1,True,False,,True,,unreviewed
00118.jpg,训练集/00118.jpg,train,有漂浮物,118,file_block_0001,filename_contiguous_block_provisional,1706,1280,1706,1280,35bcf3d6f1ca2285753f4634208dcd5b2b75ee697cb20e31419e37a29b852c94,cfe79787ded4c741,True,False,,True,,unreviewed
00119.jpg,训练集/00119.jpg,train,有漂浮物,119,file_block_0001,filename_contiguous_block_provisional,1706,1280,1706,1280,f0819b6542f7bc04c7753bac96a43468997f05f5a95e6530f207dbdf5f1a589f,053231937f7765e8,True,False,,True,,unreviewed
00120.jpg,训练集/00120.jpg,train,有漂浮物,120,file_block_0001,filename_contiguous_block_provisional,1706,1280,1706,1280,9146031b06a8f61597dab61db600f4ae4b0a6a2046c2d35d9e68d6a6375b8ab0,c76a6e391bf8fc3c,True,False,,True,,unreviewed
00121.jpg,训练集/00121.jpg,train,有漂浮物,121,file_block_0001,filename_contiguous_block_provisional,4608,3456,4608,3456,b993d0417f46696661637d9c4e0d5f7d24f4c774dc6d950ed83bb7942de3acbf,d7fcdcdc7c7571f1,True,False,,True,,unreviewed
00122.jpg,训练集/00122.jpg,train,有漂浮物,122,file_block_0001,filename_contiguous_block_provisional,4608,3456,4608,3456,9731d8a38790fe259b22ca4d1790b3eeed618f8a1c7361994c0104555a2451bd,3383821351517466,True,False,,True,,unreviewed
00123.jpg,训练集/00123.jpg,train,有漂浮物,123,file_block_0001,filename_contiguous_block_provisional,4080,3060,4080,3060,369a91c77d03089eeba5224ef58ef80c97463115054c15ee63292a53be0826c0,07079f8fd29ab335,True,False,,True,,unreviewed
00124.jpg,训练集/00124.jpg,train,有漂浮物,124,file_block_0001,filename_contiguous_block_provisional,1706,1279,1706,1279,d62d72512fa7fad518652101709b0b020e7ec2aea83a6763721c9661ee1056ab,0747c7c5c3e3e3e1,True,False,,True,,unreviewed
00125.jpg,训练集/00125.jpg,train,有漂浮物,125,file_block_0001,filename_contiguous_block_provisional,1706,1279,1706,1279,feda2b180d862726045280f56ec0a945a006b088f52984cc3698232538038502,fffebe8ebff2befe,True,False,,True,,unreviewed
00126.jpg,训练集/00126.jpg,train,有漂浮物,126,file_block_0001,filename_contiguous_block_provisional,1706,1279,1706,1279,b360344fee5feec5d301aaeaf694d645e748c9f579ab6141c9c54f31e736a2a1,24a5a092c2d0b078,True,False,,True,,unreviewed
00127.jpg,训练集/00127.jpg,train,有漂浮物,127,file_block_0001,filename_contiguous_block_provisional,1706,1279,1706,1279,9b65d0a0cb50d332e2736ed7a8a72495f51c7dadb7bb44199ce88d0cd282f574,e94547fefe8eccf8,True,False,dup_0004,True,,unreviewed
00128.jpg,训练集/00128.jpg,train,有漂浮物,128,file_block_0001,filename_contiguous_block_provisional,1706,1279,1706,1279,9b65d0a0cb50d332e2736ed7a8a72495f51c7dadb7bb44199ce88d0cd282f574,e94547fefe8eccf8,True,False,dup_0004,False,exact_duplicate_later,unreviewed
00129.jpg,训练集/00129.jpg,train,有漂浮物,129,file_block_0001,filename_contiguous_block_provisional,1706,1279,1706,1279,949b78cd42d97279e84b402ed292689ac8fd04864015f36305f28c23f5a9b0b8,17353d1c18183c34,True,False,,True,,unreviewed
00130.jpg,训练集/00130.jpg,train,有漂浮物,130,file_block_0001,filename_contiguous_block_provisional,1706,1279,1706,1279,65580051a74cc94e8f05b5501fdfa71fb9bbcece7b091a9c84a9fa03dccc5e76,53703910070f2aa4,True,False,,True,,unreviewed
00131.jpg,训练集/00131.jpg,train,有漂浮物,131,file_block_0001,filename_contiguous_block_provisional,1706,1279,1706,1279,3a88e487b343660164b6cfeb7ce3c11ed2c87d9f8020cc5f3e899826b0fdd706,39393337ff9ebe3a,True,False,,True,,unreviewed
00132.jpg,训练集/00132.jpg,train,有漂浮物,132,file_block_0001,filename_contiguous_block_provisional,4080,3060,4080,3060,4d5b8d319e2ddf8858111fee972600648bb60ef2710eeb05c785edad591a29ad,80e486e7f0b88913,True,False,,True,,unreviewed
00133.jpg,训练集/00133.jpg,train,有漂浮物,133,file_block_0001,filename_contiguous_block_provisional,4080,3060,4080,3060,adaa65eef8518cac997c03b16381f6d5f9164619053c23596a5c0e21fe454f84,000367c3c0a04869,True,False,,True,,unreviewed
00134.jpg,训练集/00134.jpg,train,有漂浮物,134,file_block_0001,filename_contiguous_block_provisional,1706,1279,1706,1279,81e6abf48d4dfe22b8289eca0969202dbc369fd430d8b2638eaeba9bd50697a0,038e8e4ecfcecfff,True,False,,True,,unreviewed
00135.jpg,训练集/00135.jpg,train,有漂浮物,135,file_block_0001,filename_contiguous_block_provisional,1706,1279,1706,1279,4e24ffe1b688caabdc51ef2ffe43a63d7bae91681375925b19976e1c39c78e3b,0f0fcf8793195014,True,False,,True,,unreviewed
00136.jpg,训练集/00136.jpg,train,有漂浮物,136,file_block_0001,filename_contiguous_block_provisional,1706,1279,1706,1279,78c826c23669c6af2f4fd8f3ca324290daf1df2d66b32c6fbd2410a389823437,7f7c369399c84406,True,False,,True,,unreviewed
00137.jpg,训练集/00137.jpg,train,有漂浮物,137,file_block_0001,filename_contiguous_block_provisional,1706,1279,1706,1279,ef6feacf54b48c3ee0eeaaa36fbfd218e9519c56ecab8a4ab3a635407d84ea19,21413030e0e1703c,True,False,,True,,unreviewed
00138.jpg,训练集/00138.jpg,train,有漂浮物,138,file_block_0001,filename_contiguous_block_provisional,1706,1279,1706,1279,f8972cea3deeb46c3b6a91802217088c6bd66ef3342d478afdf6ee45f352a3b1,121878782ae0e178,True,False,,True,,unreviewed
00139.jpg,训练集/00139.jpg,train,有漂浮物,139,file_block_0001,filename_contiguous_block_provisional,4080,3060,4080,3060,2ff3514d36149a96bf23e9af91e58e2368d28a41a2bb6f4cb87784649e2636f7,210301e0e0f81c0c,True,False,,True,,unreviewed
00140.jpg,训练集/00140.jpg,train,有漂浮物,140,file_block_0001,filename_contiguous_block_provisional,4080,3060,4080,3060,ca1561be35a7ca3a2d4ca394c106c1467eadc3954c667d11c7cc3d516f8c3ac0,63612181c3c30309,True,False,,True,,unreviewed
00141.jpg,训练集/00141.jpg,train,有漂浮物,141,file_block_0001,filename_contiguous_block_provisional,1706,1279,1706,1279,0ec205e1b5795508c342005b329fdd395c4b50132cd3e7e859406d55e268aa8d,76e6c6c1c5461a9a,True,False,,True,,unreviewed
00142.jpg,训练集/00142.jpg,train,有漂浮物,142,file_block_0001,filename_contiguous_block_provisional,1706,1279,1706,1279,e4ecd9a93c7495f3b027967aa823496f9fe947df7bc1da8020c76bb98c3d546d,3f7b16313676185a,True,False,,True,,unreviewed
00143.jpg,训练集/00143.jpg,train,有漂浮物,143,file_block_0001,filename_contiguous_block_provisional,1706,1279,1706,1279,9809614f3acaf25dedd870ee8284fbb9f2e69b3c7be5560304380cfe80c05141,4fcf8da7f2b3a36b,True,False,,True,,unreviewed
00144.jpg,训练集/00144.jpg,train,有漂浮物,144,file_block_0001,filename_contiguous_block_provisional,4080,3060,4080,3060,c87a75814a3aa84f7b4071a3840cbc8886087d3396e8cde7406551f099de97e0,006138119130e0b0,True,False,,True,,unreviewed
00145.jpg,训练集/00145.jpg,train,有漂浮物,145,file_block_0001,filename_contiguous_block_provisional,4080,3060,4080,3060,cb87d7270ad484778f3d3095a0e823f294c01be49800cdbdec39ccffd9c7f961,90f0c8c08020b030,True,False,,True,,unreviewed
00146.jpg,训练集/00146.jpg,train,有漂浮物,146,file_block_0001,filename_contiguous_block_provisional,4080,3060,4080,3060,a6affd23a0b03580c7808d94d2b3b68c2de3ed11c906e60bcf659f44496913d4,fdff8bc9f0f0f6b6,True,False,,True,,unreviewed
00147.jpg,训练集/00147.jpg,train,有漂浮物,147,file_block_0001,filename_contiguous_block_provisional,4080,3060,4080,3060,1f5f42b7ad9200def3a4bd627a656b121d50d4ed9d05a4d9ac699984b6269027,0f470727347060e0,True,False,,True,,unreviewed
00148.jpg,训练集/00148.jpg,train,有漂浮物,148,file_block_0001,filename_contiguous_block_provisional,4080,3060,4080,3060,6997b3c665f04ae73ae6921c7c286edae0d1d94575f977f1ae24546a4eb7174b,79f686ba72f3f272,True,False,,True,,unreviewed
00149.jpg,训练集/00149.jpg,train,有漂浮物,149,file_block_0001,filename_contiguous_block_provisional,1706,1279,1706,1279,f9991b0e055e6674b675733ed4da0d9fd60e6d852debacd089dbf090df41dbe4,080c0e67effbf3f3,True,False,,True,,unreviewed
00150.jpg,训练集/00150.jpg,train,有漂浮物,150,file_block_0001,filename_contiguous_block_provisional,1706,1279,1706,1279,6013984af870fc9784b252428e5ff7614fde7e3ef7e15e0815fd393268e75e19,fcfcbc3bbc70b8b8,True,False,,True,,unreviewed
00151.jpg,训练集/00151.jpg,train,有漂浮物,151,file_block_0001,filename_contiguous_block_provisional,1706,1279,1706,1279,967cdbe99a3d5bf209de5083bc9ca66cf28efa75b7e3b3b1a0bd99668f887468,3918112200606038,True,False,,True,,unreviewed
00152.jpg,训练集/00152.jpg,train,有漂浮物,152,file_block_0001,filename_contiguous_block_provisional,1706,1279,1706,1279,2b2677abd80a909716089ac89c776904023f85e21a6d3bf1b69a8cb561233eae,3fd9220e0d0dad89,True,False,,True,,unreviewed
00153.jpg,训练集/00153.jpg,train,有漂浮物,153,file_block_0001,filename_contiguous_block_provisional,1706,1279,1706,1279,ff754df82c7630b44bec56edc8b8056ff3ca74297d7b2c1fea34952c5803048f,1f1f1f1733b17278,True,False,,True,,unreviewed
00154.jpg,训练集/00154.jpg,train,有漂浮物,154,file_block_0001,filename_contiguous_block_provisional,4080,3060,4080,3060,7bf07e2f1a6c99dbd29613ddd03d7635e4d733ce8db3fca99fda9296cfee2131,c4c4a426ccc4e6de,True,False,dup_0005,True,,unreviewed
00155.jpg,训练集/00155.jpg,train,有漂浮物,155,file_block_0001,filename_contiguous_block_provisional,4080,3060,4080,3060,7bf07e2f1a6c99dbd29613ddd03d7635e4d733ce8db3fca99fda9296cfee2131,c4c4a426ccc4e6de,True,False,dup_0005,False,exact_duplicate_later,unreviewed
00156.jpg,训练集/00156.jpg,train,有漂浮物,156,file_block_0001,filename_contiguous_block_provisional,4080,3060,4080,3060,656543f0b917b9403c72d21bd26392dc8d6c5e07a070775e9048aafd0cd6903c,1b6349890040c0c0,True,False,,True,,unreviewed
00157.jpg,训练集/00157.jpg,train,有漂浮物,157,file_block_0001,filename_contiguous_block_provisional,1279,1706,1279,1706,2d2bb9704340b9185860973c0f5fec79b412310d415f7a0b8404da7edb797c1a,0106c6e0c0d2b333,True,False,,True,,unreviewed
00158.jpg,训练集/00158.jpg,train,有漂浮物,158,file_block_0001,filename_contiguous_block_provisional,1279,1706,1279,1706,a0fb96745fe09de36391ed656f1d2359c5932966ca96ba4e83a7798d1a80aeee,ccc090a0b0a1e131,True,False,,True,,unreviewed
00159.jpg,训练集/00159.jpg,train,有漂浮物,159,file_block_0001,filename_contiguous_block_provisional,1706,1279,1706,1279,ff8e69c5e9a8c703dfec5c5c52f92be2024105dcee74f5efd791a72bf38fcf1b,ffcc7ccc1a78d1c1,True,False,,True,,unreviewed
00160.jpg,训练集/00160.jpg,train,有漂浮物,160,file_block_0001,filename_contiguous_block_provisional,1706,1279,1706,1279,87c3044620ffc9f1b42ff7f29dad13413673988870a713d8a4359b07f906302d,f4f8ec1d3ff89e9c,True,False,,True,,unreviewed
00161.jpg,训练集/00161.jpg,train,有漂浮物,161,file_block_0001,filename_contiguous_block_provisional,1706,1279,1706,1279,532fa4bf650b9fc98f3f7ddb7ff4cc0e65461598cbfb28de4880a6e1c5993cd5,9b8e028298dcdeae,True,False,dup_0006,True,,unreviewed
00162.jpg,训练集/00162.jpg,train,有漂浮物,162,file_block_0001,filename_contiguous_block_provisional,1706,1279,1706,1279,532fa4bf650b9fc98f3f7ddb7ff4cc0e65461598cbfb28de4880a6e1c5993cd5,9b8e028298dcdeae,True,False,dup_0006,False,exact_duplicate_later,unreviewed
00163.jpg,训练集/00163.jpg,train,有漂浮物,163,file_block_0001,filename_contiguous_block_provisional,4080,3060,4080,3060,67dbfe729fc90e22aa18d3081ffc10517815434ac176ba4cce1ec748d656db9f,3e3d1910041c4f05,True,False,,True,,unreviewed
00164.jpg,训练集/00164.jpg,train,有漂浮物,164,file_block_0001,filename_contiguous_block_provisional,1706,1279,1706,1279,ae08052ecae4e4bebfad4834a6a51ae80ea0a126e8a631d52c6c2b0d9112f9e5,f6f8d48ebefc5b4e,True,False,,True,,unreviewed
00165.jpg,训练集/00165.jpg,train,有漂浮物,165,file_block_0001,filename_contiguous_block_provisional,1706,1279,1706,1279,03b3d3f52b0421cf7b3cb25053a5d9b3f0af6a49224562a30b5216abc1f4ac0d,3c389040149e1f1d,True,False,,True,,unreviewed
00166.jpg,训练集/00166.jpg,train,有漂浮物,166,file_block_0001,filename_contiguous_block_provisional,1706,1279,1706,1279,9c0d65e5d60aedf7dc25269b56d981f28a82eb9f7b0f2161766ae599248fe052,d7f3fefdfdeca4c6,True,False,,True,,unreviewed
00168.jpg,训练集/00168.jpg,train,有漂浮物,168,file_block_0001,filename_contiguous_block_provisional,1706,1279,1706,1279,0a6e011d2af5af3efd3ece7f7a2a01df45efe6d32bba295860ec6ac62608513c,f3da383138978c8f,True,False,,True,,unreviewed
00169.jpg,训练集/00169.jpg,train,有漂浮物,169,file_block_0001,filename_contiguous_block_provisional,1706,1279,1706,1279,896f765bf1779316d62c1c73f6a47802c990774a8dea1cdc1d367f7f6c063985,e5d086c5d4b8f926,True,False,,True,,unreviewed
00170.jpg,训练集/00170.jpg,train,有漂浮物,170,file_block_0001,filename_contiguous_block_provisional,1706,1279,1706,1279,06c16bd2786e5772a614297370ce635d98a5fdae8fc174c2af8c48fba50906e2,bb910581f9b933f2,True,False,,True,,unreviewed
00171.jpg,训练集/00171.jpg,train,有漂浮物,171,file_block_0001,filename_contiguous_block_provisional,1706,1279,1706,1279,adf8e9434a023240f4a866b54888ae2ff828561575bde16ddd39ea877fa46279,071e1f17e3830598,True,False,,True,,unreviewed
00172.jpg,训练集/00172.jpg,train,有漂浮物,172,file_block_0001,filename_contiguous_block_provisional,4080,3060,4080,3060,91dacf7ac6c938efddd6a7aa4aa0efb8e9bebf6f5fbfa9cdc7cb7799bd1904e9,8032390d0ecd7170,True,False,,True,,unreviewed
00173.jpg,训练集/00173.jpg,train,有漂浮物,173,file_block_0001,filename_contiguous_block_provisional,4080,3072,4080,3072,7c0eaf3059f0b1efe37b8b3219eafffd92f37753700c284a08cb2038dd813c7b,8f2dfcf0f0424383,True,False,,True,,unreviewed
00174.jpg,训练集/00174.jpg,train,有漂浮物,174,file_block_0001,filename_contiguous_block_provisional,4080,3072,4080,3072,2356471bb6fddc9c55f54fd448db63c820f0324444185c074cd27ffd307b722a,00000002b0700010,True,False,,True,,unreviewed
00175.jpg,训练集/00175.jpg,train,有漂浮物,175,file_block_0001,filename_contiguous_block_provisional,4080,3072,4080,3072,f84aab28f4fd3952a14afa528151ea89645357d8d6300600ef2e65ad9cddbcda,03465cb8e0e5e081,True,False,,True,,unreviewed
00176.jpg,训练集/00176.jpg,train,有漂浮物,176,file_block_0001,filename_contiguous_block_provisional,4080,3060,4080,3060,699b93255b255e2b2d6199a5c5c92b2d6c894c46339aadc97b34fcc5cba45fdc,00014360f0f2c2cc,True,False,dup_0007,True,,unreviewed
00177.jpg,训练集/00177.jpg,train,有漂浮物,177,file_block_0001,filename_contiguous_block_provisional,4080,3060,4080,3060,699b93255b255e2b2d6199a5c5c92b2d6c894c46339aadc97b34fcc5cba45fdc,00014360f0f2c2cc,True,False,dup_0007,False,exact_duplicate_later,unreviewed
00178.jpg,训练集/00178.jpg,train,有漂浮物,178,file_block_0001,filename_contiguous_block_provisional,4080,3060,4080,3060,3182c82108183cb95c9b80ec7f83fb32150b613f53128ae24b25cbce946b854e,39190704881eec1c,True,False,,True,,unreviewed
00179.jpg,训练集/00179.jpg,train,有漂浮物,179,file_block_0001,filename_contiguous_block_provisional,4080,3060,4080,3060,0a729262712a615371cbcbe0aac092db027bc996fe838b5c82d20a9eccbff95f,8ea8e9f9f0e1e1c0,True,False,,True,,unreviewed
00180.jpg,训练集/00180.jpg,train,有漂浮物,180,file_block_0001,filename_contiguous_block_provisional,1706,1279,1706,1279,9d19894bb157bd70655522f90ec174ea1d0a4316bbeba38aa345c591f0262f99,2f6fe3f17c6e6ee7,True,False,,True,,unreviewed
00181.jpg,训练集/00181.jpg,train,有漂浮物,181,file_block_0001,filename_contiguous_block_provisional,1706,1279,1706,1279,02ddad19cb0d38c06ccf2a741c427d4da481d60b007434c496d2820081ba80e2,635307c6e020eca4,True,False,,True,,unreviewed
00182.jpg,训练集/00182.jpg,train,有漂浮物,182,file_block_0001,filename_contiguous_block_provisional,1706,1279,1706,1279,ad7c05bc1b9d712868e1dd23a0da683259bacac25c69648d0d9f2ea8f4ec4c8a,37f0b1b3c0d078e0,True,False,,True,,unreviewed
00183.jpg,训练集/00183.jpg,train,有漂浮物,183,file_block_0001,filename_contiguous_block_provisional,1706,1279,1706,1279,daffcc7abae6dd0d179e6f4be3bb0aee405c24ada92fb2459354bca94231b4b4,a7e3c3e9f8f8fcfe,True,False,,True,,unreviewed
00184.jpg,训练集/00184.jpg,train,有漂浮物,184,file_block_0001,filename_contiguous_block_provisional,1706,1279,1706,1279,57913d6db4d3445f26b45ea96cdfffa9dc2fd4137dbcdd4d0b11afad4dcbba16,f47472fefefcf8fa,True,False,,True,,unreviewed
00185.jpg,训练集/00185.jpg,train,有漂浮物,185,file_block_0001,filename_contiguous_block_provisional,1706,1279,1706,1279,5774cf01b8f3a726cd05185685bbaa3b6792b974d2cc4e9406950d97c3877ff8,202680c0e0f0f058,True,False,,True,,unreviewed
00186.jpg,训练集/00186.jpg,train,有漂浮物,186,file_block_0001,filename_contiguous_block_provisional,4080,3060,4080,3060,758764061b99c969c13066e31d8c40b4188036bcd2115d56c8de1e1987705049,e3dfb3ce8d83cfc8,True,False,,True,,unreviewed
00187.jpg,训练集/00187.jpg,train,有漂浮物,187,file_block_0001,filename_contiguous_block_provisional,4080,3060,4080,3060,b8aaa0b7bfc887ba9869b18d49e4dff2045bc2f1abd9d120e231d0450c9a7899,00014560e03090c8,True,False,,True,,unreviewed
00188.jpg,训练集/00188.jpg,train,有漂浮物,188,file_block_0001,filename_contiguous_block_provisional,4080,3060,4080,3060,88f917f07d8bc61f92c5e4cc4f88a8e2f021bf3cb22ea9c298075ccf88349a28,4070c160b0d8e8e4,True,False,,True,,unreviewed
00189.jpg,训练集/00189.jpg,train,有漂浮物,189,file_block_0001,filename_contiguous_block_provisional,4080,3060,4080,3060,e0b34db621cafcf4367a268a4caa7c7ee48a76436926233def8c5f13920f8839,c6e3c3a87c36b2f3,True,False,,True,,unreviewed
00190.jpg,训练集/00190.jpg,train,有漂浮物,190,file_block_0001,filename_contiguous_block_provisional,1706,1279,1706,1279,f29960cc14c0178ebe4dc6a62d7038a5c6b7a5078034766bfb29979a9b910817,b0e3ce0e39091921,True,False,,True,,unreviewed
00191.jpg,训练集/00191.jpg,train,有漂浮物,191,file_block_0001,filename_contiguous_block_provisional,1706,1279,1706,1279,ab687112ac2ddf2cc457b9e75e96f8d84faa06f2cb60f83329b8bd08ffdf4c69,0f9f0d088436262d,True,False,,True,,unreviewed
00192.jpg,训练集/00192.jpg,train,有漂浮物,192,file_block_0001,filename_contiguous_block_provisional,4080,3060,4080,3060,3e18780666ea81ea7699b31ec881155b5d046ebf2901b86ca9add5310a5660e2,feec78e0fcec36db,True,False,,True,,unreviewed
00193.jpg,训练集/00193.jpg,train,有漂浮物,193,file_block_0001,filename_contiguous_block_provisional,1706,1279,1706,1279,12735a753b5691ea531352db245a41e9e0940667290a81446ef240fea35adbb2,7850c43034f6f7bd,True,False,,True,,unreviewed
00194.jpg,训练集/00194.jpg,train,有漂浮物,194,file_block_0001,filename_contiguous_block_provisional,1706,1279,1706,1279,23339b43d5b87f7a6dc0a2423b1acda95d4a6cdfef42eac0821c8212d7e44d66,8f3c7e74fa6c7ff7,True,False,,True,,unreviewed
00195.jpg,训练集/00195.jpg,train,有漂浮物,195,file_block_0001,filename_contiguous_block_provisional,1706,1279,1706,1279,569af8ebabf817043e54d5ecf9eae636627287a404778ae2d56f8a8a20906897,3ec2c200423a38f9,True,False,,True,,unreviewed
00196.jpg,训练集/00196.jpg,train,有漂浮物,196,file_block_0001,filename_contiguous_block_provisional,4080,3060,4080,3060,27553de96a4237f82256fdc1af02e4f4817ae1d8bb4ea143cd71a8fddb9bba98,36763c00406e7b7b,True,False,,True,,unreviewed
00197.jpg,训练集/00197.jpg,train,有漂浮物,197,file_block_0001,filename_contiguous_block_provisional,4080,3060,4080,3060,b56ca1765af378dfd1380997b012b4de2aa6c2960a61b84ac80f420a80376c70,f40200406060389c,True,False,,True,,unreviewed
00198.jpg,训练集/00198.jpg,train,有漂浮物,198,file_block_0001,filename_contiguous_block_provisional,1706,1279,1706,1279,c624d64abad03ba7dbdc068d9eeacd7965f8ba6b81d57fa839df10f2505e8610,7304c8ce0f89ee8e,True,False,,True,,unreviewed
00199.jpg,训练集/00199.jpg,train,有漂浮物,199,file_block_0001,filename_contiguous_block_provisional,1279,1706,1279,1706,0695e980cc2dd22b60f7efda2dfa04baef46da9fcf5a731ca5f189b2ac21bfcb,000083a2283c3c3e,True,False,,True,,unreviewed
00200.jpg,训练集/00200.jpg,train,有漂浮物,200,file_block_0001,filename_contiguous_block_provisional,1706,1279,1706,1279,de254e54fe814c0cc6c6e3c7032edf204f925f716da168aa1270aad537ae0284,a726c4d8c1a08094,True,False,,True,,unreviewed
00201.jpg,训练集/00201.jpg,train,有漂浮物,201,file_block_0001,filename_contiguous_block_provisional,4080,3060,4080,3060,2ffd9f69b7576465407fc9e1fcc9af643b124731e79b448ff5104f6322d38eb4,e5e2bab8b0acec7f,True,False,,True,,unreviewed
00202.jpg,训练集/00202.jpg,train,有漂浮物,202,file_block_0001,filename_contiguous_block_provisional,1706,1279,1706,1279,a0f4f5b7ed037f3e580ae1f106cc0f332faf40019852543df1bc5d2d7747043a,cdcce2c2f68e8b2d,True,False,,True,,unreviewed
00203.jpg,训练集/00203.jpg,train,有漂浮物,203,file_block_0001,filename_contiguous_block_provisional,1706,1279,1706,1279,c17f2c368a9215091b69c868b3e7b876cf5e8267a58ae127699b0f61396590fa,12c8c08cac4c664f,True,False,,True,,unreviewed
00204.jpg,训练集/00204.jpg,train,有漂浮物,204,file_block_0001,filename_contiguous_block_provisional,4624,3468,4624,3468,d0a01777c8830ef0293e45d35004dd40973b3504574fc45dfd55c51056770882,d0c7c7c707240d87,True,False,,True,,unreviewed
00205.jpg,训练集/00205.jpg,train,有漂浮物,205,file_block_0001,filename_contiguous_block_provisional,4624,3468,4624,3468,da529b94b5c8c4121bc321f3f5f5760c53215142a39f8b8721d3b4714f1c54fd,e86860e35bc3e363,True,False,,True,,unreviewed
00206.jpg,训练集/00206.jpg,train,有漂浮物,206,file_block_0001,filename_contiguous_block_provisional,1706,1279,1706,1279,46dbfdbb99c77a86791a5b843827cc2f335e5aa68d2e8eb59d5cecffce0d6123,fafafafad8d96765,True,False,,True,,unreviewed
00207.jpg,训练集/00207.jpg,train,有漂浮物,207,file_block_0001,filename_contiguous_block_provisional,1706,1279,1706,1279,43092fabd400a090f899bf34130b8a7a72d400a181087b78b5be79c066f96adb,8e8c8e9273f1b8b8,True,False,,True,,unreviewed
00208.jpg,训练集/00208.jpg,train,有漂浮物,208,file_block_0001,filename_contiguous_block_provisional,1706,1279,1706,1279,a73fd35d45cbd2e7ca54224e72f4f0cc9f888848fdafa1e8af0260e46a5482ea,bffb9f9845095878,True,False,,True,,unreviewed
00209.jpg,训练集/00209.jpg,train,有漂浮物,209,file_block_0001,filename_contiguous_block_provisional,1706,1279,1706,1279,2429637f5bcf2edd7458731aaaeea18bd01bc76843d1333a09cf7ff9fdcc2505,e3b8ea72d3584562,True,False,,True,,unreviewed
00210.jpg,训练集/00210.jpg,train,有漂浮物,210,file_block_0001,filename_contiguous_block_provisional,1706,1279,1706,1279,854679cf1e543e8d68d6b55eb264b8384677a8186275007e262fa20b837ea769,7b8cbe9e9e5dc9cc,True,False,,True,,unreviewed
00211.jpg,训练集/00211.jpg,train,有漂浮物,211,file_block_0001,filename_contiguous_block_provisional,1706,1279,1706,1279,e5e57e9c77eaf4d0a81c3b511feb102581ebe01aff0125c31914ccd261006f0b,ff1f3d3a9f4d3970,True,False,,True,,unreviewed
00212.jpg,训练集/00212.jpg,train,有漂浮物,212,file_block_0001,filename_contiguous_block_provisional,3060,4080,3060,4080,b4ba708f93337121b2393bf7942cdb61d7156e346ff06fb47d65dcbfecc60067,fbfaf3d1d01060e0,True,False,,True,,unreviewed
00213.jpg,训练集/00213.jpg,train,有漂浮物,213,file_block_0001,filename_contiguous_block_provisional,1706,1279,1706,1279,282c0d2dfd72ea7bf6feb85ec6f1480fba85259f5f6ab3a056991dce351c90cf,0000809c7279787a,True,False,,True,,unreviewed
00214.jpg,训练集/00214.jpg,train,有漂浮物,214,file_block_0001,filename_contiguous_block_provisional,1706,1279,1706,1279,3ab292b90ff335085c5dbf79cc06073f72fb53c1ae0129975fb1182a1a6d423b,4fcf8da7f2b3a36b,True,False,,True,,unreviewed
00215.jpg,训练集/00215.jpg,train,有漂浮物,215,file_block_0001,filename_contiguous_block_provisional,1279,1706,1279,1706,64fec88713e026c1fc1897012274db967529c493ed6f339163e750089e7ca22f,8380f031c9c1c064,True,False,dup_0008,True,,unreviewed
00216.jpg,训练集/00216.jpg,train,有漂浮物,216,file_block_0001,filename_contiguous_block_provisional,1279,1706,1279,1706,64fec88713e026c1fc1897012274db967529c493ed6f339163e750089e7ca22f,8380f031c9c1c064,True,False,dup_0008,False,exact_duplicate_later,unreviewed
00217.jpg,训练集/00217.jpg,train,有漂浮物,217,file_block_0001,filename_contiguous_block_provisional,1706,1279,1706,1279,d081b6105f866f89c9e0bd763ed3c70a6a4000d8414324123b597366e385a1f3,3f7337e66ef6f9e9,True,False,,True,,unreviewed
00218.jpg,训练集/00218.jpg,train,有漂浮物,218,file_block_0001,filename_contiguous_block_provisional,1706,1279,1706,1279,fa2629e48da4c1adfdc80f04e3e6bc9e09cc13f8201cc28140c26aa59f539a27,c3c3cbc387a63632,True,False,,True,,unreviewed
00219.jpg,训练集/00219.jpg,train,有漂浮物,219,file_block_0001,filename_contiguous_block_provisional,4080,3060,4080,3060,13d6b53a9bd5b63c436eaa1da101f593bc13e2b6c11ae08d2ad414a3adbc785a,9ffff070381c1f11,True,False,,True,,unreviewed
00220.jpg,训练集/00220.jpg,train,有漂浮物,220,file_block_0001,filename_contiguous_block_provisional,1706,1279,1706,1279,3fee35887155ad8abe297298a0af7bf950ad924a4d4edf5071531184694e1d7c,6373fffd666a2228,True,False,,True,,unreviewed
00221.jpg,训练集/00221.jpg,train,有漂浮物,221,file_block_0001,filename_contiguous_block_provisional,1706,1279,1706,1279,08d7091db2f3fd8d2f0c824ed4d1b88049a06ae942a5b93b621b8a363891478b,01014103c3c060a4,True,False,,True,,unreviewed
00222.jpg,训练集/00222.jpg,train,有漂浮物,222,file_block_0001,filename_contiguous_block_provisional,1706,1279,1706,1279,46bfe475979122088479d1ef4f184aaf9549175e059cd97b69b9326702d3e947,1f1f87fbd1f4a727,True,False,,True,,unreviewed
00223.jpg,训练集/00223.jpg,train,有漂浮物,223,file_block_0001,filename_contiguous_block_provisional,1706,1279,1706,1279,27d42dd196fd0d025342b324c50edd2bc27ccca6b12b76e4358569dcadded8e6,57d7635b596f6f69,True,False,,True,,unreviewed
00224.jpg,训练集/00224.jpg,train,有漂浮物,224,file_block_0001,filename_contiguous_block_provisional,1706,1279,1706,1279,a21601d838812169a83faf5722fad2d9a249370b4502a0cb464a5f4d23208b2e,67ca4c6e2f23b3b6,True,False,,True,,unreviewed
00225.jpg,训练集/00225.jpg,train,有漂浮物,225,file_block_0001,filename_contiguous_block_provisional,1706,1279,1706,1279,05f8cc3980f8f61410214e553d6c9bb434f5be0d8a04c88715e21b712fc82061,000008ac8c28a0e0,True,False,,True,,unreviewed
00226.jpg,训练集/00226.jpg,train,有漂浮物,226,file_block_0001,filename_contiguous_block_provisional,1706,1279,1706,1279,7c73aeb5be5ec622d575007e01891a917cfc011303aaf251c44ce8c8b810a184,ccc8e9f6fabbd99b,True,False,,True,,unreviewed
00227.jpg,训练集/00227.jpg,train,有漂浮物,227,file_block_0001,filename_contiguous_block_provisional,4080,3060,4080,3060,ca1a88f41d64874779a12e9c0cab5a4675f6a4a45d16068eb289b84d55dde88a,5a72d39d3fbfb3b1,True,False,,True,,unreviewed
00228.jpg,训练集/00228.jpg,train,有漂浮物,228,file_block_0001,filename_contiguous_block_provisional,1706,1279,1706,1279,8e15e6303c206e220a94ba8e543c6f1cc2afb7a4ff5dce2f57107cde5ff677e1,7f7f7e7f7f474f6b,True,False,,True,,unreviewed
00229.jpg,训练集/00229.jpg,train,有漂浮物,229,file_block_0001,filename_contiguous_block_provisional,4080,3060,4080,3060,cd8e968adfaeaad2b6a46be159022843fd2f318b80f5b32cafa5124aed783e75,2f0f0f1934301888,True,False,,True,,unreviewed
00230.jpg,训练集/00230.jpg,train,有漂浮物,230,file_block_0001,filename_contiguous_block_provisional,4080,3060,4080,3060,7c1744b23f7a56e804697ca50a3039d02a9bbb6eda5c52c578f1b2b59e58b42b,99b98383c8b0bce6,True,False,,True,,unreviewed
00231.jpg,训练集/00231.jpg,train,有漂浮物,231,file_block_0001,filename_contiguous_block_provisional,4080,3060,4080,3060,4ed89ceb0d934b9ac4b43b4fad6545db2a0e211592a989bce0a8a6bd558b4650,ff2f5e5ccc3ffffe,True,False,,True,,unreviewed
00232.jpg,训练集/00232.jpg,train,有漂浮物,232,file_block_0001,filename_contiguous_block_provisional,4080,3060,4080,3060,73f6505351745535368e1400e219de73cfe6614b409e63a72b77cadd419259ef,a884c4c6c2c2e264,True,False,,True,,unreviewed
00233.jpg,训练集/00233.jpg,train,有漂浮物,233,file_block_0001,filename_contiguous_block_provisional,1706,1279,1706,1279,54e3e0dc830025e50dcb7d9bebe6970ee031a1d9b4e6f7949a2c0359f1c56700,fefafdbde8c0e0e0,True,False,,True,,unreviewed
00443.jpg,训练集/00443.jpg,train,有漂浮物,443,file_block_0004,filename_contiguous_block_provisional,1920,1080,1920,1080,de01dd333e6bdb2d1b5d93d17dfe295eaaf0246be7ba7d046e850e8a397a946e,0f0f1f1f0f17170f,True,False,,True,,unreviewed
00444.jpg,训练集/00444.jpg,train,有漂浮物,444,file_block_0004,filename_contiguous_block_provisional,1920,1080,1920,1080,f6e9d3c65637aa876faadd3ec80313575f2c3e67a160ebe2d74997a8ec789f53,070f1f1f06161707,True,False,,True,,unreviewed
00445.jpg,训练集/00445.jpg,train,有漂浮物,445,file_block_0004,filename_contiguous_block_provisional,1920,1080,1920,1080,3ac72a484cf902ca415a5569323fe487b5313bbaf34f331adf863a2a337d657c,0f0f1f1f0e161617,True,False,,True,,unreviewed
00446.jpg,训练集/00446.jpg,train,有漂浮物,446,file_block_0004,filename_contiguous_block_provisional,1920,1080,1920,1080,1e8e870a9ce24649461868ff884686e896fec510997bbd8e605b0eecb274797f,0f0f1f1f0f17170f,True,False,,True,,unreviewed
00447.jpg,训练集/00447.jpg,train,有漂浮物,447,file_block_0004,filename_contiguous_block_provisional,1920,1080,1920,1080,5707b6bf5f0cbd405e8873c94ea0d4933ec5f4a29c6e1d42779655962ba12739,2f0f1f1f0f1f1f0f,True,False,,True,,unreviewed
00448.jpg,训练集/00448.jpg,train,有漂浮物,448,file_block_0004,filename_contiguous_block_provisional,1920,1080,1920,1080,efe54fa9ecfe9071f15dcabf15347c1f78e6cc5144663fd8e11624dc5179398b,2f0f0f1f0f17170f,True,False,,True,,unreviewed
00449.jpg,训练集/00449.jpg,train,有漂浮物,449,file_block_0004,filename_contiguous_block_provisional,1920,1080,1920,1080,c8b52b73746672a06a635668f7f4f1e330ce8603c64effad4a2cedf94ce6439d,2f0f1f1f0f17170f,True,False,,True,,unreviewed
00450.jpg,训练集/00450.jpg,train,有漂浮物,450,file_block_0004,filename_contiguous_block_provisional,1920,1080,1920,1080,dce44ba5351136b96d7aaf9048062d2d73fae70b69d962899b5a66b4f301b8df,2f1f0f1f0f17070f,True,False,,True,,unreviewed
00451.jpg,训练集/00451.jpg,train,有漂浮物,451,file_block_0004,filename_contiguous_block_provisional,1920,1080,1920,1080,7c2e720b5b26c3cfe333967d43fb2e5eee7c65170b317d26b996a8d658ae45f5,2f0f1f1f0f17170f,True,False,,True,,unreviewed
00452.jpg,训练集/00452.jpg,train,有漂浮物,452,file_block_0004,filename_contiguous_block_provisional,1920,1080,1920,1080,3359433d3e6d176c793630b00e128c63f3b84a5af09bd2d10abbb9acaa7aaab6,270f1f1f0f17170f,True,False,,True,,unreviewed
00453.jpg,训练集/00453.jpg,train,有漂浮物,453,file_block_0004,filename_contiguous_block_provisional,1920,1080,1920,1080,bd84d036d1763567f03f9fa5da60e40bf49fb82af66537a654d0107a57d15dfa,0f1f0f0f0f0f0f07,True,False,,True,,unreviewed
00454.jpg,训练集/00454.jpg,train,有漂浮物,454,file_block_0004,filename_contiguous_block_provisional,1920,1080,1920,1080,0aada4603357bb409866bb92cc8417debb56c65e9aa9118460596ef574fb2fdd,0f1f0f0f0f0f0f0f,True,False,,True,,unreviewed
00455.jpg,训练集/00455.jpg,train,有漂浮物,455,file_block_0004,filename_contiguous_block_provisional,1920,1080,1920,1080,7d496f1eb70a2bba2f36dfcbdbc6a750fb898d3529bde1f44026db850b7641dc,0f1f0f1f1f1f1f0f,True,False,,True,,unreviewed
00456.jpg,训练集/00456.jpg,train,有漂浮物,456,file_block_0004,filename_contiguous_block_provisional,1920,1080,1920,1080,e78fa40021a72268f1e2e87e3682654c295605c9edfeb8818c1cfdd04cdb56c6,3f1f0f1f1f17170f,True,False,,True,,unreviewed
00457.jpg,训练集/00457.jpg,train,有漂浮物,457,file_block_0004,filename_contiguous_block_provisional,1920,1080,1920,1080,df3d3f86549a62c15afd1b9c92281ba2a23c5c0d845707cd732f9e63ba37a65a,1f1f0f1f17171f0f,True,False,,True,,unreviewed
00458.jpg,训练集/00458.jpg,train,有漂浮物,458,file_block_0004,filename_contiguous_block_provisional,1920,1080,1920,1080,5a5b2c9655decc242e418e61d6d0068e9c48164d33fe08ad3258d87268eaf35f,0f1f0f0f1f1f170f,True,False,,True,,unreviewed
00459.jpg,训练集/00459.jpg,train,有漂浮物,459,file_block_0004,filename_contiguous_block_provisional,1920,1080,1920,1080,e46fb3a702a6993f3a4cfeb423493ad807516857dc2db8d30855d60467d86dfb,0f1f0f1f17170f0f,True,False,,True,,unreviewed
00460.jpg,训练集/00460.jpg,train,有漂浮物,460,file_block_0004,filename_contiguous_block_provisional,1920,1080,1920,1080,6aaacea76d69e5e835f08662435210f3c19bb150847775da9ed6ee2a4b229243,0f1f0f1f1f17170f,True,False,,True,,unreviewed
00461.jpg,训练集/00461.jpg,train,有漂浮物,461,file_block_0004,filename_contiguous_block_provisional,1920,1080,1920,1080,b9184610995fc7d8eb41e7c50da0d3eee8ad371c3d3a0e3a4f0de79fad28601f,0f1f0f0f1717170f,True,False,,True,,unreviewed
00462.jpg,训练集/00462.jpg,train,有漂浮物,462,file_block_0004,filename_contiguous_block_provisional,1920,1080,1920,1080,0399fa4140b7f4520f9edc185c5d1cd3345c2ceea911ea167c1836fdcc7ee5f3,3f170f1f1717170f,True,False,,True,,unreviewed
00463.jpg,训练集/00463.jpg,train,有漂浮物,463,file_block_0004,filename_contiguous_block_provisional,1920,1080,1920,1080,109c504d7c37d8589b16ef7037c4b795e4f51211a5e36244f4f86685b0a5e825,2f1f0f1f1717170f,True,False,,True,,unreviewed
00464.jpg,训练集/00464.jpg,train,有漂浮物,464,file_block_0004,filename_contiguous_block_provisional,1920,1080,1920,1080,5a71272cbb46e9fcf7f99d2560bb9909dccd9e57b80509654213fdb37c73e773,2f1f0f1f1f17170f,True,False,,True,,unreviewed
00465.jpg,训练集/00465.jpg,train,有漂浮物,465,file_block_0004,filename_contiguous_block_provisional,1920,1080,1920,1080,43b7212db8eb3a109e51801cb98d29c44349da140b68fe36597421f0626b63f4,1f1f0f1f0f17170f,True,False,,True,,unreviewed
00466.jpg,训练集/00466.jpg,train,有漂浮物,466,file_block_0004,filename_contiguous_block_provisional,1920,1080,1920,1080,58b5671be1405cd8452ea532785c8b4a7777310c1e3a9f1a41673dac80bcd272,0f1f0f1f0f17070f,True,False,,True,,unreviewed
00467.jpg,训练集/00467.jpg,train,有漂浮物,467,file_block_0004,filename_contiguous_block_provisional,1920,1080,1920,1080,f59628b866e874d7bcff9f9388b6018b71374bf23bae2e4cd1fbe4ba8ace4643,0f1f0f1f1f17170f,True,False,,True,,unreviewed
00468.jpg,训练集/00468.jpg,train,有漂浮物,468,file_block_0004,filename_contiguous_block_provisional,1920,1080,1920,1080,5312d11e9c60bed2ab7f00ffe601ae7405605db51526ed0d891925dd882afd19,0f1f0f1f1917170f,True,False,,True,,unreviewed
00469.jpg,训练集/00469.jpg,train,有漂浮物,469,file_block_0004,filename_contiguous_block_provisional,1920,1080,1920,1080,c2527a2b830b0a942a0d3b26d8f5b5040ca36f627a35fd2de21a4cd799730710,050f0f0f0717170f,True,False,,True,,unreviewed
00470.jpg,训练集/00470.jpg,train,有漂浮物,470,file_block_0004,filename_contiguous_block_provisional,1920,1080,1920,1080,5e4c02b94418328760601def26bb5daa6b761d265c415f08cc17f7c3e733f3d5,251f0f1f0f17170f,True,False,,True,,unreviewed
00471.jpg,训练集/00471.jpg,train,有漂浮物,471,file_block_0004,filename_contiguous_block_provisional,1920,1080,1920,1080,ef29eb0802c36b6620b74c6fc8b26545d06f91793680522264707e714c97be71,270f1f1f0717170f,True,False,,True,,unreviewed
00472.jpg,训练集/00472.jpg,train,有漂浮物,472,file_block_0004,filename_contiguous_block_provisional,1920,1080,1920,1080,8e6fe5b012ddcb4820b0f68cc1296aa6909e825a91ebcee610d26a6f016d220d,2f0f0f1f1f17170f,True,False,,True,,unreviewed
00473.jpg,训练集/00473.jpg,train,有漂浮物,473,file_block_0004,filename_contiguous_block_provisional,1920,1080,1920,1080,f68ad9fa8df9582321e8e06ec68e530350dea2e1e572b0ceb6bffb7dbd71d07f,2f0f0f1f0f17070f,True,False,,True,,unreviewed
00474.jpg,训练集/00474.jpg,train,有漂浮物,474,file_block_0004,filename_contiguous_block_provisional,1920,1080,1920,1080,b11313f13a5be5c0ad40b4ddc50a4729ac231826f4a91174946079acc73c5d0e,2f0f1f1f0717170f,True,False,,True,,unreviewed
00475.jpg,训练集/00475.jpg,train,有漂浮物,475,file_block_0004,filename_contiguous_block_provisional,1920,1080,1920,1080,a11bd157f03c98e3e4b81e32e2cc3efaed3a28d3daf3ad742d9728cab67f0859,3f3f0f0f0f16160f,True,False,,True,,unreviewed
00476.jpg,训练集/00476.jpg,train,有漂浮物,476,file_block_0004,filename_contiguous_block_provisional,1920,1080,1920,1080,1a7706a8fad759963c73304ead6d6787907e410619fc9e1c08ac3a0c098bd046,270f0f1f1f17060f,True,False,,True,,unreviewed
00477.jpg,训练集/00477.jpg,train,有漂浮物,477,file_block_0004,filename_contiguous_block_provisional,1920,1080,1920,1080,3657592d15d1e2b5dcb8faf25415bd7b96ff04e7af5781f2b2e9c9d057d2cad5,373f0f1f0e16060b,True,False,,True,,unreviewed
00478.jpg,训练集/00478.jpg,train,有漂浮物,478,file_block_0004,filename_contiguous_block_provisional,1920,1080,1920,1080,0eb2ee0679c23d19e794052bf2d6331edd3c123fc3b57f872e25e542f1bcc224,3f3f0f0f0f17170f,True,False,,True,,unreviewed
00479.jpg,训练集/00479.jpg,train,有漂浮物,479,file_block_0004,filename_contiguous_block_provisional,1920,1080,1920,1080,674395f5bd48f6b5f9d2a061faea68c992a33d51bc53ccba0ee1ed1a63b91cde,272f0f1f0f171703,True,False,,True,,unreviewed
00480.jpg,训练集/00480.jpg,train,有漂浮物,480,file_block_0004,filename_contiguous_block_provisional,1920,1080,1920,1080,c58638a0631b659c8c841aeb25ca5d44229948fc6c7ba4afca9f8f6df2a0d714,270f1f1f0717170f,True,False,,True,,unreviewed
00481.jpg,训练集/00481.jpg,train,有漂浮物,481,file_block_0004,filename_contiguous_block_provisional,1920,1080,1920,1080,e44d16676b648c7d4df3e1f7737ddb4facb665e7c6cb36a7d0cd28d89cb53839,2f0f0f1f17171f0f,True,False,,True,,unreviewed
00482.jpg,训练集/00482.jpg,train,有漂浮物,482,file_block_0004,filename_contiguous_block_provisional,1920,1080,1920,1080,210f6582d00b43c5b0429dfef55001bdf4918c1d0ddb0051700ad647e8a26119,270f0f1f0717170f,True,False,,True,,unreviewed
00483.jpg,训练集/00483.jpg,train,有漂浮物,483,file_block_0004,filename_contiguous_block_provisional,1920,1080,1920,1080,b4e234f107127e4342248eb9984c36432cf22b34d684b25db664f43acbf058fb,270f1f1f1f17170f,True,False,,True,,unreviewed
00484.jpg,训练集/00484.jpg,train,有漂浮物,484,file_block_0004,filename_contiguous_block_provisional,1920,1080,1920,1080,f3598cecfd1f79c2280f9f36f448ee098a693193cdd7432becc883ef44c20b2a,2f1f0f1f1f1e1f0f,True,False,,True,,unreviewed
00485.jpg,训练集/00485.jpg,train,有漂浮物,485,file_block_0004,filename_contiguous_block_provisional,1920,1080,1920,1080,ddf018e1d1e841634d3abbd8648162dbfce300deabb9e38776dafc75a8bf1be8,050f1f1f0717170f,True,False,,True,,unreviewed
00486.jpg,训练集/00486.jpg,train,有漂浮物,486,file_block_0004,filename_contiguous_block_provisional,1920,1080,1920,1080,616bc6090f1f8af714141485e30adea0f7a5276909102c77af032687295f5e0e,050f1f1f0717170f,True,False,,True,,unreviewed
00487.jpg,训练集/00487.jpg,train,有漂浮物,487,file_block_0004,filename_contiguous_block_provisional,1920,1080,1920,1080,3467f99dae85dbab810911e464ee14b2b383b70b4a1415f8e3e23d25d6ae6d89,050f1f0f0717170e,True,False,,True,,unreviewed
00488.jpg,训练集/00488.jpg,train,有漂浮物,488,file_block_0004,filename_contiguous_block_provisional,1920,1080,1920,1080,8a49cf097f9a984acfc199db33880f343c73d3743978be01d7d00219ed8dde6c,050f0f0f0f17170f,True,False,,True,,unreviewed
00489.jpg,训练集/00489.jpg,train,有漂浮物,489,file_block_0004,filename_contiguous_block_provisional,1920,1080,1920,1080,1d25a6ea3911811f07a6550b73e8c1f18f4fe60b40b69982f1d145c1667c49c4,2d1f8f0f0f170f1f,True,False,,True,,unreviewed
00490.jpg,训练集/00490.jpg,train,有漂浮物,490,file_block_0004,filename_contiguous_block_provisional,1920,1080,1920,1080,7d8aaf882f40b8165e867549f939de434e35bb36d7947f080094effa2c7cd2bb,2d1f070f0f171f0b,True,False,,True,,unreviewed
00491.jpg,训练集/00491.jpg,train,有漂浮物,491,file_block_0004,filename_contiguous_block_provisional,1920,1080,1920,1080,017f0338dc89c332f5427fa77c1d28049e10042bbf0524d383bad2b4d4da4ed1,3d1f0f0f0f170f0b,True,False,,True,,unreviewed
00492.jpg,训练集/00492.jpg,train,有漂浮物,492,file_block_0004,filename_contiguous_block_provisional,1920,1080,1920,1080,3a2d854b0d4efddd3e390b3a8112ec71ac45b103e07d9cdf55ce4bdba55942af,3f1f0f1f17171f0f,True,False,,True,,unreviewed
00493.jpg,训练集/00493.jpg,train,有漂浮物,493,file_block_0004,filename_contiguous_block_provisional,1920,1080,1920,1080,a261e47f0e632ab46281267e28296eafc5b4826ab224e36b466f72b7344ab45e,3f1f0f1f1f17170f,True,False,,True,,unreviewed
00494.jpg,训练集/00494.jpg,train,有漂浮物,494,file_block_0004,filename_contiguous_block_provisional,1920,1080,1920,1080,f5d229ba91ec60bc0fe0bf8f01bfe6e89e18f93e97473b9bdcb334af94911c61,30601c1f0f071337,True,False,,True,,unreviewed
00495.jpg,训练集/00495.jpg,train,有漂浮物,495,file_block_0004,filename_contiguous_block_provisional,1280,960,1280,960,45e33935e95a02e65ec64eb51ae72ed2124e5bd21f4fc19d7eb5a36de4d73ccd,3e6f1f0f0707074f,True,False,,True,,unreviewed
00496.jpg,训练集/00496.jpg,train,有漂浮物,496,file_block_0004,filename_contiguous_block_provisional,1920,1080,1920,1080,0b066c09b1b19b0096927c202f325cbf8e0b326d278e6ad2cbc41f942fab9346,838383c141012393,True,False,,True,,unreviewed
00497.jpg,训练集/00497.jpg,train,有漂浮物,497,file_block_0004,filename_contiguous_block_provisional,2560,1440,2560,1440,d71ddfc298d56ae3ca603e9c8c22756e500a40e2ed8a11235b110c7dbec407d7,0601030301002101,True,False,,True,,unreviewed
00498.jpg,训练集/00498.jpg,train,有漂浮物,498,file_block_0004,filename_contiguous_block_provisional,2560,1440,2560,1440,6d9a25a7763400ee4aeeb896d06cf8873630c56a7e99a3e5c895d2c499b6c417,030303131b0ccfc7,True,False,,True,,unreviewed
00499.jpg,训练集/00499.jpg,train,有漂浮物,499,file_block_0004,filename_contiguous_block_provisional,1920,1080,1920,1080,9a22c7aeebf4fbbf13e39ceb6c79392f20fa1f1f30d2bf207ac52aa398e72396,8101036141000181,True,False,,True,,unreviewed
00500.jpg,训练集/00500.jpg,train,有漂浮物,500,file_block_0004,filename_contiguous_block_provisional,2560,1440,2560,1440,5ac2549a7b0dbb8ba2b3bf44b020631aa22f76f9f3ed5514b93f27d1721c5507,0f07430d0d1d8f8f,True,False,,True,,unreviewed
00501.jpg,训练集/00501.jpg,train,有漂浮物,501,file_block_0004,filename_contiguous_block_provisional,2560,1440,2560,1440,2e3cea7972e1ca613fdc07ce701be5048b4096b43c76f19b3ad29a5c3c6f4543,0f07030000808081,True,False,,True,,unreviewed
00502.jpg,训练集/00502.jpg,train,有漂浮物,502,file_block_0004,filename_contiguous_block_provisional,2560,1440,2560,1440,7814244a4d08af375ba47fa52ab7938c140ac94421e6b226a44713f0b56a15ef,0f07050206878c8e,True,False,,True,,unreviewed
00503.jpg,训练集/00503.jpg,train,有漂浮物,503,file_block_0004,filename_contiguous_block_provisional,2560,1440,2560,1440,a811feab5e12999f8d20cdeff87ed51b31aa3c796c9df90a3b15eb2fbf09d17c,070743414020928a,True,False,,True,,unreviewed
00504.jpg,训练集/00504.jpg,train,有漂浮物,504,file_block_0004,filename_contiguous_block_provisional,2560,1440,2560,1440,13353cb270fd788ad066ade13a42d699cb05e01765cdc90105c4d480c29f983f,07070703038f8fe3,True,False,,True,,unreviewed
00505.jpg,训练集/00505.jpg,train,有漂浮物,505,file_block_0004,filename_contiguous_block_provisional,2560,1440,2560,1440,37a204fae13f9f428b300a802a20141d3803b8df3ebc536d151606fcd4002ea4,0f070789888486c3,True,False,,True,,unreviewed
00506.jpg,训练集/00506.jpg,train,有漂浮物,506,file_block_0004,filename_contiguous_block_provisional,2560,1440,2560,1440,18398d1553379c57f0fa1e2a8359b404a998dadc3d13db9f85c59840886a061e,0f07050c18899999,True,False,,True,,unreviewed
00507.jpg,训练集/00507.jpg,train,有漂浮物,507,file_block_0004,filename_contiguous_block_provisional,2560,1440,2560,1440,0f71c1c1f0653ff52de3226ef0842daf05cd30b1595782425a801f369b762de0,0f0f0f0d0c0c0e8f,True,False,,True,,unreviewed
00508.jpg,训练集/00508.jpg,train,有漂浮物,508,file_block_0004,filename_contiguous_block_provisional,2560,1440,2560,1440,cbc4cd7185c0fc8ac87a3d64f41dd382318e265b37d7c3dd9df11a80b948efa8,0f07070f1e1f1f4f,True,False,,True,,unreviewed
00509.jpg,训练集/00509.jpg,train,有漂浮物,509,file_block_0004,filename_contiguous_block_provisional,2560,1440,2560,1440,c6460c578cb4ab12e8af18267d83f912ca902d11f72e6a195a87cee387ca4a34,0f0f070f0e0f0797,True,False,,True,,unreviewed
00510.jpg,训练集/00510.jpg,train,有漂浮物,510,file_block_0004,filename_contiguous_block_provisional,2560,1440,2560,1440,8b8cd713d6aa81f8b47971123e1f4c9e5ed4721a9f2dfe286dfc34771a49fb49,0f0f0f1c1e3f3f5f,True,False,,True,,unreviewed
00511.jpg,训练集/00511.jpg,train,有漂浮物,511,file_block_0004,filename_contiguous_block_provisional,2560,1440,2560,1440,3026f5c7eed1641a4206d7e899239f7d5a87fe3c0acb42ddfce9d07e8a5086a4,0f0f4f4f0f2f2f5f,True,False,,True,,unreviewed
00512.jpg,训练集/00512.jpg,train,有漂浮物,512,file_block_0004,filename_contiguous_block_provisional,2560,1440,2560,1440,65cec10cad7a4763b9f998876fd5f83a1dcbea1c6f7211c874c45b1b3d39fa7c,0f07070d0e0e2b9b,True,False,,True,,unreviewed
00513.jpg,训练集/00513.jpg,train,有漂浮物,513,file_block_0004,filename_contiguous_block_provisional,2560,1440,2560,1440,c12ec9ed771abdf684f0f71fb6dbfb1462f29cf150426566ffba4361aa4c8446,0f0f0f0f0b0b0783,True,False,,True,,unreviewed
00514.jpg,训练集/00514.jpg,train,有漂浮物,514,file_block_0004,filename_contiguous_block_provisional,2560,1440,2560,1440,9c54633f72d54d49371ad0ac770089d69a1fbe54eb06d13c3652517177aade42,0f07070f0f070787,True,False,,True,,unreviewed
00515.jpg,训练集/00515.jpg,train,有漂浮物,515,file_block_0004,filename_contiguous_block_provisional,2560,1440,2560,1440,04a26e30330eea0aa13ca4e8bb5335d2ad0152acdcdcb3596d9d57525a664dd2,0f0f0f4f4f0f070f,True,False,,True,,unreviewed
00516.jpg,训练集/00516.jpg,train,有漂浮物,516,file_block_0004,filename_contiguous_block_provisional,2560,1440,2560,1440,3b3bb5bce9359d69c97c60fea8e054b45e1a84ec8ce05923b379510e06e1e7a7,0f07074a182c0f87,True,False,,True,,unreviewed
00517.jpg,训练集/00517.jpg,train,有漂浮物,517,file_block_0004,filename_contiguous_block_provisional,2560,1440,2560,1440,365c2273a7d2c7e4d952e7b3167daf0c8a8f16fe4310a87ed3555e4cf43d3f0e,0f0f470684818382,True,False,,True,,unreviewed
00518.jpg,训练集/00518.jpg,train,有漂浮物,518,file_block_0004,filename_contiguous_block_provisional,2560,1440,2560,1440,6d11d5dd3211b33a7ff16d4d85cd85f169eb01ea16b67c9727902488bed969e7,0f0313090c0f0f0b,True,False,,True,,unreviewed
00519.jpg,训练集/00519.jpg,train,有漂浮物,519,file_block_0004,filename_contiguous_block_provisional,2560,1440,2560,1440,c14ef9a1c359775f405dc56dbb0e3985d8216c9a6dd6bf1f9b4203af2a6f26b1,0f0f5fdf7f7f7c7e,True,False,,True,,unreviewed
00520.jpg,训练集/00520.jpg,train,有漂浮物,520,file_block_0004,filename_contiguous_block_provisional,2560,1440,2560,1440,37aac91c2d53e3648faa1f2852f7f175daaf6f35e6ec34f6d332ef924ef163ae,0f0b0908048381c0,True,False,,True,,unreviewed
00521.jpg,训练集/00521.jpg,train,有漂浮物,521,file_block_0004,filename_contiguous_block_provisional,2592,1944,2592,1944,5198b797083dfdafc552a8c200a2d54ddca47f565d8ce2c42ab1c100ce8d2441,041e131f0f050f27,True,False,,True,,unreviewed
00522.jpg,训练集/00522.jpg,train,有漂浮物,522,file_block_0004,filename_contiguous_block_provisional,2592,1944,2592,1944,0cbfa78f75d05682d6129cfd99f638b689b64d9c78c5f4f45045962d7890522a,1c1c1f1f0d050f07,True,False,,True,,unreviewed
00523.jpg,训练集/00523.jpg,train,有漂浮物,523,file_block_0004,filename_contiguous_block_provisional,1920,1080,1920,1080,4e2880099b21ee64605e38cf5e4e0350273e67fa603c067d76f5e762bcf0fde2,3f3fbf1e1e1c75b9,True,False,,True,,unreviewed
00524.jpg,训练集/00524.jpg,train,有漂浮物,524,file_block_0004,filename_contiguous_block_provisional,1920,1080,1920,1080,bde150c3a950a7188efb90cea1313ae0489cc988630af5ad4cb7a0c923c77df4,c38381c1c74767bf,True,False,,True,,unreviewed
00525.jpg,训练集/00525.jpg,train,有漂浮物,525,file_block_0004,filename_contiguous_block_provisional,1920,1080,1920,1080,a29fc01657bd26b1ae4b250d05b1cfe32a204950865ed3d636ee921861d77e70,87070f19d3c31333,True,False,,True,,unreviewed
00526.jpg,训练集/00526.jpg,train,有漂浮物,526,file_block_0004,filename_contiguous_block_provisional,1920,1080,1920,1080,fc77a6160db3dda2970dab284bdc47e36b2720518be138c50ed754801866ca61,2f070d0d0b1b1333,True,False,,True,,unreviewed
00527.jpg,训练集/00527.jpg,train,有漂浮物,527,file_block_0004,filename_contiguous_block_provisional,1920,1080,1920,1080,7a7db1b4834565e19f49933d603ce6ca1a2e08033184372868159076f51be4e6,e7c70d0103233333,True,False,,True,,unreviewed
00528.jpg,训练集/00528.jpg,train,有漂浮物,528,file_block_0004,filename_contiguous_block_provisional,1920,1080,1920,1080,ebe35802b9d84cc9b36f646342d2ef6272192df5833ac1669cad82bb6b02a69f,2f479d090bc37333,True,False,,True,,unreviewed
00529.jpg,训练集/00529.jpg,train,有漂浮物,529,file_block_0004,filename_contiguous_block_provisional,1920,1080,1920,1080,fe74f1a634ddad7bb3e02d21bbddc6fed2e421ea5d644be651f73af846e690b0,2d654d4d09893933,True,False,,True,,unreviewed
00530.jpg,训练集/00530.jpg,train,有漂浮物,530,file_block_0004,filename_contiguous_block_provisional,1920,1080,1920,1080,448eaf7c9a5a1d4f9a8840941f91067b939a63f8e3850ae2250b1cd1572a6371,2b654d0d09893b33,True,False,,True,,unreviewed
00531.jpg,训练集/00531.jpg,train,有漂浮物,531,file_block_0004,filename_contiguous_block_provisional,1920,1080,1920,1080,398859d2869128c96b6f29bebeed1f6f6202a8de633760dec97e220e04e17524,6f654d0d09893333,True,False,,True,,unreviewed
00532.jpg,训练集/00532.jpg,train,有漂浮物,532,file_block_0004,filename_contiguous_block_provisional,1920,1080,1920,1080,1bd96b84a1299ebe5976c02904ed357052f22b8339e080586e043ec0026319ca,6f650d0d09893333,True,False,,True,,unreviewed
00533.jpg,训练集/00533.jpg,train,有漂浮物,533,file_block_0004,filename_contiguous_block_provisional,1920,1080,1920,1080,1e57495cd7dfa445a612345302d4b77e404e7d8678c69ca5614c43450b41b226,6f450d0d09893333,True,False,,True,,unreviewed
00534.jpg,训练集/00534.jpg,train,有漂浮物,534,file_block_0004,filename_contiguous_block_provisional,1920,1080,1920,1080,43c0c4f27a89318a6333cbb977460b58c192756005855b03588f560c43f804c1,6f450d0d09893333,True,False,,True,,unreviewed
00535.jpg,训练集/00535.jpg,train,有漂浮物,535,file_block_0004,filename_contiguous_block_provisional,1920,1080,1920,1080,7c502f8c2dea0c572f86163e8799ae637eccddd43724fdca2615217fd10c5844,6f47050d191b1333,True,False,,True,,unreviewed
00536.jpg,训练集/00536.jpg,train,有漂浮物,536,file_block_0004,filename_contiguous_block_provisional,1920,1080,1920,1080,2b6b1e87445a54646def0b90242618b5ffbcb51668ccb836bbb0dd2eac0ad34d,2f47050909933333,True,False,,True,,unreviewed
00537.jpg,训练集/00537.jpg,train,有漂浮物,537,file_block_0004,filename_contiguous_block_provisional,1920,1080,1920,1080,c8b3ab35a10261ebc3ebfeab376e6880cfa9323aa782a3f623924d5c6016d65d,a7070f8fcdd95333,True,False,,True,,unreviewed
00538.jpg,训练集/00538.jpg,train,有漂浮物,538,file_block_0004,filename_contiguous_block_provisional,1920,1080,1920,1080,990f261a6e817f86c4d5e6cd626234745928c9cf72cc8e41d37e5992f7e48f82,87060f0f0d897333,True,False,,True,,unreviewed
00539.jpg,训练集/00539.jpg,train,有漂浮物,539,file_block_0004,filename_contiguous_block_provisional,1920,1080,1920,1080,44f31dd43e20b8e4eb97b9b4111ee1b6acb43e4df5f15ee1d4f879fb60f3c9e6,af070f0f0dd93333,True,False,,True,,unreviewed
00540.jpg,训练集/00540.jpg,train,有漂浮物,540,file_block_0004,filename_contiguous_block_provisional,1920,1080,1920,1080,bfa0678e79d84e4f791c4da2880d010f3d9d6bac8c0d5e4207bc11b46c420d9e,a7070f0f0d993333,True,False,,True,,unreviewed
00541.jpg,训练集/00541.jpg,train,有漂浮物,541,file_block_0004,filename_contiguous_block_provisional,1920,1080,1920,1080,a75925ad3f5dbc67d4b265bc0647f689a9906368035d282dbd994f2879c59893,a7070f0d09993333,True,False,,True,,unreviewed
00542.jpg,训练集/00542.jpg,train,有漂浮物,542,file_block_0004,filename_contiguous_block_provisional,1920,1080,1920,1080,30f8fc892b9a1b6ea399c9f092f14539a9865b3dddf6164b3bcfc0137584cb1e,2706190b8bc33133,True,False,,True,,unreviewed
00543.jpg,训练集/00543.jpg,train,有漂浮物,543,file_block_0004,filename_contiguous_block_provisional,1920,1080,1920,1080,1486bab82c9afc296c5f0fd63d90b44841d4daf4cf0b04be72c8042579eeaae4,2706190b83c37133,True,False,,True,,unreviewed
00544.jpg,训练集/00544.jpg,train,有漂浮物,544,file_block_0004,filename_contiguous_block_provisional,1920,1080,1920,1080,bc2267fc4479a9e167c083092298abe509b2bf6926779e0bf9ab47d6eb942536,2706190b03c3f133,True,False,,True,,unreviewed
00545.jpg,训练集/00545.jpg,train,有漂浮物,545,file_block_0004,filename_contiguous_block_provisional,1920,1080,1920,1080,32c685e546a1c0ea83ee0642d6848cd00e93b89fdbd411309e54c1311dbf47b2,6f478d0941cbd333,True,False,,True,,unreviewed
00546.jpg,训练集/00546.jpg,train,有漂浮物,546,file_block_0004,filename_contiguous_block_provisional,1920,1080,1920,1080,75e1cac817db3d96d3fff6a82393b9b9aec9b258d3b92eac2007265761d7555b,67478d89898b1313,True,False,,True,,unreviewed
00547.jpg,训练集/00547.jpg,train,有漂浮物,547,file_block_0004,filename_contiguous_block_provisional,1920,1080,1920,1080,e61955aaec8cb5143a3fe521bbe2d6d6cda7cee4fe593829a18a2ee43b28893b,27070d0981c3e333,True,False,,True,,unreviewed
00548.jpg,训练集/00548.jpg,train,有漂浮物,548,file_block_0004,filename_contiguous_block_provisional,1920,1080,1920,1080,e33cf5826eadd3a96fc03ee8c0d4d00a16c964fd291c03be64f6d61f85f73b62,a7070d1901c36333,True,False,,True,,unreviewed
00549.jpg,训练集/00549.jpg,train,有漂浮物,549,file_block_0004,filename_contiguous_block_provisional,1920,1080,1920,1080,14fce30cfe2a95ca7da642090e5cf0daaadf2c55b91a0140f5e954a57a132268,27060d0903c1f333,True,False,,True,,unreviewed
00550.jpg,训练集/00550.jpg,train,有漂浮物,550,file_block_0004,filename_contiguous_block_provisional,1920,1080,1920,1080,5a03fa8ca9af499c2a9d7a0de6817c91cf7a6629a765509e0984af09e3aa3fd9,a706190b03c3c313,True,False,,True,,unreviewed
00551.jpg,训练集/00551.jpg,train,有漂浮物,551,file_block_0004,filename_contiguous_block_provisional,1920,1080,1920,1080,743521940193bb1d6d17eb28f4e9a4c5ee3f46192ae8af40ebc4d6802df31422,2f470d0901ebf333,True,False,,True,,unreviewed
00552.jpg,训练集/00552.jpg,train,有漂浮物,552,file_block_0004,filename_contiguous_block_provisional,1920,1080,1920,1080,06414786d007423431db22cd35e08ab65803bd3bcf9b83e8800175428368356d,ef470d0941cbd333,True,False,,True,,unreviewed
00553.jpg,训练集/00553.jpg,train,有漂浮物,553,file_block_0004,filename_contiguous_block_provisional,1920,1080,1920,1080,d5a9867f415fd05fc3d9c39fef25958ed4459b9a54d0dfa0c354972b40ec6195,fbc7cf5f0f878583,True,False,,True,,unreviewed
00554.jpg,训练集/00554.jpg,train,有漂浮物,554,file_block_0004,filename_contiguous_block_provisional,1920,1080,1920,1080,a4a59a4b598dc237700f46599c7c7011fe684bb950bc3d6e43c4320867419eba,fbc7df5b0f878783,True,False,,True,,unreviewed
00555.jpg,训练集/00555.jpg,train,有漂浮物,555,file_block_0004,filename_contiguous_block_provisional,1920,1080,1920,1080,7f398c1c47042f1ed4f8967b500a339ef3626180d7b69c60537e153043df6e65,fbc7cf7f1f8f8787,True,False,,True,,unreviewed
00556.jpg,训练集/00556.jpg,train,有漂浮物,556,file_block_0004,filename_contiguous_block_provisional,1920,1080,1920,1080,accf9f41a5b44f507b7150329dde1778ea6e8344420b9ae3e8d3ae00290ec653,fbbf4f5f0f878783,True,False,,True,,unreviewed
00557.jpg,训练集/00557.jpg,train,有漂浮物,557,file_block_0004,filename_contiguous_block_provisional,1920,1080,1920,1080,6f8645ff2dbc919da70feb1cdde91c0eb5f280f0f9891539631928f03859ad7c,db9f9f070f878587,True,False,,True,,unreviewed
00558.jpg,训练集/00558.jpg,train,有漂浮物,558,file_block_0004,filename_contiguous_block_provisional,1920,1080,1920,1080,8767fc99b2146e0fba256a5d462a8900ea9b6f1f45e849837413db8ef42dcfb8,dbc3cf6f0f878787,True,False,,True,,unreviewed
00559.jpg,训练集/00559.jpg,train,有漂浮物,559,file_block_0004,filename_contiguous_block_provisional,1920,1080,1920,1080,45795fab01a93e99c28c8c43d0a66e5f0fb5177b71b4672fe3c2c00fbce50c7a,dbcfdf5f0f878587,True,False,,True,,unreviewed
00560.jpg,训练集/00560.jpg,train,有漂浮物,560,file_block_0004,filename_contiguous_block_provisional,1920,1080,1920,1080,3ca1acb16bdbe4bd9847fa8877c06191b5c44b2fb3de58ec189d52368af9dccc,dbdfdf5f0f878587,True,False,,True,,unreviewed
00561.jpg,训练集/00561.jpg,train,有漂浮物,561,file_block_0004,filename_contiguous_block_provisional,1920,1080,1920,1080,d6a1e89dc73267046f1f037aaed82cdc56363ca868343afb901f6aec5c0011bf,dbdbc7770f878787,True,False,,True,,unreviewed
00562.jpg,训练集/00562.jpg,train,有漂浮物,562,file_block_0004,filename_contiguous_block_provisional,1920,1080,1920,1080,be3653e3d8037b7b01b1cae14dd22f74943b6cc8f8e85683e6e02d923939b530,dbc3df5f0f878783,True,False,,True,,unreviewed
00563.jpg,训练集/00563.jpg,train,有漂浮物,563,file_block_0004,filename_contiguous_block_provisional,1920,1080,1920,1080,24c5c4763bd7312886eb3d10b38495e7cedb09785c61cccde8f802e8cf712a3b,dbc3cf570f878787,True,False,,True,,unreviewed
00564.jpg,训练集/00564.jpg,train,有漂浮物,564,file_block_0004,filename_contiguous_block_provisional,1920,1080,1920,1080,cc9250d6b8bc4bc02dd93e5d181fdaafd2f042d1d7238342d71d773efe7b7c87,dbcbcf5f0f878587,True,False,,True,,unreviewed
00565.jpg,训练集/00565.jpg,train,有漂浮物,565,file_block_0004,filename_contiguous_block_provisional,1920,1080,1920,1080,85efab232de3df41dcbd85ce8a3dd4089429b53f862ce917efedcd9ff5e5b632,fb9f1f1f0f978d07,True,False,,True,,unreviewed
00566.jpg,训练集/00566.jpg,train,有漂浮物,566,file_block_0004,filename_contiguous_block_provisional,1920,1080,1920,1080,7b657d90414b8098571b23265101e411b66a35f894027b56be8fc3465ebba93d,dbc3c75f0f878783,True,False,,True,,unreviewed
00567.jpg,训练集/00567.jpg,train,有漂浮物,567,file_block_0004,filename_contiguous_block_provisional,1920,1080,1920,1080,03a03b2939dfcbf892648eeade30975f30f6272f9d8113536e71bea164d4d307,dbc3cf5f1f8f8783,True,False,,True,,unreviewed
00568.jpg,训练集/00568.jpg,train,有漂浮物,568,file_block_0004,filename_contiguous_block_provisional,1920,1080,1920,1080,86bb8f8281b542e7d2131c72a72ee5f489aa63dd1db9d24e01f567351185c691,cbc1cf5f1f8f8783,True,False,,True,,unreviewed
00569.jpg,训练集/00569.jpg,train,有漂浮物,569,file_block_0004,filename_contiguous_block_provisional,1920,1080,1920,1080,6d8b423553b2e4f65c24349baa121f655616aa40ac898ac0fcc2f2fec7d18411,c9c1cf6f0f878783,True,False,,True,,unreviewed
00570.jpg,训练集/00570.jpg,train,有漂浮物,570,file_block_0004,filename_contiguous_block_provisional,1920,1080,1920,1080,48e9cc8ca357f442515cff28eb639e38fc99000dbbe78fd874f37a6d115536d6,dbc3cf7f0f878183,True,False,,True,,unreviewed
00571.jpg,训练集/00571.jpg,train,有漂浮物,571,file_block_0004,filename_contiguous_block_provisional,1920,1080,1920,1080,213651fd20c2a8a9ced53314c590b686d37e5307652a959e8efa86280687dac7,dbc1cf7f0f878783,True,False,,True,,unreviewed
00572.jpg,训练集/00572.jpg,train,有漂浮物,572,file_block_0004,filename_contiguous_block_provisional,1920,1080,1920,1080,1b53e79d2ce48fc8c7a0effc52e28e2a02aa563f791e6277bcd6b7f98e602c22,c3c0c77f0f878783,True,False,,True,,unreviewed
00573.jpg,训练集/00573.jpg,train,有漂浮物,573,file_block_0004,filename_contiguous_block_provisional,1920,1080,1920,1080,adb495d7c64c4c6314fd23a3fc536e7ddea6ec1f3b627faacdcc21b89cf480a4,cbc0cf7f0f878583,True,False,,True,,unreviewed
00574.jpg,训练集/00574.jpg,train,有漂浮物,574,file_block_0004,filename_contiguous_block_provisional,1920,1080,1920,1080,a8e632ad7abd8abd77e98b82e99e3a951c593aeeb9c1e3b53943b9c315e842cf,dbcf4f7f1f878583,True,False,,True,,unreviewed
00575.jpg,训练集/00575.jpg,train,有漂浮物,575,file_block_0004,filename_contiguous_block_provisional,1920,1080,1920,1080,b80e45f59e801b6dcfe6590ee973423b8e88519e221805360d6a3e88c2764fca,fbcf5f5f0f878587,True,False,,True,,unreviewed
00576.jpg,训练集/00576.jpg,train,有漂浮物,576,file_block_0004,filename_contiguous_block_provisional,1920,1080,1920,1080,245b339f233e4dc0ca5fec17dd543a5bb9f5e867387409891aa1a1997e43e858,dbcf4f7f0f878787,True,False,,True,,unreviewed
00577.jpg,训练集/00577.jpg,train,有漂浮物,577,file_block_0004,filename_contiguous_block_provisional,1920,1080,1920,1080,2f5f77180f9984884d64561d7da932c49a8d95b4a9f0fb7dc6d0c55d828718b4,cbc0cf6f1f8f8787,True,False,,True,,unreviewed
00578.jpg,训练集/00578.jpg,train,有漂浮物,578,file_block_0004,filename_contiguous_block_provisional,1920,1080,1920,1080,d80aebd446f07cd210d072dfc004413de19eb0b0868c6ff4ad66d34f9e1f43bd,dbdf9f7f0f878587,True,False,,True,,unreviewed
00579.jpg,训练集/00579.jpg,train,有漂浮物,579,file_block_0004,filename_contiguous_block_provisional,1920,1080,1920,1080,cca27eafe1682a87b1c16494bf2881c715a732f29956d9ed0d8e1d95988855d1,fb9f1f1f0f878587,True,False,,True,,unreviewed
00580.jpg,训练集/00580.jpg,train,有漂浮物,580,file_block_0004,filename_contiguous_block_provisional,1920,1080,1920,1080,ef29d087854034ab9c9a1dad20dddc1d6ed38699536414f868291e19b7cf4951,79bf1f1f0f171f07,True,False,,True,,unreviewed
00581.jpg,训练集/00581.jpg,train,有漂浮物,581,file_block_0004,filename_contiguous_block_provisional,1920,1080,1920,1080,26df0df9e87d4ee304eef8213b39188beaf987d0b89778bd97bcb5fdddd1e9d1,dbcb6f6f0f878183,True,False,,True,,unreviewed
00582.jpg,训练集/00582.jpg,train,有漂浮物,582,file_block_0004,filename_contiguous_block_provisional,2560,1440,2560,1440,b0b401cf746216766fc345c41a9e175229cd1b49e42bdd9241d272110d96677c,371db9dc199cadad,True,False,,True,,unreviewed
00583.jpg,训练集/00583.jpg,train,有漂浮物,583,file_block_0004,filename_contiguous_block_provisional,2560,1440,2560,1440,9b23b8096d1c5b664ede5ebccf48b13ed7aa5fa3b9d94e97c7d4fc8d31be206c,3707071b11070f05,True,False,,True,,unreviewed
00584.jpg,训练集/00584.jpg,train,有漂浮物,584,file_block_0004,filename_contiguous_block_provisional,2560,1440,2560,1440,c677cfce79283498ef1dcbc47ef1506207426cb695445baf783497a176b4df1b,079fbdc9c406ad2d,True,False,,True,,unreviewed
00585.jpg,训练集/00585.jpg,train,有漂浮物,585,file_block_0004,filename_contiguous_block_provisional,2560,1440,2560,1440,7bc42a8f4d18af38c28e007e7ad77dc41fe996ae38ab594a430470f4b2aa467d,4fcbcb4bcb9b989e,True,False,,True,,unreviewed
00586.jpg,训练集/00586.jpg,train,有漂浮物,586,file_block_0004,filename_contiguous_block_provisional,2560,1440,2560,1440,c5eef3a55348ff7f955555927747787a178e6a11e6de3e54e892bd4aa5ce008f,c6f5f1f3f0f1f9f2,True,False,,True,,unreviewed
00587.jpg,训练集/00587.jpg,train,有漂浮物,587,file_block_0004,filename_contiguous_block_provisional,2592,1944,2592,1944,bc4bc1dea1ebe3dc8bb2468a1147a04d63d00e8d8f0ec309efa1aa421bc3e3fb,1e1f230919010f1f,True,False,,True,,unreviewed
00588.jpg,训练集/00588.jpg,train,有漂浮物,588,file_block_0004,filename_contiguous_block_provisional,2592,1944,2592,1944,be6c73f2f43353db54519dacc778718a93be590263fe6be99016e9b27b03657c,1e0f21387071a383,True,False,,True,,unreviewed
00589.jpg,训练集/00589.jpg,train,有漂浮物,589,file_block_0004,filename_contiguous_block_provisional,2592,1944,2592,1944,d3fe391afae666cbd63adadda6515287a734c55b7b339a1aa9236b7e51cc118d,1e0f233919396f8f,True,False,,True,,unreviewed
00590.jpg,训练集/00590.jpg,train,有漂浮物,590,file_block_0004,filename_contiguous_block_provisional,2592,1944,2592,1944,e5e733624526c5a11a6484bdecce25b18d594778473d58385d76b626e2e818dc,1e07202800109091,True,False,,True,,unreviewed
00591.jpg,训练集/00591.jpg,train,有漂浮物,591,file_block_0004,filename_contiguous_block_provisional,2592,1944,2592,1944,a8d5f37df3764afe559f7d5aebf07871147de71801e5833aa5ea6e61ad9ec76b,1f0f231bb3b73735,True,False,,True,,unreviewed
00592.jpg,训练集/00592.jpg,train,有漂浮物,592,file_block_0004,filename_contiguous_block_provisional,2592,1944,2592,1944,cc9c925205c574e438c0daa82732bc63b8f42f95f682a7fa3a04cf6f1d5859fe,1f0f202908e1c526,True,False,,True,,unreviewed
00593.jpg,训练集/00593.jpg,train,有漂浮物,593,file_block_0004,filename_contiguous_block_provisional,2592,1944,2592,1944,a29dc3d7399018299010f2726231bbcf9d12443287c6dc072bfc8f4b33a81c2a,1e1f2378f0b06481,True,False,,True,,unreviewed
00594.jpg,训练集/00594.jpg,train,有漂浮物,594,file_block_0004,filename_contiguous_block_provisional,2592,1944,2592,1944,33de055170c6f60e731002b4880039eb7e44e0f1f04c86fb93f35b51fcb59300,1e0f636b63034086,True,False,,True,,unreviewed
00595.jpg,训练集/00595.jpg,train,有漂浮物,595,file_block_0004,filename_contiguous_block_provisional,2592,1944,2592,1944,e7b5714ea885f44a1bfbd7303d72304dfd864fb2504b4c266044b49bed0ee4ae,1e3f276b63d3169c,True,False,,True,,unreviewed
00596.jpg,训练集/00596.jpg,train,有漂浮物,596,file_block_0004,filename_contiguous_block_provisional,2592,1944,2592,1944,504cfab9d6eff9a58f4220e14f3c6ab59f3f52152e494580c446f94955925f3f,1f0f06181f7f7f5f,True,False,,True,,unreviewed
00597.jpg,训练集/00597.jpg,train,有漂浮物,597,file_block_0004,filename_contiguous_block_provisional,2592,1944,2592,1944,3abb75ee4f5186be902f2dc3809d18fec62ab683d1722f58a83b3004555fc5d7,1e0703030307070f,True,False,,True,,unreviewed
00598.jpg,训练集/00598.jpg,train,有漂浮物,598,file_block_0004,filename_contiguous_block_provisional,2592,1944,2592,1944,a4570115b62a7085a4c1443d81dc3b6e7d319f7c25384989a85fbed7227b03c7,1e0f2018c9e1739f,True,False,,True,,unreviewed
00599.jpg,训练集/00599.jpg,train,有漂浮物,599,file_block_0004,filename_contiguous_block_provisional,2592,1944,2592,1944,86a1fa95e43d4ac25d159ba5ccce9dad45468ee0900475127b545e4045a76443,1c1f212818880b0b,True,False,,True,,unreviewed
00600.jpg,训练集/00600.jpg,train,有漂浮物,600,file_block_0004,filename_contiguous_block_provisional,2592,1944,2592,1944,b3179aae860c74149316681ad6c5867f003710563ad3c2f07cd99859e716b943,1c0f000810313133,True,False,,True,,unreviewed
00601.jpg,训练集/00601.jpg,train,有漂浮物,601,file_block_0004,filename_contiguous_block_provisional,2592,1944,2592,1944,ecdee6ded575c95024a3b1ec894d983b38471b2df8b0af072751b91d1fe3b208,1c0f000808101014,True,False,,True,,unreviewed
00602.jpg,训练集/00602.jpg,train,有漂浮物,602,file_block_0004,filename_contiguous_block_provisional,2592,1944,2592,1944,861885ee4725271fa65528a32ceb9aeecd0a18adcc3ca61fad1a7b306ab42d2f,1c1f201818010011,True,False,,True,,unreviewed
00603.jpg,训练集/00603.jpg,train,有漂浮物,603,file_block_0004,filename_contiguous_block_provisional,2592,1944,2592,1944,e8cc301a851199164c3de06a2ce7ea77028539b1c7c4292df9a892dbb9886faa,1c0f60382101010b,True,False,,True,,unreviewed
00604.jpg,训练集/00604.jpg,train,有漂浮物,604,file_block_0004,filename_contiguous_block_provisional,2592,1944,2592,1944,28da7c04b1cf3847bdf61d7794c006f463451715aa197d8acebf0a282854a608,1c1f207819111183,True,False,,True,,unreviewed
00605.jpg,训练集/00605.jpg,train,有漂浮物,605,file_block_0004,filename_contiguous_block_provisional,2592,1944,2592,1944,5cfed3cc879afcb96e74103c9f8c30adf8ff58c27569a958e78e2d88a4eeedab,1e1f233939393d1f,True,False,,True,,unreviewed
00606.jpg,训练集/00606.jpg,train,有漂浮物,606,file_block_0004,filename_contiguous_block_provisional,2592,1944,2592,1944,020d60deafedb983a6bbf0771e4491e57ec3e31992053f14b028c3de21d8c42e,1e0f277b7bf9e8d0,True,False,,True,,unreviewed
00607.jpg,训练集/00607.jpg,train,有漂浮物,607,file_block_0004,filename_contiguous_block_provisional,2592,1944,2592,1944,528036e2d6f09a89c42ddf618ea03b640b7d0273db0a8e65628cc96511bcfb9f,1c0f200901010121,True,False,,True,,unreviewed
00608.jpg,训练集/00608.jpg,train,有漂浮物,608,file_block_0004,filename_contiguous_block_provisional,2592,1944,2592,1944,8ce7fb76caedb4de0c12ec2c8f25d6915249a13f8f37a0b08fd681d55fb8a835,1f0f030903010103,True,False,,True,,unreviewed
00609.jpg,训练集/00609.jpg,train,有漂浮物,609,file_block_0004,filename_contiguous_block_provisional,2592,1944,2592,1944,52f8ceefc3bca05f71fd6e7667c65ae3117928f9f9f35c6a7bd0c2bb1e2500b9,1c1f313b69632333,True,False,,True,,unreviewed
00610.jpg,训练集/00610.jpg,train,有漂浮物,610,file_block_0004,filename_contiguous_block_provisional,2592,1944,2592,1944,627fee42ff659fcf8aad07f5f9436ffd56695ffa2a40d4e65dd11c6e8f177b50,1c2fe0687070602d,True,False,,True,,unreviewed
00611.jpg,训练集/00611.jpg,train,有漂浮物,611,file_block_0004,filename_contiguous_block_provisional,2592,1944,2592,1944,d42151cbcf0b33d3df637eee8a817eaa14f414f5e3b5e59315b5e9d255c52fdb,1c3f78787ffb3b3e,True,False,,True,,unreviewed
00612.jpg,训练集/00612.jpg,train,有漂浮物,612,file_block_0004,filename_contiguous_block_provisional,2592,1944,2592,1944,1aeae14fc4d69c4ed2f844836a25c68f5b7a2ed9efcdf72d711e5d30104a03d5,1c1f232878340f83,True,False,,True,,unreviewed
00613.jpg,训练集/00613.jpg,train,有漂浮物,613,file_block_0004,filename_contiguous_block_provisional,2592,1944,2592,1944,7089195fb8384e350baa792965aea2b7d534dfea2886f9c83377a25612c4c8fe,1c1f27797b3b3f3f,True,False,,True,,unreviewed
00614.jpg,训练集/00614.jpg,train,有漂浮物,614,file_block_0004,filename_contiguous_block_provisional,2592,1944,2592,1944,0da017c729e8ecf695582bed3a33df3416bae5a74638be87fcc70d55b5f69a7d,1c1f62081a18181f,True,False,,True,,unreviewed
00615.jpg,训练集/00615.jpg,train,有漂浮物,615,file_block_0004,filename_contiguous_block_provisional,2592,1944,2592,1944,f4e2439a8a05866b4bc1dfb6e786d7d53e2c5ecd410a308b196317a926edc525,1c1b21383a072125,True,False,,True,,unreviewed
00616.jpg,训练集/00616.jpg,train,有漂浮物,616,file_block_0004,filename_contiguous_block_provisional,2560,1440,2560,1440,9d501b1ba6b34e59da7209899685d1c5ad7ff9423fb82ce7654044a938f5933c,381c9f0707c7f37b,True,False,,True,,unreviewed
00617.jpg,训练集/00617.jpg,train,有漂浮物,617,file_block_0004,filename_contiguous_block_provisional,2560,1440,2560,1440,91a119e3b87106e2a0e160c801647d635f888e245ab0ce86a7018c0c06b505bf,efdcfd75703cee6d,True,False,,True,,unreviewed
00618.jpg,训练集/00618.jpg,train,有漂浮物,618,file_block_0004,filename_contiguous_block_provisional,2560,1440,2560,1440,d9b380750b26b5fb15aff0182544650e62c253eb2dc279921fe08c22b7c6fea7,e7dc7d777034bc6d,True,False,,True,,unreviewed
00619.jpg,训练集/00619.jpg,train,有漂浮物,619,file_block_0004,filename_contiguous_block_provisional,2560,1440,2560,1440,c5bf766736ce0e4de61be7d7f510948766536e1d4db61cdf68be87dfac6b6736,391e9f8f0783c373,True,False,,True,,unreviewed
00620.jpg,训练集/00620.jpg,train,有漂浮物,620,file_block_0004,filename_contiguous_block_provisional,2560,1440,2560,1440,4d0559cc8cc3cc2d9c007f14c7568ab07278a40174820d4a16045aa351d6b9a9,703c9f8f0f87f373,True,False,,True,,unreviewed
00621.jpg,训练集/00621.jpg,train,有漂浮物,621,file_block_0004,filename_contiguous_block_provisional,2560,1440,2560,1440,3b9d04e014fac94e62ffdb432412f8cba56257b69c4f627825f8ebdb24e9ea5b,ef5c7f7f7230bd3d,True,False,,True,,unreviewed
00622.jpg,训练集/00622.jpg,train,有漂浮物,622,file_block_0004,filename_contiguous_block_provisional,2560,1440,2560,1440,ad628350ac7849470a736a8670d92d795db18612041f3162326c8bca2b16c4c6,e3fdf571f0ececcd,True,False,,True,,unreviewed
00623.jpg,训练集/00623.jpg,train,有漂浮物,623,file_block_0004,filename_contiguous_block_provisional,2560,1440,2560,1440,e42b4206ef49db06427965c1baa2ef029ca93a4856c0b159b4be19993fb7e5dd,e3fdb5f1f0ececed,True,False,,True,,unreviewed
00624.jpg,训练集/00624.jpg,train,有漂浮物,624,file_block_0004,filename_contiguous_block_provisional,2560,1440,2560,1440,95c3177881eaab78f21d24ec0b923b287505dd19f1a0ac88a4dbe043047cd2fc,63fdf5b1f06ceccd,True,False,,True,,unreviewed
00625.jpg,训练集/00625.jpg,train,有漂浮物,625,file_block_0004,filename_contiguous_block_provisional,2560,1440,2560,1440,dfe678628d9a6758432e6cea1015f4b1e91f50fcb14d8269d467acf82c32dc59,e3fd35317068eccd,True,False,,True,,unreviewed
00626.jpg,训练集/00626.jpg,train,有漂浮物,626,file_block_0004,filename_contiguous_block_provisional,2560,1440,2560,1440,f2e8ceb8e25556488c13e25e595cd95f5447eeb2b9c6752c9fd9cf9ba7fc7911,e3edf571f068eccd,True,False,,True,,unreviewed
00627.jpg,训练集/00627.jpg,train,有漂浮物,627,file_block_0004,filename_contiguous_block_provisional,2560,1440,2560,1440,9f86b988b545cc066ffecad989a458102e77f41ec7a87c04efa392c658ca5899,793e9f8b0b83c36e,True,False,,True,,unreviewed
00628.jpg,训练集/00628.jpg,train,有漂浮物,628,file_block_0004,filename_contiguous_block_provisional,2560,1440,2560,1440,856dc2877264d0577d4f42ac258f29ade9de0581d45b4df045ef074b55d0f384,67dcff77f0f0fc7d,True,False,,True,,unreviewed
00629.jpg,训练集/00629.jpg,train,有漂浮物,629,file_block_0004,filename_contiguous_block_provisional,2560,1440,2560,1440,169aed72392aaa8ee8ad644f489f414ca3bd5fcfea3554d0d46579b09de200ee,391e9f870783c366,True,False,,True,,unreviewed
00630.jpg,训练集/00630.jpg,train,有漂浮物,630,file_block_0004,filename_contiguous_block_provisional,2560,1440,2560,1440,a35f1fde683db04471e6af60b91a3e13f8b53ab8d697d7c673d2037a9df7f00e,67dd15b5f024eced,True,False,,True,,unreviewed
00631.jpg,训练集/00631.jpg,train,有漂浮物,631,file_block_0004,filename_contiguous_block_provisional,2560,1440,2560,1440,5efff514f408c9a7052db42036e9ef2e764d29d6396acee07e2f45e950051aeb,8fdcfdfcf8dceced,True,False,,True,,unreviewed
00632.jpg,训练集/00632.jpg,train,有漂浮物,632,file_block_0004,filename_contiguous_block_provisional,2560,1440,2560,1440,ad6cb51902d09c78c1e3233d5ee351915b81a09b2354eff1ce9e63e0942ca2c1,efce7f3738323c79,True,False,,True,,unreviewed
00633.jpg,训练集/00633.jpg,train,有漂浮物,633,file_block_0004,filename_contiguous_block_provisional,2560,1440,2560,1440,85400eaf36f3355ea221c4c863f258e0a4b0d95284cf2be5305dd7a9969c1a22,781e9e8e0b87c36a,True,False,,True,,unreviewed
00634.jpg,训练集/00634.jpg,train,有漂浮物,634,file_block_0004,filename_contiguous_block_provisional,1920,1080,1920,1080,30d5fd0cd3e265ead7f9dee8db406389fe87d943d50427f5ecf5f1b0ecad1b2c,c38381e1c3477d3d,True,False,,True,,unreviewed
00635.jpg,训练集/00635.jpg,train,有漂浮物,635,file_block_0004,filename_contiguous_block_provisional,1920,1080,1920,1080,7a34116ba54bea12d47840033a5a5eb6398b7c29229be16ccaaf15fbe2483721,05171e07070b0303,True,False,,True,,unreviewed
00636.jpg,训练集/00636.jpg,train,有漂浮物,636,file_block_0004,filename_contiguous_block_provisional,1920,1080,1920,1080,c74849a3cbaea5282eeaf3fd88f9794cf1a3c63f1babc1d7b99e46bdb9291571,25151e0707030b0e,True,False,,True,,unreviewed
00637.jpg,训练集/00637.jpg,train,有漂浮物,637,file_block_0004,filename_contiguous_block_provisional,1920,1080,1920,1080,46adb0e031ca61d4606ae0ff74271d58b945d9b20acb89a53eba117851eb18b0,0517160707030303,True,False,,True,,unreviewed
00638.jpg,训练集/00638.jpg,train,有漂浮物,638,file_block_0004,filename_contiguous_block_provisional,1920,1080,1920,1080,74c0c01a511c7ed666f793824184da2deb39a0ba43d7404d6aba276b99361ca7,15171e0f0f0b0b07,True,False,,True,,unreviewed
00639.jpg,训练集/00639.jpg,train,有漂浮物,639,file_block_0004,filename_contiguous_block_provisional,1920,1080,1920,1080,fad52be2639d806208d93fd8be92fd60a17944ea09ce2fb1171d6ad2463e2ecf,351f0f0f0f0b0b0f,True,False,,True,,unreviewed
00640.jpg,训练集/00640.jpg,train,有漂浮物,640,file_block_0004,filename_contiguous_block_provisional,1920,1080,1920,1080,a0792125dc881f338245f4b1f036d7504f09a3ccef87c9544041ec0131b18e59,05170f0707430b07,True,False,,True,,unreviewed
00641.jpg,训练集/00641.jpg,train,有漂浮物,641,file_block_0004,filename_contiguous_block_provisional,1920,1080,1920,1080,9baeb54c892db73a6008f7717a17ee303e6edaf0142cbac2775eb0663c5a6be5,05170e0707030b07,True,False,,True,,unreviewed
00642.jpg,训练集/00642.jpg,train,有漂浮物,642,file_block_0004,filename_contiguous_block_provisional,1920,1080,1920,1080,7a28bd1f787919ec5902c17d25c75e2d263a01d98445e0394c6a4db24655d39c,05070f07074b0b07,True,False,,True,,unreviewed
00643.jpg,训练集/00643.jpg,train,有漂浮物,643,file_block_0004,filename_contiguous_block_provisional,1920,1080,1920,1080,cc15a2404297c826f0ca7565dee4baa276f30c08da31ebfafd66d5bb6a5552cc,45151f170f0f0b1f,True,False,,True,,unreviewed
00644.jpg,训练集/00644.jpg,train,有漂浮物,644,file_block_0004,filename_contiguous_block_provisional,1920,1080,1920,1080,03dcca7854d39cd2b61b1b0bb7b2581879aeff56fcba92e8b681cb2670f49acc,751d1f0f0f0b091d,True,False,,True,,unreviewed
00645.jpg,训练集/00645.jpg,train,有漂浮物,645,file_block_0004,filename_contiguous_block_provisional,1920,1080,1920,1080,51fc9abf1a48f284597ff29f01e12b778e2b2a18af6aecf62b226e8406f83888,85171f1f0f0f0b07,True,False,,True,,unreviewed
00646.jpg,训练集/00646.jpg,train,有漂浮物,646,file_block_0004,filename_contiguous_block_provisional,1920,1080,1920,1080,f5b1bd698e26d5ede4e226b3c4e9033a1e1d06b50f767f90503cbf6e19ca20b2,45171f0f07030307,True,False,,True,,unreviewed
00647.jpg,训练集/00647.jpg,train,有漂浮物,647,file_block_0004,filename_contiguous_block_provisional,1920,1080,1920,1080,65c05428f4d0f99b48475f7171ba34ae07847dff5599971fd95b753eed369328,451e1f0707070b06,True,False,,True,,unreviewed
00648.jpg,训练集/00648.jpg,train,有漂浮物,648,file_block_0004,filename_contiguous_block_provisional,1920,1080,1920,1080,f2de843f7c3c603d5e76746ebf215310cc3768b3b07758be0b16fb9449bf667e,c5161e0707030302,True,False,,True,,unreviewed
00649.jpg,训练集/00649.jpg,train,有漂浮物,649,file_block_0004,filename_contiguous_block_provisional,1920,1080,1920,1080,83f48862531aebec4503e6c020a2cd2ae9f634b50972a4ed77f949e468aa2ff5,45070f0707030307,True,False,,True,,unreviewed
00650.jpg,训练集/00650.jpg,train,有漂浮物,650,file_block_0004,filename_contiguous_block_provisional,1920,1080,1920,1080,4a7e7b2c7047b7764042c5d83bbc145d1a4ebb8a832b82a2a3c96281515181fc,450f0f07070f0b0f,True,False,,True,,unreviewed
00651.jpg,训练集/00651.jpg,train,有漂浮物,651,file_block_0004,filename_contiguous_block_provisional,1920,1080,1920,1080,6fd7d3f9e35ba3c39eef0e24ac7b674e27e43ea6fb71894f7934c19d3bf0b605,351d1f0f070b0b1e,True,False,,True,,unreviewed
00652.jpg,训练集/00652.jpg,train,有漂浮物,652,file_block_0004,filename_contiguous_block_provisional,1920,1080,1920,1080,ac1136783b1f497eacd2cef389f7cfee99bb26ab8f5643bb902c0bc98caf7b3c,27171e0707030306,True,False,,True,,unreviewed
00653.jpg,训练集/00653.jpg,train,有漂浮物,653,file_block_0004,filename_contiguous_block_provisional,1920,1080,1920,1080,403719b5075b9c55bb1487712760d744e19d9386bdceac654b8406007263c298,27171e0701030b0e,True,False,,True,,unreviewed
00654.jpg,训练集/00654.jpg,train,有漂浮物,654,file_block_0004,filename_contiguous_block_provisional,1920,1080,1920,1080,75a4cef3d8f5a4d0d6e1dcf4c7d4aec1fa54561dc936578dd1baa7efeed52937,35171607070b2b06,True,False,,True,,unreviewed
00655.jpg,训练集/00655.jpg,train,有漂浮物,655,file_block_0004,filename_contiguous_block_provisional,1920,1080,1920,1080,19573f1cf0ceb3f6d7a18abe8f11671b9dd664f37c360e6a52c0638dfecffc2c,3121401971c1a725,True,False,,True,,unreviewed
00656.jpg,训练集/00656.jpg,train,有漂浮物,656,file_block_0004,filename_contiguous_block_provisional,1920,1080,1920,1080,84ccf250095634a829a65a8099ec8b05a63b8df22dd300fc013575e57b087ac3,1901400963c7a725,True,False,,True,,unreviewed
00657.jpg,训练集/00657.jpg,train,有漂浮物,657,file_block_0004,filename_contiguous_block_provisional,1920,1080,1920,1080,948d57169dc8cef8070653e80467c47466200e6d397dce8ff2551c586464ae9b,0901000163e7a721,True,False,,True,,unreviewed
00658.jpg,训练集/00658.jpg,train,有漂浮物,658,file_block_0004,filename_contiguous_block_provisional,1920,1080,1920,1080,bb6c3da55b3af85f5f55e5483f6f9c693702ede0d56f4f661dd93e283a5b5351,1819400061e5a7a3,True,False,,True,,unreviewed
00659.jpg,训练集/00659.jpg,train,有漂浮物,659,file_block_0004,filename_contiguous_block_provisional,1920,1080,1920,1080,651231bc1e6ed0a4cc5013133d879f827cfffe434f738727a04b1fc2a4ffe8f4,1919400143e3a727,True,False,,True,,unreviewed
00660.jpg,训练集/00660.jpg,train,有漂浮物,660,file_block_0004,filename_contiguous_block_provisional,1920,1080,1920,1080,a4374139c006f719c45ce9ffde738558cb84c990855906dfbed4679659f00eaf,3911410961c3a32b,True,False,,True,,unreviewed
00661.jpg,训练集/00661.jpg,train,有漂浮物,661,file_block_0004,filename_contiguous_block_provisional,1920,1080,1920,1080,77df5eef54e10a1c9a37caa796d7f841d3d2cc49dc38e14725da2d31f7bb92b2,1161441973db9b9b,True,False,,True,,unreviewed
00662.jpg,训练集/00662.jpg,train,有漂浮物,662,file_block_0004,filename_contiguous_block_provisional,1920,1080,1920,1080,cfaf9f5d2f79268b55c1c7a9c213784b88dc2d56689287453eaa8e6a39890e2d,1b19630367a7a72f,True,False,,True,,unreviewed
00663.jpg,训练集/00663.jpg,train,有漂浮物,663,file_block_0004,filename_contiguous_block_provisional,1920,1080,1920,1080,642842a4509a15e479ce66c004ad93980cc453ee439235227c6896aaf650b1ae,1b11430347a72727,True,False,,True,,unreviewed
00664.jpg,训练集/00664.jpg,train,有漂浮物,664,file_block_0004,filename_contiguous_block_provisional,1920,1080,1920,1080,5814ff706da3802073ec2e34f6739b086a8dbf9161b0563ac46254a7f3e7967e,3919610343a7a327,True,False,,True,,unreviewed
00665.jpg,训练集/00665.jpg,train,有漂浮物,665,file_block_0004,filename_contiguous_block_provisional,1920,1080,1920,1080,1c329a9cd152f1773652bc5d7a2a3fbe69b3fda0daf57ae2cd8ae9e6852a268b,1901400163c7a72f,True,False,,True,,unreviewed
00666.jpg,训练集/00666.jpg,train,有漂浮物,666,file_block_0004,filename_contiguous_block_provisional,1920,1080,1920,1080,db4db40f2c1ac01e1df08b15dc259f059de3cad6b0f60bbfee7b0c458a5db4c1,1101410963c7a72f,True,False,,True,,unreviewed
00667.jpg,训练集/00667.jpg,train,有漂浮物,667,file_block_0004,filename_contiguous_block_provisional,1920,1080,1920,1080,1e1ee76d125eaf69bf60446c07f52aeb49c0c286327c2972484c00fcc6674214,1101400161c1a129,True,False,,True,,unreviewed
00668.jpg,训练集/00668.jpg,train,有漂浮物,668,file_block_0004,filename_contiguous_block_provisional,1920,1080,1920,1080,0217280643a5df4371cb77f53d7abb42cc870b3dc2ac1f005944a8ec7bb7496a,1101400963c6a729,True,False,,True,,unreviewed
00669.jpg,训练集/00669.jpg,train,有漂浮物,669,file_block_0004,filename_contiguous_block_provisional,1920,1080,1920,1080,c9204ea91e885e8d9281bceadd7b73bb33ae83e1bd60d0e1d75890ce63f90486,0141410161e4a423,True,False,,True,,unreviewed
00670.jpg,训练集/00670.jpg,train,有漂浮物,670,file_block_0004,filename_contiguous_block_provisional,1920,1080,1920,1080,945e7c6b5a356b5927d1d127b5e5465478a4b9454718dc8410b37e7a0bd76bcf,1901010143a7272b,True,False,,True,,unreviewed
00671.jpg,训练集/00671.jpg,train,有漂浮物,671,file_block_0004,filename_contiguous_block_provisional,1920,1080,1920,1080,e7397a2f1084c76bbe9ea343606e00bec649ed2cd819b55cd15d169ac98d6a4e,0909010147a7272b,True,False,,True,,unreviewed
00672.jpg,训练集/00672.jpg,train,有漂浮物,672,file_block_0004,filename_contiguous_block_provisional,1920,1080,1920,1080,d0d8032f5a6f675015d370c8d2db92270855670e2c7b8ab351d7beb465fed74d,1901010307272f0f,True,False,,True,,unreviewed
00673.jpg,训练集/00673.jpg,train,有漂浮物,673,file_block_0004,filename_contiguous_block_provisional,1920,1080,1920,1080,d6044ccb5a89a26cb6548dba04ef640922b71e68f5bfaadc90f82d98f0bc81b9,1909010307272f0f,True,False,,True,,unreviewed
00674.jpg,训练集/00674.jpg,train,有漂浮物,674,file_block_0004,filename_contiguous_block_provisional,1920,1080,1920,1080,b93812c5fced433117f67cecf513a7b27c85aa33296c7212e7481248e9071392,0901010307a72f0f,True,False,,True,,unreviewed
00675.jpg,训练集/00675.jpg,train,有漂浮物,675,file_block_0004,filename_contiguous_block_provisional,1920,1080,1920,1080,bd391200f69aa32541d10141dc20824f14b9b9d5b3d9c78a2a8a700a424cd450,39312101c70f4f5f,True,False,,True,,unreviewed
00676.jpg,训练集/00676.jpg,train,有漂浮物,676,file_block_0004,filename_contiguous_block_provisional,1920,1080,1920,1080,7ffbd770f444c9b46c6433baf49141ba896feec125b7d89f0a39bfcf216c45d3,31210101870f4f4b,True,False,,True,,unreviewed
00677.jpg,训练集/00677.jpg,train,有漂浮物,677,file_block_0004,filename_contiguous_block_provisional,1920,1080,1920,1080,2d2956ddf62afeb661609f7ab06e91212cbd746250cf924c4f03dfbd20327857,19010103c70f4f4f,True,False,,True,,unreviewed
00678.jpg,训练集/00678.jpg,train,有漂浮物,678,file_block_0004,filename_contiguous_block_provisional,1920,1080,1920,1080,a1a7a58a811afa986b52c775aa819f1f735070e96c2befd40725667ccc1b9f52,19014103c7074f4f,True,False,,True,,unreviewed
00679.jpg,训练集/00679.jpg,train,有漂浮物,679,file_block_0004,filename_contiguous_block_provisional,1920,1080,1920,1080,6ab96bfd471e56f76f9fef82428341591d7ed3b4b33817a33370e99d006748d9,1171410307272f33,True,False,,True,,unreviewed
00680.jpg,训练集/00680.jpg,train,有漂浮物,680,file_block_0004,filename_contiguous_block_provisional,1920,1080,1920,1080,a48a83fd07c88d7282de9eca4af32247a0dc8a23da08c48bd5754e822b1bff68,313161030f2f4f0f,True,False,,True,,unreviewed
00681.jpg,训练集/00681.jpg,train,有漂浮物,681,file_block_0004,filename_contiguous_block_provisional,1920,1080,1920,1080,bc798e299ddc6e224e7238ce26cde30b9e02c9df2c046d5e145f491a340a980f,393161030f2f4f0f,True,False,,True,,unreviewed
00682.jpg,训练集/00682.jpg,train,有漂浮物,682,file_block_0004,filename_contiguous_block_provisional,1920,1080,1920,1080,c25a1d37c14e987e0df7c4e5e3e48aafc5a85322d7a7a3cfb1fc425fa7a12b78,19010103072f4f4b,True,False,,True,,unreviewed
00683.jpg,训练集/00683.jpg,train,有漂浮物,683,file_block_0004,filename_contiguous_block_provisional,1920,1080,1920,1080,c66b317f610b0cd837e2637580a7b58227c189b6f36e442e4040bc408e822774,6f7b73767cfcfdf9,True,False,,True,,unreviewed
00684.jpg,训练集/00684.jpg,train,有漂浮物,684,file_block_0004,filename_contiguous_block_provisional,1920,1080,1920,1080,3b9f5dd5a789d0a15c968b26d0b760ed167af8ddc47994b1be000bf1f981734c,636b7377fcf8fcd8,True,False,,True,,unreviewed
00685.jpg,训练集/00685.jpg,train,有漂浮物,685,file_block_0004,filename_contiguous_block_provisional,1920,1080,1920,1080,1e474aaaa63ecbec49dd00bffcd290740e35ba0b85ced5debe6ec6235dbb618b,637b7170f0e8eadb,True,False,,True,,unreviewed
00686.jpg,训练集/00686.jpg,train,有漂浮物,686,file_block_0004,filename_contiguous_block_provisional,1920,1080,1920,1080,3c70d248c296d4693a6723e183317fc0de867bd0e8caa166a4200048e95da5f1,6f7b73f2fefafadb,True,False,,True,,unreviewed
00687.jpg,训练集/00687.jpg,train,有漂浮物,687,file_block_0004,filename_contiguous_block_provisional,1920,1080,1920,1080,ac0cddb9310d409dc5c4fc6ef77a24a5e54b8075e9d1716fb4cd7d244dc32e30,c76373f0c2283a9b,True,False,,True,,unreviewed
00688.jpg,训练集/00688.jpg,train,有漂浮物,688,file_block_0004,filename_contiguous_block_provisional,1920,1080,1920,1080,36ea0808be59ca5689145f48e76b3852584b826e93cbba9ec6ec4c0074cfd8be,0c2b735dfcdcf1f0,True,False,,True,,unreviewed
00689.jpg,训练集/00689.jpg,train,有漂浮物,689,file_block_0004,filename_contiguous_block_provisional,1920,1080,1920,1080,5863955749e926dd76b6312d2d430f949ec6068778f4ea7a50c94bf3567e874b,0f8ff3f0f8f8f8b8,True,False,,True,,unreviewed
00690.jpg,训练集/00690.jpg,train,有漂浮物,690,file_block_0004,filename_contiguous_block_provisional,1920,1080,1920,1080,0b699ffb359c26d61f9be3ac4cd32ca4b56fbd507c69d2b8c3433a640466850c,83cff3f0f0e0c084,True,False,,True,,unreviewed
00691.jpg,训练集/00691.jpg,train,有漂浮物,691,file_block_0004,filename_contiguous_block_provisional,1920,1080,1920,1080,ac3e70599eb763feaed1813732603d95d44a3226a361c347bd71e19229065a1d,0f2f7337b8f0e060,True,False,,True,,unreviewed
00692.jpg,训练集/00692.jpg,train,有漂浮物,692,file_block_0004,filename_contiguous_block_provisional,1920,1080,1920,1080,dece213ce0e3ad4fa1f4b6b5cdf6f246ac74a55048f9226729b0b24dcf815495,e3e3f150e0c08aa2,True,False,,True,,unreviewed
00693.jpg,训练集/00693.jpg,train,有漂浮物,693,file_block_0004,filename_contiguous_block_provisional,1920,1080,1920,1080,a9d8b649e145391e987b1a3c55e894a9d29e474ec186afc0fe48f4ad7627a9c3,637f737efcf8fcc2,True,False,,True,,unreviewed
00694.jpg,训练集/00694.jpg,train,有漂浮物,694,file_block_0004,filename_contiguous_block_provisional,1920,1080,1920,1080,e8463f719cee97184729044f0d67c6969ed36178e15179f668a3f1bd3ecc9198,7b7b73f2f0f8f1fb,True,False,,True,,unreviewed
00695.jpg,训练集/00695.jpg,train,有漂浮物,695,file_block_0004,filename_contiguous_block_provisional,1920,1080,1920,1080,bffcd0a893e9eb0c74a90c5ca624aaaebd585d1f52962f03e5b66443c57a50ba,3b0707073f070f0f,True,False,,True,,unreviewed
00696.jpg,训练集/00696.jpg,train,有漂浮物,696,file_block_0004,filename_contiguous_block_provisional,1920,1080,1920,1080,9b759bee338f4fdd5fe24ade016ac34104086cce14639256dae443cb1e8795ac,030707070f47172f,True,False,,True,,unreviewed
00697.jpg,训练集/00697.jpg,train,有漂浮物,697,file_block_0004,filename_contiguous_block_provisional,1920,1080,1920,1080,2961b11563bb70402303591bc7a5060741712da2867ccef912652f6a51b2684c,3707070f8f0f0f1f,True,False,,True,,unreviewed
00698.jpg,训练集/00698.jpg,train,有漂浮物,698,file_block_0004,filename_contiguous_block_provisional,1920,1080,1920,1080,4252aa4fefd9e08bdc71f6a98bdeb0f783a7e4bfb99663bae13b5c76d3f12ec3,0707070f1f1f1f17,True,False,,True,,unreviewed
00699.jpg,训练集/00699.jpg,train,有漂浮物,699,file_block_0004,filename_contiguous_block_provisional,1920,1080,1920,1080,7078c66c847cf4c1cb26366a6d4faf68cb83fff249e390e1a1a77434b3c68d46,330707070f171717,True,False,,True,,unreviewed
00700.jpg,训练集/00700.jpg,train,有漂浮物,700,file_block_0004,filename_contiguous_block_provisional,1920,1080,1920,1080,6c56bec66bd2974acd47f92e45983b712090184ec8f40ac095387c58b2212b80,07070707070f0f17,True,False,,True,,unreviewed
00701.jpg,训练集/00701.jpg,train,有漂浮物,701,file_block_0004,filename_contiguous_block_provisional,1920,1080,1920,1080,c86fc431f5f72bc80ad38ac7fbebfc2218c5cb76010b1da332fab223cb73c6a6,070707070f0f0f1f,True,False,,True,,unreviewed
00702.jpg,训练集/00702.jpg,train,有漂浮物,702,file_block_0004,filename_contiguous_block_provisional,1920,1080,1920,1080,6a18d76ae6a6bc4a518adc537d859307870627bdf7038eb8440399df14bfdf34,33070707070f0f0f,True,False,,True,,unreviewed
00703.jpg,训练集/00703.jpg,train,有漂浮物,703,file_block_0004,filename_contiguous_block_provisional,1920,1080,1920,1080,c3ef562855911c1ec90635c830051e732babeb1fd13cb636f52feb7952a37bac,1307070707070703,True,False,,True,,unreviewed
00704.jpg,训练集/00704.jpg,train,有漂浮物,704,file_block_0004,filename_contiguous_block_provisional,1920,1080,1920,1080,ef92385a2a05bb8b3c377bde5877e31a71435fa1cd723319395aaf1da80924a8,0707070f0f0f0f0f,True,False,,True,,unreviewed
00705.jpg,训练集/00705.jpg,train,有漂浮物,705,file_block_0004,filename_contiguous_block_provisional,1920,1080,1920,1080,3cb6970bd0e41d5c6f0837eccc3ada34871025f0fb2c4bccb26ce523880b0c77,370707070717170f,True,False,,True,,unreviewed
00706.jpg,训练集/00706.jpg,train,有漂浮物,706,file_block_0004,filename_contiguous_block_provisional,1920,1080,1920,1080,0b7bfcb45278a403cdef194276d20575064a34ca65fca47de4d8f00d2f10e1c8,3307070707070707,True,False,,True,,unreviewed
00707.jpg,训练集/00707.jpg,train,有漂浮物,707,file_block_0004,filename_contiguous_block_provisional,1920,1080,1920,1080,4a65440ef0ff8ceab5dc3f4f200b9da053a3043a5223512cfc9cced954608cb6,33270707070f1713,True,False,,True,,unreviewed
00708.jpg,训练集/00708.jpg,train,有漂浮物,708,file_block_0004,filename_contiguous_block_provisional,1920,1080,1920,1080,7e840fc4550fdac5169072d8730fb2e88c319f48a122e6cd782feaa352406257,3307070f1f0f0f0f,True,False,,True,,unreviewed
00709.jpg,训练集/00709.jpg,train,有漂浮物,709,file_block_0004,filename_contiguous_block_provisional,1920,1080,1920,1080,4257b5f855e4adb932d0b79bff9681ed5e23e92a285a105ca52d14ab4b69366c,3604363703010087,True,False,,True,,unreviewed
00710.jpg,训练集/00710.jpg,train,有漂浮物,710,file_block_0004,filename_contiguous_block_provisional,1920,1080,1920,1080,7f2e36187641488d86d1e7a4e6a93bcba416b16e4c6eea244a4d601c3d0e678a,e3c3c1e0e1f17939,True,False,,True,,unreviewed
00711.jpg,训练集/00711.jpg,train,有漂浮物,711,file_block_0004,filename_contiguous_block_provisional,1920,1080,1920,1080,4191a2f93132d2a6dd79eb7d4f58ec9c1a4c53d519cdfbe3750efd18410a064e,1380c103070f0f6b,True,False,,True,,unreviewed
00712.jpg,训练集/00712.jpg,train,有漂浮物,712,file_block_0004,filename_contiguous_block_provisional,1920,1080,1920,1080,7c73d1a07f449407f0c2d7be410f46a2f4a02a9f6f2f4a521e798c016fab4392,328c80818307476b,True,False,,True,,unreviewed
00713.jpg,训练集/00713.jpg,train,有漂浮物,713,file_block_0004,filename_contiguous_block_provisional,1920,1080,1920,1080,4ca8fead13f2909468b5b8243d310cecc51c2e99aaf6e0a9cb493d76111ea36b,3284808187074777,True,False,,True,,unreviewed
00714.jpg,训练集/00714.jpg,train,有漂浮物,714,file_block_0004,filename_contiguous_block_provisional,1920,1080,1920,1080,94d5e1c17cbac1657255fb437851afb94795d74f5084b049a847fedefc5fbb98,328c81838f0f6379,True,False,,True,,unreviewed
00715.jpg,训练集/00715.jpg,train,有漂浮物,715,file_block_0004,filename_contiguous_block_provisional,1920,1080,1920,1080,3c7fa068fddbfad3000d55cdf61e5b266c0cf634983b72618e96c2f91b82b077,168180830f0f3f73,True,False,,True,,unreviewed
00716.jpg,训练集/00716.jpg,train,有漂浮物,716,file_block_0004,filename_contiguous_block_provisional,1920,1080,1920,1080,ee1caf3c7d0c090f3086c323c3566ae5e2a6292541cb1251ef9373c09b609f90,328480870f0f1f73,True,False,,True,,unreviewed
00717.jpg,训练集/00717.jpg,train,有漂浮物,717,file_block_0004,filename_contiguous_block_provisional,1920,1080,1920,1080,6ec1984dec394fd5a5ced57e521c1de4d87e9d86272b40950a8d65eff0b666ca,128081830f0f0f03,True,False,,True,,unreviewed
00718.jpg,训练集/00718.jpg,train,有漂浮物,718,file_block_0004,filename_contiguous_block_provisional,1920,1080,1920,1080,15732884ed771e9fab56ca112964358a8bd066d181d602f43a80d47926d234ba,128781830f0f0f3b,True,False,,True,,unreviewed
00719.jpg,训练集/00719.jpg,train,有漂浮物,719,file_block_0004,filename_contiguous_block_provisional,1920,1080,1920,1080,027f87f45be3424c42ad44d101aa6dbca21ce902c483940a3fd0e02186bed2c6,1280808307070f27,True,False,,True,,unreviewed
00720.jpg,训练集/00720.jpg,train,有漂浮物,720,file_block_0004,filename_contiguous_block_provisional,1920,1080,1920,1080,5e3fad4f5b1c101b08c5cdd76ade3d8014319e6d5295e687ae4dc3a53a70faa5,318980830f0f0f2b,True,False,,True,,unreviewed
00721.jpg,训练集/00721.jpg,train,有漂浮物,721,file_block_0004,filename_contiguous_block_provisional,1920,1080,1920,1080,3c78a9076bc74da85d1cf168456012b73b46a341c04b556f2f94e094bbcfa49b,128781c1070f1f0f,True,False,,True,,unreviewed
00722.jpg,训练集/00722.jpg,train,有漂浮物,722,file_block_0004,filename_contiguous_block_provisional,1920,1080,1920,1080,1a3ac30f8da5d1949cbc85b3d1ef1893312c0ac70fbe61cdca12e1e422c8851f,128181830f0f1f2b,True,False,,True,,unreviewed
00723.jpg,训练集/00723.jpg,train,有漂浮物,723,file_block_0004,filename_contiguous_block_provisional,1920,1080,1920,1080,927f0330d33e10d9514addef7434cbff25fb09cd43fbfd19c7fe749d52131982,1301818707074743,True,False,,True,,unreviewed
00724.jpg,训练集/00724.jpg,train,有漂浮物,724,file_block_0004,filename_contiguous_block_provisional,1920,1080,1920,1080,11c00bc4c4d353a723f2849b3819bb1db859a381c34f48f485aa0f28a610f3c4,13018387070f0f2f,True,False,,True,,unreviewed
00725.jpg,训练集/00725.jpg,train,有漂浮物,725,file_block_0004,filename_contiguous_block_provisional,1920,1080,1920,1080,b7382bd04d6754386bd0188fbf85f9ef96d9a119a1bd0294a802c8d85fd8cd1f,1301818307070727,True,False,,True,,unreviewed
00726.jpg,训练集/00726.jpg,train,有漂浮物,726,file_block_0004,filename_contiguous_block_provisional,1920,1080,1920,1080,a57f8b37b3a15d06294ac33fa87c7aa512aabc38fd6fd2dc748a0b2695537c9e,12018181070f0f0f,True,False,,True,,unreviewed
00727.jpg,训练集/00727.jpg,train,有漂浮物,727,file_block_0004,filename_contiguous_block_provisional,1920,1080,1920,1080,43eb00331f570b2991545ca4ed757a398265a3c85bfa163c4ab75bc636e1670a,128081830f0f0b2b,True,False,,True,,unreviewed
00728.jpg,训练集/00728.jpg,train,有漂浮物,728,file_block_0004,filename_contiguous_block_provisional,1920,1080,1920,1080,099a7a8d8ade8739a19e10d3431ff0c673431df05dd9f4bef6062f9b2b4a695e,1a8d81830f0f262b,True,False,,True,,unreviewed
00729.jpg,训练集/00729.jpg,train,有漂浮物,729,file_block_0004,filename_contiguous_block_provisional,1920,1080,1920,1080,441725453ca491b53b3ec8cf849555944d801c8b7186e2ebb7350404e35c381e,1b0b81878f0f0f23,True,False,,True,,unreviewed
00730.jpg,训练集/00730.jpg,train,有漂浮物,730,file_block_0004,filename_contiguous_block_provisional,1920,1080,1920,1080,5926d24389ce2ec6db3f9c797d8ae9b329fea4313af27e416e1186a1dfdb8211,120080810d0d0f0f,True,False,,True,,unreviewed
00731.jpg,训练集/00731.jpg,train,有漂浮物,731,file_block_0004,filename_contiguous_block_provisional,1920,1080,1920,1080,0602e16b6979587dca143591bdcf28a43bc9294c6a39ed6a05238ea3e3b06604,338d8187070f0f73,True,False,,True,,unreviewed
00732.jpg,训练集/00732.jpg,train,有漂浮物,732,file_block_0004,filename_contiguous_block_provisional,1920,1080,1920,1080,4709a63fb4e950e3b7d6e4c66918d6f7a3616a2bf72b67a85da53884d2e48f7f,1b8c80810b1f1b1b,True,False,,True,,unreviewed
00733.jpg,训练集/00733.jpg,train,有漂浮物,733,file_block_0004,filename_contiguous_block_provisional,1920,1080,1920,1080,f137c61968fdfdd8763ed47f2c0b5b4c59603f732c0b9451fdf76f0f4c4f405e,328880820f0c0c0f,True,False,,True,,unreviewed
00734.jpg,训练集/00734.jpg,train,有漂浮物,734,file_block_0004,filename_contiguous_block_provisional,1920,1080,1920,1080,b719a360626565de03f8b7275250608e5361aaa0149c0ef93b836620717afbd5,1b81818d8f0f2e2f,True,False,,True,,unreviewed
00735.jpg,训练集/00735.jpg,train,有漂浮物,735,file_block_0004,filename_contiguous_block_provisional,1920,1080,1920,1080,54ef8d308263ed38fd86dbb2f3110bc11a65d4259d4d794b32b1a21d50ab6739,338d81818c0d3733,True,False,,True,,unreviewed
00736.jpg,训练集/00736.jpg,train,有漂浮物,736,file_block_0004,filename_contiguous_block_provisional,1920,1080,1920,1080,9b08bb934931ca4fe3716febb58099efc3ae0fb516ed6b5fbc676465c76d0ec0,379f80808c8f0737,True,False,,True,,unreviewed
00737.jpg,训练集/00737.jpg,train,有漂浮物,737,file_block_0004,filename_contiguous_block_provisional,1920,1080,1920,1080,7a1366afbf3e1051707dcac01d1d279bcd775f923811c800a23ce66c36af168a,339c80840e0f2f3b,True,False,,True,,unreviewed
00738.jpg,训练集/00738.jpg,train,有漂浮物,738,file_block_0004,filename_contiguous_block_provisional,1920,1080,1920,1080,611d4d08c3c7bc63c1b1fc00ca52372ce12ae1528dd757afdfeb494994a6cf3a,33f3a187878fcf1b,True,False,,True,,unreviewed
00739.jpg,训练集/00739.jpg,train,有漂浮物,739,file_block_0004,filename_contiguous_block_provisional,1920,1080,1920,1080,1e98159d158bc12eb2c643383a3d0b35d4be6a6851a6b4dd0705bd781a1073b6,339981830307071b,True,False,,True,,unreviewed
00740.jpg,训练集/00740.jpg,train,有漂浮物,740,file_block_0004,filename_contiguous_block_provisional,1920,1080,1920,1080,12410c461eec74a84c014c7fac1939cb60bae8ec55e7c7e76ff9f2fa235d2a6b,1c8481030f0f4f2f,True,False,,True,,unreviewed
00741.jpg,训练集/00741.jpg,train,有漂浮物,741,file_block_0004,filename_contiguous_block_provisional,1920,1080,1920,1080,5ff90220506bd0a4b16b44fc37b7caae38c31961529f4e06d7769b65f01a2d77,1c8081070f1f3f2f,True,False,,True,,unreviewed
00742.jpg,训练集/00742.jpg,train,有漂浮物,742,file_block_0004,filename_contiguous_block_provisional,1920,1080,1920,1080,924c10f498d9920e6c390f4e860670ab8da763c515ad957cbf840287350dcd91,33858103070f4f4f,True,False,,True,,unreviewed
00743.jpg,训练集/00743.jpg,train,有漂浮物,743,file_block_0004,filename_contiguous_block_provisional,1920,1080,1920,1080,f30c8e595c8b77d94632eed871cb13fa720d165efe94fbf31874113c2a349c06,1b0781070f0f0727,True,False,,True,,unreviewed
00744.jpg,训练集/00744.jpg,train,有漂浮物,744,file_block_0004,filename_contiguous_block_provisional,1920,1080,1920,1080,16da784d3443622e2e8fb4cf6b551a691b1c07821aaf979ea28de47c2fd976d7,130381070f0f0723,True,False,,True,,unreviewed
00745.jpg,训练集/00745.jpg,train,有漂浮物,745,file_block_0004,filename_contiguous_block_provisional,1920,1080,1920,1080,4a5e0fd472131c43122b0c21427c93c56d7a451899c96c93c1c98e6476ef53e0,1b8f84870f1f3f2f,True,False,,True,,unreviewed
00746.jpg,训练集/00746.jpg,train,有漂浮物,746,file_block_0004,filename_contiguous_block_provisional,1920,1080,1920,1080,5d30fd0640809da4d352de95aa5b849cb8d4c91a88cc6c45d7afa71766c3b3b8,b38d81818f1f6e3f,True,False,,True,,unreviewed
00747.jpg,训练集/00747.jpg,train,有漂浮物,747,file_block_0004,filename_contiguous_block_provisional,1920,1080,1920,1080,854f431bf3ea25611a603445a7ec2180da6de7447bd3e9f688794d4c30aa2f8f,2b03623f0f0727e5,True,False,,True,,unreviewed
00748.jpg,训练集/00748.jpg,train,有漂浮物,748,file_block_0004,filename_contiguous_block_provisional,1920,1080,1920,1080,d94b431bd8f7572cba93229851be614fe1e9dd4cb4f2b30c24d68409a17e472b,0b83422b0f0f27e7,True,False,,True,,unreviewed
00749.jpg,训练集/00749.jpg,train,有漂浮物,749,file_block_0004,filename_contiguous_block_provisional,1920,1080,1920,1080,0036c0e7ed00fe1ac8087afa7a79953c0d9084afa3300c0eaea6e76622e59a0a,2b0b4e1f070727c1,True,False,,True,,unreviewed
00750.jpg,训练集/00750.jpg,train,有漂浮物,750,file_block_0004,filename_contiguous_block_provisional,1920,1080,1920,1080,a74e3758be6dec0044bb9e92155485c4ba65cdd8cfe6dfab3b243dcf76b531af,23e1683f0f0e27d1,True,False,,True,,unreviewed
00751.jpg,训练集/00751.jpg,train,有漂浮物,751,file_block_0004,filename_contiguous_block_provisional,1920,1080,1920,1080,6532ab02a97f83dbb2ffcd5420c310aef37359ade147bcd169f23068bf9879ea,8b8342330b0f27e1,True,False,,True,,unreviewed
00752.jpg,训练集/00752.jpg,train,有漂浮物,752,file_block_0004,filename_contiguous_block_provisional,1920,1080,1920,1080,fe65d1a2b878935e1b57d6f2a1a55820da367c0220f06ea17f96268765567b8f,0f1f2f3e0e0f27e3,True,False,,True,,unreviewed
00753.jpg,训练集/00753.jpg,train,有漂浮物,753,file_block_0004,filename_contiguous_block_provisional,1920,1080,1920,1080,911faf8cad32e58206ffe40c4c1bc559c78e37d63f41b8c4afc03c34028db4a7,ab83462f0f0f2763,True,False,,True,,unreviewed
00754.jpg,训练集/00754.jpg,train,有漂浮物,754,file_block_0004,filename_contiguous_block_provisional,1920,1080,1920,1080,858c72b8272caf417898ac420312c9286e725b6fed8011dff10e0f0bd7ef5371,ab83662e0f0f2763,True,False,,True,,unreviewed
00755.jpg,训练集/00755.jpg,train,有漂浮物,755,file_block_0004,filename_contiguous_block_provisional,3840,2160,3840,2160,7d59197da59edd5ab731703d43aefb1d84378ce73bebe5e88f216fdfb2717141,c722a3c3daf6feea,True,False,,True,,unreviewed
00756.jpg,训练集/00756.jpg,train,有漂浮物,756,file_block_0004,filename_contiguous_block_provisional,3840,2160,3840,2160,e5bdec1f551cb3539b84ac3a2059d02fdcdafeaff269bf18907f5a0372218c3e,687064e3720c1e6a,True,False,,True,,unreviewed
00757.jpg,训练集/00757.jpg,train,有漂浮物,757,file_block_0004,filename_contiguous_block_provisional,3840,2160,3840,2160,e3ec1b5404bd83a2415863e4faeeb288afe13b641b483a7de1f53cfd548a9142,402627961e3edc68,True,False,,True,,unreviewed
00758.jpg,训练集/00758.jpg,train,有漂浮物,758,file_block_0004,filename_contiguous_block_provisional,3840,2160,3840,2160,7fd34d4f76ce69c2431112ff3669929e022780311d767571c27fb348ed0a3397,c824a3d3def6fce8,True,False,,True,,unreviewed
00759.jpg,训练集/00759.jpg,train,有漂浮物,759,file_block_0004,filename_contiguous_block_provisional,1280,720,1280,720,650fe305f0f4163a1b81aaf31a183a5272c33cdbd4e3b086755418a9f7c1f779,4f7f7fe7c7c70707,True,False,,True,,unreviewed
00760.jpg,训练集/00760.jpg,train,有漂浮物,760,file_block_0004,filename_contiguous_block_provisional,1280,720,1280,720,466646e4ca3e89cd240e93c589594ab7687c7937fabcaa7d3a40ebc242e35944,f7f3f1f1f0f0fede,True,False,,True,,unreviewed
00761.jpg,训练集/00761.jpg,train,有漂浮物,761,file_block_0004,filename_contiguous_block_provisional,1280,720,1280,720,e9e0e56c1e74e091d64aee1545c2f8e196bdd6b7c81796a089b4008d5b1d43f9,bc9cbd9dbdbdbd9d,True,False,,True,,unreviewed
00762.jpg,训练集/00762.jpg,train,有漂浮物,762,file_block_0004,filename_contiguous_block_provisional,1280,720,1280,720,58e77f89b368b8d0d26c0ba99c2e3f4871b87d6cab4cae512a094a541d5d24f1,9d9d9d9d9dbdbb9d,True,False,,True,,unreviewed
00763.jpg,训练集/00763.jpg,train,有漂浮物,763,file_block_0004,filename_contiguous_block_provisional,1280,720,1280,720,eb60a0bc2ad5bd936be7fc489244ee70839c131497cf8b5cfdbf5582d662bfdf,9d9d999d9dbd999d,True,False,,True,,unreviewed
00764.jpg,训练集/00764.jpg,train,有漂浮物,764,file_block_0004,filename_contiguous_block_provisional,1280,720,1280,720,5d779ee3b2787773bee5f8c3112896f7635eac786e59f4ee6e36164ce6c7ea2c,d9d9d9d95ddddbd7,True,False,,True,,unreviewed
00765.jpg,训练集/00765.jpg,train,有漂浮物,765,file_block_0004,filename_contiguous_block_provisional,1280,720,1280,720,da756a91471fea8385f6584c7cca4e79eb366c336746f6896fc3903a63217ff7,fafafa3e7ffffe86,True,False,,True,,unreviewed
00766.jpg,训练集/00766.jpg,train,有漂浮物,766,file_block_0004,filename_contiguous_block_provisional,1280,720,1280,720,beae6a2b657c48866ae4badceed4eefcf1f653f9cac62087f5c1fba787a1d6ef,fafafa7e7effdf8e,True,False,,True,,unreviewed
00767.jpg,训练集/00767.jpg,train,有漂浮物,767,file_block_0004,filename_contiguous_block_provisional,1280,720,1280,720,5c9e989b76924e985e0a8b72add004555ea19359a3a78cadd1caf9f9f0418300,cecececedfcf8f8f,True,False,,True,,unreviewed
00768.jpg,训练集/00768.jpg,train,有漂浮物,768,file_block_0004,filename_contiguous_block_provisional,1920,1080,1920,1080,a0aea60bccdd83b98e7e643118e2e7d6108e8ead5fd806cce1c92a9047efd5ed,c393c1e5c76737b7,True,False,,True,,unreviewed
00769.jpg,训练集/00769.jpg,train,有漂浮物,769,file_block_0004,filename_contiguous_block_provisional,1920,1080,1920,1080,00914fcff2c897a71bea92f1b81e8010bf536e57312e0b505cde89963c6e7a64,c38381e0e06369b1,True,False,,True,,unreviewed
00770.jpg,训练集/00770.jpg,train,有漂浮物,770,file_block_0004,filename_contiguous_block_provisional,2560,1440,2560,1440,9706858ecb2c322655e46bbae822f18bb28edccbd02a92ac3678b51be7a65bf3,19183f5bcbc3e7c7,True,False,,True,,unreviewed
00771.jpg,训练集/00771.jpg,train,有漂浮物,771,file_block_0004,filename_contiguous_block_provisional,2560,1440,2560,1440,17eb8558139ddd43fbdf016d7d0f687caadf2ef93e695e5b7fe9a6b69586bccd,19183f5bdb536767,True,False,,True,,unreviewed
00772.jpg,训练集/00772.jpg,train,有漂浮物,772,file_block_0004,filename_contiguous_block_provisional,2560,1440,2560,1440,307e77f09c3ae46ee82e6592fb1ecfe30a1bdba002934ae3dce6dc3be56870fb,19183f5bcf476767,True,False,,True,,unreviewed
00773.jpg,训练集/00773.jpg,train,有漂浮物,773,file_block_0004,filename_contiguous_block_provisional,2560,1440,2560,1440,d70008d6f60acd69559c22c1d04556cdd43123a436bccf5741e1e77b6e70b71a,1f4f6f6b6e674f0f,True,False,,True,,unreviewed
00774.jpg,训练集/00774.jpg,train,有漂浮物,774,file_block_0004,filename_contiguous_block_provisional,2560,1440,2560,1440,ab265fe3eab75b93319b23a9bf446ef1f63e765a48db6641447ab92e73ca1fda,1f4f6f7367676e1d,True,False,,True,,unreviewed
00775.jpg,训练集/00775.jpg,train,有漂浮物,775,file_block_0004,filename_contiguous_block_provisional,2560,1440,2560,1440,d9c4a509a60f75a136e50a6bc21bea7547e2ac4e801f6ff230317b4698ff4287,1f4f6f6377774e1d,True,False,,True,,unreviewed
00776.jpg,训练集/00776.jpg,train,有漂浮物,776,file_block_0004,filename_contiguous_block_provisional,2560,1440,2560,1440,ca96aa8bc183b04fb5d40763ac0cbc4015b01c8a1a48aa288a3ddc9ae6a11c68,1b0d6b6b6a06060c,True,False,,True,,unreviewed
00777.jpg,训练集/00777.jpg,train,有漂浮物,777,file_block_0004,filename_contiguous_block_provisional,2560,1440,2560,1440,7fc3f8730470f930e88bb2c86b30a7900aba5d6a31af992a6295b0d4b506d2df,1b2d7b6b6e26060d,True,False,,True,,unreviewed
00778.jpg,训练集/00778.jpg,train,有漂浮物,778,file_block_0004,filename_contiguous_block_provisional,2560,1440,2560,1440,e3b5bfa04bcb6f4f91d9c82fb04808979ecd1a9a0579abb9e0d98a24831822d4,2d2721332b230f18,True,False,,True,,unreviewed
00779.jpg,训练集/00779.jpg,train,有漂浮物,779,file_block_0004,filename_contiguous_block_provisional,1920,1080,1920,1080,6d78b38cc9ed6f436ebc8d0bc808d1051ab9f574e029fceaaafcf20d691882e5,38183808081c1e0f,True,False,,True,,unreviewed
00780.jpg,训练集/00780.jpg,train,有漂浮物,780,file_block_0004,filename_contiguous_block_provisional,1920,1080,1920,1080,9e0b56dbc60286f660893e89769f96c6fc56aa7d6b7354fee38741bc9647c870,1410100808001a0f,True,False,,True,,unreviewed
00781.jpg,训练集/00781.jpg,train,有漂浮物,781,file_block_0004,filename_contiguous_block_provisional,1920,1080,1920,1080,7ba3d7de632ef9dd3f3abbfaca3108d026e0dad11f3a0621f06fb6fe552d11a9,343888080800100b,True,False,,True,,unreviewed
00782.jpg,训练集/00782.jpg,train,有漂浮物,782,file_block_0004,filename_contiguous_block_provisional,1920,1080,1920,1080,e95f1fc1e66811c854bce4acb7d03ede2b409084f96054c5278dc90539c9a40c,94903008088c0f0f,True,False,,True,,unreviewed
00783.jpg,训练集/00783.jpg,train,有漂浮物,783,file_block_0004,filename_contiguous_block_provisional,1920,1080,1920,1080,5bfae19852d6e28240847e7e4e283f6811ef06bb03eb7653c05eb9935e133563,343028080800188b,True,False,,True,,unreviewed
00784.jpg,训练集/00784.jpg,train,有漂浮物,784,file_block_0004,filename_contiguous_block_provisional,1920,1080,1920,1080,76bcbbaaa38ff6c35869ad0e163171e5cf063499afc4a622307108ecb1d5a450,101008080000088a,True,False,,True,,unreviewed
00785.jpg,训练集/00785.jpg,train,有漂浮物,785,file_block_0004,filename_contiguous_block_provisional,1920,1080,1920,1080,154f1361309a52cda28fb642b14979422b65d541419f8866eb332e48515818b1,94903008080c0e0f,True,False,,True,,unreviewed
00786.jpg,训练集/00786.jpg,train,有漂浮物,786,file_block_0004,filename_contiguous_block_provisional,2560,1440,2560,1440,b58fd36d60d0f815211073791fae80e4e9b131a5d25d7be986d0085ae27cf8a6,4f8f0f1e7cfc8a92,True,False,,True,,unreviewed
00787.jpg,训练集/00787.jpg,train,有漂浮物,787,file_block_0004,filename_contiguous_block_provisional,2560,1440,2560,1440,13bb134a8b67114293a082684cffe7fd7315338775d4a6744900808e93dbad03,0f07070604c40383,True,False,,True,,unreviewed
00788.jpg,训练集/00788.jpg,train,有漂浮物,788,file_block_0004,filename_contiguous_block_provisional,2560,1440,2560,1440,f11f825f5b42ad4c14b7d43a5b226167ab2fe4e906e621303f2cf33cbca8a073,0f070300049401c3,True,False,,True,,unreviewed
00789.jpg,训练集/00789.jpg,train,有漂浮物,789,file_block_0004,filename_contiguous_block_provisional,2560,1440,2560,1440,ba443b1700b56ec6284b90bac4fb057bd49f4a3108596c6f17de934c0bb8f3da,4e070200c0c0e020,True,False,,True,,unreviewed
00790.jpg,训练集/00790.jpg,train,有漂浮物,790,file_block_0004,filename_contiguous_block_provisional,2560,1440,2560,1440,cc64203b423a96a530487ef941c34d317c9ebc94fb5140a7cc1b74402e07567f,0f070e1e1cdcf8a2,True,False,,True,,unreviewed
00791.jpg,训练集/00791.jpg,train,有漂浮物,791,file_block_0004,filename_contiguous_block_provisional,1920,1080,1920,1080,e74d148f55e22b0cdfcd55d9bc7c1db1da7fc4a2e52c4582d2c9095df39e7e99,981b838707333133,True,False,,True,,unreviewed
00792.jpg,训练集/00792.jpg,train,有漂浮物,792,file_block_0004,filename_contiguous_block_provisional,1920,1080,1920,1080,84dd1d7b4c59753fecc2832d5ea35bb489a56c83006814023a6530f1dabe4ea1,191b8307033333b3,True,False,,True,,unreviewed
00793.jpg,训练集/00793.jpg,train,有漂浮物,793,file_block_0004,filename_contiguous_block_provisional,1920,1080,1920,1080,3dc26ec42dc593326f68d0543d66bc5eb533c8a4239f8f2adc9cd1bc598db412,1e0b830303a373f3,True,False,,True,,unreviewed
00794.jpg,训练集/00794.jpg,train,有漂浮物,794,file_block_0004,filename_contiguous_block_provisional,1920,1080,1920,1080,ded8a329e087455d84acb1ac410a6e8245696852b799eb75cd79a77b891a0fbc,1f3f37070fafd6cc,True,False,,True,,unreviewed
00795.jpg,训练集/00795.jpg,train,有漂浮物,795,file_block_0004,filename_contiguous_block_provisional,1920,1080,1920,1080,ad2451b18043eb32c348229b915c215e92b0e734b44db8d5287b260b3392378c,071d27070787c7ce,True,False,,True,,unreviewed
00796.jpg,训练集/00796.jpg,train,有漂浮物,796,file_block_0004,filename_contiguous_block_provisional,1920,1080,1920,1080,7943e99f1db050046babfc61ff33d1de49672475feead0d7e6bd625bfe39376e,071d27070787d3cc,True,False,,True,,unreviewed
00797.jpg,训练集/00797.jpg,train,有漂浮物,797,file_block_0004,filename_contiguous_block_provisional,1920,1080,1920,1080,b9e2fc61030bedaac933e27f87d028b07bf0cd6636bba0909ec50331c5254fb5,1f3d37070f9fdfce,True,False,,True,,unreviewed
00798.jpg,训练集/00798.jpg,train,有漂浮物,798,file_block_0004,filename_contiguous_block_provisional,1920,1080,1920,1080,9060b4639825fe297d3e4d115171a70c534414f94edaac325622c6f280a934d0,173d37070313134f,True,False,,True,,unreviewed
00799.jpg,训练集/00799.jpg,train,有漂浮物,799,file_block_0004,filename_contiguous_block_provisional,1920,1080,1920,1080,71a4905a77b5c60359af4250e50bd1b677c458557b551a4f404fe0dcba07942c,1f3d370f1f1f9bce,True,False,,True,,unreviewed
00800.jpg,训练集/00800.jpg,train,有漂浮物,800,file_block_0004,filename_contiguous_block_provisional,1920,1080,1920,1080,f793a83f01885e47bb247f2d881f2be1bfef11f75aa556718f89e194cfb46faf,073f27070f07a3ee,True,False,,True,,unreviewed
00801.jpg,训练集/00801.jpg,train,有漂浮物,801,file_block_0004,filename_contiguous_block_provisional,1920,1080,1920,1080,82e2cfcdd89e13144830a96fc209a3e70d7d92671528ea10d988e5449af07be6,073f3707070703cf,True,False,,True,,unreviewed
00802.jpg,训练集/00802.jpg,train,有漂浮物,802,file_block_0004,filename_contiguous_block_provisional,1920,1080,1920,1080,4e86ee81da008936103d86f70deefd2a9f4de54960a31f864c4eaa6ad86324a4,0f3d370703038bce,True,False,,True,,unreviewed
00803.jpg,训练集/00803.jpg,train,有漂浮物,803,file_block_0004,filename_contiguous_block_provisional,1920,1080,1920,1080,ae2eccd29b1ac4ae3edf4cae267202699d9dae617a349d86343a3d8a80ae7078,073d3707071f3fce,True,False,,True,,unreviewed
00804.jpg,训练集/00804.jpg,train,有漂浮物,804,file_block_0004,filename_contiguous_block_provisional,1920,1080,1920,1080,f7fbbec3774251dab5dcdc3b83dd0f914c5ce88045f8fd8f149062038e55ad02,173f37070f1f97d6,True,False,,True,,unreviewed
00805.jpg,训练集/00805.jpg,train,有漂浮物,805,file_block_0004,filename_contiguous_block_provisional,1920,1080,1920,1080,47e92cf15bf358dbaf55a7c06e51d3529551c849c39a71ac95a9a56aad75eff3,0f3f37078f3f7f6f,True,False,,True,,unreviewed
00806.jpg,训练集/00806.jpg,train,有漂浮物,806,file_block_0004,filename_contiguous_block_provisional,1920,1080,1920,1080,0de8225e2e6d60a9b223fd21067a657e8e4de4b280e9ebc40304b918d41ef214,073d37070f8f8fcc,True,False,,True,,unreviewed
00807.jpg,训练集/00807.jpg,train,有漂浮物,807,file_block_0004,filename_contiguous_block_provisional,1920,1080,1920,1080,5d973046d0cc19665c50514675660158083b011285060d683e07af7de51c1f9a,0f3d37070f8fafc8,True,False,,True,,unreviewed
00808.jpg,训练集/00808.jpg,train,有漂浮物,808,file_block_0004,filename_contiguous_block_provisional,1920,1080,1920,1080,e2f859f872f8072d55570a53a37cf179ea5e782ee7fe1d4a5ca0e38187baf149,173d3707078f9fcc,True,False,,True,,unreviewed
00809.jpg,训练集/00809.jpg,train,有漂浮物,809,file_block_0004,filename_contiguous_block_provisional,1920,1080,1920,1080,9a8797f43785f3082d6c96a07ec3ec34032b50b56a280e3b4d69ca23371ae14a,073d37070d3cf8c9,True,False,,True,,unreviewed
00810.jpg,训练集/00810.jpg,train,有漂浮物,810,file_block_0004,filename_contiguous_block_provisional,1920,1080,1920,1080,8a8207ef736c2568c7230a2a6bba2e40d070c5d650354e3f8a56712c67d817d4,0f3d370f1fbffcd8,True,False,,True,,unreviewed
00811.jpg,训练集/00811.jpg,train,有漂浮物,811,file_block_0004,filename_contiguous_block_provisional,1920,1080,1920,1080,37312813201dbb7b0f01eec6b8efbbb66496d154e870af54c2eb147f5b707c52,0f3d37070f9fcfda,True,False,,True,,unreviewed
00812.jpg,训练集/00812.jpg,train,有漂浮物,812,file_block_0004,filename_contiguous_block_provisional,1920,1080,1920,1080,963cd93e82eaf8c608bf05c70f4a48f3c73b5e5306afe7253feb905d98595ef5,073d3707078fcfd5,True,False,,True,,unreviewed
00813.jpg,训练集/00813.jpg,train,有漂浮物,813,file_block_0004,filename_contiguous_block_provisional,1920,1080,1920,1080,925f7e903517c722e0384c49b14892c8e237b51e507382778094d852de0f072a,1f3f3f0f1f1f5f5e,True,False,,True,,unreviewed
00814.jpg,训练集/00814.jpg,train,有漂浮物,814,file_block_0004,filename_contiguous_block_provisional,1920,1080,1920,1080,9fef89131ee935c30dbf6e6fda2ea0e22a8553a19685d78991bd85bfb47ab53c,1f3f370f1f1f5f1c,True,False,,True,,unreviewed
00815.jpg,训练集/00815.jpg,train,有漂浮物,815,file_block_0004,filename_contiguous_block_provisional,1920,1080,1920,1080,a733ff708f278e51dddb3bcb0843f4a39675b3ec6d03c1e0d1d190bce8b2f310,073d370f8f8fbeee,True,False,,True,,unreviewed
00816.jpg,训练集/00816.jpg,train,有漂浮物,816,file_block_0004,filename_contiguous_block_provisional,2688,1520,2688,1520,ebda8f3836a4650d940b1bf6749d4266e120103f429fcc5dab53bd92bd3946e2,0707070607070707,True,False,,True,,unreviewed
00817.jpg,训练集/00817.jpg,train,有漂浮物,817,file_block_0004,filename_contiguous_block_provisional,2688,1520,2688,1520,196745fb020bfd0c1eae1ce1e311325c475cde26978643e65599e9f123575e38,39310f0307070317,True,False,,True,,unreviewed
00818.jpg,训练集/00818.jpg,train,有漂浮物,818,file_block_0004,filename_contiguous_block_provisional,2688,1520,2688,1520,a81815c0deef20ddde3c7b7c200d0de582c20dd5fca3356f9401af473a7ebbd4,3f1f1f0717171f1f,True,False,,True,,unreviewed
00819.jpg,训练集/00819.jpg,train,有漂浮物,819,file_block_0004,filename_contiguous_block_provisional,2688,1520,2688,1520,cb2f4d38f002d3b6a33201d4cbcd930553232392d69b590871efc188dfad1e69,0f1307070707038b,True,False,,True,,unreviewed
00820.jpg,训练集/00820.jpg,train,有漂浮物,820,file_block_0004,filename_contiguous_block_provisional,2688,1520,2688,1520,0dc905d827dc9fba36ef5a30a4b3d660f322b8eea51941044f693372c73dec80,0701236727070f4f,True,False,,True,,unreviewed
00821.jpg,训练集/00821.jpg,train,有漂浮物,821,file_block_0004,filename_contiguous_block_provisional,2688,1520,2688,1520,d07a2bf929427d32406b33222c6fff5c11689e47bc3c1387ee315c8b655c24af,8701236747070f4f,True,False,,True,,unreviewed
00822.jpg,训练集/00822.jpg,train,有漂浮物,822,file_block_0004,filename_contiguous_block_provisional,2688,1520,2688,1520,b6b50573ed439b514556a28367da8d614f80dd4903c39d39425fbc19a99a4cb4,0701236767030347,True,False,,True,,unreviewed
00823.jpg,训练集/00823.jpg,train,有漂浮物,823,file_block_0004,filename_contiguous_block_provisional,2688,1520,2688,1520,1fc24b0c0d0135fdf62324888e577082133079781e2584c9259d329915884d96,0701356767437367,True,False,,True,,unreviewed
00824.jpg,训练集/00824.jpg,train,有漂浮物,824,file_block_0004,filename_contiguous_block_provisional,2688,1520,2688,1520,40245612249284942c0810d7f07925fda4bda53689189803c8ce895d10af0ef3,870161670703034f,True,False,,True,,unreviewed
00825.jpg,训练集/00825.jpg,train,有漂浮物,825,file_block_0004,filename_contiguous_block_provisional,2688,1520,2688,1520,a937160f322cd1a6b887dd5eb3229d8910bef2933257ffd7ba4cde0def01da84,870161670703034f,True,False,,True,,unreviewed
00826.jpg,训练集/00826.jpg,train,有漂浮物,826,file_block_0004,filename_contiguous_block_provisional,2688,1520,2688,1520,903f10b45c5f1e8c8c17cf164e65a53e9a1721ffd92b1c644a7ef84a276b56bd,8701716767075f77,True,False,,True,,unreviewed
00827.jpg,训练集/00827.jpg,train,有漂浮物,827,file_block_0004,filename_contiguous_block_provisional,2688,1520,2688,1520,62b503fdccbb4f89dcd60975a9832b893fcc4f1b0da8bc425ada5934afa10f96,870131674703076f,True,False,,True,,unreviewed
00828.jpg,训练集/00828.jpg,train,有漂浮物,828,file_block_0004,filename_contiguous_block_provisional,2688,1520,2688,1520,156b215d65e5eb9de0fadf0b27d81638c0be727c18b432c6acc7999b95d8f06a,87016167670f4743,True,False,,True,,unreviewed
00829.jpg,训练集/00829.jpg,train,有漂浮物,829,file_block_0004,filename_contiguous_block_provisional,2688,1520,2688,1520,1bdd4c664cb3ff318771f2b7a6e762912ae44c4242fabe9bc840d4e45a7aa4e4,8701636767070747,True,False,,True,,unreviewed
00830.jpg,训练集/00830.jpg,train,有漂浮物,830,file_block_0004,filename_contiguous_block_provisional,2688,1520,2688,1520,bc6e0f4ed80aaced4c23bc4a6da607c1580cefbab26ba053c6bd6a345df07b88,8701636747074747,True,False,,True,,unreviewed
00831.jpg,训练集/00831.jpg,train,有漂浮物,831,file_block_0004,filename_contiguous_block_provisional,2688,1520,2688,1520,a554d0f18765efbd12c06c74a0cf31a88af5909eeca4f7ee876e3e272e6d96a2,8701636767070f57,True,False,,True,,unreviewed
00832.jpg,训练集/00832.jpg,train,有漂浮物,832,file_block_0004,filename_contiguous_block_provisional,2688,1520,2688,1520,e41472cc3fd4d7d6c864b68143a617ef8f67e3c21a8aa5190512ede9406d3f93,8701236767071f5f,True,False,,True,,unreviewed
00833.jpg,训练集/00833.jpg,train,有漂浮物,833,file_block_0004,filename_contiguous_block_provisional,2688,1520,2688,1520,30ce2c3aef43e4e60d5696342dbcdeb85a6c1716986053c41f7bcd86fcbaa9ba,8701216767070f5f,True,False,,True,,unreviewed
00834.jpg,训练集/00834.jpg,train,有漂浮物,834,file_block_0004,filename_contiguous_block_provisional,2688,1520,2688,1520,fc1d51e1523e6c8e50cb5ce649abf588af223d281b239d482c82e6269a1e781b,8701236727070717,True,False,,True,,unreviewed
00835.jpg,训练集/00835.jpg,train,有漂浮物,835,file_block_0004,filename_contiguous_block_provisional,2688,1520,2688,1520,7b1da0baec9a2197160fee78a5fd34028bf0d5163d072fa472c3020d3fdc9eaf,070163676707335f,True,False,,True,,unreviewed
00836.jpg,训练集/00836.jpg,train,有漂浮物,836,file_block_0004,filename_contiguous_block_provisional,2688,1520,2688,1520,0ec6cd8513aa0bc190ba02f97823deebde3c55ec67c3baf203416aaa7daca447,0701236747030343,True,False,,True,,unreviewed
00837.jpg,训练集/00837.jpg,train,有漂浮物,837,file_block_0004,filename_contiguous_block_provisional,2688,1520,2688,1520,50283c827cf3804190b4748746bbc26993e4d540db248abd34358bff16c5223d,0701616747030757,True,False,,True,,unreviewed
00838.jpg,训练集/00838.jpg,train,有漂浮物,838,file_block_0004,filename_contiguous_block_provisional,2688,1520,2688,1520,26503966759e4bfd83b5283bdc4954fc6a79c73747c181eb714d1da243f55d52,0701233707032327,True,False,,True,,unreviewed
00839.jpg,训练集/00839.jpg,train,有漂浮物,839,file_block_0004,filename_contiguous_block_provisional,2688,1520,2688,1520,2c027fa73b8bc28e3892fa71fe8c79f3e5da68c0efd8277371da30f5e9f81772,8701232727070763,True,False,,True,,unreviewed
00840.jpg,训练集/00840.jpg,train,有漂浮物,840,file_block_0004,filename_contiguous_block_provisional,2688,1520,2688,1520,5b2f51f87bacec6e0667895656e3b6682bb288923c9d2b38391aae2758edcf21,8701236747034f5f,True,False,,True,,unreviewed
00841.jpg,训练集/00841.jpg,train,有漂浮物,841,file_block_0004,filename_contiguous_block_provisional,2688,1520,2688,1520,01f939651693190193025a8d5b6c620ab7045e6b15f8637081bb7d9445b09411,0503032707030357,True,False,,True,,unreviewed
00842.jpg,训练集/00842.jpg,train,有漂浮物,842,file_block_0004,filename_contiguous_block_provisional,2688,1520,2688,1520,ac74d91484525bc520b890f26f4853323ad4a299f8d5361a11fa63ea7e53b304,0703036703030353,True,False,,True,,unreviewed
00843.jpg,训练集/00843.jpg,train,有漂浮物,843,file_block_0004,filename_contiguous_block_provisional,2688,1520,2688,1520,a13549c8f97d527582879ab02165c93fcf986f68afcf34a05e5ba5f7e69a912e,0703030707070767,True,False,,True,,unreviewed
00844.jpg,训练集/00844.jpg,train,有漂浮物,844,file_block_0004,filename_contiguous_block_provisional,2688,1520,2688,1520,a181bc3dbeb12604218a8843af66f6c5afa01644de5232dc259ab54cab8009ed,0703030707030363,True,False,,True,,unreviewed
00845.jpg,训练集/00845.jpg,train,有漂浮物,845,file_block_0004,filename_contiguous_block_provisional,2688,1520,2688,1520,753238085ca9e8b8ff6f4b151b8175a44c65a704a5b1aded6576631e02001059,8501230707030343,True,False,,True,,unreviewed
00846.jpg,训练集/00846.jpg,train,有漂浮物,846,file_block_0004,filename_contiguous_block_provisional,2688,1520,2688,1520,893fc7f1ab8e4ffd101c72cadb1d7c9261951b18bbfc3e414a51b7d2e75f985f,07032367070f0f47,True,False,,True,,unreviewed
00847.jpg,训练集/00847.jpg,train,有漂浮物,847,file_block_0004,filename_contiguous_block_provisional,2688,1520,2688,1520,d0f31e97ff24c38a1ca432eef7c123e94971119be48520b3a685f9c4209cf7ea,050123670703036b,True,False,,True,,unreviewed
00848.jpg,训练集/00848.jpg,train,有漂浮物,848,file_block_0004,filename_contiguous_block_provisional,2688,1520,2688,1520,e14ed3e7d3404e2336649f19f8d408eb5ac01d61318e179c7afedce2a320d72b,0703236707070767,True,False,,True,,unreviewed
00849.jpg,训练集/00849.jpg,train,有漂浮物,849,file_block_0004,filename_contiguous_block_provisional,2688,1520,2688,1520,4346d334cf3b4259ef6a7d0db43781a7b0786fac59f81c18bf0f234688788953,07032367070f1b73,True,False,,True,,unreviewed
00850.jpg,训练集/00850.jpg,train,有漂浮物,850,file_block_0004,filename_contiguous_block_provisional,2688,1520,2688,1520,7e5186b2e3fbc546fed908a2625acd6fd723b5d03117eca644aba86741b255ea,07032327070f1f3f,True,False,,True,,unreviewed
00851.jpg,训练集/00851.jpg,train,有漂浮物,851,file_block_0004,filename_contiguous_block_provisional,2688,1520,2688,1520,948ccf774a46415b04205616fb03d7f636233102655b4ddab4a2a60efcac0f52,0703032707070717,True,False,,True,,unreviewed
00852.jpg,训练集/00852.jpg,train,有漂浮物,852,file_block_0004,filename_contiguous_block_provisional,2688,1520,2688,1520,73d78c7fc9b777c78ef36a7970e1ef5c70f870548dbf89a2b669cd270d8a9ff6,0703032707070713,True,False,,True,,unreviewed
00853.jpg,训练集/00853.jpg,train,有漂浮物,853,file_block_0004,filename_contiguous_block_provisional,2688,1520,2688,1520,33197a62387d3b36c42a7e9ca2349c60027b18bc43aff86ac6453872a06ea32a,0703236707074343,True,False,,True,,unreviewed
00854.jpg,训练集/00854.jpg,train,有漂浮物,854,file_block_0004,filename_contiguous_block_provisional,2688,1520,2688,1520,222c10ae6f1846fba119b30ad0ccb076c64871bc008f124b2a4353529eff5193,8701736747179767,True,False,,True,,unreviewed
00855.jpg,训练集/00855.jpg,train,有漂浮物,855,file_block_0004,filename_contiguous_block_provisional,2688,1520,2688,1520,0f1153975a23dc18882c2abfa3537ea353f42e32b94279a993e1597bfef3dc4a,870121670707075b,True,False,,True,,unreviewed
00856.jpg,训练集/00856.jpg,train,有漂浮物,856,file_block_0004,filename_contiguous_block_provisional,2688,1520,2688,1520,30a943b5cb5b0c9ae6b5ac8c24182e81b2ad1245e7969a785e88cef0c787da53,87016167070f2777,True,False,,True,,unreviewed
00857.jpg,训练集/00857.jpg,train,有漂浮物,857,file_block_0004,filename_contiguous_block_provisional,2688,1520,2688,1520,532fdd3f3dab1429180f496045fc141cbe63b5a12caec246782f7d2a75d679c4,0701376767031737,True,False,,True,,unreviewed
00858.jpg,训练集/00858.jpg,train,有漂浮物,858,file_block_0004,filename_contiguous_block_provisional,2688,1520,2688,1520,00b4c24a3cb9ff62d920e5cc92fdf4f8a595c252b053e55f043b6f6059fbd9cd,07013767470f1b17,True,False,,True,,unreviewed
00859.jpg,训练集/00859.jpg,train,有漂浮物,859,file_block_0004,filename_contiguous_block_provisional,2688,1520,2688,1520,b09e7add8a4013ca97dd70576c21e0f0fc11004c82688992f52cac3a42769503,870135674723036b,True,False,,True,,unreviewed
00860.jpg,训练集/00860.jpg,train,有漂浮物,860,file_block_0004,filename_contiguous_block_provisional,2688,1520,2688,1520,220680daf3ea32ffaf7080957eff5ca5d2d9c5e6b2510557e7cec4b944e59f83,0501376747030707,True,False,,True,,unreviewed
00861.jpg,训练集/00861.jpg,train,有漂浮物,861,file_block_0004,filename_contiguous_block_provisional,2688,1520,2688,1520,7c6a43260927e9cbff33e9fce304613f512564792bda1e2a30b492dc1552a1c9,870171674707137b,True,False,,True,,unreviewed
00862.jpg,训练集/00862.jpg,train,有漂浮物,862,file_block_0004,filename_contiguous_block_provisional,2688,1520,2688,1520,d69d3e157206ad365bb991a9edfac279cae187b7d144c9d4266cebd18b0dbc5d,8703716747073b3b,True,False,,True,,unreviewed
00863.jpg,训练集/00863.jpg,train,有漂浮物,863,file_block_0004,filename_contiguous_block_provisional,2688,1520,2688,1520,91bbb464a7a574dfc63ce61b589b46d8e5e0c1abe425bd56057d878f7d5fc5ae,8701716727070f0f,True,False,,True,,unreviewed
00864.jpg,训练集/00864.jpg,train,有漂浮物,864,file_block_0004,filename_contiguous_block_provisional,2688,1520,2688,1520,7f90f145cbaf138e088ec5d15575f40760869f22384a30682f06fe0eadc6b316,8501316307777373,True,False,,True,,unreviewed
00865.jpg,训练集/00865.jpg,train,有漂浮物,865,file_block_0004,filename_contiguous_block_provisional,2688,1520,2688,1520,1aca89fa4c54122d264fa52908b02c91d23b4762ea7d462c31c183810c451442,0701234707030347,True,False,,True,,unreviewed
00866.jpg,训练集/00866.jpg,train,有漂浮物,866,file_block_0004,filename_contiguous_block_provisional,2688,1520,2688,1520,c79dcd16c417929fab1ae3bb58cb1edde27577e7d1e4d36dbfd93416e635f4e5,8701616727030347,True,False,,True,,unreviewed
00867.jpg,训练集/00867.jpg,train,有漂浮物,867,file_block_0004,filename_contiguous_block_provisional,2688,1520,2688,1520,d60ac660db9c5c76d96f6af454deab1c9f47750e065779da1e55b5776c759a04,870161670707077f,True,False,,True,,unreviewed
00868.jpg,训练集/00868.jpg,train,有漂浮物,868,file_block_0004,filename_contiguous_block_provisional,2688,1520,2688,1520,eed61f2d668665177d65e01f2b79f7065674f34038c5fbcc7d1536294d7464dd,8701616727674767,True,False,,True,,unreviewed
00869.jpg,训练集/00869.jpg,train,有漂浮物,869,file_block_0004,filename_contiguous_block_provisional,2688,1520,2688,1520,09818023dfa6ba39919dcb925fbf8dc712941e85b5bdd00e99d2dc7f4f7222cc,07010147070f0f4f,True,False,,True,,unreviewed
00870.jpg,训练集/00870.jpg,train,有漂浮物,870,file_block_0004,filename_contiguous_block_provisional,2688,1520,2688,1520,b41d4853292cef1669a1abd34dc04ec861a5cc422508ebe869bf2467233862cf,8501616707130343,True,False,,True,,unreviewed
00871.jpg,训练集/00871.jpg,train,有漂浮物,871,file_block_0004,filename_contiguous_block_provisional,2688,1520,2688,1520,0e035694329d08b81dd2081279d0e989bcb8fb8e38f467c425518a6597a995d9,8701214707070747,True,False,,True,,unreviewed
00872.jpg,训练集/00872.jpg,train,有漂浮物,872,file_block_0004,filename_contiguous_block_provisional,2688,1520,2688,1520,9d7c203c350785e5d01aa7b488ca9e7d1d345c1e1b0c389771f1e14049cc0a5f,0701234707070343,True,False,,True,,unreviewed
00873.jpg,训练集/00873.jpg,train,有漂浮物,873,file_block_0004,filename_contiguous_block_provisional,2688,1520,2688,1520,47b80689167f91ce00af67c2442d9e3c9a042886279f0ce48c20d0e2573f8ec4,0701314707171353,True,False,,True,,unreviewed
00874.jpg,训练集/00874.jpg,train,有漂浮物,874,file_block_0004,filename_contiguous_block_provisional,2688,1520,2688,1520,33196105d0041d275d2343b20c689e02470439bbb837ce32af50aedba2427fd3,0701314707070343,True,False,,True,,unreviewed
00875.jpg,训练集/00875.jpg,train,有漂浮物,875,file_block_0004,filename_contiguous_block_provisional,2688,1520,2688,1520,3458d44e224481aa0cb0fd41ab3bd7b0a291ebc7b7b0ad975679239c6ba5fc12,87017167070b0b4f,True,False,,True,,unreviewed
00876.jpg,训练集/00876.jpg,train,有漂浮物,876,file_block_0004,filename_contiguous_block_provisional,2688,1520,2688,1520,36ee4bf976a621606f9873037487cde1fba4858b126055dd5000e1ef3626e65e,8701716707034747,True,False,,True,,unreviewed
00877.jpg,训练集/00877.jpg,train,有漂浮物,877,file_block_0004,filename_contiguous_block_provisional,2688,1520,2688,1520,38aab1f806683cfd7d37d7c4244186662ad4d42afdf98e07e65fa2397039e12b,870161670707075f,True,False,,True,,unreviewed
00878.jpg,训练集/00878.jpg,train,有漂浮物,878,file_block_0004,filename_contiguous_block_provisional,2688,1520,2688,1520,ec6294719f73a8a612a8654c06608064c698500dd2d11aaddbc7d0ba5aeb9679,870161672727334b,True,False,,True,,unreviewed
00879.jpg,训练集/00879.jpg,train,有漂浮物,879,file_block_0004,filename_contiguous_block_provisional,2688,1520,2688,1520,bf8112d8ca4612d73ed51f222ffb3f90f60be56f952fabf6ca5c51c4cbc66451,070161670707074f,True,False,,True,,unreviewed
00880.jpg,训练集/00880.jpg,train,有漂浮物,880,file_block_0004,filename_contiguous_block_provisional,2688,1520,2688,1520,e22e67f85c83704777d33537313c94bf0d5e24c9d82e8c5cc7195002cf625f62,0703030707070f4f,True,False,,True,,unreviewed
00881.jpg,训练集/00881.jpg,train,有漂浮物,881,file_block_0004,filename_contiguous_block_provisional,2688,1520,2688,1520,f56834501278a8a8a622b09654d6239e0c2704d4aa54c441a3539f25e7bacbc3,0703234707070747,True,False,,True,,unreviewed
00882.jpg,训练集/00882.jpg,train,有漂浮物,882,file_block_0004,filename_contiguous_block_provisional,2688,1520,2688,1520,bc5a66da7cad148ba9a375e536864806cdccecd6a18deb2b763b3bd06fb30226,87012147071f171f,True,False,,True,,unreviewed
00883.jpg,训练集/00883.jpg,train,有漂浮物,883,file_block_0004,filename_contiguous_block_provisional,2688,1520,2688,1520,6ee15280e371915da4ce1db4e8d6d047643d5ca2b7adaae66fb7dffdc90c0b7b,0701634707070f4f,True,False,,True,,unreviewed
00884.jpg,训练集/00884.jpg,train,有漂浮物,884,file_block_0004,filename_contiguous_block_provisional,2688,1520,2688,1520,b63c4110f752de0d78e5565a207c9682b41faae7fd5bf9215c83e881a79459ba,0701234707070743,True,False,,True,,unreviewed
00885.jpg,训练集/00885.jpg,train,有漂浮物,885,file_block_0004,filename_contiguous_block_provisional,2688,1520,2688,1520,45a099193310eb7206d1e5eb7f5b059e0492f4c65f87a64dc4fbde4555a95c67,070163470727276b,True,False,,True,,unreviewed
00886.jpg,训练集/00886.jpg,train,有漂浮物,886,file_block_0004,filename_contiguous_block_provisional,2688,1520,2688,1520,ea497530a97db20882a2754bd4f39f4644832f8c9bdecc940a4ca755f9430d12,8701634707030743,True,False,,True,,unreviewed
00887.jpg,训练集/00887.jpg,train,有漂浮物,887,file_block_0004,filename_contiguous_block_provisional,2688,1520,2688,1520,d874d4c13a56b926e1fdb35c35f73180762ebc0b6214cacbde3d3a3fb4867a7d,8701616707030747,True,False,,True,,unreviewed
00888.jpg,训练集/00888.jpg,train,有漂浮物,888,file_block_0004,filename_contiguous_block_provisional,2688,1520,2688,1520,aa17fba49fccf33d4735bfdc6eeedd26a9c260664432883b5ad92efeaba909d8,87032307271f0b43,True,False,,True,,unreviewed
00889.jpg,训练集/00889.jpg,train,有漂浮物,889,file_block_0004,filename_contiguous_block_provisional,2688,1520,2688,1520,d19ed3506e20064a03761a12cd07ca801b0fe839b43fb388ecf173a312ff3169,0f070f0f0f0f074f,True,False,,True,,unreviewed
00890.jpg,训练集/00890.jpg,train,有漂浮物,890,file_block_0004,filename_contiguous_block_provisional,2688,1520,2688,1520,ce400fbd8bfec02b0a57dd2892dcd951085df333be2dd619bd0e32dd3b002915,0f0f0f0f0f0f0f4f,True,False,,True,,unreviewed
00891.jpg,训练集/00891.jpg,train,有漂浮物,891,file_block_0004,filename_contiguous_block_provisional,2688,1520,2688,1520,c60e661257c0c3f1ad3974ca81a0f6eab9ec15bfc85b985428af4707eba0a782,0f0f0f0f0f0f0f77,True,False,,True,,unreviewed
00892.jpg,训练集/00892.jpg,train,有漂浮物,892,file_block_0004,filename_contiguous_block_provisional,2688,1520,2688,1520,25b94035160aa06d7a33de8206a507e677a9b94a526bb0e6fcc988c3a547d19b,1f1f0f0f0f0f1f7f,True,False,,True,,unreviewed
00893.jpg,训练集/00893.jpg,train,有漂浮物,893,file_block_0004,filename_contiguous_block_provisional,2688,1520,2688,1520,058b445a62655f02af13e447aec7d3129bd0e16e01efbbda3a770bf4e8c68fc8,3f1f0f0f0f0f1f7f,True,False,,True,,unreviewed
00894.jpg,训练集/00894.jpg,train,有漂浮物,894,file_block_0004,filename_contiguous_block_provisional,2688,1520,2688,1520,a9b47127fa6056643e2cfd0cd226d28d88ea989a46ba4824ef5bcd40cb5f1d10,3f1f0f0f0f0f1f7f,True,False,,True,,unreviewed
00895.jpg,训练集/00895.jpg,train,有漂浮物,895,file_block_0004,filename_contiguous_block_provisional,2688,1520,2688,1520,867ce56ab945bb82078f91621846f738ec8480768850f61eb5ca28642fd3bee8,3f3f1f0f0f0f1f7f,True,False,,True,,unreviewed
00896.jpg,训练集/00896.jpg,train,有漂浮物,896,file_block_0004,filename_contiguous_block_provisional,2688,1520,2688,1520,7c5beacb6ccb7cca8627d5b099e4ceec6863b212522be99cc8e3d33f6da65e21,1f0fea80230a0d5d,True,False,,True,,unreviewed
00897.jpg,训练集/00897.jpg,train,有漂浮物,897,file_block_0004,filename_contiguous_block_provisional,2688,1520,2688,1520,be4de7006ac3d9deef254680553400b06dfab7123c31d2e26c6ec9abb60e3355,1f1fe302232f1f5f,True,False,,True,,unreviewed
00898.jpg,训练集/00898.jpg,train,有漂浮物,898,file_block_0004,filename_contiguous_block_provisional,2688,1520,2688,1520,3108a9eaead769ec735c1ddff9106158519e418d5a84b2a106c17b6088f6fa4e,0103030207070745,True,False,,True,,unreviewed
00899.jpg,训练集/00899.jpg,train,有漂浮物,899,file_block_0004,filename_contiguous_block_provisional,2688,1520,2688,1520,a8f5b48af0284b19b5621d503b549f0be85e876538eaab0e24e82c390d3d27e8,0f1fe302236f7f67,True,False,,True,,unreviewed
00900.jpg,训练集/00900.jpg,train,有漂浮物,900,file_block_0004,filename_contiguous_block_provisional,2560,1440,2560,1440,1f3853cf33cc7cd422ce4d73ffc7537f2a97407053054ec82d768f63c8802f06,8181038109088081,True,False,,True,,unreviewed
00901.jpg,训练集/00901.jpg,train,有漂浮物,901,file_block_0004,filename_contiguous_block_provisional,2560,1440,2560,1440,3d85a07bbcf0590065c8e80fdda7c070174dd7fa55b97681d4c6a11fcdc50dd2,8181038b1b9c98c8,True,False,,True,,unreviewed
00902.jpg,训练集/00902.jpg,train,有漂浮物,902,file_block_0004,filename_contiguous_block_provisional,2560,1440,2560,1440,1bdc76c1b55e6bbcfae732f499f55d39d1ba68c39e8ae3b8a1a56c91362f1301,81810381399c8cc8,True,False,,True,,unreviewed
00903.jpg,训练集/00903.jpg,train,有漂浮物,903,file_block_0004,filename_contiguous_block_provisional,2560,1440,2560,1440,69fdbcb8e69d9c46e34f669001552018c47a291131a6ffed39a78e17498eaadc,818183830b868888,True,False,,True,,unreviewed
00904.jpg,训练集/00904.jpg,train,有漂浮物,904,file_block_0004,filename_contiguous_block_provisional,2560,1440,2560,1440,5525cdf59ebf8e95be9d02e650bf3c8febb031b4c121c2a5342eb11d8c5c775b,818103830b148c8c,True,False,,True,,unreviewed
00905.jpg,训练集/00905.jpg,train,有漂浮物,905,file_block_0004,filename_contiguous_block_provisional,2560,1440,2560,1440,86de46e34e8bea56e5be51afb2ac73269140be4c1751b58acbff229c2f3a3b92,8181039b198d8dc9,True,False,,True,,unreviewed
00906.jpg,训练集/00906.jpg,train,有漂浮物,906,file_block_0004,filename_contiguous_block_provisional,2560,1440,2560,1440,cc6cad35bdad556a8526467f1a95d1036d06d5cce1b6c9f576b366e063037fd6,918103933b9b98c8,True,False,,True,,unreviewed
00907.jpg,训练集/00907.jpg,train,有漂浮物,907,file_block_0004,filename_contiguous_block_provisional,2560,1440,2560,1440,c6a8ade5f5ae35230c39e8c332c64712f2bcdb30b322c646b3191c226b81954e,8181038b0b868e89,True,False,,True,,unreviewed
00908.jpg,训练集/00908.jpg,train,有漂浮物,908,file_block_0004,filename_contiguous_block_provisional,2560,1440,2560,1440,5b9263b0dc0bc5b189fb78bfc6a08b30c9f504af4edd0b0c076640f2263e82cb,8181038b098e8e89,True,False,,True,,unreviewed
00909.jpg,训练集/00909.jpg,train,有漂浮物,909,file_block_0004,filename_contiguous_block_provisional,2560,1440,2560,1440,5872de5763b052816918d13354e6b94e776558c504a5b56cd7c361bc5ab4a1d4,91810399199c9cc9,True,False,,True,,unreviewed
00910.jpg,训练集/00910.jpg,train,有漂浮物,910,file_block_0004,filename_contiguous_block_provisional,2560,1440,2560,1440,e0f825807320bf57b241eee7fa2fa81fa7b8e48ab70d4d41b74b778d6b6b919e,8181039139908085,True,False,,True,,unreviewed
00911.jpg,训练集/00911.jpg,train,有漂浮物,911,file_block_0004,filename_contiguous_block_provisional,2560,1440,2560,1440,371c24eb3d6513d48a824e95d2a863b102ecee47a29359c85d8948da136d23b6,81810383098d8981,True,False,,True,,unreviewed
00912.jpg,训练集/00912.jpg,train,有漂浮物,912,file_block_0004,filename_contiguous_block_provisional,2560,1440,2560,1440,32da5f29764b91ac29869e0a0d3792d368a7213fc9c9f8b8dccee3951133f53b,8181038109888081,True,False,,True,,unreviewed
00913.jpg,训练集/00913.jpg,train,有漂浮物,913,file_block_0004,filename_contiguous_block_provisional,2560,1440,2560,1440,a98a7045b8c756db9e75309bf1fddfa88f806034f08c5dac21ab28a3ecca5675,81810389199888c1,True,False,,True,,unreviewed
00914.jpg,训练集/00914.jpg,train,有漂浮物,914,file_block_0004,filename_contiguous_block_provisional,2560,1440,2560,1440,54be208a6866628824535e8eb706eb743bbe130f73f9b94ba7e40b0f3a4c22d4,8181038909008189,True,False,,True,,unreviewed
00915.jpg,训练集/00915.jpg,train,有漂浮物,915,file_block_0004,filename_contiguous_block_provisional,2560,1440,2560,1440,21f76b60d0fdb7d8fea780fcdee4c78c83c79ade4cdf62dc9f67243f24d2aedc,90c1839938389888,True,False,,True,,unreviewed
00916.jpg,训练集/00916.jpg,train,有漂浮物,916,file_block_0004,filename_contiguous_block_provisional,1920,1080,1920,1080,5b005b0df9a79fff72d57dea9e92e35bcc9fdbc8d962c8657a64067fb6a6fc77,8f9707878f0f0d01,True,False,,True,,unreviewed
00917.jpg,训练集/00917.jpg,train,有漂浮物,917,file_block_0004,filename_contiguous_block_provisional,1920,1080,1920,1080,85c301b82af8f94547aa35ba2ed9ff4ded376df18da23db2d01ed962b68a2615,e0e0203010f0b3fb,True,False,,True,,unreviewed
00918.jpg,训练集/00918.jpg,train,有漂浮物,918,file_block_0004,filename_contiguous_block_provisional,2688,1520,2688,1520,ca48e25d301655664553cfcb3f49194c9a42b45c2a87e663e0f81f9c7f90d66b,0f0f2f0f0f0f0f4f,True,False,,True,,unreviewed
00919.jpg,训练集/00919.jpg,train,有漂浮物,919,file_block_0004,filename_contiguous_block_provisional,2688,1520,2688,1520,f603df9d50b1f9fb77f11259326e409799937802c65b76a9dc7ebbdbc4856941,0f0f0f1f1f0f8f4f,True,False,,True,,unreviewed
00920.jpg,训练集/00920.jpg,train,有漂浮物,920,file_block_0004,filename_contiguous_block_provisional,2688,1520,2688,1520,061db2aeb6fe0b2a7a5bb4bd520c44b7f1d803ea5da0e859f6e2f7146fe0f1f6,1f1f3f0f0f0f0f1f,True,False,,True,,unreviewed
00921.jpg,训练集/00921.jpg,train,有漂浮物,921,file_block_0004,filename_contiguous_block_provisional,2688,1520,2688,1520,b94f1db8cf5aba955dd30a5e02863d1640f5c9e75920677df5a9001b4e994c00,0f0f3f1f1f0f0f4f,True,False,,True,,unreviewed
00922.jpg,训练集/00922.jpg,train,有漂浮物,922,file_block_0004,filename_contiguous_block_provisional,2688,1520,2688,1520,ad7a3afb8baa7b3091d60b4cfbb17a1b531127f23a916436a6ca273474f45f77,1f0f7f1f1f0f8f5f,True,False,,True,,unreviewed
00923.jpg,训练集/00923.jpg,train,有漂浮物,923,file_block_0004,filename_contiguous_block_provisional,2688,1520,2688,1520,7a83464c8a7f7cb7970f7ed2c34e4d758c52577a6e3e0f3ec9eb37a691923e22,0f1f3f0f0f0f0f4f,True,False,,True,,unreviewed
00924.jpg,训练集/00924.jpg,train,有漂浮物,924,file_block_0004,filename_contiguous_block_provisional,2688,1520,2688,1520,93ea6c1257c8e58b995bac12ffee054e317341b843724bcf071ca9599d37e562,070f0f0f1f0f0f4f,True,False,,True,,unreviewed
00925.jpg,训练集/00925.jpg,train,有漂浮物,925,file_block_0004,filename_contiguous_block_provisional,2688,1520,2688,1520,d8dff17ccd064c72279397f77575167a5b65af53ccfd80d93af7c3edd7eac75e,0f0f0f1f1f0f0f0f,True,False,,True,,unreviewed
00926.jpg,训练集/00926.jpg,train,有漂浮物,926,file_block_0004,filename_contiguous_block_provisional,2688,1520,2688,1520,630d67f998649909b056de146b13a19e48cdb26b27ba9cca3ccd18bb4f44f3aa,1f1f3f1f1f1f1f4f,True,False,,True,,unreviewed
00927.jpg,训练集/00927.jpg,train,有漂浮物,927,file_block_0004,filename_contiguous_block_provisional,2688,1520,2688,1520,227ee359ed365bc9f88ef44713d91e1c0e9ebf43536665a62551216abb0d72c8,0f0f0f1f1f1f0f4f,True,False,,True,,unreviewed
00928.jpg,训练集/00928.jpg,train,有漂浮物,928,file_block_0004,filename_contiguous_block_provisional,2688,1520,2688,1520,6327811160ed3070ef9247dc351a4986f2aba1802ec0ad1a5ac5d5f955690a8a,1f0f1f1f1f1f0f4f,True,False,,True,,unreviewed
00929.jpg,训练集/00929.jpg,train,有漂浮物,929,file_block_0004,filename_contiguous_block_provisional,2688,1520,2688,1520,318496e625b501e1931abf1dd6aecbd32000eece2967488e25975abf2952c58a,0f0f1f1f1f1f1f4f,True,False,,True,,unreviewed
00930.jpg,训练集/00930.jpg,train,有漂浮物,930,file_block_0004,filename_contiguous_block_provisional,2688,1520,2688,1520,827274c0bbae248661e616ee7a883b03517cde76243d5a38bb62f847f7a0e01e,0f172f0f0f0f0f4f,True,False,,True,,unreviewed
00931.jpg,训练集/00931.jpg,train,有漂浮物,931,file_block_0004,filename_contiguous_block_provisional,2688,1520,2688,1520,1bb861c585ec43c609d80b0b945a69e8b3ec7ae892747a28926e7aec67943827,0f0f3f1f1f8f0f4f,True,False,,True,,unreviewed
00932.jpg,训练集/00932.jpg,train,有漂浮物,932,file_block_0004,filename_contiguous_block_provisional,2688,1520,2688,1520,dffb1144ff65e1b30c89e63213748d063a7b5b63db49abb4f5ceec4f3d945322,1f173f0f0f8f9f5f,True,False,,True,,unreviewed
00933.jpg,训练集/00933.jpg,train,有漂浮物,933,file_block_0004,filename_contiguous_block_provisional,2688,1520,2688,1520,ce0844370a365b41bf47470e910f081377eaf3f5824cf3191eab4723a64f3735,070f3f3f0f9f0f5f,True,False,,True,,unreviewed
00934.jpg,训练集/00934.jpg,train,有漂浮物,934,file_block_0004,filename_contiguous_block_provisional,2688,1520,2688,1520,cde8d1e2597a242827ef9d5a926a4bcd5b59987623cd8bf26d021b3205866497,1f0f0f1f0f8f0f5f,True,False,,True,,unreviewed
00935.jpg,训练集/00935.jpg,train,有漂浮物,935,file_block_0004,filename_contiguous_block_provisional,2688,1520,2688,1520,791359336c4cf66ea2391c0d71e6f1e04019cc0174be8a40b96fe993a1f6ad2b,1f1f1f1f1f9f1f5f,True,False,,True,,unreviewed
00936.jpg,训练集/00936.jpg,train,有漂浮物,936,file_block_0004,filename_contiguous_block_provisional,2688,1520,2688,1520,063c6daece6c70e9fd1aa662b5ae7a8958421ee2782dd39a0437479029bcdfc2,1f1f1f3f1f9f1f5f,True,False,,True,,unreviewed
00937.jpg,训练集/00937.jpg,train,有漂浮物,937,file_block_0004,filename_contiguous_block_provisional,2688,1520,2688,1520,fd4dc44852d42e95762cdf0bf0fff9f4162520818785c1c06a44e3d4c6108800,0f0f0f0f0f0f0f4f,True,False,,True,,unreviewed
00938.jpg,训练集/00938.jpg,train,有漂浮物,938,file_block_0004,filename_contiguous_block_provisional,2688,1520,2688,1520,84b48fbfce83427b913b57626df6f9a6113aeacec7785f31e9f160744fe97d72,07072f2f0f0f0f6f,True,False,,True,,unreviewed
00939.jpg,训练集/00939.jpg,train,有漂浮物,939,file_block_0004,filename_contiguous_block_provisional,2688,1520,2688,1520,0c0fcaf42525dc003f37655678418a284b6c57ed2fd4f89dab01c3eaa47adbcf,07077f0d0f0f0f4f,True,False,,True,,unreviewed
00940.jpg,训练集/00940.jpg,train,有漂浮物,940,file_block_0004,filename_contiguous_block_provisional,2688,1520,2688,1520,99ce7167c6efb2184538c93537a29c54f0e168591f4862f9a66f01bf2bc2306a,1f1f7f0f0f0f1f1f,True,False,,True,,unreviewed
00941.jpg,训练集/00941.jpg,train,有漂浮物,941,file_block_0004,filename_contiguous_block_provisional,2688,1520,2688,1520,10407af7a05b8e461c4c8853fd7acb44cab8c2fdd48ab914deb5f99fdb653bc4,3f3f3f1f1f1f1f1f,True,False,,True,,unreviewed
00942.jpg,训练集/00942.jpg,train,有漂浮物,942,file_block_0004,filename_contiguous_block_provisional,2688,1520,2688,1520,688707dd3743dfcb3e78697c0124f6aa516f6932ab5530ea18fe4d6e2a81478b,01032f0f0f0f0f4f,True,False,,True,,unreviewed
00943.jpg,训练集/00943.jpg,train,有漂浮物,943,file_block_0004,filename_contiguous_block_provisional,2688,1520,2688,1520,39c7f1c427eb64a00152b06d88f4dbf79918b3136cab919abec8ee8256ea30d9,3d1f3f1f1f1f1f5f,True,False,,True,,unreviewed
00944.jpg,训练集/00944.jpg,train,有漂浮物,944,file_block_0004,filename_contiguous_block_provisional,2688,1520,2688,1520,e8b729894d7395e1e137a4d8f58f5fbb918646fe0299ecf814764a0b824fc06b,0f0f0f0f1f0f0f5f,True,False,,True,,unreviewed
00945.jpg,训练集/00945.jpg,train,有漂浮物,945,file_block_0004,filename_contiguous_block_provisional,2688,1520,2688,1520,4343a397c475daf450446e8b34c2716eb4dd0d2be445fb602a1a8de7a837343e,1f0f0f0f1f0f0f1f,True,False,,True,,unreviewed
00946.jpg,训练集/00946.jpg,train,有漂浮物,946,file_block_0004,filename_contiguous_block_provisional,2688,1520,2688,1520,0b75a1fe2b904f73b08d06b120e93eaf401e54d3ffb1bda5f36dc32e7f6101d9,0b1f7f1f0f0f1f1f,True,False,,True,,unreviewed
00947.jpg,训练集/00947.jpg,train,有漂浮物,947,file_block_0004,filename_contiguous_block_provisional,2688,1520,2688,1520,05422d081315ec6720c203f88e42cc953795de1c06543dc6f0a4ee09e05f5d31,7f3f7f0f0f1f1f1f,True,False,,True,,unreviewed
00948.jpg,训练集/00948.jpg,train,有漂浮物,948,file_block_0004,filename_contiguous_block_provisional,2688,1520,2688,1520,9484eb2675a56b29ab4a3ac24b499b1ad1d147b5425347e9f26a6890dc57f2ce,3d3f7f0f0f0f1f1f,True,False,,True,,unreviewed
00949.jpg,训练集/00949.jpg,train,有漂浮物,949,file_block_0004,filename_contiguous_block_provisional,2688,1520,2688,1520,8bbe4eef53c96e9f2c89e2a935ba9fe7b2d28c790c2b92aeaab817325d275af8,07076f0f1f0f0f1f,True,False,,True,,unreviewed
00950.jpg,训练集/00950.jpg,train,有漂浮物,950,file_block_0004,filename_contiguous_block_provisional,2688,1520,2688,1520,1e48516453ea6e16e20832f349900d63d188aa28de963a28d19b9b08cea5360e,03076f0f0f0f0f4f,True,False,,True,,unreviewed
00951.jpg,训练集/00951.jpg,train,有漂浮物,951,file_block_0004,filename_contiguous_block_provisional,2688,1520,2688,1520,c203f1354bc1026361c865e32bf92e2d18becbb4ce66a0fe111a2b6673054447,371f7f0d1f1f0f2f,True,False,,True,,unreviewed
00952.jpg,训练集/00952.jpg,train,有漂浮物,952,file_block_0004,filename_contiguous_block_provisional,2688,1520,2688,1520,5fe21bb08065c3b13e2b899717092688b0b825fe18f19d87bb24b29e674ed928,0f1f7f0f0f0f1f4f,True,False,,True,,unreviewed
00953.jpg,训练集/00953.jpg,train,有漂浮物,953,file_block_0004,filename_contiguous_block_provisional,2688,1520,2688,1520,add5b0339c6c861210b8d161fe0a71db9c4d4c5537fe6526bccaf5b377bb376c,37076f0d0f0f0f2f,True,False,,True,,unreviewed
00954.jpg,训练集/00954.jpg,train,有漂浮物,954,file_block_0004,filename_contiguous_block_provisional,2688,1520,2688,1520,07f1cebf3b5fd4fdde153d27314cac5450dcb59684944689120bbe83024e712d,8f8f6f0d0f0f8f1f,True,False,,True,,unreviewed
00955.jpg,训练集/00955.jpg,train,有漂浮物,955,file_block_0004,filename_contiguous_block_provisional,2688,1520,2688,1520,36fe91e96076c52d16243b713a8a58072c0ba039d76c2c8d2c932f9435b525e0,072f7f4d0f0f0f6f,True,False,,True,,unreviewed
00956.jpg,训练集/00956.jpg,train,有漂浮物,956,file_block_0004,filename_contiguous_block_provisional,2688,1520,2688,1520,19b270fc4bf0e9dec28147f4fa1918d053739c343cc3debb8ee2ca6074ed3fb2,0f0f3f0f0f0f0f0f,True,False,,True,,unreviewed
00957.jpg,训练集/00957.jpg,train,有漂浮物,957,file_block_0004,filename_contiguous_block_provisional,2688,1520,2688,1520,f19243ac59a3a678b482d594a0221173c04b01e95e3139f088c2bfa1080eafe6,37276f0f0f0f3f7f,True,False,,True,,unreviewed
00958.jpg,训练集/00958.jpg,train,有漂浮物,958,file_block_0004,filename_contiguous_block_provisional,2688,1520,2688,1520,c11e492405458e3a1b8fd382d040d3b052b64a1db162d2f6379b178267e36196,07070f0f0f0f0f4f,True,False,,True,,unreviewed
00959.jpg,训练集/00959.jpg,train,有漂浮物,959,file_block_0004,filename_contiguous_block_provisional,2688,1520,2688,1520,514e86784c779bad99a19962273415a98b16e58bd07d1619f8af59311d6b4f92,1f1f0f0f0f0f1f1f,True,False,,True,,unreviewed
00960.jpg,训练集/00960.jpg,train,有漂浮物,960,file_block_0004,filename_contiguous_block_provisional,2688,1520,2688,1520,4040e35f975374b52c21853f2ba6d4b9e5bc276d8eebe351dfaa9daa35dc1fe1,cf8f2f0f0f8f0f5f,True,False,,True,,unreviewed
00961.jpg,训练集/00961.jpg,train,有漂浮物,961,file_block_0004,filename_contiguous_block_provisional,2688,1520,2688,1520,493d01d673db937795b1ea9a33aca7e950abd6fc6d6871b1b476bb3cf77eae87,1f1f7f3f1f1f1f4f,True,False,,True,,unreviewed
00962.jpg,训练集/00962.jpg,train,有漂浮物,962,file_block_0004,filename_contiguous_block_provisional,2688,1520,2688,1520,096d5ab836de36a81d93dd3fc957f00e1e66bb357fc1a2b642c837c89f7539a6,0f1f2f1f1f8f0f5f,True,False,,True,,unreviewed
00963.jpg,训练集/00963.jpg,train,有漂浮物,963,file_block_0004,filename_contiguous_block_provisional,2688,1520,2688,1520,12ea82f5cad1259b74d1d4fd3c6f2022bf54b2bf5ae7468ec16ce5d72c5e0336,0f0f3f0f1f0f0f5f,True,False,,True,,unreviewed
00964.jpg,训练集/00964.jpg,train,有漂浮物,964,file_block_0004,filename_contiguous_block_provisional,2688,1520,2688,1520,e82bfaf2ca72b76d9e60e4212e7e38d68b75f974a5acd8652052216165b5e510,07072f0f1f0f0f5f,True,False,,True,,unreviewed
00965.jpg,训练集/00965.jpg,train,有漂浮物,965,file_block_0004,filename_contiguous_block_provisional,2688,1520,2688,1520,3fde2ef6a91f9b8ec268b81c4b293edf0ee75269a4e4d3b709f54b2d4cb8d1a7,070f2f0f1f0f0f1f,True,False,,True,,unreviewed
00966.jpg,训练集/00966.jpg,train,有漂浮物,966,file_block_0004,filename_contiguous_block_provisional,2688,1520,2688,1520,ae369212f9b798eb0dcee06bde2fcb3c1f57aba037e7ea7d6f1eb4351231ba6a,0d1f3f1f1f0f1f5f,True,False,,True,,unreviewed
00967.jpg,训练集/00967.jpg,train,有漂浮物,967,file_block_0004,filename_contiguous_block_provisional,2688,1520,2688,1520,9ae7d055f41a5acb2eb2aef4a68394e0728a3c5f690fc81bd7be138c5e876db8,1f2f3f1f0f8f0f1f,True,False,,True,,unreviewed
00968.jpg,训练集/00968.jpg,train,有漂浮物,968,file_block_0004,filename_contiguous_block_provisional,2688,1520,2688,1520,416ac8da1bd09c4a2d33e0a5d6fb4fc35b5cb28cf7d851058b32514ea389e887,0f0f0f0f0f8f0f1f,True,False,,True,,unreviewed
00969.jpg,训练集/00969.jpg,train,有漂浮物,969,file_block_0004,filename_contiguous_block_provisional,2688,1520,2688,1520,2182ea87829f02fc89303b47dfa2e49434a1e0e8eb346f72b3bd66ae9cc33343,07070f0f0f0f0f47,True,False,,True,,unreviewed
00970.jpg,训练集/00970.jpg,train,有漂浮物,970,file_block_0004,filename_contiguous_block_provisional,2688,1520,2688,1520,3231af98f325a61ddf4f599d5273dbdaad89c58135a0b453ee3d2ba26552e19a,251f6f0d0f0f9f6f,True,False,,True,,unreviewed
00971.jpg,训练集/00971.jpg,train,有漂浮物,971,file_block_0004,filename_contiguous_block_provisional,2688,1520,2688,1520,bcef363e36bd5059ba7b268b91de659c73b50e3c834c9ed4bcf8d775d0b6ebd6,0f0f2f0f1f0f0f4f,True,False,,True,,unreviewed
00972.jpg,训练集/00972.jpg,train,有漂浮物,972,file_block_0004,filename_contiguous_block_provisional,2688,1520,2688,1520,33ec73c26a39ed31b1c0c30fc68f4fb45e5b0d973e9c61f7cee08740b9e87868,0f0f7f1f0f0f0f6f,True,False,,True,,unreviewed
00973.jpg,训练集/00973.jpg,train,有漂浮物,973,file_block_0004,filename_contiguous_block_provisional,3840,2160,3840,2160,176f6a6f9876ebe191f1f6c2733a7adee091dd57cd59f1c81053afbf35d7c339,df7f33031f1f3d3d,True,False,,True,,unreviewed
00974.jpg,训练集/00974.jpg,train,有漂浮物,974,file_block_0004,filename_contiguous_block_provisional,1920,1080,1920,1080,49f6747754e1b930efbb49fa152bb436d58ee7d2f77f2fd289369b9d4f0dbc49,03070703070f0f1f,True,False,,True,,unreviewed
00975.jpg,训练集/00975.jpg,train,有漂浮物,975,file_block_0004,filename_contiguous_block_provisional,1920,1080,1920,1080,ec0dcf1d5868bb00fbe1b3a036498a7dc8cc2cf0538be2435ab8bcec6ca53720,070307070f070f17,True,False,,True,,unreviewed
00976.jpg,训练集/00976.jpg,train,有漂浮物,976,file_block_0004,filename_contiguous_block_provisional,1920,1080,1920,1080,c2486c54f9e0b4b0607ca08d3f6ef95fb3b2b44d9c058413671c6cbe6758bca0,070707070f0f1f1f,True,False,,True,,unreviewed
00977.jpg,训练集/00977.jpg,train,有漂浮物,977,file_block_0004,filename_contiguous_block_provisional,1920,1080,1920,1080,6d691436e88b1c71991ea106267273b4122615937ff776c24a3f226773f1c747,070307070707071f,True,False,,True,,unreviewed
00978.jpg,训练集/00978.jpg,train,有漂浮物,978,file_block_0004,filename_contiguous_block_provisional,2560,1440,2560,1440,6f4ab5fedfcc8859899e939337348221a7578b3c37e52c8c97f781741a894957,1d7c1f0f1ff9c303,True,False,,True,,unreviewed
00979.jpg,训练集/00979.jpg,train,有漂浮物,979,file_block_0004,filename_contiguous_block_provisional,2560,1440,2560,1440,3f7545cd098005c966bc8a045dec26b6843451822f592f7b3caf45ed6b471b5e,453b3e3807373a73,True,False,,True,,unreviewed
00980.jpg,训练集/00980.jpg,train,有漂浮物,980,file_block_0004,filename_contiguous_block_provisional,2560,1440,2560,1440,c0a6e471bd2d158eecf57c9fad16d9df79f2e515617ce89a00839a469e5245c0,703b3e3cd2073e72,True,False,,True,,unreviewed
00981.jpg,训练集/00981.jpg,train,有漂浮物,981,file_block_0004,filename_contiguous_block_provisional,2560,1440,2560,1440,a0f6084cf1c1823e1867e4669f81e74cc564a51bf38b6e6a4415bcfa9fe65509,61333f3cd3073c7b,True,False,,True,,unreviewed
00982.jpg,训练集/00982.jpg,train,有漂浮物,982,file_block_0004,filename_contiguous_block_provisional,2560,1440,2560,1440,01955ef1b394fe573bbec06411f77d1afb2eda527293c59f76ed0866d0451327,41273f3cc3073d76,True,False,,True,,unreviewed
00983.jpg,训练集/00983.jpg,train,有漂浮物,983,file_block_0004,filename_contiguous_block_provisional,2560,1440,2560,1440,50cbd36bba58439f8ff0b6db7fedee42b979bf7c94185ec582aa94da4a339e05,41333f3cc307387a,True,False,,True,,unreviewed
00984.jpg,训练集/00984.jpg,train,有漂浮物,984,file_block_0004,filename_contiguous_block_provisional,1920,1080,1920,1080,fc6cfae83ce16e7373efbec5ce54cb58bf89c50024d53ac4101b2bea098287d0,1b6f65e747436383,True,False,,True,,unreviewed
00985.jpg,训练集/00985.jpg,train,有漂浮物,985,file_block_0004,filename_contiguous_block_provisional,1920,1080,1920,1080,ed529dc1e488a145b68339acd37d75cf850828d0a2399da7d481e250aa1503f7,79696d656f0b4b7b,True,False,,True,,unreviewed
00986.jpg,训练集/00986.jpg,train,有漂浮物,986,file_block_0004,filename_contiguous_block_provisional,1920,1080,1920,1080,07a4e7b228cfd2f073abfee4e94d2631f86c2aec80d6cf844310f97fcf821f08,39696d656fc3e3f3,True,False,,True,,unreviewed
00987.jpg,训练集/00987.jpg,train,有漂浮物,987,file_block_0004,filename_contiguous_block_provisional,1920,1080,1920,1080,60288aa3b2c35965321abdd805414e3963ba8050f1d41b964a8a8473a033ae5f,796d6d65670b0b0b,True,False,,True,,unreviewed
00988.jpg,训练集/00988.jpg,train,有漂浮物,988,file_block_0004,filename_contiguous_block_provisional,1920,1080,1920,1080,1dc5565449c43369fec86e9def37dadaf4f53182de4d75a3eef2ddc0a2fa3d52,3b696d65e7c17979,True,False,,True,,unreviewed
00989.jpg,训练集/00989.jpg,train,有漂浮物,989,file_block_0004,filename_contiguous_block_provisional,1920,1080,1920,1080,623508a5e764f48e8241a24498b14f548d974b4e2d1d2fc9010179b48cf2c914,3b696de56f7f3b5b,True,False,,True,,unreviewed
00990.jpg,训练集/00990.jpg,train,有漂浮物,990,file_block_0004,filename_contiguous_block_provisional,1920,1080,1920,1080,1788c1b7af32fa2ff34e0569f681e50f2d7b297013f0e0070382e0a8e6fa17a1,19696d656703030b,True,False,,True,,unreviewed
00991.jpg,训练集/00991.jpg,train,有漂浮物,991,file_block_0004,filename_contiguous_block_provisional,1920,1080,1920,1080,4a33669ea8cc9e94e72343408de630e65cb4fd5c15c7e1dd8462ecb07606111d,19296d6525215103,True,False,,True,,unreviewed
00992.jpg,训练集/00992.jpg,train,有漂浮物,992,file_block_0004,filename_contiguous_block_provisional,1920,1080,1920,1080,a88baafcc3f7b6023de33c1040e2645c7101fd8e6eb9a293911cbf153af83e2a,19296d6567010123,True,False,,True,,unreviewed
00993.jpg,训练集/00993.jpg,train,有漂浮物,993,file_block_0004,filename_contiguous_block_provisional,1920,1080,1920,1080,3707ee3681fc4ce2fefe9a325bf329e1d626a3935b6d294eb4f6a61432d8568c,6b6f6f6f676b3333,True,False,,True,,unreviewed
00994.jpg,训练集/00994.jpg,train,有漂浮物,994,file_block_0004,filename_contiguous_block_provisional,1920,1080,1920,1080,d5ea14e1a987cdead57583da7c09364a2fe39628ddfb9f8e0c6df76f7d239517,1b396d656571e1f1,True,False,,True,,unreviewed
00995.jpg,训练集/00995.jpg,train,有漂浮物,995,file_block_0004,filename_contiguous_block_provisional,1920,1080,1920,1080,cd276c03259bed6e7c5d2772c114b29eb5a59342cdeb6e4e09c2f483dcba9d7c,19696d6567733b1b,True,False,,True,,unreviewed
00996.jpg,训练集/00996.jpg,train,有漂浮物,996,file_block_0004,filename_contiguous_block_provisional,1920,1080,1920,1080,1733d4ea0df29c00dd59e4797fa196d79a0d9feb8c7c70e783de32fce21adcc0,19294d65071b0b0b,True,False,,True,,unreviewed
00997.jpg,训练集/00997.jpg,train,有漂浮物,997,file_block_0004,filename_contiguous_block_provisional,1920,1080,1920,1080,ae096449395e9fe8fc494879bef48c2f8068216bf04d3d436d9932763b52ecc2,190965650f3b3b39,True,False,,True,,unreviewed
00998.jpg,训练集/00998.jpg,train,有漂浮物,998,file_block_0004,filename_contiguous_block_provisional,1920,1080,1920,1080,a1cf77c45d838e98a4b4dc5da875ea148cd99e86383474f42786eaaea7165c1d,192b6dc507030b0b,True,False,,True,,unreviewed
00999.jpg,训练集/00999.jpg,train,有漂浮物,999,file_block_0004,filename_contiguous_block_provisional,1920,1080,1920,1080,b614e0db090777110ad4b72cccb895c4a56d88c4346aa1086cca3e68c7afb30e,096d6d67379b3b79,True,False,,True,,unreviewed
01000.jpg,训练集/01000.jpg,train,有漂浮物,1000,file_block_0004,filename_contiguous_block_provisional,1920,1080,1920,1080,9916086e70d2b149f4e2f3e0b15837cb3d75de8ac9457d6dd0b2dfca69599c1d,1b296de5e1e1e1d9,True,False,,True,,unreviewed
01001.jpg,训练集/01001.jpg,train,有漂浮物,1001,file_block_0004,filename_contiguous_block_provisional,1920,1080,1920,1080,b03cf2a5e1a63aad8969df3326b071c29c51664e109e70c068d2dc31102d333d,7b696de5dfb9b9b1,True,False,,True,,unreviewed
01002.jpg,训练集/01002.jpg,train,有漂浮物,1002,file_block_0004,filename_contiguous_block_provisional,1920,1080,1920,1080,ce89c655c4c3ac623c6ec36b9e6b33afe9c29c67f7fc4eb420fe997eb586ee5c,1b696de5f9f1e9f9,True,False,,True,,unreviewed
01003.jpg,训练集/01003.jpg,train,有漂浮物,1003,file_block_0004,filename_contiguous_block_provisional,1920,1080,1920,1080,7aa014f2b6844aeb4f3929a5e4fec90989316fbec55682511580420772b46143,19696d6527034b4b,True,False,,True,,unreviewed
01004.jpg,训练集/01004.jpg,train,有漂浮物,1004,file_block_0004,filename_contiguous_block_provisional,1920,1080,1920,1080,97022538753404a71414c32b827191311b5a86eb64b0039f96de9f7149bcc86f,696d656547c38983,True,False,,True,,unreviewed
01005.jpg,训练集/01005.jpg,train,有漂浮物,1005,file_block_0004,filename_contiguous_block_provisional,1920,1080,1920,1080,2c03115062a5cfd9784774250012de6ea3adb7bf2952e37fbfabb9ee73ba1745,29696d67e7e3e1f1,True,False,,True,,unreviewed
01006.jpg,训练集/01006.jpg,train,有漂浮物,1006,file_block_0004,filename_contiguous_block_provisional,1920,1080,1920,1080,46cac5bbe0690aa446bee97e0689f92b8c37838d97c6500d3638ec67a543c1bb,1969656767030301,True,False,,True,,unreviewed
01007.jpg,训练集/01007.jpg,train,有漂浮物,1007,file_block_0004,filename_contiguous_block_provisional,1920,1080,1920,1080,146b3077c6a6c4ed463d1de3a925d54f21046c1d40f0df774cba17be4689b1bb,39696d6575e9e9f9,True,False,,True,,unreviewed
01008.jpg,训练集/01008.jpg,train,有漂浮物,1008,file_block_0004,filename_contiguous_block_provisional,1920,1080,1920,1080,347ea8b7041662225a2ad2f7401723dd85ffbdef4cd0f2da8f1b9f68bbd6e6d1,39696d6567634141,True,False,,True,,unreviewed
01009.jpg,训练集/01009.jpg,train,有漂浮物,1009,file_block_0004,filename_contiguous_block_provisional,1920,1080,1920,1080,19177033755767580d9fca7f36bb89d4327ec146e3a6589dc483bfe9595978cd,39696de5e9f1f9f1,True,False,,True,,unreviewed
01010.jpg,训练集/01010.jpg,train,有漂浮物,1010,file_block_0004,filename_contiguous_block_provisional,1920,1080,1920,1080,ae630926e62397d48d89bbb155844afc75e0456888967530aee3d437bb7310a9,7b6965e5c1e1e1f1,True,False,,True,,unreviewed
01011.jpg,训练集/01011.jpg,train,有漂浮物,1011,file_block_0004,filename_contiguous_block_provisional,1920,1080,1920,1080,8544d895102bd303b844639abdeb159fc5cf4a31f7d5b62a89cc4a705e68c4ec,7b696d656941d959,True,False,,True,,unreviewed
01012.jpg,训练集/01012.jpg,train,有漂浮物,1012,file_block_0004,filename_contiguous_block_provisional,1920,1080,1920,1080,2c0438fe6f67f08d7d5b54edece8eec9ae934e52dc821e15f105725be21ec558,7b6965e5f1f1c9a9,True,False,,True,,unreviewed
01013.jpg,训练集/01013.jpg,train,有漂浮物,1013,file_block_0004,filename_contiguous_block_provisional,1920,1080,1920,1080,bd123866349d6d1e7b2a42b41c6b2c6996d745848e35639587132a34a1601b66,39696d656f336bfb,True,False,,True,,unreviewed
01014.jpg,训练集/01014.jpg,train,有漂浮物,1014,file_block_0004,filename_contiguous_block_provisional,1920,1080,1920,1080,e1b20a2f3c5a7e9b00ba4304b47c0b782d2f134405cef04eedda0c65433e42b7,796d6765676f7b39,True,False,,True,,unreviewed
01015.jpg,训练集/01015.jpg,train,有漂浮物,1015,file_block_0004,filename_contiguous_block_provisional,1920,1080,1920,1080,d19db39169cc536adc9ed8a4be34f2fe7287a9f7661223d160a06bbf1adda0e4,196963e567f3f3a7,True,False,,True,,unreviewed
01016.jpg,训练集/01016.jpg,train,有漂浮物,1016,file_block_0004,filename_contiguous_block_provisional,1920,1080,1920,1080,18cb58630080da4f8d6349087aafd53ae8e61cbdf266f40da7590263f6082d32,192963e5c7f3b3b7,True,False,,True,,unreviewed
01017.jpg,训练集/01017.jpg,train,有漂浮物,1017,file_block_0004,filename_contiguous_block_provisional,1920,1080,1920,1080,a90ceec1532c1c7922a85619a4717f99ca7f9dce7856b32b5fc61dde4670750b,396d6de5f7f3dbfb,True,False,,True,,unreviewed
01018.jpg,训练集/01018.jpg,train,有漂浮物,1018,file_block_0004,filename_contiguous_block_provisional,1920,1080,1920,1080,7bef0276b1d72642123a107d5ad931c68d43e7bd0a68c9efeaf688f4522670ce,19296d65676b23fb,True,False,,True,,unreviewed
01019.jpg,训练集/01019.jpg,train,有漂浮物,1019,file_block_0004,filename_contiguous_block_provisional,1920,1080,1920,1080,0ab3f262fabe2b8d70b6cf6e9aac38e28fc9c889aa574be653501e3b2c93883f,39696d656591a36b,True,False,,True,,unreviewed
01020.jpg,训练集/01020.jpg,train,有漂浮物,1020,file_block_0004,filename_contiguous_block_provisional,1920,1080,1920,1080,e0003f4a97c94c62ee075994d829f8ae1174d94d97cc45ff3581d7c1a879acf9,39697d75677353db,True,False,,True,,unreviewed
01021.jpg,训练集/01021.jpg,train,有漂浮物,1021,file_block_0004,filename_contiguous_block_provisional,1920,1080,1920,1080,eff0c5949831bdde5fe4efee9ce8ba9921a1f50f07cfdf0fd1f9cd9b2762fa06,6b6d656567470f0b,True,False,,True,,unreviewed
01022.jpg,训练集/01022.jpg,train,有漂浮物,1022,file_block_0004,filename_contiguous_block_provisional,1920,1080,1920,1080,afba9985318086cc7ffc2164ae922c14ea1bf5cb62846d1d3d6f73e82e289785,1b396de567636361,True,False,,True,,unreviewed
01023.jpg,训练集/01023.jpg,train,有漂浮物,1023,file_block_0004,filename_contiguous_block_provisional,1920,1080,1920,1080,767870aad6e8abe38e3d5da73bbc9a4cf5859ddce513150037c3823881d8fb83,39797d6565336363,True,False,,True,,unreviewed
01024.jpg,训练集/01024.jpg,train,有漂浮物,1024,file_block_0004,filename_contiguous_block_provisional,1920,1080,1920,1080,581c35cded84f828748e2d498025360419a6ee46aa2a4c85066d03deb1fbfe25,396d65654503030b,True,False,,True,,unreviewed
01025.jpg,训练集/01025.jpg,train,有漂浮物,1025,file_block_0004,filename_contiguous_block_provisional,1920,1080,1920,1080,3b63bc209997b188be3562588a5afc6ac3fd36af7c8452018688cb81cf354496,19696767cfc763e7,True,False,,True,,unreviewed
01026.jpg,训练集/01026.jpg,train,有漂浮物,1026,file_block_0004,filename_contiguous_block_provisional,1920,1080,1920,1080,ea5f0dfa96938aea998067bc816ab4891c669049db4a7722dd8006f3a364d50e,192d272585c3c3c7,True,False,,True,,unreviewed
01027.jpg,训练集/01027.jpg,train,有漂浮物,1027,file_block_0004,filename_contiguous_block_provisional,1920,1080,1920,1080,c41a2b7ca184e5e3009a72cd17368d2a8c73e9ee897a4b3be1bb85cfad122ed1,196f6d6f3f9b1307,True,False,,True,,unreviewed
01028.jpg,训练集/01028.jpg,train,有漂浮物,1028,file_block_0004,filename_contiguous_block_provisional,1920,1080,1920,1080,416a7cc0d4f1aa2c2dd939f70a7cc60efb18c52e9cd9ebded6f2d760f0212d65,3b6f6d6567a3c353,True,False,,True,,unreviewed
01029.jpg,训练集/01029.jpg,train,有漂浮物,1029,file_block_0004,filename_contiguous_block_provisional,1920,1080,1920,1080,7d32c35c0e58a01ee05dbb14caae9ea3ae737cb3ca8c5d6b3ae78b20fdd97500,1b0f6d652733333b,True,False,,True,,unreviewed
01030.jpg,训练集/01030.jpg,train,有漂浮物,1030,file_block_0004,filename_contiguous_block_provisional,1920,1080,1920,1080,b4134acfd5fb12edd9f8653f46ca4900958110505db6c450faf71e7c2bd6f83d,1b4f65650f0b1b0b,True,False,,True,,unreviewed
01031.jpg,训练集/01031.jpg,train,有漂浮物,1031,file_block_0004,filename_contiguous_block_provisional,1920,1080,1920,1080,bba844a694dde81721e9d57541806db3cea83ecd651e902414de0b067127aac7,196b65656773332b,True,False,,True,,unreviewed
01032.jpg,训练集/01032.jpg,train,有漂浮物,1032,file_block_0004,filename_contiguous_block_provisional,1920,1080,1920,1080,ea4d378ca28164de4d8f9de11976fc31873afc43720d9786b90a498b6f1562a5,196b65e7c7830303,True,False,,True,,unreviewed
01033.jpg,训练集/01033.jpg,train,有漂浮物,1033,file_block_0004,filename_contiguous_block_provisional,1920,1080,1920,1080,d0ebe0d7e783e96a6331ab6c162e073ea184d0db5a2765107397cda2781378eb,19696d676f0f1f37,True,False,,True,,unreviewed
01034.jpg,训练集/01034.jpg,train,有漂浮物,1034,file_block_0004,filename_contiguous_block_provisional,1920,1080,1920,1080,4f17acc42b9f4888f467c5017c1f6582fd18517b0d40e5fefaaa83f299da3a0f,1b0f67450d0b1b0b,True,False,,True,,unreviewed
01035.jpg,训练集/01035.jpg,train,有漂浮物,1035,file_block_0004,filename_contiguous_block_provisional,1920,1080,1920,1080,9f0772070bc4bc3522dc8a5b3a7fe91caa5adf864a0699ca2dce66512e2de1d1,1b0f67650103030b,True,False,,True,,unreviewed
01036.jpg,训练集/01036.jpg,train,有漂浮物,1036,file_block_0004,filename_contiguous_block_provisional,1920,1080,1920,1080,8258379e4856c256b200d73f8b5cda9300bd20fdc43c99d645f096db35f81c0b,796767650703c3c3,True,False,,True,,unreviewed
01037.jpg,训练集/01037.jpg,train,有漂浮物,1037,file_block_0004,filename_contiguous_block_provisional,1920,1080,1920,1080,2b4e467e892cc37e82b8c9160542f693cfb785017c8d2bc73d01186c3357b67f,1963676527336363,True,False,,True,,unreviewed
01038.jpg,训练集/01038.jpg,train,有漂浮物,1038,file_block_0004,filename_contiguous_block_provisional,1920,1080,1920,1080,a4897dc1f7761a18d5ce80e41d9bf2d77517250750a70059d7627e2495f50605,7b6b6d65471373eb,True,False,,True,,unreviewed
01039.jpg,训练集/01039.jpg,train,有漂浮物,1039,file_block_0004,filename_contiguous_block_provisional,1920,1080,1920,1080,b845b760a121429e7cdbc7822ce6d89f4ed92bab20c34c1e4499ca368aca30c4,396b656567130303,True,False,,True,,unreviewed
01040.jpg,训练集/01040.jpg,train,有漂浮物,1040,file_block_0004,filename_contiguous_block_provisional,1920,1080,1920,1080,a7db2c466008d061bb2b27750e213eaf197ac251275ce99ed00fd7e2c1047e4d,3b696d6547010303,True,False,,True,,unreviewed
01041.jpg,训练集/01041.jpg,train,有漂浮物,1041,file_block_0004,filename_contiguous_block_provisional,1920,1080,1920,1080,4570f7acc4324451815bcff00c1fe3916669e331a47422f4b3d27694569b241e,193b656501410101,True,False,,True,,unreviewed
01042.jpg,训练集/01042.jpg,train,有漂浮物,1042,file_block_0004,filename_contiguous_block_provisional,1920,1080,1920,1080,0e59422c61782e06d9b937e1fd82bc237d3b67c53fe3d2a7d2f6538edd0129be,39696d676fe3f361,True,False,,True,,unreviewed
01043.jpg,训练集/01043.jpg,train,有漂浮物,1043,file_block_0004,filename_contiguous_block_provisional,1920,1080,1920,1080,829bc3017da14c33f5981f08a684f88b8d905df3a95bc5e60985bac738abb03a,190f466571312373,True,False,,True,,unreviewed
01044.jpg,训练集/01044.jpg,train,有漂浮物,1044,file_block_0004,filename_contiguous_block_provisional,1920,1080,1920,1080,cb04f242fdd751ddc0330b797f880ed3bf06da37ea47086cb6423f9ae22d25ef,1b6b61e561f1f1e9,True,False,,True,,unreviewed
01045.jpg,训练集/01045.jpg,train,有漂浮物,1045,file_block_0004,filename_contiguous_block_provisional,1920,1080,1920,1080,107b14df7a00653c323814b58156b99a773a3e9d3df8c2c9ad1044b235f72900,196965e5e571e1e1,True,False,,True,,unreviewed
01046.jpg,训练集/01046.jpg,train,有漂浮物,1046,file_block_0004,filename_contiguous_block_provisional,1920,1080,1920,1080,6528a2134461a175e721efb4b3197dbfce10ff3f1a65cbba2d8e439770c357d2,3b696de5f9f1f1e1,True,False,,True,,unreviewed
01047.jpg,训练集/01047.jpg,train,有漂浮物,1047,file_block_0004,filename_contiguous_block_provisional,1920,1080,1920,1080,18ee98637420ce58474e97b9da4712fd86ee23422bc7203c826bf2e1360a5801,39796de5eff9f3f3,True,False,,True,,unreviewed
01048.jpg,训练集/01048.jpg,train,有漂浮物,1048,file_block_0004,filename_contiguous_block_provisional,1920,1080,1920,1080,532decf801084a53055d2fc4e6638699dae7b3a40c4b435bbe171f776e4ed7c6,19396d4d3f3d1d0f,True,False,,True,,unreviewed
01049.jpg,训练集/01049.jpg,train,有漂浮物,1049,file_block_0004,filename_contiguous_block_provisional,1920,1080,1920,1080,9cebad168964bfd1dbf21c7b085e222febc5faa44fe075dc37351b293d26feed,7b6d6d676763e363,True,False,,True,,unreviewed
01050.jpg,训练集/01050.jpg,train,有漂浮物,1050,file_block_0004,filename_contiguous_block_provisional,1920,1080,1920,1080,3e9c0bc4ba08e04b145ff7dc21ca393013d51296d39dfb386dc95b2a468261a6,39696d65e5d1d1d1,True,False,,True,,unreviewed
01051.jpg,训练集/01051.jpg,train,有漂浮物,1051,file_block_0004,filename_contiguous_block_provisional,1920,1080,1920,1080,324df2a4c07b165ff401cf98cc0e8527366bf919979483a5aa50bb1331dda020,18a08080886c6c3d,True,False,,True,,unreviewed
01052.jpg,训练集/01052.jpg,train,有漂浮物,1052,file_block_0004,filename_contiguous_block_provisional,1920,1080,1920,1080,4365df044770aa6e420eb55e40d6ab7dbdb604e051f16b32046a107ff41431e5,90c0c3878f07773f,True,False,,True,,unreviewed
01053.jpg,训练集/01053.jpg,train,有漂浮物,1053,file_block_0004,filename_contiguous_block_provisional,1920,1080,1920,1080,b87ce3fff280f3abab41504af21c9ef07aadb0b760f477cbb8a168cc0759303b,808081879f1f5f3f,True,False,,True,,unreviewed
01054.jpg,训练集/01054.jpg,train,有漂浮物,1054,file_block_0004,filename_contiguous_block_provisional,1920,1080,1920,1080,34eacf77242ea3115fd0c3aff9a9b0215096cae1df3b419d217a5ef1bb225f8a,18e0c0c486f669e9,True,False,,True,,unreviewed
01055.jpg,训练集/01055.jpg,train,有漂浮物,1055,file_block_0004,filename_contiguous_block_provisional,1920,1080,1920,1080,7e6eb0f4c18b611b2693a03917c8a6bb5e2c6cf9c149e8b632dcfc22ddc6c050,d8e0c0848cee69e9,True,False,,True,,unreviewed
01056.jpg,训练集/01056.jpg,train,有漂浮物,1056,file_block_0004,filename_contiguous_block_provisional,1920,1080,1920,1080,d844ece687bda62b0cb4ecea024feaf1e21614106f5738b4b1a4617a13749ee8,58f0c08c9c7c7d3d,True,False,,True,,unreviewed
01057.jpg,训练集/01057.jpg,train,有漂浮物,1057,file_block_0004,filename_contiguous_block_provisional,1920,1080,1920,1080,5d2a08199044e67589a75443e8ea5b511b8595b8472899d3bf4010c0a168df88,f8c0838f9f3f7f79,True,False,,True,,unreviewed
01058.jpg,训练集/01058.jpg,train,有漂浮物,1058,file_block_0004,filename_contiguous_block_provisional,1920,1080,1920,1080,5a6ac25f26e43aac2f734b82110691e84090d7161a5eb3ad653241a884e3e139,8880038f9f3f3f3f,True,False,,True,,unreviewed
01059.jpg,训练集/01059.jpg,train,有漂浮物,1059,file_block_0004,filename_contiguous_block_provisional,1920,1080,1920,1080,2acb6d4ada02e60ce346caed23e0595fb1c23f9fcbbf3ffa64999552150a9528,988083878f0f4d3f,True,False,,True,,unreviewed
01060.jpg,训练集/01060.jpg,train,有漂浮物,1060,file_block_0004,filename_contiguous_block_provisional,1920,1080,1920,1080,1717f00860cbddd7a4f31a34991b9db17fee56523b8f9d871b8fc1fc5ca7792f,988080868e9f5d71,True,False,,True,,unreviewed
01061.jpg,训练集/01061.jpg,train,有漂浮物,1061,file_block_0004,filename_contiguous_block_provisional,1920,1080,1920,1080,3025565cb10207891ca30b5f4a9fd9e5ac86eb88eb445096cb3002afc37021cd,9888078f8f3f7f3f,True,False,,True,,unreviewed
01062.jpg,训练集/01062.jpg,train,有漂浮物,1062,file_block_0004,filename_contiguous_block_provisional,1920,1080,1920,1080,95a5a9feac7d78ce0e14dc7eb9234581f2310e5e8d233d75e1655a1b4d2c5a14,9c80034f8f4f4fbf,True,False,,True,,unreviewed
01063.jpg,训练集/01063.jpg,train,有漂浮物,1063,file_block_0004,filename_contiguous_block_provisional,1920,1080,1920,1080,34b9b81aafd7d223cfe676030af492615df0ce096ebdb6352363d9e77e80dfc7,1800838f8f874727,True,False,,True,,unreviewed
01064.jpg,训练集/01064.jpg,train,有漂浮物,1064,file_block_0004,filename_contiguous_block_provisional,1920,1080,1920,1080,d7bdac719b6a1fa052c1d81b6f10a5c0a3e33693c5cae3b67e3adf784e713778,8080078f9f3f7f3f,True,False,,True,,unreviewed
01065.jpg,训练集/01065.jpg,train,有漂浮物,1065,file_block_0004,filename_contiguous_block_provisional,1920,1080,1920,1080,fc034be07aab4dcca315dfcc3948004cedebca614cd4abe9f0a86afda302db79,1800070f8f8fcfaf,True,False,,True,,unreviewed
01066.jpg,训练集/01066.jpg,train,有漂浮物,1066,file_block_0004,filename_contiguous_block_provisional,1920,1080,1920,1080,bd74e2ed0c00604bfa8d49ea36b3f61ccc22a04ecf4b372abec7416cd34f8c78,180003878f4f7fbf,True,False,,True,,unreviewed
01067.jpg,训练集/01067.jpg,train,有漂浮物,1067,file_block_0004,filename_contiguous_block_provisional,1920,1080,1920,1080,fc786e79ec1ab53d1c3925c508c5cb9eaf15a29b6ec219f2d23a5cac7488fb1c,98f0068f9fff7f7f,True,False,,True,,unreviewed
01068.jpg,训练集/01068.jpg,train,有漂浮物,1068,file_block_0004,filename_contiguous_block_provisional,1920,1080,1920,1080,ff0167ce805a05577f66998841c475a3d1b5a3712a67cff4460bef8ff0746780,180003879f376fe7,True,False,,True,,unreviewed
01069.jpg,训练集/01069.jpg,train,有漂浮物,1069,file_block_0004,filename_contiguous_block_provisional,1280,720,1280,720,1442bc3a366bee54c79779471cdf61298c5be7238c75a6e12fb58152ea048f74,30804060e0f4f7e7,True,False,,True,,unreviewed
01070.jpg,训练集/01070.jpg,train,有漂浮物,1070,file_block_0004,filename_contiguous_block_provisional,1280,720,1280,720,9461d29e090e4d12de512b1c13c6478c922bad10a12efb51ac85c79e4ccb999a,30805068e8eef7e7,True,False,,True,,unreviewed
01071.jpg,训练集/01071.jpg,train,有漂浮物,1071,file_block_0004,filename_contiguous_block_provisional,1280,720,1280,720,0eeff2cab8a895c3c65bb10e7f038689e31a411043fa554e980d88d2584bb261,000040f0f0f4e767,True,False,,True,,unreviewed
01072.jpg,训练集/01072.jpg,train,有漂浮物,1072,file_block_0004,filename_contiguous_block_provisional,1280,720,1280,720,588e99655a3292ab66cd707e21948044ca82577ccc5ee1edd9bcffa9bda2e5a9,848340e0d4f7e3e7,True,False,,True,,unreviewed
01073.jpg,训练集/01073.jpg,train,有漂浮物,1073,file_block_0004,filename_contiguous_block_provisional,1280,720,1280,720,2ebfdaa4f387adc754474b1208a829a28b3f81591833e8592da0f98ce55c427b,84824060e6f7f7e7,True,False,,True,,unreviewed
01074.jpg,训练集/01074.jpg,train,有漂浮物,1074,file_block_0004,filename_contiguous_block_provisional,1280,720,1280,720,60688eafccc827c1213036fe2fc9092c97bf8c84f7f799a0c4ad7d775f4d3739,848040e0f4f7f5e6,True,False,,True,,unreviewed
01075.jpg,训练集/01075.jpg,train,有漂浮物,1075,file_block_0004,filename_contiguous_block_provisional,1280,720,1280,720,7cf04da9f3d8e2dbf4c59caf4fbdda83c2cbbe28df32eaf4323a72fb358aeaa9,848240e064f6f6e7,True,False,,True,,unreviewed
01076.jpg,训练集/01076.jpg,train,有漂浮物,1076,file_block_0004,filename_contiguous_block_provisional,1280,720,1280,720,a6cb487c13435755cd55a8719d731cae3b7f0e64fbe25c2a384493f2b8aad4f8,0001c8fcfdeeff76,True,False,,True,,unreviewed
01077.jpg,训练集/01077.jpg,train,有漂浮物,1077,file_block_0004,filename_contiguous_block_provisional,1920,1080,1920,1080,a5c178084aee601a3fa154a6340cec790754bb71d5204ac56a2cb9e9b2588fc9,c4c6c6960cccce20,True,False,,True,,unreviewed
01078.jpg,训练集/01078.jpg,train,有漂浮物,1078,file_block_0004,filename_contiguous_block_provisional,1920,1080,1920,1080,5b6999f1581ec3f2b1eea71b390ae09c94aa2b812c8cd69ac476975613c8538b,6070e3fafefef7f2,True,False,,True,,unreviewed
01079.jpg,训练集/01079.jpg,train,有漂浮物,1079,file_block_0004,filename_contiguous_block_provisional,1920,1080,1920,1080,92c40661c37c5a9f87dc3a903ed061608cfb2ae5458e106a421e7d7c0533cf92,6070e1fffefeffd8,True,False,,True,,unreviewed
01080.jpg,训练集/01080.jpg,train,有漂浮物,1080,file_block_0004,filename_contiguous_block_provisional,1920,1080,1920,1080,d600c1806eae05ded9c033620ed0c3f7df9f7a68b8a88a8dd8c700064151bffc,6070e1fffefddff1,True,False,,True,,unreviewed
01081.jpg,训练集/01081.jpg,train,有漂浮物,1081,file_block_0004,filename_contiguous_block_provisional,1920,1080,1920,1080,84dde4f1284b2f78b9ef172e4cfc99a5689f5ab0cef9f55d8be1baffce14aa0a,6070eafefafcfdfc,True,False,,True,,unreviewed
01082.jpg,训练集/01082.jpg,train,有漂浮物,1082,file_block_0004,filename_contiguous_block_provisional,1920,1080,1920,1080,03d95fc56dc863134f5a120265e092d452f02dfec4d7f21afaa2fa3052aab9df,6070f8f0f0fe9fba,True,False,,True,,unreviewed
01083.jpg,训练集/01083.jpg,train,有漂浮物,1083,file_block_0004,filename_contiguous_block_provisional,1920,1080,1920,1080,1f2abe7242c0192c32cb286cd839f80a896dd462e59ac7727a223e2d4576527c,6070e0c2e0f8e0e2,True,False,,True,,unreviewed
01084.jpg,训练集/01084.jpg,train,有漂浮物,1084,file_block_0004,filename_contiguous_block_provisional,1920,1080,1920,1080,e25bfdfecfee08e2a8874226056670613dde5bf293fb9509dd863028d6cdf2db,6070f0fcfbfeffe2,True,False,,True,,unreviewed
01085.jpg,训练集/01085.jpg,train,有漂浮物,1085,file_block_0004,filename_contiguous_block_provisional,1920,1080,1920,1080,64ceaa6e808fe86984a29c8f3158d686dca03378916f018e599756a4da4f9059,6070e0faf8fcfefa,True,False,,True,,unreviewed
01086.jpg,训练集/01086.jpg,train,正常,1086,file_block_0004,filename_contiguous_block_provisional,1920,1080,1920,1080,1de26166d25df2eec41e06e6a91578511273c4cf9ac4d3f297bba2013c6f6fa8,204ca4bc942c38b4,True,False,,True,,unreviewed
01087.jpg,训练集/01087.jpg,train,有漂浮物,1087,file_block_0004,filename_contiguous_block_provisional,2560,1440,2560,1440,21873717e058d0c478aa82ea87c2bb6823cf99c1cdcf1978b97608ea1c31e726,070f0f1f1f0f0703,True,False,,True,,unreviewed
01088.jpg,训练集/01088.jpg,train,有漂浮物,1088,file_block_0004,filename_contiguous_block_provisional,2560,1440,2560,1440,7f3838ca41bfd45a76a6812f97fecfa1a7d2ce796d98b4d6ee772449ad96d5e5,070f0f1f0f0f2723,True,False,,True,,unreviewed
01089.jpg,训练集/01089.jpg,train,有漂浮物,1089,file_block_0004,filename_contiguous_block_provisional,2560,1440,2560,1440,83afa8bd698621679f2e2f4c37177ce702e0a80103bc4c7302ec1bfe6be050d3,273f1f1e1f3f3773,True,False,,True,,unreviewed
01090.jpg,训练集/01090.jpg,train,有漂浮物,1090,file_block_0004,filename_contiguous_block_provisional,2560,1440,2560,1440,150824cf31233ca01b4d596eb5c2def4f8b3b6b417a5a33fa732ef4e0577be75,272f2f6e2e2f6fc3,True,False,,True,,unreviewed
01091.jpg,训练集/01091.jpg,train,有漂浮物,1091,file_block_0004,filename_contiguous_block_provisional,1920,1080,1920,1080,0e420ebb4dc5a509499a54cf4f8ca2fd879b743a986c09b4b33b66aa98bd40fc,07078ffffb198d9c,True,False,,True,,unreviewed
01092.jpg,训练集/01092.jpg,train,有漂浮物,1092,file_block_0004,filename_contiguous_block_provisional,1920,1080,1920,1080,a99cad6c03aae799243c5a0e60e0297dbf8f5c00af031237ba8b58685676b519,07070f5f53118d9d,True,False,,True,,unreviewed
01093.jpg,训练集/01093.jpg,train,有漂浮物,1093,file_block_0004,filename_contiguous_block_provisional,1920,1080,1920,1080,b8b81b3425a00089d680dc86452f9c7681a7ccea680dfeea9398504305066f99,07072fff7f393d3d,True,False,,True,,unreviewed
01094.jpg,训练集/01094.jpg,train,有漂浮物,1094,file_block_0004,filename_contiguous_block_provisional,1920,1080,1920,1080,68bad30c040ee29ac7cb6d210aa7c75e50e8f9626460b948a7266c1a6d16dd39,07070f7f5b999d7d,True,False,,True,,unreviewed
01095.jpg,训练集/01095.jpg,train,有漂浮物,1095,file_block_0004,filename_contiguous_block_provisional,1920,1080,1920,1080,7b8712101a8bc51d6f2c86641ff21c391ff60e38a4bb5713ac346551262ad86b,07070f6f53198d9d,True,False,,True,,unreviewed
01096.jpg,训练集/01096.jpg,train,有漂浮物,1096,file_block_0004,filename_contiguous_block_provisional,1920,1080,1920,1080,c2fa669654ca9de8493f120d42a8c3f645fa5339590757281159e34011aa63d4,218181c3433e0903,True,False,,True,,unreviewed
01097.jpg,训练集/01097.jpg,train,有漂浮物,1097,file_block_0004,filename_contiguous_block_provisional,1920,1080,1920,1080,f9af99d78dc8a50063c75d3c5b79b3c219662b0942f6bac571f1032ce0ab6da5,018180c3c1781802,True,False,,True,,unreviewed
01098.jpg,训练集/01098.jpg,train,有漂浮物,1098,file_block_0004,filename_contiguous_block_provisional,1920,1080,1920,1080,58444caa05f4b29c543c70c86fdd03290c8e90fd7fd28affa00a68c8c9560d0e,01830707071b0301,True,False,,True,,unreviewed
01099.jpg,训练集/01099.jpg,train,有漂浮物,1099,file_block_0004,filename_contiguous_block_provisional,1920,1080,1920,1080,c3b76b8da7353e0d2f0d90679649a95be4949340bdfe3be5b22cfe2025825ba2,018383c3010b0703,True,False,,True,,unreviewed
01100.jpg,训练集/01100.jpg,train,有漂浮物,1100,file_block_0004,filename_contiguous_block_provisional,1920,1080,1920,1080,43217282dd0190c97ebf53363696f588c0579a03e6c93caf5dfed86c04675fdc,0f0f0e0e1e6f3e0b,True,False,,True,,unreviewed
01101.jpg,训练集/01101.jpg,train,有漂浮物,1101,file_block_0004,filename_contiguous_block_provisional,1920,1080,1920,1080,1d1dffd0150fbb5eebbbc121c05b154e8c48801eba334d1077f48b711fc7fd4d,0f0f0e0e06070f0b,True,False,,True,,unreviewed
01102.jpg,训练集/01102.jpg,train,有漂浮物,1102,file_block_0004,filename_contiguous_block_provisional,1920,1080,1920,1080,ea1c26b2f0d14cbc4d5fc8ff2b01de4477ee01463791869255fda7ed48306560,2f030e1c1e3f3c0b,True,False,,True,,unreviewed
01103.jpg,训练集/01103.jpg,train,有漂浮物,1103,file_block_0004,filename_contiguous_block_provisional,2560,1920,2560,1920,941555a38d7320f5537f18f758ca15be4f6c9538ad3e6480158b2f77deef5fc8,07070300c78798f0,True,False,,True,,unreviewed
01104.jpg,训练集/01104.jpg,train,有漂浮物,1104,file_block_0004,filename_contiguous_block_provisional,2560,1920,2560,1920,a7bfa56ce908389003f65af5f7f03d5a89825905e4f411df6a8dba29822e55d4,0707210707078189,True,False,,True,,unreviewed
01105.jpg,训练集/01105.jpg,train,有漂浮物,1105,file_block_0004,filename_contiguous_block_provisional,2560,1920,2560,1920,fea625ab41a32002ed3bac9e6c882c57a42d5d68c9d59d2b252824f80102fa0e,01018181c3830901,True,False,,True,,unreviewed
01106.jpg,训练集/01106.jpg,train,有漂浮物,1106,file_block_0004,filename_contiguous_block_provisional,2560,1920,2560,1920,dc0b98175bea0c8a5bdb6a42fa814e7af7bd48b162425b7b5b4a2bf64997a2d0,2183c30004048381,True,False,,True,,unreviewed
01107.jpg,训练集/01107.jpg,train,有漂浮物,1107,file_block_0004,filename_contiguous_block_provisional,2560,1920,2560,1920,5b0f3f8785621fe4cf835bff7bc65b800049dfcfa63f43303bcf5e3f36efc3fa,03030387011d0d05,True,False,,True,,unreviewed
01108.jpg,训练集/01108.jpg,train,有漂浮物,1108,file_block_0004,filename_contiguous_block_provisional,2560,1920,2560,1920,586a7e3e9f6c4dff7ce47df0b11d80bc449e7e0f9d24b6fe5f11e5fe1079250f,01c0c1e363911943,True,False,,True,,unreviewed
01109.jpg,训练集/01109.jpg,train,有漂浮物,1109,file_block_0004,filename_contiguous_block_provisional,2560,1920,2560,1920,b1b983a3a71d009a741572dbe184dbde50d3699344f0209b9f0a99fcf5ca0aa9,0703030303030707,True,False,,True,,unreviewed
01110.jpg,训练集/01110.jpg,train,有漂浮物,1110,file_block_0004,filename_contiguous_block_provisional,2560,1920,2560,1920,4c8a5bbdcc2b87bba3eac13b2095c4c9a28ad847f960cb9356ca5bbd803d7a8f,0703030303c30707,True,False,,True,,unreviewed
01111.jpg,训练集/01111.jpg,train,有漂浮物,1111,file_block_0004,filename_contiguous_block_provisional,2560,1920,2560,1920,2930b59558661f7c3c8af49bef704d6504a1832be927b9ce5f6208a7d224f025,0f07030303470f07,True,False,,True,,unreviewed
01112.jpg,训练集/01112.jpg,train,有漂浮物,1112,file_block_0004,filename_contiguous_block_provisional,2560,1920,2560,1920,3d1b400a7dacdffc5e7f8dc540446662c3e09b3265021618da8e3bfcd4cc8de3,0703030303430707,True,False,,True,,unreviewed
01113.jpg,训练集/01113.jpg,train,有漂浮物,1113,file_block_0004,filename_contiguous_block_provisional,2560,1920,2560,1920,d6e14e17474aa8cc72519590545f9c62805621ebdc101b81981efd8b96597ad1,070703030707070f,True,False,,True,,unreviewed
01114.jpg,训练集/01114.jpg,train,有漂浮物,1114,file_block_0004,filename_contiguous_block_provisional,2560,1920,2560,1920,a83bd2accd8e60b3679c897e7f3da4f8f6d0893b10794ab37b28a15176e703ec,0f0703030707070f,True,False,,True,,unreviewed
01115.jpg,训练集/01115.jpg,train,有漂浮物,1115,file_block_0004,filename_contiguous_block_provisional,2560,1920,2560,1920,f21e848416a04e5ec5cd720160620a6015af2534643fd219d8cf71d52ec8694e,0703030282c70707,True,False,,True,,unreviewed
01116.jpg,训练集/01116.jpg,train,有漂浮物,1116,file_block_0004,filename_contiguous_block_provisional,2560,1920,2560,1920,eb06a724743b6f231b6efa95eaf2adc12704207098194ebfd27212d073f88df0,0707030303870707,True,False,,True,,unreviewed
01117.jpg,训练集/01117.jpg,train,有漂浮物,1117,file_block_0004,filename_contiguous_block_provisional,2560,1920,2560,1920,9e8a478b080216ab2535c00a2a31a2e19f526716547775eb6e4ebb8de08847d7,0f0703030703030f,True,False,,True,,unreviewed
01118.jpg,训练集/01118.jpg,train,有漂浮物,1118,file_block_0004,filename_contiguous_block_provisional,2560,1920,2560,1920,4f45da1d3d8095f92ea05ffbe7c8881e3bcdd82ffb61daf076ad583f5344f6ed,0303030283870307,True,False,,True,,unreviewed
01119.jpg,训练集/01119.jpg,train,有漂浮物,1119,file_block_0004,filename_contiguous_block_provisional,2560,1920,2560,1920,9e75ad3d812f38812c17899352dc1f5b3149ecf47c87aa26dd1d91935b5b2c63,0807030787c7031b,True,False,,True,,unreviewed
01120.jpg,训练集/01120.jpg,train,有漂浮物,1120,file_block_0004,filename_contiguous_block_provisional,2560,1920,2560,1920,1a5289788997a40ea8d460104ae00b1a869ac7862a5e6ab0e488a1ca117abea7,0c47634be3c70f1f,True,False,,True,,unreviewed
01121.jpg,训练集/01121.jpg,train,有漂浮物,1121,file_block_0004,filename_contiguous_block_provisional,2560,1920,2560,1920,2c409b05b4b8e1af0b17bbb6ae693a0393ef7acaf74b5c07ddeb1a4d8928b72d,0c07030387c78713,True,False,,True,,unreviewed
01122.jpg,训练集/01122.jpg,train,有漂浮物,1122,file_block_0004,filename_contiguous_block_provisional,2560,1920,2560,1920,d26c489a9a6857f97cd1efd06d4c5e084bff33d69dcb535988761d502ddbc157,0107030282c78323,True,False,,True,,unreviewed
01123.jpg,训练集/01123.jpg,train,有漂浮物,1123,file_block_0004,filename_contiguous_block_provisional,2560,1920,2560,1920,c9cc3d57aeb4e506df3c404f7e6175bfe537b4e752ea49bbdae5859bd67853b1,01c7e326a2c7c371,True,False,,True,,unreviewed
01124.jpg,训练集/01124.jpg,train,有漂浮物,1124,file_block_0004,filename_contiguous_block_provisional,2560,1920,2560,1920,cb253c68dd4a9f454d69cd9aaea8dfd37017694343b7922756413facf763a793,0f1e9e0e0e16d3e7,True,False,,True,,unreviewed
01125.jpg,训练集/01125.jpg,train,有漂浮物,1125,file_block_0004,filename_contiguous_block_provisional,2560,1920,2560,1920,3eb1cca75eade578845dc083c227f501ab53f4cea8cc2edf986f689a2d818328,0f0f06060e0ec0e5,True,False,,True,,unreviewed
01126.jpg,训练集/01126.jpg,train,有漂浮物,1126,file_block_0004,filename_contiguous_block_provisional,2560,1920,2560,1920,a3181b3e2341da2a63053402716a7c77145ac6c2d78ad151bf0e1822b29a8c15,0f0707060e16c0e4,True,False,,True,,unreviewed
01127.jpg,训练集/01127.jpg,train,有漂浮物,1127,file_block_0004,filename_contiguous_block_provisional,2560,1920,2560,1920,be3ffa7eb276e067b0e59039ba847a3692f79f4c33b044f99cd9b5fa55271d65,0f0707060e06c0e0,True,False,,True,,unreviewed
01128.jpg,训练集/01128.jpg,train,有漂浮物,1128,file_block_0004,filename_contiguous_block_provisional,2560,1920,2560,1920,06a07b32aee59b96c9cc15c2d65b08cb7cb4c0c932d50ffe3819e4856646d083,0f07071e0e0e8664,True,False,,True,,unreviewed
01129.jpg,训练集/01129.jpg,train,有漂浮物,1129,file_block_0004,filename_contiguous_block_provisional,2560,1920,2560,1920,c667ff10e102e66def5c62ffbac1741dea3ff41edcc4e444ea8d491dc596bc49,0f0707060e06c060,True,False,,True,,unreviewed
01130.jpg,训练集/01130.jpg,train,有漂浮物,1130,file_block_0004,filename_contiguous_block_provisional,2560,1920,2560,1920,bbe49978aa07208844fea4388f04d43bb97bba5b41e6592812efc71e3a3b84b8,0f07030e0e0ecc64,True,False,,True,,unreviewed
01131.jpg,训练集/01131.jpg,train,有漂浮物,1131,file_block_0004,filename_contiguous_block_provisional,2560,1920,2560,1920,3c5bc8c1aea90eb401aff34702358f5d4613a82281af52d0d1fbe17271bfc146,0f0707070e066464,True,False,,True,,unreviewed
01132.jpg,训练集/01132.jpg,train,有漂浮物,1132,file_block_0004,filename_contiguous_block_provisional,2560,1920,2560,1920,31bc76ab6b8b38416bf529a11170e4edd26e79ef6054dbb2188915df2beaa18c,0f07070f0e161e54,True,False,,True,,unreviewed
01133.jpg,训练集/01133.jpg,train,有漂浮物,1133,file_block_0004,filename_contiguous_block_provisional,2560,1920,2560,1920,b08835067bb5e6a78570cc0bc6082baa27cc8d5250e5bfd08743e8093d20c88a,0f0707030f161e74,True,False,,True,,unreviewed
01134.jpg,训练集/01134.jpg,train,有漂浮物,1134,file_block_0004,filename_contiguous_block_provisional,2560,1920,2560,1920,b9e13b1f0b086907040505091692740b9137250fa5b49f055ee01f83421086f5,071f1f0e1c1c0e1f,True,False,,True,,unreviewed
01135.jpg,训练集/01135.jpg,train,有漂浮物,1135,file_block_0004,filename_contiguous_block_provisional,2560,1920,2560,1920,092a1e4e535890b21be2df35f3810eeac17f77ece6db67e38041e3a9b1df6d0b,0f1f1f0f1c1c1e3f,True,False,,True,,unreviewed
01136.jpg,训练集/01136.jpg,train,有漂浮物,1136,file_block_0004,filename_contiguous_block_provisional,2560,1920,2560,1920,ea8f519e29abd42295f9c7516aa639648a1b07199bc96b0d4a1240efcd39366e,3b1f1f0f9c1c3c3f,True,False,,True,,unreviewed
01137.jpg,训练集/01137.jpg,train,有漂浮物,1137,file_block_0004,filename_contiguous_block_provisional,2560,1920,2560,1920,7a696ef442f7408c133cc0e38ac0f66751abcaf19ca0c27fa948837e08d70f05,0f0f0f0f1e1e0e1f,True,False,,True,,unreviewed
01138.jpg,训练集/01138.jpg,train,有漂浮物,1138,file_block_0004,filename_contiguous_block_provisional,2560,1920,2560,1920,f3ad6a340cdf49bbf54acf278a7b8f4f3807273d8d503df65b9a2caf0b00ef5a,070f0f0f1e1c0c1f,True,False,,True,,unreviewed
01139.jpg,训练集/01139.jpg,train,有漂浮物,1139,file_block_0004,filename_contiguous_block_provisional,2560,1920,2560,1920,d0790e5d46933b54ba989c3031a6cdec2739f281316430f80a95d592b8f2f49e,071f0f0f1c1c1c1f,True,False,,True,,unreviewed
01140.jpg,训练集/01140.jpg,train,有漂浮物,1140,file_block_0004,filename_contiguous_block_provisional,2560,1920,2560,1920,5bc909f3a748ca69a808214fa93e0a1d13bc8bf4bd99f00caf079211cecfede2,1b1f0f0f1e1e1e1f,True,False,,True,,unreviewed
01141.jpg,训练集/01141.jpg,train,有漂浮物,1141,file_block_0004,filename_contiguous_block_provisional,2560,1920,2560,1920,132dc370228baa2f6644869f255cdbced1b8d72342a501cb68fa5884181d303f,071f0f1e1e1e1f1d,True,False,,True,,unreviewed
01142.jpg,训练集/01142.jpg,train,有漂浮物,1142,file_block_0004,filename_contiguous_block_provisional,2560,1920,2560,1920,948788b0cfb0620b48419991fb09a5bed0effc03cb0ee8c514eb44b2e1b4f30b,071f0f0e1c1c0d3d,True,False,,True,,unreviewed
01143.jpg,训练集/01143.jpg,train,有漂浮物,1143,file_block_0004,filename_contiguous_block_provisional,2560,1920,2560,1920,430a8c358e379d2c5998daee8c907443d376dc99ec6606317cd87216954c7f6f,0f1f0f1e1c1c3d3d,True,False,,True,,unreviewed
01144.jpg,训练集/01144.jpg,train,有漂浮物,1144,file_block_0004,filename_contiguous_block_provisional,2560,1440,2560,1440,137e451abe6873f503a12f56a9248f5f4e4c86a9f89598dbecf00168687fdc7a,444d8bcbccaeb735,True,False,,True,,unreviewed
01145.jpg,训练集/01145.jpg,train,有漂浮物,1145,file_block_0004,filename_contiguous_block_provisional,2560,1440,2560,1440,fa60ac83bc0789db95ae04c8b30025badbabebd59b04357b2870a22c7c232a20,444d89cdcc8eb735,True,False,,True,,unreviewed
01146.jpg,训练集/01146.jpg,train,有漂浮物,1146,file_block_0004,filename_contiguous_block_provisional,2560,1440,2560,1440,66c8227f3e7ccbf6b7cb872be59390e24ca00a60f6a424b4852fdb3e0ed32eef,444d89c9cc8eb735,True,False,,True,,unreviewed
01147.jpg,训练集/01147.jpg,train,有漂浮物,1147,file_block_0004,filename_contiguous_block_provisional,2560,1440,2560,1440,161fe4f514d1000507aeaa245634339f8ac8c58ad046ab80fc985b2acc36639c,444d89cdcc8eb735,True,False,,True,,unreviewed
01148.jpg,训练集/01148.jpg,train,有漂浮物,1148,file_block_0004,filename_contiguous_block_provisional,2560,1440,2560,1440,18fdfa57e2ea5f2e2061006a0943179054a31ebf02315513deb0f0617f94dbad,e4a6cccdc5c4e7f7,True,False,,True,,unreviewed
01149.jpg,训练集/01149.jpg,train,有漂浮物,1149,file_block_0004,filename_contiguous_block_provisional,2560,1440,2560,1440,8312a5744f833aab021c3c8b03ebf0c7ff09b62977da98b68083f4d897bd616b,e486cccdc5e4e7f7,True,False,,True,,unreviewed
01150.jpg,训练集/01150.jpg,train,有漂浮物,1150,file_block_0004,filename_contiguous_block_provisional,2560,1440,2560,1440,528d3c725d0c0d24e28c6911e17202ebef73feae9deb7936d8885c98494a7702,e6e6cd8dcccce7b7,True,False,,True,,unreviewed
01151.jpg,训练集/01151.jpg,train,有漂浮物,1151,file_block_0004,filename_contiguous_block_provisional,2560,1440,2560,1440,b9c80d6d0ff39fc31997e7a4783184e619bdbe3d320b23483012fe3d9a833338,e6a6cccdedcce7b7,True,False,,True,,unreviewed
01152.jpg,训练集/01152.jpg,train,有漂浮物,1152,file_block_0004,filename_contiguous_block_provisional,2560,1440,2560,1440,8ac777beae1916c38fb8ea2c3ca2fee54e3a59ef2072a7048108d1ac3aca4a81,e6e7c999edcca3b7,True,False,,True,,unreviewed
01153.jpg,训练集/01153.jpg,train,有漂浮物,1153,file_block_0004,filename_contiguous_block_provisional,2560,1440,2560,1440,704637df3b694c5767b0255d7a99d92e61186ab3ee14c13232e9038d645cfc46,e6e6cdd9cdcda7b7,True,False,,True,,unreviewed
01154.jpg,训练集/01154.jpg,train,有漂浮物,1154,file_block_0004,filename_contiguous_block_provisional,2560,1440,2560,1440,d84d4d35edbb2e65b6ba0d63411f952252a961f15db64364f421d90250d04836,e6e6cdcdedcce7b7,True,False,,True,,unreviewed
01155.jpg,训练集/01155.jpg,train,有漂浮物,1155,file_block_0004,filename_contiguous_block_provisional,2560,1440,2560,1440,5b9fcb1c8dcbffe69394b2f7ae294ac97d6553b147301700cb36e56ddb94bcbe,e7e7c989cdcccc93,True,False,,True,,unreviewed
01156.jpg,训练集/01156.jpg,train,有漂浮物,1156,file_block_0004,filename_contiguous_block_provisional,2560,1440,2560,1440,3d3515f337656cc2190958506afed4108ffea70b76ebcca0bf942b1124cc2c6b,e6e6cc8dedccc697,True,False,,True,,unreviewed
01157.jpg,训练集/01157.jpg,train,有漂浮物,1157,file_block_0004,filename_contiguous_block_provisional,2560,1440,2560,1440,13fa1aed338e9c558994ef30e4010c22c8b553a8f3646741ee167a5b24f9eba8,7373536272737379,True,False,,True,,unreviewed
01158.jpg,训练集/01158.jpg,train,有漂浮物,1158,file_block_0004,filename_contiguous_block_provisional,2560,1440,2560,1440,bc5ca2d40e8ddca1f21fac2b7af7fc2b24dd700c0318d255f4df4a3c954d7f47,7373566672f2f36b,True,False,,True,,unreviewed
01159.jpg,训练集/01159.jpg,train,有漂浮物,1159,file_block_0004,filename_contiguous_block_provisional,2560,1440,2560,1440,bd53482594eb02a10ebf0566b314f00a9ac01c96620ff1b6ef2dfb5162ae7dfc,736356626272737b,True,False,,True,,unreviewed
01160.jpg,训练集/01160.jpg,train,有漂浮物,1160,file_block_0004,filename_contiguous_block_provisional,2560,1440,2560,1440,3aecc2a89b5887de1ca0d7dad15d9710db0410241f2caa402f418e91ce585532,f37376667262737b,True,False,,True,,unreviewed
01161.jpg,训练集/01161.jpg,train,有漂浮物,1161,file_block_0004,filename_contiguous_block_provisional,2560,1440,2560,1440,56a7aacabac311167be24f4ec5bfc7bd5ac0be8f1bfea7b2da75c7196c7a665e,cf9b18da980e4f6f,True,False,,True,,unreviewed
01162.jpg,训练集/01162.jpg,train,有漂浮物,1162,file_block_0004,filename_contiguous_block_provisional,2560,1440,2560,1440,6efe2a7820c1aaef14774be994bf3d04d346695b273628847883e64c922abe95,cb9b989a988ccfef,True,False,,True,,unreviewed
01163.jpg,训练集/01163.jpg,train,有漂浮物,1163,file_block_0004,filename_contiguous_block_provisional,2560,1440,2560,1440,474f5adf6191aab9bce078e7e12242fb0006dd3e24d3f46d0a06eebcba51fc7f,8b9b921b995cc8e9,True,False,,True,,unreviewed
01164.jpg,训练集/01164.jpg,train,有漂浮物,1164,file_block_0004,filename_contiguous_block_provisional,2560,1440,2560,1440,6c90cda7739dddb9753b63aafe8872b571051e264191f5f2ff2b5b2b0c526e59,8e9636b3933e6e6d,True,False,,True,,unreviewed
01165.jpg,训练集/01165.jpg,train,有漂浮物,1165,file_block_0004,filename_contiguous_block_provisional,2560,1440,2560,1440,4ced3dfa7f73efff7639b9d4e7f87d92e1eebbae740f9d008e1ccbd485a4fcce,8b9b1a9b98dcce6f,True,False,,True,,unreviewed
01166.jpg,训练集/01166.jpg,train,有漂浮物,1166,file_block_0004,filename_contiguous_block_provisional,2560,1440,2560,1440,a98115ec13ed471ef08666205ebf43f86701592d70654fa6ce9c369eea5e0243,0b1b121b9918cc6f,True,False,,True,,unreviewed
01167.jpg,训练集/01167.jpg,train,有漂浮物,1167,file_block_0004,filename_contiguous_block_provisional,2560,1440,2560,1440,d1f6555eb4c979bd2729661fbdde53ccef2563cd4a4618d4856ecd83c1efb6c1,8b9b1a9b999c8e6f,True,False,,True,,unreviewed
01168.jpg,训练集/01168.jpg,train,有漂浮物,1168,file_block_0004,filename_contiguous_block_provisional,2560,1440,2560,1440,d4d541a0e47f69deffb8bf97a60655e4dbc43266dc75546e612f6bd252e7d831,0b9b921b99188c6f,True,False,,True,,unreviewed
01169.jpg,训练集/01169.jpg,train,有漂浮物,1169,file_block_0004,filename_contiguous_block_provisional,2560,1440,2560,1440,b6dfb22a91597feadb857765d46a6153b9ad45efcfd87d10be0d43b8e6c4e6d3,1e3636363098d8db,True,False,,True,,unreviewed
01170.jpg,训练集/01170.jpg,train,有漂浮物,1170,file_block_0004,filename_contiguous_block_provisional,2560,1440,2560,1440,20220b0dc3ef3f259a12a9001aab7df993b4dfe85953f9602bd5881fc1e43731,1e3634169098d84b,True,False,,True,,unreviewed
01171.jpg,训练集/01171.jpg,train,有漂浮物,1171,file_block_0004,filename_contiguous_block_provisional,2560,1440,2560,1440,caf9cbc811003633bfa8ee811a2746be96289e1d4a844324220e20bea83ee8c7,4d4d1b1bc948cca5,True,False,,True,,unreviewed
01172.jpg,训练集/01172.jpg,train,有漂浮物,1172,file_block_0004,filename_contiguous_block_provisional,2560,1440,2560,1440,c92e7461b49428ab4e57de66664c3cbd7ecd14a4ac304a82f53e3c8109aee05d,0b9336b69a1c0c4b,True,False,,True,,unreviewed
01173.jpg,训练集/01173.jpg,train,有漂浮物,1173,file_block_0004,filename_contiguous_block_provisional,2560,1440,2560,1440,cae30c78ccbad6e5b924f353c6eb4d7cb7863c6a329a3ec00f84141aabfc1679,0b93369799980c4d,True,False,,True,,unreviewed
01174.jpg,训练集/01174.jpg,train,有漂浮物,1174,file_block_0004,filename_contiguous_block_provisional,2560,1440,2560,1440,fcf144d2cb9a45c1f34bf4a38120f4156692da01bbac672817eba04aef47954e,f6ceec6a6a626073,True,False,,True,,unreviewed
01175.jpg,训练集/01175.jpg,train,有漂浮物,1175,file_block_0004,filename_contiguous_block_provisional,1280,720,1280,720,39ebf6a8a038a32893c8cc38081d9401d68daf4ead5e83473ea3674bc21187a4,233331337a6f2e31,True,False,,True,,unreviewed
01176.jpg,训练集/01176.jpg,train,有漂浮物,1176,file_block_0004,filename_contiguous_block_provisional,1280,720,1280,720,39b6f47b5e406313c109650c0b672fd750f63fd8455dd6f7c75c51671cad614c,2723313070792f2e,True,False,,True,,unreviewed
01177.jpg,训练集/01177.jpg,train,有漂浮物,1177,file_block_0004,filename_contiguous_block_provisional,1280,720,1280,720,f1919fb2e44bae95ef380efb31faf3e6efc6d12a1a33f595b3219f15753c47df,22333125343c3f2f,True,False,,True,,unreviewed
01178.jpg,训练集/01178.jpg,train,有漂浮物,1178,file_block_0004,filename_contiguous_block_provisional,1280,720,1280,720,f1c3dfcad7013ff2c3f5dd3f390cf80c50af248aafe1778e073357c5a0b5a57f,3736323372712f2f,True,False,,True,,unreviewed
01179.jpg,训练集/01179.jpg,train,有漂浮物,1179,file_block_0004,filename_contiguous_block_provisional,1280,720,1280,720,7aee50eedbc1924244b6fb75051842b4884ffb1e9f83b35453196e13136577e7,2727392474742e2f,True,False,,True,,unreviewed
01180.jpg,训练集/01180.jpg,train,有漂浮物,1180,file_block_0004,filename_contiguous_block_provisional,1280,720,1280,720,3b8f9223b27a2831fc11f91a4acd1ac938cc72782657e595c417614c80c8acc5,27313124703d3f2f,True,False,,True,,unreviewed
01181.jpg,训练集/01181.jpg,train,有漂浮物,1181,file_block_0004,filename_contiguous_block_provisional,1280,720,1280,720,ee4eddfc1d0d284f0c53295629c23a5370b1f19a21fdbf911ff85f8d2c039611,2332332a707c3f2f,True,False,,True,,unreviewed
01182.jpg,训练集/01182.jpg,train,有漂浮物,1182,file_block_0004,filename_contiguous_block_provisional,1280,720,1280,720,bec11d7e8dc2127d99850f2689461e89e48d2f4755a4b92512b3bd5bace5b6ef,07272703031c0f0e,True,False,,True,,unreviewed
01183.jpg,训练集/01183.jpg,train,有漂浮物,1183,file_block_0004,filename_contiguous_block_provisional,1280,720,1280,720,8abd798ffe2067cacc3ee2e5282c4f20b17931ff7e459338abc575938bc1bf96,0f0f070f0f0f0727,True,False,,True,,unreviewed
01184.jpg,训练集/01184.jpg,train,有漂浮物,1184,file_block_0004,filename_contiguous_block_provisional,1280,720,1280,720,baf3bc7e58b58c3300272c09afb6c2db1b84ff702fb68e816e160b7f79e3c944,2323332727371b19,True,False,,True,,unreviewed
01185.jpg,训练集/01185.jpg,train,有漂浮物,1185,file_block_0004,filename_contiguous_block_provisional,1280,720,1280,720,8cad87dbb5dcf55a81d4791529e0a9d6fe826369568d6f6a1be3889783421fd6,3127262f2d0d1703,True,False,,True,,unreviewed
01186.jpg,训练集/01186.jpg,train,有漂浮物,1186,file_block_0004,filename_contiguous_block_provisional,1280,720,1280,720,e01252e20e151234a6a30b6b7eab40e435a7da3d6234be03ed0e3ba7138c2eb5,1f0f1e1f1d1d0f0f,True,False,,True,,unreviewed
01187.jpg,训练集/01187.jpg,train,有漂浮物,1187,file_block_0004,filename_contiguous_block_provisional,1920,1080,1920,1080,b915a750d9e66dd244ae84dedd7f73da9567c71c2bf11849c918c61d1bbd31a5,8707170f07170f0f,True,False,,True,,unreviewed
01188.jpg,训练集/01188.jpg,train,有漂浮物,1188,file_block_0004,filename_contiguous_block_provisional,1920,1080,1920,1080,39fff81b4bd1ffd44d5ff21b46bc99fb93c03dc163bbfed593b3ddf0b83de720,470303030303071f,True,False,,True,,unreviewed
01189.jpg,训练集/01189.jpg,train,有漂浮物,1189,file_block_0004,filename_contiguous_block_provisional,1920,1080,1920,1080,51b5ab0d4e73e52143c621dbfed79c2ac096062e27614a9998c13f28219969fb,470707070f07070f,True,False,,True,,unreviewed
01190.jpg,训练集/01190.jpg,train,有漂浮物,1190,file_block_0004,filename_contiguous_block_provisional,1920,1080,1920,1080,df247b9b642f962066984c8097560a1737dd92d1801f590909eb77330676c175,cf0376232707070d,True,False,,True,,unreviewed
01191.jpg,训练集/01191.jpg,train,有漂浮物,1191,file_block_0004,filename_contiguous_block_provisional,1920,1080,1920,1080,a7b474942e68674287a7ab556a8bc96eb8f14f5ba237afb2c7710ea769be2e0f,0703031f010b0d05,True,False,,True,,unreviewed
01192.jpg,训练集/01192.jpg,train,有漂浮物,1192,file_block_0004,filename_contiguous_block_provisional,1920,1080,1920,1080,c70bf8997237b3755af9b4838f6135c425a5534ed7a008760a19f73ef06abda4,870301113121090d,True,False,,True,,unreviewed
01193.jpg,训练集/01193.jpg,train,有漂浮物,1193,file_block_0004,filename_contiguous_block_provisional,1920,1080,1920,1080,ae3719cdd9b135e458d101e1b170aa3391a42dec1fe9c824e1782cb585877117,871f170b0f170f0f,True,False,,True,,unreviewed
01194.jpg,训练集/01194.jpg,train,有漂浮物,1194,file_block_0004,filename_contiguous_block_provisional,1920,1080,1920,1080,aa7244c2046e81651b03d0a9c509f2b175a0457f592a19428eec26a3dc9f5bd0,870f07070f170f1f,True,False,,True,,unreviewed
01195.jpg,训练集/01195.jpg,train,有漂浮物,1195,file_block_0004,filename_contiguous_block_provisional,1920,1080,1920,1080,ab5025256c6752f2b900b3eb24e4dbfd9aeff8b6b2b703e2f33005226c7692f3,070f0c2f0f250f0f,True,False,,True,,unreviewed
01196.jpg,训练集/01196.jpg,train,有漂浮物,1196,file_block_0004,filename_contiguous_block_provisional,1920,1080,1920,1080,edc1d4a0effb7e7529affad426527a7eed49961fc3f92799b66704771206733d,cf1f1f171f1f1f1d,True,False,,True,,unreviewed
01197.jpg,训练集/01197.jpg,train,有漂浮物,1197,file_block_0004,filename_contiguous_block_provisional,1920,1080,1920,1080,81e93c582082be1271475ddbb5cf5853e3ebc722328a3d4121784ee813ec2ec0,171b1f3f1f1f0d09,True,False,,True,,unreviewed
01198.jpg,训练集/01198.jpg,train,有漂浮物,1198,file_block_0004,filename_contiguous_block_provisional,1920,1080,1920,1080,c588480994572ed2618724bd9f41e37980d78581c2101fde827cba9db9f2eed6,250012123319191d,True,False,,True,,unreviewed
01199.jpg,训练集/01199.jpg,train,有漂浮物,1199,file_block_0004,filename_contiguous_block_provisional,1920,1080,1920,1080,1197eb968c585c73ae8afb40e1e81b87d5fb872c0804d5c53aee94523ec0c895,87070707030b0f0f,True,False,,True,,unreviewed
01200.jpg,训练集/01200.jpg,train,有漂浮物,1200,file_block_0004,filename_contiguous_block_provisional,1920,1080,1920,1080,b1c1b0f01a3829cc3820cef9dec4cd4f468badeb4c1c0870f32e0934cedfdd88,cd8daf2eae8ece17,True,False,,True,,unreviewed
01201.jpg,训练集/01201.jpg,train,有漂浮物,1201,file_block_0004,filename_contiguous_block_provisional,1920,1080,1920,1080,c23fcef61368cd4a679f76a0d71b09482b44c43213e4e144ef79d1607ca9db78,0727131315112909,True,False,,True,,unreviewed
01202.jpg,训练集/01202.jpg,train,有漂浮物,1202,file_block_0004,filename_contiguous_block_provisional,1920,1080,1920,1080,7c48b6f8c28a100b4a00698a82a8c0d13fde8f0fb4399b4372f4f8c23f17a773,870703030163272d,True,False,,True,,unreviewed
01203.jpg,训练集/01203.jpg,train,有漂浮物,1203,file_block_0004,filename_contiguous_block_provisional,1920,1080,1920,1080,b7e166191158d16d310938d7fd733697565862c8799a69dff40e90c5e37fa2b0,872f0f0707170f0f,True,False,,True,,unreviewed
01204.jpg,训练集/01204.jpg,train,有漂浮物,1204,file_block_0004,filename_contiguous_block_provisional,1920,1080,1920,1080,e77277e6c3db1c40507165d28b52b24f401ca1f1b0d406de606a088e247e372b,470f070f0d090307,True,False,,True,,unreviewed
01205.jpg,训练集/01205.jpg,train,有漂浮物,1205,file_block_0004,filename_contiguous_block_provisional,1920,1080,1920,1080,f62b7aa9939426cf583838475ea3f4166973534adcb6f28992b3e3244bce58ac,471f17170f0f1f0f,True,False,,True,,unreviewed
01206.jpg,训练集/01206.jpg,train,有漂浮物,1206,file_block_0004,filename_contiguous_block_provisional,1920,1080,1920,1080,bca24ace4b2a7dff629a4d2bdaacc7b4bda3d2297c5c4c66f3851aa7bed9d119,871307171313030f,True,False,,True,,unreviewed
01207.jpg,训练集/01207.jpg,train,有漂浮物,1207,file_block_0004,filename_contiguous_block_provisional,1920,1080,1920,1080,00a592e953fcc33d648c57affa1d4b807df1f4d5de920a667fe7f9cf20ce637c,c6e6e7b7b73f1e1f,True,False,,True,,unreviewed
01208.jpg,训练集/01208.jpg,train,有漂浮物,1208,file_block_0004,filename_contiguous_block_provisional,1920,1080,1920,1080,c1c0931c99fa5cf240f94904eb65b327b8a20468f07d50bed27d20775bbf5195,c6e6e7b7bb3f1f17,True,False,,True,,unreviewed
01209.jpg,训练集/01209.jpg,train,有漂浮物,1209,file_block_0004,filename_contiguous_block_provisional,1920,1080,1920,1080,955cc3152757219ecdb63ed628d0f6dcc9f711d9345f330fa45000a5619c4993,c6e6e7bf3f3f1f17,True,False,,True,,unreviewed
01210.jpg,训练集/01210.jpg,train,有漂浮物,1210,file_block_0004,filename_contiguous_block_provisional,1920,1080,1920,1080,192ba852d03b3b60c01e04fd2f74382f3da0d14251e23ab69e847eba9b4de9d2,c6e6b63f3f1f1f17,True,False,,True,,unreviewed
01211.jpg,训练集/01211.jpg,train,有漂浮物,1211,file_block_0004,filename_contiguous_block_provisional,1920,1080,1920,1080,2a72897baded8fe16917466b886eae9f44a2218a6dbbedad0aaf753836bab602,c6e6bf3f3f1f1f17,True,False,,True,,unreviewed
01212.jpg,训练集/01212.jpg,train,有漂浮物,1212,file_block_0004,filename_contiguous_block_provisional,1920,1080,1920,1080,94d9d1f3325772cf67342d99238e822e751d7cc345131939fdbb543b521db8ac,e7b73f3f3f1a1e1d,True,False,,True,,unreviewed
01213.jpg,训练集/01213.jpg,train,有漂浮物,1213,file_block_0004,filename_contiguous_block_provisional,1920,1080,1920,1080,bf2bbf3a0abce250524ec9c5dbe2b8f425b012fe9a3fd38449345301c470a3af,1cbe779e1e1d5e4d,True,False,,True,,unreviewed
01214.jpg,训练集/01214.jpg,train,有漂浮物,1214,file_block_0004,filename_contiguous_block_provisional,1920,1080,1920,1080,0a57dd82125a99ba07a1a4cf10aaaa3b92dbfb0b0541adc3ff25e824eeaf3c0e,1cbe77de9f1f1f19,True,False,,True,,unreviewed
01215.jpg,训练集/01215.jpg,train,有漂浮物,1215,file_block_0004,filename_contiguous_block_provisional,1920,1080,1920,1080,35ac0458d3eccfe976928d909cb0d64fd5e4af909afc559bd9d83da18331bbe6,4f0f0d3c0e0e0c1a,True,False,,True,,unreviewed
01216.jpg,训练集/01216.jpg,train,有漂浮物,1216,file_block_0004,filename_contiguous_block_provisional,1920,1080,1920,1080,cf67d6835c1ed4c64cf2cdcf6f7517a6f0f4c9415e108fd6ecb1cbc39ec2bcf8,4f0f0d3c0f0e0c18,True,False,,True,,unreviewed
01217.jpg,训练集/01217.jpg,train,有漂浮物,1217,file_block_0004,filename_contiguous_block_provisional,1920,1080,1920,1080,8e7130efa8a37264072457e8ada9b12290a5895292765b5a5ddf0653a92b5ee7,4f0f0d38080c091c,True,False,,True,,unreviewed
01218.jpg,训练集/01218.jpg,train,有漂浮物,1218,file_block_0004,filename_contiguous_block_provisional,1920,1080,1920,1080,7507b490a293963d1258fb00e35b0f8c29ad34c3c67d9a3ccab26de67b93f49b,4f0f0c3c0e0f1f3c,True,False,,True,,unreviewed
01219.jpg,训练集/01219.jpg,train,有漂浮物,1219,file_block_0004,filename_contiguous_block_provisional,1920,1080,1920,1080,c8a76e838303196d291efc3b8fd255d0cbadcdce2e588d4fccabe9f7ea30a500,4f0f0c2c0e0f1d1d,True,False,,True,,unreviewed
01220.jpg,训练集/01220.jpg,train,有漂浮物,1220,file_block_0004,filename_contiguous_block_provisional,1920,1080,1920,1080,bf8cc57c6b6f05254c334787ff22999204f37c1daaa4dafe1e5e56d20032be9c,4f0f0d2c0c0c2e3e,True,False,,True,,unreviewed
01221.jpg,训练集/01221.jpg,train,有漂浮物,1221,file_block_0004,filename_contiguous_block_provisional,1920,1080,1920,1080,6975c9ace6ddc21dfe3378b2fc6a3c2611b147c6804c2ff72644d21eb22b5073,0f0f0f0f0f0f0f0d,True,False,,True,,unreviewed
01222.jpg,训练集/01222.jpg,train,有漂浮物,1222,file_block_0004,filename_contiguous_block_provisional,1920,1080,1920,1080,d391dafe51e13081d2386175ccb42f66fe8d5bca133c629fc179e95df12c147f,f8fafb277f3f3f7f,True,False,,True,,unreviewed
01223.jpg,训练集/01223.jpg,train,有漂浮物,1223,file_block_0004,filename_contiguous_block_provisional,1920,1080,1920,1080,9bb4c53d89e0898fd5512cb047eaab1ec2b5393daed6d8c1ff412107994a461a,7c7eff371f1e3e3f,True,False,,True,,unreviewed
01224.jpg,训练集/01224.jpg,train,有漂浮物,1224,file_block_0004,filename_contiguous_block_provisional,1920,1080,1920,1080,c6dfffdcab6ac25d8c3fc3717d776d0d2316f3764f8882c49859d15b37d5b350,fc7cff373f3f3f3f,True,False,,True,,unreviewed
01225.jpg,训练集/01225.jpg,train,有漂浮物,1225,file_block_0004,filename_contiguous_block_provisional,1920,1080,1920,1080,73fcc558c886685d52488fa9cf485a54e0e9c1b3ac63866d6aef29489d12413e,fcfeff373f3e3e3f,True,False,,True,,unreviewed
01226.jpg,训练集/01226.jpg,train,有漂浮物,1226,file_block_0004,filename_contiguous_block_provisional,1920,1080,1920,1080,7ce041d89656bfcacac159cd8b9e1f346339271528d7bd83c68223cf1876ad0f,f878f2273f3c3c3e,True,False,,True,,unreviewed
01227.jpg,训练集/01227.jpg,train,有漂浮物,1227,file_block_0004,filename_contiguous_block_provisional,1920,1080,1920,1080,9448d1d20569663138e3d53d7e7a8c8ddc91f52f80a2773784019a5f94336430,fcfcff373f3e3f3f,True,False,,True,,unreviewed
01228.jpg,训练集/01228.jpg,train,有漂浮物,1228,file_block_0004,filename_contiguous_block_provisional,1920,1080,1920,1080,23e42729790e755db24492b95f27fda1503e7bf009494a0e3c7edee070382300,fcfcfb373f3f3f3f,True,False,,True,,unreviewed
01229.jpg,训练集/01229.jpg,train,有漂浮物,1229,file_block_0004,filename_contiguous_block_provisional,1920,1080,1920,1080,19ace359d98020514d225253ccc55b36609e7892a7dd8e8b5460b228a13a831e,f8f8e8667f787b73,True,False,,True,,unreviewed
01230.jpg,训练集/01230.jpg,train,有漂浮物,1230,file_block_0004,filename_contiguous_block_provisional,1920,1080,1920,1080,7986bbb863075cd367821d5a7ac217ef7ef9aa99fc8fceaf01e117945c504788,f8f8db277f7e3c3f,True,False,,True,,unreviewed
01231.jpg,训练集/01231.jpg,train,有漂浮物,1231,file_block_0004,filename_contiguous_block_provisional,1920,1080,1920,1080,ec4708c17daaf6ef74b708442678469b5ac109d485a205c0531ab59980e6505d,7c7eff373f3f3f3f,True,False,,True,,unreviewed
01232.jpg,训练集/01232.jpg,train,有漂浮物,1232,file_block_0004,filename_contiguous_block_provisional,1920,1080,1920,1080,a10f396893c85f03a9a34aad27d58526d3c0d25bd1d505daf4f28a5f081f2227,7c7c1f3f1f1e393f,True,False,,True,,unreviewed
01233.jpg,训练集/01233.jpg,train,有漂浮物,1233,file_block_0004,filename_contiguous_block_provisional,1920,1080,1920,1080,ed814e67538c90284a89314160ae613d6609a958aabc0984e60a8ed6cad063dd,7e7e7f373f3f3f3f,True,False,,True,,unreviewed
01234.jpg,训练集/01234.jpg,train,有漂浮物,1234,file_block_0004,filename_contiguous_block_provisional,1920,1080,1920,1080,576bead05c1a535244913676419b5c5ac0e0e33047c4e1197ab0b8286e3651d9,7c7c5f1f1f3e3e3e,True,False,,True,,unreviewed
01235.jpg,训练集/01235.jpg,train,有漂浮物,1235,file_block_0004,filename_contiguous_block_provisional,1920,1080,1920,1080,6db474b368a542089daaf59181a58f157cecd39564f0edf252c4367ecb27679e,7c7eff3f3f3e3f3f,True,False,,True,,unreviewed
01236.jpg,训练集/01236.jpg,train,有漂浮物,1236,file_block_0004,filename_contiguous_block_provisional,1920,1080,1920,1080,ec21f3e85b403fd632e3ad282e887bcebe1b888051eca1838f27942ee7f810a5,787819070d30383f,True,False,,True,,unreviewed
01237.jpg,训练集/01237.jpg,train,有漂浮物,1237,file_block_0004,filename_contiguous_block_provisional,1920,1080,1920,1080,6db857a18e7879e5e0a9752be018c0aba269accb5529ddb507e643c886997e0f,78784b373f3f7f3f,True,False,,True,,unreviewed
01238.jpg,训练集/01238.jpg,train,有漂浮物,1238,file_block_0004,filename_contiguous_block_provisional,1920,1080,1920,1080,a2e1a7572380f33f0830a7f70adaaf27c0f9754a2017abd291f5620dd2c8ce51,707813030320303e,True,False,,True,,unreviewed
01239.jpg,训练集/01239.jpg,train,有漂浮物,1239,file_block_0004,filename_contiguous_block_provisional,1920,1080,1920,1080,368efecb38dc904f314964c0410899721a3138231008e439c630b3193207405a,7c7eff3737323b3f,True,False,,True,,unreviewed
01240.jpg,训练集/01240.jpg,train,有漂浮物,1240,file_block_0004,filename_contiguous_block_provisional,1920,1080,1920,1080,292dcdc128ad0557b9513f24afd796770f9ec0d9630e960d3cf6cf05d2bc8458,3c7e7f373f3c7c3f,True,False,,True,,unreviewed
01241.jpg,训练集/01241.jpg,train,有漂浮物,1241,file_block_0004,filename_contiguous_block_provisional,1920,1080,1920,1080,671a1aedabecdb5f2b2e7118bc594c1de8ff42a8a5b1fea4e4e099199fd49f9c,7c7c7f373f7c7e3f,True,False,,True,,unreviewed
01242.jpg,训练集/01242.jpg,train,有漂浮物,1242,file_block_0004,filename_contiguous_block_provisional,1920,1080,1920,1080,5cad7e96a1bc7ffc570a2429c5b854e5163d3077cd8db79a9a399719d7ce0522,787aeae6fe383c7e,True,False,,True,,unreviewed
01243.jpg,训练集/01243.jpg,train,有漂浮物,1243,file_block_0004,filename_contiguous_block_provisional,1920,1080,1920,1080,9fd0c88210ed476032f51bebeb0014700da62643f7cb80bf216fe637066f5eff,5432343830303818,True,False,,True,,unreviewed
02043.jpg,训练集/02043.jpg,train,乱占,2043,file_block_0005,filename_contiguous_block_provisional,3840,2160,3840,2160,096538a353ff65241ce8a746045f59d589138f4f9599ca5857bc7b8f11a54910,190333f3f5ef8ec0,True,False,,True,,unreviewed
02044.jpg,训练集/02044.jpg,train,乱占,2044,file_block_0005,filename_contiguous_block_provisional,640,853,640,853,c7abebbbc9974c687b36e683586ee3e0b2e5190b2c05277263c97026783d8e45,1f9ec980c0440d09,True,False,,True,,unreviewed
02045.jpg,训练集/02045.jpg,train,乱占,2045,file_block_0005,filename_contiguous_block_provisional,3840,2160,3840,2160,6765c00bf06ff65048866dafdb180417a61af4a8f4bade1a7800a2dcfd9ca170,a4313a57612214b2,True,False,,True,,unreviewed
02046.jpg,训练集/02046.jpg,train,乱占,2046,file_block_0005,filename_contiguous_block_provisional,3840,2160,3840,2160,1a06f93782b9bfce38c0c1397b5a844cfb7b52d45b0934e48e94cc9e2f08d20d,2430700222242743,True,False,,True,,unreviewed
02047.jpg,训练集/02047.jpg,train,乱占,2047,file_block_0005,filename_contiguous_block_provisional,3840,2160,3840,2160,01eef87e1613f3b5d1060bed698f102b78369617367c85198f37b72c8680f3e0,0f0f1f5c17353098,True,False,,True,,unreviewed
02048.jpg,训练集/02048.jpg,train,乱占,2048,file_block_0005,filename_contiguous_block_provisional,3840,2160,3840,2160,9a1d126b7132d7216bdb6296c8dea5d70d0debf3d5977de4cc9cf4b4aa03f48e,07051f1c173131f8,True,False,,True,,unreviewed
02049.jpg,训练集/02049.jpg,train,乱占,2049,file_block_0005,filename_contiguous_block_provisional,3840,2160,3840,2160,2663d58658901cca3aada9d9ac80f2e63c4f1d93975dc41ed6b050b55ec8e789,378d1f7fdf61707a,True,False,,True,,unreviewed
02050.jpg,训练集/02050.jpg,train,乱占,2050,file_block_0005,filename_contiguous_block_provisional,3840,2160,3840,2160,cbbd606e1584b488653dca99a816d44e78187f39177647511f44ab76cb3225cf,15041b5c17353079,True,False,,True,,unreviewed
02051.jpg,训练集/02051.jpg,train,乱占,2051,file_block_0005,filename_contiguous_block_provisional,3840,2160,3840,2160,a8fab2bb3bcd3f98de054656b7203b5d554848053cfc8cde241649da67823d9a,1f041f1c37353059,True,False,,True,,unreviewed
02052.jpg,训练集/02052.jpg,train,乱采,2052,file_block_0005,filename_contiguous_block_provisional,2560,1440,2560,1440,7a49774d015df6661981ff090f84cce7bf3da87b18c361adc650ff348af9b318,073f7d6c6a79f8d2,True,False,,True,,unreviewed
02053.jpg,训练集/02053.jpg,train,乱采,2053,file_block_0005,filename_contiguous_block_provisional,2560,1440,2560,1440,bef261d017ac37d35126cd8ea91185d2bd5c6c142ad24599827679afe25fd2e1,0f1f7d703e1b3cb2,True,False,,True,,unreviewed
02054.jpg,训练集/02054.jpg,train,乱采,2054,file_block_0005,filename_contiguous_block_provisional,2560,1440,2560,1440,2fb3189aa000e26a98757bed388214bc04ada41eb5e11c24d34cb81ccf2b5d96,7f3f7ded3ddafef8,True,False,,True,,unreviewed
02055.jpg,训练集/02055.jpg,train,乱采,2055,file_block_0005,filename_contiguous_block_provisional,2560,1440,2560,1440,5828f45f6f26d9a4e1fb24d59edff1197b316f489c9bbf974720ba636015e781,6f3f3dfcfef9fab2,True,False,,True,,unreviewed
02056.jpg,训练集/02056.jpg,train,乱采,2056,file_block_0005,filename_contiguous_block_provisional,2560,1440,2560,1440,6d0d766a7310beba7977242c78898cda018cc4d32ad4f29d8c54080716d8e9b2,073f3d3c1e189a9a,True,False,,True,,unreviewed
02057.jpg,训练集/02057.jpg,train,乱采,2057,file_block_0005,filename_contiguous_block_provisional,2560,1440,2560,1440,e12ec3d67d6c3d8594ac64cc264b28591d39d6487fe975809f751dd659077399,0f3f3d1d1e591cfa,True,False,,True,,unreviewed
02058.jpg,训练集/02058.jpg,train,乱占,2058,file_block_0005,filename_contiguous_block_provisional,1920,1088,1920,1088,2a90d096043393c33ae59cbc4d62cf8316a0964f8f2d5435aae150428c08271c,24173d0522565144,True,False,,True,,unreviewed
02059.jpg,训练集/02059.jpg,train,乱占,2059,file_block_0005,filename_contiguous_block_provisional,1920,1088,1920,1088,5c0197a61902112902f3573f1244852d871eea353d2db9c8629e9023da2e03ac,191f7e0522361150,True,False,,True,,unreviewed
02060.jpg,训练集/02060.jpg,train,乱堆,2060,file_block_0005,filename_contiguous_block_provisional,1920,1080,1920,1080,780965d9ea77ff816847bce0dcc1da6d5effaf8129518df63a26a753b735bd09,c747079686860606,True,False,,True,,unreviewed
02061.jpg,训练集/02061.jpg,train,乱堆,2061,file_block_0005,filename_contiguous_block_provisional,1920,1080,1920,1080,c38d68f851b49de8df09dd97034cb3fd98371f8b7b5022ebc83fbb309e9bbeb8,4507078686860606,True,False,,True,,unreviewed
02062.jpg,训练集/02062.jpg,train,乱占,2062,file_block_0005,filename_contiguous_block_provisional,667,500,667,500,373894373aa0810e2a7bbb53588f2ea8af714a1c48c471e4b1c245ad7a48d38a,69793830b0131f1f,True,False,,True,,unreviewed
02063.jpg,训练集/02063.jpg,train,乱采,2063,file_block_0005,filename_contiguous_block_provisional,3840,2160,3840,2160,dae0475fd0e4010a730e14aa4ade6c94ca809fabfe151cf74bc34b693758ce91,0c038408ad3420b1,True,False,,True,,unreviewed
02064.jpg,训练集/02064.jpg,train,乱采,2064,file_block_0005,filename_contiguous_block_provisional,3840,2160,3840,2160,e648d3545e851b2a2c8b7e431ce1014d414392e46f776ed0d63e4c9597d4aafe,2c008090fc3500a1,True,False,,True,,unreviewed
02065.jpg,训练集/02065.jpg,train,乱采,2065,file_block_0005,filename_contiguous_block_provisional,3840,2160,3840,2160,9fa414a2eb4ec953040d011e30bd6d08a216ecb2e78067caf548218a1ed54509,fcf4e0b8f43521b0,True,False,,True,,unreviewed
02066.jpg,训练集/02066.jpg,train,乱采,2066,file_block_0005,filename_contiguous_block_provisional,3840,2160,3840,2160,c9416007a0eae51036bff3d021acb6ab9a17b5ef2766e372b784f1d59c513122,1806e418258101a1,True,False,,True,,unreviewed
02067.jpg,训练集/02067.jpg,train,乱采,2067,file_block_0005,filename_contiguous_block_provisional,3840,2160,3840,2160,ece4a38f8c9670510a96cd18b743cbaf79faa8a5a2ad342c80ea25ecdc5577c8,0e21a090fec640a1,True,False,,True,,unreviewed
02068.jpg,训练集/02068.jpg,train,乱采,2068,file_block_0005,filename_contiguous_block_provisional,3840,2160,3840,2160,bbf35a4a479ff35c5f28b1f60c31bed7613fd5432ffb9db81b3e64a5b2cf4a99,efefe4f8fe2624b1,True,False,,True,,unreviewed
02069.jpg,训练集/02069.jpg,train,乱采,2069,file_block_0005,filename_contiguous_block_provisional,3840,2160,3840,2160,0794e14683a70f906d88eec2823f950c9d89c632383418551d5caefe31daf274,8fc1e490a62604a0,True,False,,True,,unreviewed
02070.jpg,训练集/02070.jpg,train,乱采,2070,file_block_0005,filename_contiguous_block_provisional,3840,2160,3840,2160,0c6adb9d5b7e279b065348ca612170b98ca666776941631874ba6fe8ec87968f,1cc0e498e62600a0,True,False,,True,,unreviewed
02071.jpg,训练集/02071.jpg,train,乱采,2071,file_block_0005,filename_contiguous_block_provisional,3840,2160,3840,2160,970435b06af587e5d767d440318a97f36ca6c2440e6761fd6d3f13b89940309b,1fa5e4ba5a2001b0,True,False,,True,,unreviewed
02072.jpg,训练集/02072.jpg,train,乱占,2072,file_block_0005,filename_contiguous_block_provisional,1920,1080,1920,1080,b17af3f6cb721058f1578881ed9592399995268495f671b7e970a5a50f1a076d,3b7efffefbffeeed,True,False,,True,,unreviewed
02073.jpg,训练集/02073.jpg,train,乱占,2073,file_block_0005,filename_contiguous_block_provisional,640,853,640,853,c25ff3ca714a5e3ddc7d52bf3112f91aaa0c6c6c273e34804910039afbbd77b6,e060889cb0610000,True,False,,True,,unreviewed
02074.jpg,训练集/02074.jpg,train,乱占,2074,file_block_0005,filename_contiguous_block_provisional,2560,1440,2560,1440,cbe0d6016b05df649439996797784f122a58d235dd602fc1471aa30411fb79cf,b0808080a0e1e3f2,True,False,,True,,unreviewed
02075.jpg,训练集/02075.jpg,train,乱占,2075,file_block_0005,filename_contiguous_block_provisional,2560,1440,2560,1440,841ce01f227fd0e9dcd40e62be9926ac3b3c8217feb143ecc02bd665a18bf220,7f7f5fdde9effdf9,True,False,,True,,unreviewed
02076.jpg,训练集/02076.jpg,train,乱占,2076,file_block_0005,filename_contiguous_block_provisional,2560,1440,2560,1440,4010e83dfc9e85d20fcd93e20b6b4dddbd68b26e35dc48f0072556131cb89faa,7b7f7fdce9ece8fb,True,False,,True,,unreviewed
02077.jpg,训练集/02077.jpg,train,乱占,2077,file_block_0005,filename_contiguous_block_provisional,2560,1440,2560,1440,1693b451ea28fa5f6cdafc6584e91c53751d4a44e50dfaad898a8ad797e939f1,82818081a1e3e393,True,False,,True,,unreviewed
02078.jpg,训练集/02078.jpg,train,乱占,2078,file_block_0005,filename_contiguous_block_provisional,1920,1080,1920,1080,a7ec10a3704b17fd574c2cfe216eaff727ca4db5414ae0b36393f27469688a6b,0f0fdfff7f0d0ca0,True,False,,True,,unreviewed
02079.jpg,训练集/02079.jpg,train,乱占,2079,file_block_0005,filename_contiguous_block_provisional,1920,1080,1920,1080,eda4afb20f99c6b6e96336288a18845911b3c7f59730a36a8788fb5f03ab507b,0f0fdfffff1d0490,True,False,,True,,unreviewed
02080.jpg,训练集/02080.jpg,train,乱占,2080,file_block_0005,filename_contiguous_block_provisional,1920,1080,1920,1080,15ce97f7d078018f70351d91fc56e88dd841f4cd3d5e541b15efe0ddc6885f93,0f0fdfdbfa1f0d90,True,False,,True,,unreviewed
02081.jpg,训练集/02081.jpg,train,乱占,2081,file_block_0005,filename_contiguous_block_provisional,1920,1080,1920,1080,4fac84a2b24eac502e935e361625cdcecf5e93fef449b6a1ec1cca0192327540,0309a191931383c7,True,False,,True,,unreviewed
02082.jpg,训练集/02082.jpg,train,乱占,2082,file_block_0005,filename_contiguous_block_provisional,1920,1080,1920,1080,a1b29236a3db6683174f5b4bba7526e6bfc37ccf1e99bee463602763a939301f,a3b8bcf893f16377,True,False,,True,,unreviewed
02083.jpg,训练集/02083.jpg,train,乱占,2083,file_block_0005,filename_contiguous_block_provisional,2560,1440,2560,1440,eeb06755989b86e0bdf71627f27401966af1e15baa2fb6ba99463cd2d120904f,4d2f674b039716d3,True,False,,True,,unreviewed
02084.jpg,训练集/02084.jpg,train,乱占,2084,file_block_0005,filename_contiguous_block_provisional,2560,1440,2560,1440,9c286fac3f52a629746639213252f20e665091a9449544cde1da84e8ecc4abdd,0123c1c203069693,True,False,,True,,unreviewed
02085.jpg,训练集/02085.jpg,train,乱占,2085,file_block_0005,filename_contiguous_block_provisional,2560,1440,2560,1440,622c1534d12974d27feebea007db4360d8dc99da90ae7b681e2df63b17750a68,1a1b0f0f07030000,True,False,,True,,unreviewed
02086.jpg,训练集/02086.jpg,train,乱占,2086,file_block_0005,filename_contiguous_block_provisional,2560,1440,2560,1440,5679be747b02123d7f4dab18a8bc71c9f3ce6f60c4248896bfe8645846b1dfee,1a1b0f0f07031020,True,False,,True,,unreviewed
02087.jpg,训练集/02087.jpg,train,乱占,2087,file_block_0005,filename_contiguous_block_provisional,2560,1440,2560,1440,8cbeb08a46384532e35a061b80520c6ab0c82fdaca5e06b7febfecde827baab4,0a0b0f0f0f030b4a,True,False,,True,,unreviewed
02088.jpg,训练集/02088.jpg,train,乱占,2088,file_block_0005,filename_contiguous_block_provisional,1706,1279,1706,1279,8d14096ca44ab29ca8009401ed2153e0973e1947e21fca7a810451b4f97e4ad1,0747851733c341d0,True,False,,True,,unreviewed
02089.jpg,训练集/02089.jpg,train,乱占,2089,file_block_0005,filename_contiguous_block_provisional,2592,1944,2592,1944,8a08cd2a98b65455bcb7f805aee474f5d96840e27b30f9ecc9e6f6eccdf24cd9,090d1d4544632331,True,False,,True,,unreviewed
02090.jpg,训练集/02090.jpg,train,乱占,2090,file_block_0005,filename_contiguous_block_provisional,3840,2160,3840,2160,19c4ce4c4a42d0e229df1ceab54f3456415ee71acfc758fd0c54e67ed7abc942,78ca6a2d1a8b80b8,True,False,,True,,unreviewed
02091.jpg,训练集/02091.jpg,train,乱占,2091,file_block_0005,filename_contiguous_block_provisional,3840,2160,3840,2160,628e55e1da3aee8a045ce15e8eb928d3c6c3fd4bcfa0d117459246c1f78106ae,798b7a23108091ba,True,False,,True,,unreviewed
02092.jpg,训练集/02092.jpg,train,乱采,2092,file_block_0005,filename_contiguous_block_provisional,2688,1520,2688,1520,e47e1190db6473ff1eab64dec7cb59942ba688e09411c8448e8f0775721aeaa6,0f0f0f8f8f8d8d88,True,False,,True,,unreviewed
02093.jpg,训练集/02093.jpg,train,乱采,2093,file_block_0005,filename_contiguous_block_provisional,2688,1520,2688,1520,d060dca172c6e7663ed02fa5c7145b0845069663d4eb6333b018edd29e84c11e,1f8f0f0f8f8d8d8a,True,False,,True,,unreviewed
02094.jpg,训练集/02094.jpg,train,乱采,2094,file_block_0005,filename_contiguous_block_provisional,3840,2160,3840,2160,afa3524958eababb7da9bb8f4b8b5e3bf7242d8316a7d4c91fba4889705ce88d,7e6b081c9fd36482,True,False,,True,,unreviewed
02095.jpg,训练集/02095.jpg,train,乱采,2095,file_block_0005,filename_contiguous_block_provisional,3840,2160,3840,2160,4a0719b96399313b65333fdb74e9c90e469f676100f843dec337864a6c9f26c9,7e6a0818bbd33482,True,False,,True,,unreviewed
02096.jpg,训练集/02096.jpg,train,乱采,2096,file_block_0005,filename_contiguous_block_provisional,3840,2160,3840,2160,88edb307a6ac7162685bc04cfe01b19d4c3f1747ef72c8a08d4479898addb4e0,7c2b181c9f93b482,True,False,,True,,unreviewed
02097.jpg,训练集/02097.jpg,train,乱堆,2097,file_block_0005,filename_contiguous_block_provisional,3840,2160,3840,2160,1c113531fb9836d5a13f2cd6550cc8177468a7fe1f929126731ef512fcff8eff,e7e7c7c7112383c2,True,False,,True,,unreviewed
02098.jpg,训练集/02098.jpg,train,乱堆,2098,file_block_0005,filename_contiguous_block_provisional,3840,2160,3840,2160,097917190b2f02b155fce7c186b5d778675978a4cf4a4641d09e0c3488b7cda0,c7cfc70713639342,True,False,,True,,unreviewed
02099.jpg,训练集/02099.jpg,train,乱堆,2099,file_block_0005,filename_contiguous_block_provisional,3840,2160,3840,2160,935a9d0f191ee36cd5c2821b22ac4ab8515d04fe0242ccd62c270a3310d85164,c70f4783ff63b20f,True,False,,True,,unreviewed
02100.jpg,训练集/02100.jpg,train,乱堆,2100,file_block_0005,filename_contiguous_block_provisional,3840,2160,3840,2160,09236db21f77dc8cc30f83b2fe9809c4751aa8b027db57f998d991bccc6f7909,870f8f0f04228307,True,False,,True,,unreviewed
02101.jpg,训练集/02101.jpg,train,乱堆,2101,file_block_0005,filename_contiguous_block_provisional,3840,2160,3840,2160,46a226aa1d217a76e91e1b445cf8fd386e7e6acf3311383238398911aefb6330,c7cfc9430b289997,True,False,,True,,unreviewed
02102.jpg,训练集/02102.jpg,train,乱堆,2102,file_block_0005,filename_contiguous_block_provisional,3840,2160,3840,2160,a0053ac724ac71b218db34309e85ddf200bf71f9060c4a33e035a206f303e6d4,c74f0f0f0701838e,True,False,,True,,unreviewed
02103.jpg,训练集/02103.jpg,train,乱堆,2103,file_block_0005,filename_contiguous_block_provisional,3840,2160,3840,2160,035a14890cabac01517997462ecb6fb9b715b164fb8841e3b5c20c58d26936f4,c78f078338633313,True,False,,True,,unreviewed
02104.jpg,训练集/02104.jpg,train,乱堆,2104,file_block_0005,filename_contiguous_block_provisional,3840,2160,3840,2160,55d7e8888c4f22cc5f6a9346f36c88575cf0b5fbe18994098c9560ae0bc21560,870f470343713307,True,False,,True,,unreviewed
02105.jpg,训练集/02105.jpg,train,乱堆,2105,file_block_0005,filename_contiguous_block_provisional,3840,2160,3840,2160,75ff66dfa796a079a5e6c2c9f97dbe408aca672b979b6585b80ac1842023fbba,c74f474313633307,True,False,,True,,unreviewed
02106.jpg,训练集/02106.jpg,train,乱堆,2106,file_block_0005,filename_contiguous_block_provisional,3840,2160,3840,2160,f5e02bf7c9f78a636fc03776dfd55e612fa6950bb2df6a26f169cde1af5b1bfd,e747474737263367,True,False,,True,,unreviewed
02107.jpg,训练集/02107.jpg,train,乱堆,2107,file_block_0005,filename_contiguous_block_provisional,3840,2160,3840,2160,b999a9b7fc5595db7c33f5c0b820742b7185223c1661629cdeeb790cad57c19e,450f0383ff633307,True,False,,True,,unreviewed
02108.jpg,训练集/02108.jpg,train,乱堆,2108,file_block_0005,filename_contiguous_block_provisional,3840,2160,3840,2160,b87927949989abd0bbfbe28564c70a50b1b791903e6c4850dd5eabb11a74e1c6,c7cfc7cf1f633307,True,False,,True,,unreviewed
02109.jpg,训练集/02109.jpg,train,乱堆,2109,file_block_0005,filename_contiguous_block_provisional,3840,2160,3840,2160,76e921c1ec2de5913891be2b979e653e77e690aad068fffe950f1bf80476cda9,4707c74303003373,True,False,,True,,unreviewed
02110.jpg,训练集/02110.jpg,train,乱堆,2110,file_block_0005,filename_contiguous_block_provisional,3840,2160,3840,2160,a5be2f57800db5ad65813f47126cf2c1d2af6563bd5baefb2c22a676bc4d98fc,c7efc743010073c6,True,False,,True,,unreviewed
02111.jpg,训练集/02111.jpg,train,正常,2111,file_block_0005,filename_contiguous_block_provisional,3840,2160,3840,2160,a361b4b13e26f204f88c2583d353259de3021299bef37d8e6ad6b25dc1a7fbcc,c74fc74713f33307,True,False,,True,,unreviewed
02112.jpg,训练集/02112.jpg,train,乱占,2112,file_block_0005,filename_contiguous_block_provisional,1920,1080,1920,1080,c5088d5154a72ce5d1012f671c5d2e857cdfdafa6d965462de3cddb5201d3007,101233ef0f130498,True,False,,True,,unreviewed
02113.jpg,训练集/02113.jpg,train,乱占,2113,file_block_0005,filename_contiguous_block_provisional,1920,1080,1920,1080,ad627686be92383ffdc138e09297e84c55192cebbb9c8dde88174fb252221577,c01b33670705050d,True,False,,True,,unreviewed
02114.jpg,训练集/02114.jpg,train,乱占,2114,file_block_0005,filename_contiguous_block_provisional,1920,1080,1920,1080,9afacf9cf2dc3c701ebbf32f57bf4b52e798f5a92a36559aab72850ac24876c6,10123f7c8707050d,True,False,,True,,unreviewed
02115.jpg,训练集/02115.jpg,train,乱占,2115,file_block_0005,filename_contiguous_block_provisional,1920,1080,1920,1080,ecb67a2862b96f785862c891275d4571f0f391d2b738ed6da7c6161076fcf8fe,1012337f87070709,True,False,,True,,unreviewed
02116.jpg,训练集/02116.jpg,train,乱占,2116,file_block_0005,filename_contiguous_block_provisional,1920,1080,1920,1080,5e7357d661fc7a97e7fd49036835f6a88ec1d5e266db9e0a0f15b3436590a78c,031e37ff8d1d0489,True,False,,True,,unreviewed
02117.jpg,训练集/02117.jpg,train,乱占,2117,file_block_0005,filename_contiguous_block_provisional,1920,1080,1920,1080,a05b3a2c33f2ab676271e7d4fd09d1f497a2348dfd2e6aed6fc375acd5063317,1117376f9b37c401,True,False,,True,,unreviewed
02118.jpg,训练集/02118.jpg,train,乱占,2118,file_block_0005,filename_contiguous_block_provisional,1920,1080,1920,1080,5d0bece9a7d038a7d035f35d511ae24a73854d0734852da2cc4329ab3d148608,1016374f0f1f3c09,True,False,,True,,unreviewed
02119.jpg,训练集/02119.jpg,train,乱占,2119,file_block_0005,filename_contiguous_block_provisional,1920,1080,1920,1080,cfc1af78f0d4e0034b9dd705a9c49ce17d14a27be20db0c4d7838942f3cfcc33,1016370f1f1f3c09,True,False,,True,,unreviewed
02120.jpg,训练集/02120.jpg,train,乱占,2120,file_block_0005,filename_contiguous_block_provisional,1920,1080,1920,1080,48d14acb6d09cb1cde3d829e8b2a40740f1c9b955a35547eb88fbfcd722be4b2,1017370f0f1b1c09,True,False,,True,,unreviewed
02121.jpg,训练集/02121.jpg,train,乱占,2121,file_block_0005,filename_contiguous_block_provisional,1920,1080,1920,1080,3935ebb98955aeb7c917562816259012654b1d554b2fd6f1e29f4cd41edf05dd,101637470f1b1831,True,False,,True,,unreviewed
02122.jpg,训练集/02122.jpg,train,乱堆,2122,file_block_0005,filename_contiguous_block_provisional,2560,1440,2560,1440,d329c4673f99cc54486d73f36863aa3302df0e4098495c22c449c21eb8595833,3bffffbd69782f01,True,False,,True,,unreviewed
02123.jpg,训练集/02123.jpg,train,乱采,2123,file_block_0005,filename_contiguous_block_provisional,1920,1080,1920,1080,43d6715bef0e71e8d3e5cd0bb62824472221485357a3ec32a4333c795588a390,412f3f1f1f1f171f,True,False,,True,,unreviewed
02124.jpg,训练集/02124.jpg,train,乱采,2124,file_block_0005,filename_contiguous_block_provisional,1920,1080,1920,1080,bdedd400cee4e3892895e84ce0d2d7ec5fbdaa3389e50d77176e36d8ab462009,432f1f1f17153607,True,False,,True,,unreviewed
02125.jpg,训练集/02125.jpg,train,乱采,2125,file_block_0005,filename_contiguous_block_provisional,1920,1080,1920,1080,295497828833f88d850392ebefd01534647c4ddc664beccc7a800ce4ea46753a,432f1f1e1f1f0707,True,False,,True,,unreviewed
02126.jpg,训练集/02126.jpg,train,乱采,2126,file_block_0005,filename_contiguous_block_provisional,1920,1080,1920,1080,bf0fa95eb69bb173b5a959d058612420d11f92b63e2e721b379abc502ee71358,420f371719193e1f,True,False,,True,,unreviewed
02127.jpg,训练集/02127.jpg,train,乱占,2127,file_block_0005,filename_contiguous_block_provisional,1920,1080,1920,1080,b727491773a520c660d417ae75b2e577ac2a9ba9437fcdca121a762a89f00fdd,13270f1f4fdf9fcb,True,False,,True,,unreviewed
02128.jpg,训练集/02128.jpg,train,乱占,2128,file_block_0005,filename_contiguous_block_provisional,1920,1080,1920,1080,4fde8d05cda111918ce16dae3ae72006a74811372588369b07309939656d57d3,13270f4f4fdfafcb,True,False,,True,,unreviewed
02129.jpg,训练集/02129.jpg,train,乱占,2129,file_block_0005,filename_contiguous_block_provisional,1920,1080,1920,1080,2b8826225ecda3795375dca695e3a19e987b314cbe58873b5c010391a399297e,13272f4f4f5fffcf,True,False,,True,,unreviewed
02130.jpg,训练集/02130.jpg,train,乱占,2130,file_block_0005,filename_contiguous_block_provisional,1920,1080,1920,1080,b9be3eced12037ad9e99e575622383c470fe6403d8231b365d2642e798b157d0,13272b4f5f7fffbd,True,False,,True,,unreviewed
02131.jpg,训练集/02131.jpg,train,乱占,2131,file_block_0005,filename_contiguous_block_provisional,1920,1080,1920,1080,1e1b49fde1ed02069e87437f01e4716ba35cdd88582530f7c110b700e08050b4,13270e4f5ddbafa7,True,False,,True,,unreviewed
02132.jpg,训练集/02132.jpg,train,乱占,2132,file_block_0005,filename_contiguous_block_provisional,1920,1080,1920,1080,b0c851fa96a99ea052308fc9ebbc5ff39d5c17797a401dc75747ae4d85e8230e,1b26064d4ddb8fc3,True,False,,True,,unreviewed
02133.jpg,训练集/02133.jpg,train,乱占,2133,file_block_0005,filename_contiguous_block_provisional,1920,1080,1920,1080,0ade2521056421719bb5f5e124209b222f8c963b57be1264b7eb5760fedaa5b3,1b270f5d4ddb8fc3,True,False,,True,,unreviewed
02134.jpg,训练集/02134.jpg,train,乱占,2134,file_block_0005,filename_contiguous_block_provisional,1920,1080,1920,1080,ad60aaee2e291fdbb25bb34dc213f39ba136d0d8b9a23ab1330124cc74d4b5e7,1f272f5f4f5fffcb,True,False,,True,,unreviewed
02135.jpg,训练集/02135.jpg,train,乱占,2135,file_block_0005,filename_contiguous_block_provisional,2592,1944,2592,1944,dc930c9494f1a27f745cb550e1db1630a4e06f459fb05005f2e60617ed0dd401,070381180d0c1c7c,True,False,,True,,unreviewed
02136.jpg,训练集/02136.jpg,train,乱占,2136,file_block_0005,filename_contiguous_block_provisional,2592,1944,2592,1944,8d6ce404e8ff74a418de1fed8cf5762b31e590ea3dd0d63d17e19f8ffe7b6cbc,1f03000c130c1c3c,True,False,,True,,unreviewed
02137.jpg,训练集/02137.jpg,train,乱占,2137,file_block_0005,filename_contiguous_block_provisional,2560,1440,2560,1440,6d04404d5d5bf04d04a7217a35d365ab4f6f48d658bda403d60d2fa82407aa9e,0f0f0f2f210b0f4f,True,False,,True,,unreviewed
02138.jpg,训练集/02138.jpg,train,乱堆,2138,file_block_0005,filename_contiguous_block_provisional,1920,1080,1920,1080,da43d201d47651ca016eb857f9552fb4ce8b5cc23a0afb87f169f805896f69c1,0c8f8f5f3f2e8697,True,False,,True,,unreviewed
02139.jpg,训练集/02139.jpg,train,乱堆,2139,file_block_0005,filename_contiguous_block_provisional,1920,1080,1920,1080,9ac43120bd61e7d400534aa0bac937dc149ac49aafea4068f9909382f6654399,0d8e8fa32328188c,True,False,,True,,unreviewed
02140.jpg,训练集/02140.jpg,train,乱堆,2140,file_block_0005,filename_contiguous_block_provisional,1920,1080,1920,1080,71405af90f6e887af0326de01661534d81b217c29d463c72f4b0e9bc1751c9f2,0c8e8f6723a18c8e,True,False,,True,,unreviewed
02141.jpg,训练集/02141.jpg,train,乱堆,2141,file_block_0005,filename_contiguous_block_provisional,1920,1080,1920,1080,b8bd934dee36f3fbf3d2d7082920db32c9cb8b7acfe87a70720693af2b531fed,0c8e8f8f1f1e0e8f,True,False,,True,,unreviewed
02142.jpg,训练集/02142.jpg,train,乱堆,2142,file_block_0005,filename_contiguous_block_provisional,1920,1080,1920,1080,f60198599fc83bd6af0178d9fbfa1c5d7456c2818d9beb54f9dfd4f52c89067a,0c8f839b1f1f0e8f,True,False,,True,,unreviewed
02143.jpg,训练集/02143.jpg,train,乱占,2143,file_block_0005,filename_contiguous_block_provisional,3840,2160,3840,2160,404b2a7408197e2c66bb5b12519744edeee6b66eec24a2b8bb59e6a6dc924ae4,1d773b8c8633b330,True,False,,True,,unreviewed
02144.jpg,训练集/02144.jpg,train,乱占,2144,file_block_0005,filename_contiguous_block_provisional,3840,2160,3840,2160,91521b4e2702f7f24e92209a7dc516e0972d17f82daf5b0c655aeaad938d12d1,1d3f2fa44609d390,True,False,,True,,unreviewed
02145.jpg,训练集/02145.jpg,train,乱占,2145,file_block_0005,filename_contiguous_block_provisional,3840,2160,3840,2160,5f3bf3761b9f5ab26db451cab9c4ebcddcca578f19279462d34b1b8d774a9640,1d7ffb8d06319398,True,False,,True,,unreviewed
02146.jpg,训练集/02146.jpg,train,乱占,2146,file_block_0005,filename_contiguous_block_provisional,3840,2160,3840,2160,3a152a40f7615f5dea91c32b946bef2d28d7f0d0ecab292a65ceaba43c7ed1ef,1d77ba8c16335290,True,False,,True,,unreviewed
02147.jpg,训练集/02147.jpg,train,乱占,2147,file_block_0005,filename_contiguous_block_provisional,3840,2160,3840,2160,476dcb96da75b9ab30600e7f9e14d510e9c466fe77b6ebfeded8fb15df1a369f,1d77bb8c0633d3b0,True,False,,True,,unreviewed
02148.jpg,训练集/02148.jpg,train,乱占,2148,file_block_0005,filename_contiguous_block_provisional,3840,2160,3840,2160,32583268cfbbd15682b3698f56a200f80fbbe7205b8952943759be28cde41351,1d776ba4163392b8,True,False,,True,,unreviewed
02149.jpg,训练集/02149.jpg,train,乱占,2149,file_block_0005,filename_contiguous_block_provisional,3840,2160,3840,2160,c77984036d7c190df0cc6072094f54a9824012fd2e1642002a3bb75d30454330,1e7f3b8c16335290,True,False,,True,,unreviewed
02150.jpg,训练集/02150.jpg,train,乱堆,2150,file_block_0005,filename_contiguous_block_provisional,3840,2160,3840,2160,748d7b1414ea9525342e0d78cb5585baefea4cc704394bf20c0a12eb0b716352,ac800b4fdb93b1dd,True,False,,True,,unreviewed
02486.jpg,训练集/02486.jpg,train,乱建,2486,file_block_0007,filename_contiguous_block_provisional,1430,1000,1366,772,3fc68fde7c66b63b7084de34942b1873f80eb65db6ba2bc5f3629bb9da2015fd,786ef673753c3eba,True,True,,True,,unreviewed
02487.jpg,训练集/02487.jpg,train,乱建,2487,file_block_0007,filename_contiguous_block_provisional,1882,1168,1367,773,e4b3d12fcecb064a4a47626e80a079c49ecf1e1c5b42c04d7f296da6f6dfaa15,3d7f73ac3c1f1f3d,True,True,,True,,unreviewed
02488.jpg,训练集/02488.jpg,train,乱建,2488,file_block_0007,filename_contiguous_block_provisional,1433,1006,1368,774,6a592bc1e96e25c8d9202637910b3198b78e3525533111125741807f5f71be0a,6f0d9b3c9ecccc4e,True,True,,True,,unreviewed
02489.jpg,训练集/02489.jpg,train,乱建,2489,file_block_0007,filename_contiguous_block_provisional,667,500,1369,775,1c398b5bb82ca1644971e60da8ab0bb0a62460c5da136458942f669fc4d8e68e,0f1f0f535153330c,True,True,,True,,unreviewed
