filename,relative_path,label,width,height,sha256,difference_hash,decode_status,enabled,duplicate_group_id,near_duplicate_group_id,scene_id
00000.jpg,训练集/00000.jpg,有漂浮物,4080,3060,ff4bd057f41c3cd55361f855bbe4f0b2435b4729af5ddf6c92719b39c13a55da,6049ddf9684ea6ba,ok,True,,,file_block_0000
00002.jpg,训练集/00002.jpg,有漂浮物,4080,3060,3e8b67aa874205239acb396eaa6bd5ba0aaedb3f86a17d2b577fe589a5ea4255,435d5d5d4c3f39f8,ok,True,,,file_block_0001
00003.jpg,训练集/00003.jpg,有漂浮物,1706,1280,b28a7823625cd00c48bb3e1fe864716684f8f7848beaff7c6fd2c0c9a207fb7b,737372dbddcc8c08,ok,True,,,file_block_0001
00004.jpg,训练集/00004.jpg,有漂浮物,1706,1279,3ba7740734ae0cffb8b12e0fd207461ae39fe8c105e0a5327a7dc3881916e42d,ece5dfe7f2fefeff,ok,True,,,file_block_0001
00005.jpg,训练集/00005.jpg,有漂浮物,1706,1279,0a9b05287f35711f7c4138edd509735070244a885d5bcf25898d7e93df679836,f6cbcbe9c5b46ccd,ok,True,,,file_block_0001
00006.jpg,训练集/00006.jpg,有漂浮物,1706,1280,1c72b48cb02fc6fde62d1c95e41cf731f9c3c1fff59287bb2c50c8d1b386aae3,d9e2e1850c0e1c79,ok,True,,,file_block_0001
00007.jpg,训练集/00007.jpg,有漂浮物,1706,1280,d1db0533c08d0566386d39067e36d76a424a4a2286823bd1195fdd1123d3b5d3,19058ddd79797939,ok,True,,,file_block_0001
00008.jpg,训练集/00008.jpg,有漂浮物,1706,1279,9bb7802f4662522405013d7a65cc94de6127dae523df0687f4821a4bd390a877,0f0d0311250d3d3d,ok,True,,,file_block_0001
00009.jpg,训练集/00009.jpg,有漂浮物,1706,1279,648f6bfc8a4945a8b6f478076bb27959a71ce00d22a84b9bd838b6dcf1aa3ac9,1bed1319187be9c1,ok,True,,,file_block_0001
00010.jpg,训练集/00010.jpg,有漂浮物,4080,3060,e8305ed053efd120aa04b651d8b09758c3f1767b745c562a2fa40029c9134727,efffce0fc39c0f47,ok,True,,,file_block_0001
00011.jpg,训练集/00011.jpg,有漂浮物,1706,1279,2e3b2e37b407e64e2dffe6ab43689e44dbca19287239db55a1c30e25f2ed6919,4d4c52d01667cccc,ok,True,,,file_block_0001
00012.jpg,训练集/00012.jpg,有漂浮物,1706,1279,4d16f1f4c6c10763a59181d97b8cbe10e2ec326d08d1c5fc3e395dcfe53d1b31,070eccc72373e3a1,ok,True,,,file_block_0001
00013.jpg,训练集/00013.jpg,有漂浮物,1706,1279,b4b81200299b68b75a7e65fe950e91f1ac3c40b600edc2e3d8460d13b39ff956,99c862120b468d19,ok,True,,,file_block_0001
00014.jpg,训练集/00014.jpg,有漂浮物,1706,1279,18ec8147211788ef5825eadce8a29466fd1043703e6151f037f9a74e9e2efe33,0f03a320406868ea,ok,True,,,file_block_0001
00015.jpg,训练集/00015.jpg,有漂浮物,1706,1280,996b830389799b52efdb5f98e03f23f96b61a96b65f440778b2350605ace88ac,33b399b363430d6d,ok,True,,,file_block_0001
00016.jpg,训练集/00016.jpg,有漂浮物,1706,1279,ca2676cfe0b3e909ae7a59a1a963c40e5a83effaf2035b4cc2cde2e2386b43bc,438c959033b5d1f5,ok,True,,,file_block_0001
00017.jpg,训练集/00017.jpg,有漂浮物,1706,1280,860a0c603fa4d48d50999d4b5813caf7eea1a6d343ee04a348be53eac50588a4,c11b1b0c18272775,ok,True,,,file_block_0001
00018.jpg,训练集/00018.jpg,有漂浮物,1706,1279,82c4051b999fb04c76fa2d0cbd8c6d896473b5f4ed206dc7c5d79c1196bba001,0ffba766242c2d2c,ok,True,,,file_block_0001
00019.jpg,训练集/00019.jpg,有漂浮物,4080,3060,8b95d1d23ed6d1f36a23196e7bfad1bbc40d01e88ec5e3c3fcfb23a5024ff3f0,d872727263c38303,ok,True,,,file_block_0001
00020.jpg,训练集/00020.jpg,有漂浮物,1706,1279,71e7da7d19c97e945555b9dcd0b0e94b8e9d33a59b5cb4daba99d9bec3dad614,31538b82213cf616,ok,True,,,file_block_0001
00021.jpg,训练集/00021.jpg,有漂浮物,1706,1279,aa1aab225c5ba45276cf9f036d3a77414e6a01c381441864e891881aed3ab6a1,ffffffffcbc3b4c5,ok,True,,,file_block_0001
00022.jpg,训练集/00022.jpg,有漂浮物,1706,1279,ede7eb19442774fa1a5d261950c08459fc396b49dcfa9bf95ed89183a647c1d7,d2224303079c2c00,ok,True,,,file_block_0001
00023.jpg,训练集/00023.jpg,有漂浮物,1706,1279,be9d21bf2b0d4a1294708666e0fa1ead057b384e5b143105d7096de7f72fff89,3ffbecfc7cfef6ee,ok,True,,,file_block_0001
00024.jpg,训练集/00024.jpg,有漂浮物,4080,3060,61c5e4e98fb1768c70a4b4f5e0d78d1808ba3e879cd251df225d02ca00f34652,7607072220030606,ok,True,,,file_block_0001
00025.jpg,训练集/00025.jpg,有漂浮物,4080,3060,89cb762496858775fea165db4017518d60e23df7155eb258f7952ac43527e1c8,c2e0f1b0304200c0,ok,True,,,file_block_0001
00026.jpg,训练集/00026.jpg,有漂浮物,4080,3060,cf7b0ee0cedd1ccc20e0284c94d39d678e30165110a8b98f8cf95cfe0543b1ea,7078d8d8e1210000,ok,True,,,file_block_0001
00027.jpg,训练集/00027.jpg,有漂浮物,4080,3060,459ddb8a72d73fda28ccf6af4773ccc304b8e56797b89887ca74c119e3d1a698,b0bcbc4c64044090,ok,True,,,file_block_0001
00028.jpg,训练集/00028.jpg,有漂浮物,3264,2448,9f6aaea2d3ce389f94b31ca8ef4c439fdb66fbb20dbe06dd03ea3039d00b92ae,3efc6ee6fb9e8e2e,ok,True,,,file_block_0001
00029.jpg,训练集/00029.jpg,有漂浮物,4080,3060,317e171f85cafd828c1de2004456bf83ac262729008c3e0f8f77e6d5aaa008a1,c76e8ede7c3c0e87,ok,True,,,file_block_0001
00030.jpg,训练集/00030.jpg,有漂浮物,4080,3060,5a5389774cbec73ccbac5cc5d440fa06e97247863dc6f7beb2c7bd778d6c7fa4,313167f6b68ecde3,ok,True,,,file_block_0001
00031.jpg,训练集/00031.jpg,有漂浮物,4080,3060,18583efc5ad090d19e00b51cad6438a1267be336920dadff92ac5715a83cedc8,2577767e7cf9f9e4,ok,True,,,file_block_0001
00032.jpg,训练集/00032.jpg,有漂浮物,1706,1279,4c7a495b537b5d9f72478add67182924cb7dbfaf182e72aec30ef8b1da3a0d16,cfdcf0691811cd86,ok,True,,,file_block_0001
00033.jpg,训练集/00033.jpg,正常,4080,3060,d06a54debe36872e10623798fb94b14d54eb968672b32f38d6f4be8ec1682aa7,1f9e40060f04c0d0,ok,True,,,file_block_0001
00034.jpg,训练集/00034.jpg,有漂浮物,1706,1279,cfa8c3c7d10d9bff26fc0bfd6a79f3bbf49e4ced03d0c8d933db1c7386131fec,b9363e1b133b199c,ok,True,,,file_block_0001
00035.jpg,训练集/00035.jpg,有漂浮物,1706,1279,d96b43f09203a52a1eb2f15ea4df6c39cd5d3c1edfb797918f91d5213ee9fa67,837f70dfcff797d7,ok,True,,,file_block_0001
00036.jpg,训练集/00036.jpg,有漂浮物,1706,1279,1f936f04235af61f29c5cf1720ebfde7bf342fdc7ed890a9362936b74fab1179,fd7ffef9ebfefafa,ok,True,,,file_block_0001
00037.jpg,训练集/00037.jpg,有漂浮物,1706,1279,ea913c6c96af02b9b44d886b3ca85153b0ac93942678f274bf48f2f9752a15a3,c0003f7f79dcf8f8,ok,True,,,file_block_0001
00038.jpg,训练集/00038.jpg,有漂浮物,1706,1279,56e063256c30b6958c06b1373a0cb2112aca6417f6d2c794d61c56fdb897c2d4,84806018ac286868,ok,True,,,file_block_0001
00039.jpg,训练集/00039.jpg,有漂浮物,1706,1279,0a6381b9267e0613c5dd31cd51b0c8812c06243b02c3b96653547b2839dcbdb0,cbc030188e262024,ok,True,,,file_block_0001
00040.jpg,训练集/00040.jpg,有漂浮物,1706,1279,d2d3759fcb23efd18c005e98b76204f37421315d26e696784022bc4def317895,83c7c68706061627,ok,True,,,file_block_0001
00041.jpg,训练集/00041.jpg,有漂浮物,4080,3060,fc2e97da77926c846dd22ca4c80d59dfddcd3894fbbf35ea4b64986eceaab58c,0301c29878a2a020,ok,True,,,file_block_0001
00042.jpg,训练集/00042.jpg,有漂浮物,4080,3060,fc2265abda4ce01f4ceccf9e4c77e689f23d0aedc424d4db64fdbcf758163cbd,7f7cfbfdf8f4e5f1,ok,True,,,file_block_0001
00043.jpg,训练集/00043.jpg,有漂浮物,4080,3060,2d89db202b47971149019748becd97a12a2fb2c955f238b16cd1de4e676b2476,fcff5f0fc7000010,ok,True,,,file_block_0001
00044.jpg,训练集/00044.jpg,有漂浮物,4080,3060,ef902f6456fbc5528871b192158d5f9b2c742485fbd38c60ba61da622946fee4,7b323a283f1d0280,ok,True,,,file_block_0001
00045.jpg,训练集/00045.jpg,有漂浮物,4080,3060,b6ad3ad6e037490886ab60da5bca550f0b38948ab23a8b759aebf47ca873b8b6,9f9fbaba8d9d8d0d,ok,True,,,file_block_0001
00046.jpg,训练集/00046.jpg,有漂浮物,4080,3060,8f3c173206734dccde9440f53a0e0a8910cf739aa07b012ffc4219b778e90c09,fffecc1a931c4f43,ok,True,,,file_block_0001
00047.jpg,训练集/00047.jpg,有漂浮物,1706,1279,eeada057c851495a8a38124a5b7bc3b58a6d458c9734f9d56fab362452cc98ba,3f7fffd7632d3c0c,ok,True,,,file_block_0001
00048.jpg,训练集/00048.jpg,有漂浮物,1706,1279,23389481eab25f838ff060c2bfc316d2090deb2d4cde01f756f58d6a3029a03d,030190cc0d66525a,ok,True,,,file_block_0001
00049.jpg,训练集/00049.jpg,有漂浮物,1706,1279,eb92553e71e9e9d2d36e2b27f845f7bd554358ee535c5cf827069e7a640b123a,90313370313a9cac,ok,True,,,file_block_0001
00050.jpg,训练集/00050.jpg,有漂浮物,1706,1279,015839cf56600eb0aa9ae661e8868049630554ad78c3e16f84db027524f0d342,e3f3fb7f7df8fde2,ok,True,,,file_block_0001
00051.jpg,训练集/00051.jpg,有漂浮物,4080,3060,d9ece263175fa894a63563e1150a034879c52e86fe81882cb96bbfcc3eb6b114,a065d67040c0c666,ok,True,,,file_block_0001
00052.jpg,训练集/00052.jpg,有漂浮物,4080,3060,5e0ca7c0e48d98404e77e1e9b810d06aaac38feda305ac1ef99af100bc26e9ab,b6ee9e995f0b080c,ok,True,,,file_block_0001
00053.jpg,训练集/00053.jpg,有漂浮物,1706,1279,ce089d2095044e1e1561f721f62c3158e0db504075c3e046f9e0065acb407805,9ff889441033acce,ok,True,,,file_block_0001
00054.jpg,训练集/00054.jpg,有漂浮物,1706,1279,2d1e4d4d9c138755faf71b1b64a71c4db71e3bae5449885220fc3a0b06fd3071,3bfb969431c2969f,ok,True,,,file_block_0001
00055.jpg,训练集/00055.jpg,有漂浮物,1706,1279,4d3d491da3af813093234aa14f014623ef535cf72b326231d6dfca598911e100,ff1d0d0402e8a232,ok,True,,,file_block_0001
00056.jpg,训练集/00056.jpg,有漂浮物,1706,1279,78d89076364dd1eceea17de5e348dfa5ed3dfe9dd96b346943cc6df99070ae38,0e8eae42627262a0,ok,True,,,file_block_0001
00057.jpg,训练集/00057.jpg,有漂浮物,1706,1279,72f8ce4b6c815e8e14ff0fc5f94145c86d6bbd46b1ef96d9bb8059bd8b578917,d03820717df7f6e6,ok,True,,,file_block_0001
00058.jpg,训练集/00058.jpg,有漂浮物,1706,1279,2a6049891f1f099d207cf3fa485ac72f2639e960756aea2bcd9aeca75e1e8f5b,6fcfdb99d99e67a8,ok,True,,,file_block_0001
00059.jpg,训练集/00059.jpg,有漂浮物,1706,1279,7d0236ec9e8f80020a1b1177a83655c3ccb70e9588b262ef9d5699ac555bf8cf,c64e4fc1ddcfe576,ok,True,,,file_block_0001
00060.jpg,训练集/00060.jpg,有漂浮物,1706,1279,e04ef9a7114319d6465191780e7391bec604dfeecb7d0ac3c582eb1c16375523,020e1e1ef6f676e6,ok,True,,,file_block_0001
00061.jpg,训练集/00061.jpg,有漂浮物,1706,1279,81b2a64b7307e5c6d45e76eda5d6aae0cb2b1bce62b557d3049be7dfb24a504f,bc38387017151010,ok,True,,,file_block_0001
00063.jpg,训练集/00063.jpg,有漂浮物,1706,1279,761733d342fbc42b2f25edd541bc118981e85bc9f5144f7b0d149f946ce5c03d,f4f767cc3dbfbfff,ok,True,,,file_block_0001
00064.jpg,训练集/00064.jpg,正常,1706,1279,d6632d37bcd52084ae054eb8c84cdf61a89d7cad164eaa668942b5e821a4cd27,0b2f1310dd037934,ok,True,,,file_block_0001
00065.jpg,训练集/00065.jpg,有漂浮物,4080,3060,fd20787e306d0a1243019dff41cc4adb778e0e381813942a7a2a00273e9e75a8,c9c86c6c2d332226,ok,True,,,file_block_0001
00066.jpg,训练集/00066.jpg,有漂浮物,4080,3060,396fe2ecc198d91e5371c6cb74a433d9d6eaa33654c7b31036a0d24403ca6750,c8c8e82c2c3382a7,ok,True,,,file_block_0001
00067.jpg,训练集/00067.jpg,有漂浮物,4080,3060,03a13b66c48079a7639c95fb743c401aed910401262453ad8b696f304301140b,1cdcf3e3b7bc3c3e,ok,True,,,file_block_0001
00068.jpg,训练集/00068.jpg,有漂浮物,4080,3060,6ef725b5a7a783cfb172926db3979b7acd57c989ab32c64ee80e3c5987f4bf8e,81f1f3a59b73ebcf,ok,True,,,file_block_0001
00069.jpg,训练集/00069.jpg,有漂浮物,4080,3060,674425b1fe5b303f5527e3492161bc2cd1128b034f98366ace7f70dc36f9914e,0e1e8e1e0f0f3d3d,ok,True,,,file_block_0001
00070.jpg,训练集/00070.jpg,有漂浮物,4080,3060,c97679942174d97e7de58a8c11400d2e9cffd7b7e58dc845064a8cbbd035e8fc,fedec6c62626129b,ok,True,,,file_block_0001
00071.jpg,训练集/00071.jpg,有漂浮物,1706,1279,7990f637912ab181688bc5f492e4b49b1ffdc946a140c55cf44fbc1cfec0fe72,ddede3e0a60c1898,ok,True,,,file_block_0001
00072.jpg,训练集/00072.jpg,有漂浮物,1706,1279,8ab40260b3ff06d76751be287262606ae03cd3ffebec8f315066cb0e0b81b191,5d1f5b1f063878d8,ok,True,,,file_block_0001
00073.jpg,训练集/00073.jpg,有漂浮物,1706,1279,2550d88c669fe0615d63634598155220734a42cd17d62951aaa4544fed5ac98c,1f1b9e801341418f,ok,True,,,file_block_0001
00074.jpg,训练集/00074.jpg,有漂浮物,1706,1279,60be588ef2bfa0999c2af8eee91916623feb19bed26e11ac8be92e034f6e9ec9,e4b0e77f18e6eced,ok,True,,,file_block_0001
00075.jpg,训练集/00075.jpg,有漂浮物,1706,1279,41f65d42b8811abc730f5f813f55b0cec67882e85b23d9193d726ef1ba67b5e8,270b0f3f33716dd5,ok,True,,,file_block_0001
00076.jpg,训练集/00076.jpg,有漂浮物,1706,1279,1734b7d41312beed315b54d652f9ece085752f1afc67fb4ce75e35c495e4c069,9854c49418181898,ok,True,,,file_block_0001
00077.jpg,训练集/00077.jpg,有漂浮物,1706,1279,92c60ea5010c5886a660da203f7ef4bc7a4a2eb73015bb8149baeb91dcb04ae7,95edfffdda6b6201,ok,True,,,file_block_0001
00078.jpg,训练集/00078.jpg,有漂浮物,1706,1279,1834bcd5bb395d759fc751e9af30a70abffb1ba14d2803df60b782f234c0faa3,ea8b9f9fde9c5c6e,ok,True,,,file_block_0001
00079.jpg,训练集/00079.jpg,有漂浮物,1706,1279,6ff725b042fc1660225eb58be4113ec9fd463f3edf4911c206edd895e122912a,4963e3939191b133,ok,True,,,file_block_0001
00080.jpg,训练集/00080.jpg,有漂浮物,1706,1279,11b8e739edb7064500a0e80b4fa46a78273de64ca7aaea06af77fc81b77d3a26,87a3b697e687e666,ok,True,,,file_block_0001
00081.jpg,训练集/00081.jpg,有漂浮物,1706,1279,6291ed597b9cd37fb34d816ea6910f6ddafe6c537198886341a227af479824dc,ba73672373181e9b,ok,True,,,file_block_0001
00082.jpg,训练集/00082.jpg,有漂浮物,1706,1279,cfd7c7a84dbe3e6a923a60f0d5cde1557075aae9b06324be6236c29bbc5fb83e,d9f3def9fb8cb345,ok,True,,,file_block_0001
00083.jpg,训练集/00083.jpg,有漂浮物,1706,1279,4e71fa70ab54b75db98192f375cb5bc11f4fd70e4ca5136e589397675d328ebe,0344d0120c5c4d33,ok,True,,,file_block_0001
00084.jpg,训练集/00084.jpg,有漂浮物,1706,1279,ed4a7402f92ebfe311b4629450d4d4b8d57936a72a9b2f9552ab6e79a699c7c8,8c8bc98d96972307,ok,True,,,file_block_0001
00085.jpg,训练集/00085.jpg,有漂浮物,1706,1279,98c930548c9ad7fc0620d9f8a1e87238dbea2f5bb2fc26bae499eacfc96267d6,a40009c161b0a4e4,ok,True,,,file_block_0001
00086.jpg,训练集/00086.jpg,有漂浮物,1706,1279,ad3a7cb37c391d2a12848d1e06b6ca9c9da980c399f6a227d288f7a8181677b1,a727c0e267392e46,ok,True,,,file_block_0001
00087.jpg,训练集/00087.jpg,有漂浮物,1706,1279,e76bc2407e00c23a79ad51e711af40e190d540c8da75f98a541e21149bec9587,89cfe1293b6950ca,ok,True,,,file_block_0001
00088.jpg,训练集/00088.jpg,有漂浮物,4080,3060,ca057b833c1276f515cffd262f54186ddf169525c58bca19f94e8f66304dd5ca,bcef878cbcbfdfcf,ok,True,,,file_block_0001
00089.jpg,训练集/00089.jpg,有漂浮物,4080,3060,86be33ddf97cef37026544792e17ec8523073c0daffc00e1f3f9b53ab3d28fc4,3f3e3c86c3400818,ok,True,,,file_block_0001
00090.jpg,训练集/00090.jpg,有漂浮物,4080,3060,56f1c535b4b81392557bf832de1dd39213f25f5583b98d57e74e7cf80fbe3bc6,0111e9e1c1c32646,ok,True,,,file_block_0001
00091.jpg,训练集/00091.jpg,有漂浮物,1706,1279,935bca4d06d05dc1d2bf61a719494065b1660d11c00fb8708035f8d77f675042,9f9fb8c360216718,ok,True,,,file_block_0001
00092.jpg,训练集/00092.jpg,有漂浮物,1706,1279,c262cd57cc746832d58429e5f9188cd4153416643716f81216aceb980b28ec5b,0f9fffb7e4f4f3f1,ok,True,,,file_block_0001
00093.jpg,训练集/00093.jpg,有漂浮物,1706,1279,c5daae87e444b579a9a408cfb221ef3a17fb433f5360ec6670193de2562cfb4a,7f7ffee7e7c1c323,ok,True,,,file_block_0001
00094.jpg,训练集/00094.jpg,有漂浮物,4080,3060,d3fa771a6daff974b021be9b33996ed14c7b71d9c29d3d17ec457fbea7ef143d,88ccc8c898d8b878,ok,True,,,file_block_0001
00095.jpg,训练集/00095.jpg,有漂浮物,4080,3060,f488602b82eb7fc6e462d3c16c854722f76405d08aefdb979da7e47885c87810,000001939050c0c8,ok,True,,,file_block_0001
00096.jpg,训练集/00096.jpg,正常,4080,3060,64d1aa49767b78de0191b1f2f0234ea0a5ccd272f10fbb3e148777e1c19ccd21,cccdded5d080820a,ok,True,,,file_block_0001
00097.jpg,训练集/00097.jpg,有漂浮物,1706,1279,a2525120d1154863d0c1bfd3c83431a553a5fc26d196bb8f7b6ba4c28eea11a2,0f0fcd0739904c4c,ok,True,,,file_block_0001
00098.jpg,训练集/00098.jpg,有漂浮物,1706,1279,f7c99c5b5d5a32f8793260d18a04c42506aeefbf32d39ac65eecf14daca27d4f,cfdf9fd74743478d,ok,True,,,file_block_0001
00099.jpg,训练集/00099.jpg,有漂浮物,1706,1279,cb40671eeacd9a5edd3e0c0d56c5f2a2006c2e64f60061bf5497b781b7c784a2,1637d71711181838,ok,True,,,file_block_0001
00100.jpg,训练集/00100.jpg,正常,1706,1279,a1b3d9e3644974ea612fe5bff14fdb741518f8ed9dac7e192512c89d029205e2,75f8f0fcf8f9939b,ok,True,,,file_block_0001
00101.jpg,训练集/00101.jpg,有漂浮物,1706,1279,aee00260c49f77b56f3bc8efcf0f68d81dab3aa1843af2ef8ce5fd881c84c8a5,77f8c092c2f6f879,ok,True,,,file_block_0001
00102.jpg,训练集/00102.jpg,有漂浮物,1706,1279,645887692987e3867418653586006fc94898456acfb5b91d3ac2d63011afa61a,ef3f0f2f1d1a1818,ok,True,,,file_block_0001
00103.jpg,训练集/00103.jpg,有漂浮物,1706,1279,2b7155ae3f2fea0b5b3087b88a45004df932d0da10fef8ea8ca82ca0f7912704,4636430b5d5171e1,ok,True,,,file_block_0001
00104.jpg,训练集/00104.jpg,有漂浮物,4080,3060,2726b512cc05fca1fd2cc3b0b71870a1b71df04be25c543f0bb3c6d100e6c387,0b8faf0f4f676767,ok,True,,,file_block_0001
00105.jpg,训练集/00105.jpg,有漂浮物,4080,3060,8033bd118726c3bc501119358a4cd8a71c1520f86f6966d1dc1ebb4598b09ae1,434319594b4372f8,ok,True,,,file_block_0001
00106.jpg,训练集/00106.jpg,有漂浮物,4080,3060,bcae56541ca51929ac12a0a244d8365a6f430e669e78381ac3590e8f852b2da1,60200707818050c0,ok,True,,,file_block_0001
00107.jpg,训练集/00107.jpg,有漂浮物,1706,1279,50184c37dacef99a6074ea772956885d2a30cf9a437c36d070dadc0e514b2b6a,ddcdc44c647f5fdf,ok,True,,,file_block_0001
00108.jpg,训练集/00108.jpg,有漂浮物,1706,1279,9465ce45e96984d171356aa16c8811cfcf1df109052f606c8160340cb87f92aa,0090920318183868,ok,True,,,file_block_0001
00109.jpg,训练集/00109.jpg,有漂浮物,1706,1279,7ceb85a5bfc1694fd432a45dc3df0592f690aa59e1b344e19edc0afb663d60b2,9a17e36704510e04,ok,True,,,file_block_0001
00110.jpg,训练集/00110.jpg,有漂浮物,1706,1279,80c22b7553e3fdc09a9557fa2ca38a201f600abe985c29e72134340c7c443c58,68bf22222361c0c0,ok,True,,,file_block_0001
00111.jpg,训练集/00111.jpg,有漂浮物,1706,1279,7b76fda6eac3d8dcdb140801729519b8d2caab65acbd452c85c4c5eecd68fe26,471d17e101002c2c,ok,True,,,file_block_0001
00112.jpg,训练集/00112.jpg,有漂浮物,1706,1279,9b146df9948102dd70967eb6450b4f8311350ae90887a212df59ce2c5d78c1ee,80c40030700657f0,ok,True,,,file_block_0001
00113.jpg,训练集/00113.jpg,有漂浮物,4080,3060,17ac2be39a51fe1a2effdea74c3e6e6aba84b43d022efae2e4e5b85fc3faec66,4fdfffcfde9f0f0e,ok,True,,,file_block_0001
00114.jpg,训练集/00114.jpg,正常,4080,3060,ca9df61e439d8a990aa857e9bd560ce07f47d07c8387c0805d351883437976bf,0c080100882f2723,ok,True,,,file_block_0001
00115.jpg,训练集/00115.jpg,有漂浮物,1706,1279,ea6eb13d6c9a3b4c96be9aaf0bf6da4cdde521fc447de5a08f54c6e4dd764ec9,dd0f6efd8b1bcbcb,ok,True,,,file_block_0001
00116.jpg,训练集/00116.jpg,有漂浮物,1706,1279,730d4b8b7049f2291918470827fd6c789ab3b46c4e876a1529287842e29e5e73,83f373130183a2a1,ok,True,,,file_block_0001
00117.jpg,训练集/00117.jpg,有漂浮物,1706,1279,63170a789c4650282034a41a566857fab721d45f612bbb64481ef44fa91bb673,84a838b9e1e9e9f1,ok,True,,,file_block_0001
00118.jpg,训练集/00118.jpg,有漂浮物,1706,1280,35bcf3d6f1ca2285753f4634208dcd5b2b75ee697cb20e31419e37a29b852c94,cfe79787ded4c741,ok,True,,,file_block_0001
00119.jpg,训练集/00119.jpg,有漂浮物,1706,1280,f0819b6542f7bc04c7753bac96a43468997f05f5a95e6530f207dbdf5f1a589f,053231937f7765e8,ok,True,,,file_block_0001
00120.jpg,训练集/00120.jpg,有漂浮物,1706,1280,9146031b06a8f61597dab61db600f4ae4b0a6a2046c2d35d9e68d6a6375b8ab0,c76a6e391bf8fc3c,ok,True,,,file_block_0001
00121.jpg,训练集/00121.jpg,有漂浮物,4608,3456,b993d0417f46696661637d9c4e0d5f7d24f4c774dc6d950ed83bb7942de3acbf,d7fcdcdc7c7571f1,ok,True,,,file_block_0001
00122.jpg,训练集/00122.jpg,有漂浮物,4608,3456,9731d8a38790fe259b22ca4d1790b3eeed618f8a1c7361994c0104555a2451bd,3383821351517466,ok,True,,,file_block_0001
00123.jpg,训练集/00123.jpg,有漂浮物,4080,3060,369a91c77d03089eeba5224ef58ef80c97463115054c15ee63292a53be0826c0,07079f8fd29ab335,ok,True,,,file_block_0001
00124.jpg,训练集/00124.jpg,有漂浮物,1706,1279,d62d72512fa7fad518652101709b0b020e7ec2aea83a6763721c9661ee1056ab,0747c7c5c3e3e3e1,ok,True,,,file_block_0001
00125.jpg,训练集/00125.jpg,有漂浮物,1706,1279,feda2b180d862726045280f56ec0a945a006b088f52984cc3698232538038502,fffebe8ebff2befe,ok,True,,,file_block_0001
00126.jpg,训练集/00126.jpg,有漂浮物,1706,1279,b360344fee5feec5d301aaeaf694d645e748c9f579ab6141c9c54f31e736a2a1,24a5a092c2d0b078,ok,True,,,file_block_0001
00127.jpg,训练集/00127.jpg,有漂浮物,1706,1279,9b65d0a0cb50d332e2736ed7a8a72495f51c7dadb7bb44199ce88d0cd282f574,e94547fefe8eccf8,ok,True,dup_0004,,file_block_0001
00128.jpg,训练集/00128.jpg,有漂浮物,1706,1279,9b65d0a0cb50d332e2736ed7a8a72495f51c7dadb7bb44199ce88d0cd282f574,e94547fefe8eccf8,ok,False,dup_0004,,file_block_0001
00129.jpg,训练集/00129.jpg,有漂浮物,1706,1279,949b78cd42d97279e84b402ed292689ac8fd04864015f36305f28c23f5a9b0b8,17353d1c18183c34,ok,True,,,file_block_0001
00130.jpg,训练集/00130.jpg,有漂浮物,1706,1279,65580051a74cc94e8f05b5501fdfa71fb9bbcece7b091a9c84a9fa03dccc5e76,53703910070f2aa4,ok,True,,,file_block_0001
00131.jpg,训练集/00131.jpg,有漂浮物,1706,1279,3a88e487b343660164b6cfeb7ce3c11ed2c87d9f8020cc5f3e899826b0fdd706,39393337ff9ebe3a,ok,True,,,file_block_0001
00132.jpg,训练集/00132.jpg,有漂浮物,4080,3060,4d5b8d319e2ddf8858111fee972600648bb60ef2710eeb05c785edad591a29ad,80e486e7f0b88913,ok,True,,,file_block_0001
00133.jpg,训练集/00133.jpg,有漂浮物,4080,3060,adaa65eef8518cac997c03b16381f6d5f9164619053c23596a5c0e21fe454f84,000367c3c0a04869,ok,True,,,file_block_0001
00134.jpg,训练集/00134.jpg,有漂浮物,1706,1279,81e6abf48d4dfe22b8289eca0969202dbc369fd430d8b2638eaeba9bd50697a0,038e8e4ecfcecfff,ok,True,,,file_block_0001
00135.jpg,训练集/00135.jpg,有漂浮物,1706,1279,4e24ffe1b688caabdc51ef2ffe43a63d7bae91681375925b19976e1c39c78e3b,0f0fcf8793195014,ok,True,,,file_block_0001
00136.jpg,训练集/00136.jpg,有漂浮物,1706,1279,78c826c23669c6af2f4fd8f3ca324290daf1df2d66b32c6fbd2410a389823437,7f7c369399c84406,ok,True,,,file_block_0001
00137.jpg,训练集/00137.jpg,有漂浮物,1706,1279,ef6feacf54b48c3ee0eeaaa36fbfd218e9519c56ecab8a4ab3a635407d84ea19,21413030e0e1703c,ok,True,,,file_block_0001
00138.jpg,训练集/00138.jpg,有漂浮物,1706,1279,f8972cea3deeb46c3b6a91802217088c6bd66ef3342d478afdf6ee45f352a3b1,121878782ae0e178,ok,True,,,file_block_0001
00139.jpg,训练集/00139.jpg,有漂浮物,4080,3060,2ff3514d36149a96bf23e9af91e58e2368d28a41a2bb6f4cb87784649e2636f7,210301e0e0f81c0c,ok,True,,,file_block_0001
00140.jpg,训练集/00140.jpg,有漂浮物,4080,3060,ca1561be35a7ca3a2d4ca394c106c1467eadc3954c667d11c7cc3d516f8c3ac0,63612181c3c30309,ok,True,,,file_block_0001
00141.jpg,训练集/00141.jpg,有漂浮物,1706,1279,0ec205e1b5795508c342005b329fdd395c4b50132cd3e7e859406d55e268aa8d,76e6c6c1c5461a9a,ok,True,,,file_block_0001
00142.jpg,训练集/00142.jpg,有漂浮物,1706,1279,e4ecd9a93c7495f3b027967aa823496f9fe947df7bc1da8020c76bb98c3d546d,3f7b16313676185a,ok,True,,,file_block_0001
00143.jpg,训练集/00143.jpg,有漂浮物,1706,1279,9809614f3acaf25dedd870ee8284fbb9f2e69b3c7be5560304380cfe80c05141,4fcf8da7f2b3a36b,ok,True,,,file_block_0001
00144.jpg,训练集/00144.jpg,有漂浮物,4080,3060,c87a75814a3aa84f7b4071a3840cbc8886087d3396e8cde7406551f099de97e0,006138119130e0b0,ok,True,,,file_block_0001
00145.jpg,训练集/00145.jpg,有漂浮物,4080,3060,cb87d7270ad484778f3d3095a0e823f294c01be49800cdbdec39ccffd9c7f961,90f0c8c08020b030,ok,True,,,file_block_0001
00146.jpg,训练集/00146.jpg,有漂浮物,4080,3060,a6affd23a0b03580c7808d94d2b3b68c2de3ed11c906e60bcf659f44496913d4,fdff8bc9f0f0f6b6,ok,True,,,file_block_0001
00147.jpg,训练集/00147.jpg,有漂浮物,4080,3060,1f5f42b7ad9200def3a4bd627a656b121d50d4ed9d05a4d9ac699984b6269027,0f470727347060e0,ok,True,,,file_block_0001
00148.jpg,训练集/00148.jpg,有漂浮物,4080,3060,6997b3c665f04ae73ae6921c7c286edae0d1d94575f977f1ae24546a4eb7174b,79f686ba72f3f272,ok,True,,,file_block_0001
00149.jpg,训练集/00149.jpg,有漂浮物,1706,1279,f9991b0e055e6674b675733ed4da0d9fd60e6d852debacd089dbf090df41dbe4,080c0e67effbf3f3,ok,True,,,file_block_0001
00150.jpg,训练集/00150.jpg,有漂浮物,1706,1279,6013984af870fc9784b252428e5ff7614fde7e3ef7e15e0815fd393268e75e19,fcfcbc3bbc70b8b8,ok,True,,,file_block_0001
00151.jpg,训练集/00151.jpg,有漂浮物,1706,1279,967cdbe99a3d5bf209de5083bc9ca66cf28efa75b7e3b3b1a0bd99668f887468,3918112200606038,ok,True,,,file_block_0001
00152.jpg,训练集/00152.jpg,有漂浮物,1706,1279,2b2677abd80a909716089ac89c776904023f85e21a6d3bf1b69a8cb561233eae,3fd9220e0d0dad89,ok,True,,,file_block_0001
00153.jpg,训练集/00153.jpg,有漂浮物,1706,1279,ff754df82c7630b44bec56edc8b8056ff3ca74297d7b2c1fea34952c5803048f,1f1f1f1733b17278,ok,True,,,file_block_0001
00154.jpg,训练集/00154.jpg,有漂浮物,4080,3060,7bf07e2f1a6c99dbd29613ddd03d7635e4d733ce8db3fca99fda9296cfee2131,c4c4a426ccc4e6de,ok,True,dup_0005,,file_block_0001
00155.jpg,训练集/00155.jpg,有漂浮物,4080,3060,7bf07e2f1a6c99dbd29613ddd03d7635e4d733ce8db3fca99fda9296cfee2131,c4c4a426ccc4e6de,ok,False,dup_0005,,file_block_0001
00156.jpg,训练集/00156.jpg,有漂浮物,4080,3060,656543f0b917b9403c72d21bd26392dc8d6c5e07a070775e9048aafd0cd6903c,1b6349890040c0c0,ok,True,,,file_block_0001
00157.jpg,训练集/00157.jpg,有漂浮物,1279,1706,2d2bb9704340b9185860973c0f5fec79b412310d415f7a0b8404da7edb797c1a,0106c6e0c0d2b333,ok,True,,,file_block_0001
00158.jpg,训练集/00158.jpg,有漂浮物,1279,1706,a0fb96745fe09de36391ed656f1d2359c5932966ca96ba4e83a7798d1a80aeee,ccc090a0b0a1e131,ok,True,,,file_block_0001
00159.jpg,训练集/00159.jpg,有漂浮物,1706,1279,ff8e69c5e9a8c703dfec5c5c52f92be2024105dcee74f5efd791a72bf38fcf1b,ffcc7ccc1a78d1c1,ok,True,,,file_block_0001
00160.jpg,训练集/00160.jpg,有漂浮物,1706,1279,87c3044620ffc9f1b42ff7f29dad13413673988870a713d8a4359b07f906302d,f4f8ec1d3ff89e9c,ok,True,,,file_block_0001
00161.jpg,训练集/00161.jpg,有漂浮物,1706,1279,532fa4bf650b9fc98f3f7ddb7ff4cc0e65461598cbfb28de4880a6e1c5993cd5,9b8e028298dcdeae,ok,True,dup_0006,,file_block_0001
00162.jpg,训练集/00162.jpg,有漂浮物,1706,1279,532fa4bf650b9fc98f3f7ddb7ff4cc0e65461598cbfb28de4880a6e1c5993cd5,9b8e028298dcdeae,ok,False,dup_0006,,file_block_0001
00163.jpg,训练集/00163.jpg,有漂浮物,4080,3060,67dbfe729fc90e22aa18d3081ffc10517815434ac176ba4cce1ec748d656db9f,3e3d1910041c4f05,ok,True,,,file_block_0001
00164.jpg,训练集/00164.jpg,有漂浮物,1706,1279,ae08052ecae4e4bebfad4834a6a51ae80ea0a126e8a631d52c6c2b0d9112f9e5,f6f8d48ebefc5b4e,ok,True,,,file_block_0001
00165.jpg,训练集/00165.jpg,有漂浮物,1706,1279,03b3d3f52b0421cf7b3cb25053a5d9b3f0af6a49224562a30b5216abc1f4ac0d,3c389040149e1f1d,ok,True,,,file_block_0001
00166.jpg,训练集/00166.jpg,有漂浮物,1706,1279,9c0d65e5d60aedf7dc25269b56d981f28a82eb9f7b0f2161766ae599248fe052,d7f3fefdfdeca4c6,ok,True,,,file_block_0001
00168.jpg,训练集/00168.jpg,有漂浮物,1706,1279,0a6e011d2af5af3efd3ece7f7a2a01df45efe6d32bba295860ec6ac62608513c,f3da383138978c8f,ok,True,,,file_block_0001
00169.jpg,训练集/00169.jpg,有漂浮物,1706,1279,896f765bf1779316d62c1c73f6a47802c990774a8dea1cdc1d367f7f6c063985,e5d086c5d4b8f926,ok,True,,,file_block_0001
00170.jpg,训练集/00170.jpg,有漂浮物,1706,1279,06c16bd2786e5772a614297370ce635d98a5fdae8fc174c2af8c48fba50906e2,bb910581f9b933f2,ok,True,,,file_block_0001
00171.jpg,训练集/00171.jpg,有漂浮物,1706,1279,adf8e9434a023240f4a866b54888ae2ff828561575bde16ddd39ea877fa46279,071e1f17e3830598,ok,True,,,file_block_0001
00172.jpg,训练集/00172.jpg,有漂浮物,4080,3060,91dacf7ac6c938efddd6a7aa4aa0efb8e9bebf6f5fbfa9cdc7cb7799bd1904e9,8032390d0ecd7170,ok,True,,,file_block_0001
00173.jpg,训练集/00173.jpg,有漂浮物,4080,3072,7c0eaf3059f0b1efe37b8b3219eafffd92f37753700c284a08cb2038dd813c7b,8f2dfcf0f0424383,ok,True,,,file_block_0001
00174.jpg,训练集/00174.jpg,有漂浮物,4080,3072,2356471bb6fddc9c55f54fd448db63c820f0324444185c074cd27ffd307b722a,00000002b0700010,ok,True,,,file_block_0001
00175.jpg,训练集/00175.jpg,有漂浮物,4080,3072,f84aab28f4fd3952a14afa528151ea89645357d8d6300600ef2e65ad9cddbcda,03465cb8e0e5e081,ok,True,,,file_block_0001
00176.jpg,训练集/00176.jpg,有漂浮物,4080,3060,699b93255b255e2b2d6199a5c5c92b2d6c894c46339aadc97b34fcc5cba45fdc,00014360f0f2c2cc,ok,True,dup_0007,,file_block_0001
00177.jpg,训练集/00177.jpg,有漂浮物,4080,3060,699b93255b255e2b2d6199a5c5c92b2d6c894c46339aadc97b34fcc5cba45fdc,00014360f0f2c2cc,ok,False,dup_0007,,file_block_0001
00178.jpg,训练集/00178.jpg,有漂浮物,4080,3060,3182c82108183cb95c9b80ec7f83fb32150b613f53128ae24b25cbce946b854e,39190704881eec1c,ok,True,,,file_block_0001
00179.jpg,训练集/00179.jpg,有漂浮物,4080,3060,0a729262712a615371cbcbe0aac092db027bc996fe838b5c82d20a9eccbff95f,8ea8e9f9f0e1e1c0,ok,True,,,file_block_0001
00180.jpg,训练集/00180.jpg,有漂浮物,1706,1279,9d19894bb157bd70655522f90ec174ea1d0a4316bbeba38aa345c591f0262f99,2f6fe3f17c6e6ee7,ok,True,,,file_block_0001
00181.jpg,训练集/00181.jpg,有漂浮物,1706,1279,02ddad19cb0d38c06ccf2a741c427d4da481d60b007434c496d2820081ba80e2,635307c6e020eca4,ok,True,,,file_block_0001
00182.jpg,训练集/00182.jpg,有漂浮物,1706,1279,ad7c05bc1b9d712868e1dd23a0da683259bacac25c69648d0d9f2ea8f4ec4c8a,37f0b1b3c0d078e0,ok,True,,,file_block_0001
00183.jpg,训练集/00183.jpg,有漂浮物,1706,1279,daffcc7abae6dd0d179e6f4be3bb0aee405c24ada92fb2459354bca94231b4b4,a7e3c3e9f8f8fcfe,ok,True,,,file_block_0001
00184.jpg,训练集/00184.jpg,有漂浮物,1706,1279,57913d6db4d3445f26b45ea96cdfffa9dc2fd4137dbcdd4d0b11afad4dcbba16,f47472fefefcf8fa,ok,True,,,file_block_0001
00185.jpg,训练集/00185.jpg,有漂浮物,1706,1279,5774cf01b8f3a726cd05185685bbaa3b6792b974d2cc4e9406950d97c3877ff8,202680c0e0f0f058,ok,True,,,file_block_0001
00186.jpg,训练集/00186.jpg,有漂浮物,4080,3060,758764061b99c969c13066e31d8c40b4188036bcd2115d56c8de1e1987705049,e3dfb3ce8d83cfc8,ok,True,,,file_block_0001
00187.jpg,训练集/00187.jpg,有漂浮物,4080,3060,b8aaa0b7bfc887ba9869b18d49e4dff2045bc2f1abd9d120e231d0450c9a7899,00014560e03090c8,ok,True,,,file_block_0001
00188.jpg,训练集/00188.jpg,有漂浮物,4080,3060,88f917f07d8bc61f92c5e4cc4f88a8e2f021bf3cb22ea9c298075ccf88349a28,4070c160b0d8e8e4,ok,True,,,file_block_0001
00189.jpg,训练集/00189.jpg,有漂浮物,4080,3060,e0b34db621cafcf4367a268a4caa7c7ee48a76436926233def8c5f13920f8839,c6e3c3a87c36b2f3,ok,True,,,file_block_0001
00190.jpg,训练集/00190.jpg,有漂浮物,1706,1279,f29960cc14c0178ebe4dc6a62d7038a5c6b7a5078034766bfb29979a9b910817,b0e3ce0e39091921,ok,True,,,file_block_0001
00191.jpg,训练集/00191.jpg,有漂浮物,1706,1279,ab687112ac2ddf2cc457b9e75e96f8d84faa06f2cb60f83329b8bd08ffdf4c69,0f9f0d088436262d,ok,True,,,file_block_0001
00192.jpg,训练集/00192.jpg,有漂浮物,4080,3060,3e18780666ea81ea7699b31ec881155b5d046ebf2901b86ca9add5310a5660e2,feec78e0fcec36db,ok,True,,,file_block_0001
00193.jpg,训练集/00193.jpg,有漂浮物,1706,1279,12735a753b5691ea531352db245a41e9e0940667290a81446ef240fea35adbb2,7850c43034f6f7bd,ok,True,,,file_block_0001
00194.jpg,训练集/00194.jpg,有漂浮物,1706,1279,23339b43d5b87f7a6dc0a2423b1acda95d4a6cdfef42eac0821c8212d7e44d66,8f3c7e74fa6c7ff7,ok,True,,,file_block_0001
00195.jpg,训练集/00195.jpg,有漂浮物,1706,1279,569af8ebabf817043e54d5ecf9eae636627287a404778ae2d56f8a8a20906897,3ec2c200423a38f9,ok,True,,,file_block_0001
00196.jpg,训练集/00196.jpg,有漂浮物,4080,3060,27553de96a4237f82256fdc1af02e4f4817ae1d8bb4ea143cd71a8fddb9bba98,36763c00406e7b7b,ok,True,,,file_block_0001
00197.jpg,训练集/00197.jpg,有漂浮物,4080,3060,b56ca1765af378dfd1380997b012b4de2aa6c2960a61b84ac80f420a80376c70,f40200406060389c,ok,True,,,file_block_0001
00198.jpg,训练集/00198.jpg,有漂浮物,1706,1279,c624d64abad03ba7dbdc068d9eeacd7965f8ba6b81d57fa839df10f2505e8610,7304c8ce0f89ee8e,ok,True,,,file_block_0001
00199.jpg,训练集/00199.jpg,有漂浮物,1279,1706,0695e980cc2dd22b60f7efda2dfa04baef46da9fcf5a731ca5f189b2ac21bfcb,000083a2283c3c3e,ok,True,,,file_block_0001
00200.jpg,训练集/00200.jpg,有漂浮物,1706,1279,de254e54fe814c0cc6c6e3c7032edf204f925f716da168aa1270aad537ae0284,a726c4d8c1a08094,ok,True,,,file_block_0001
00201.jpg,训练集/00201.jpg,有漂浮物,4080,3060,2ffd9f69b7576465407fc9e1fcc9af643b124731e79b448ff5104f6322d38eb4,e5e2bab8b0acec7f,ok,True,,,file_block_0001
00202.jpg,训练集/00202.jpg,有漂浮物,1706,1279,a0f4f5b7ed037f3e580ae1f106cc0f332faf40019852543df1bc5d2d7747043a,cdcce2c2f68e8b2d,ok,True,,,file_block_0001
00203.jpg,训练集/00203.jpg,有漂浮物,1706,1279,c17f2c368a9215091b69c868b3e7b876cf5e8267a58ae127699b0f61396590fa,12c8c08cac4c664f,ok,True,,,file_block_0001
00204.jpg,训练集/00204.jpg,有漂浮物,4624,3468,d0a01777c8830ef0293e45d35004dd40973b3504574fc45dfd55c51056770882,d0c7c7c707240d87,ok,True,,,file_block_0001
00205.jpg,训练集/00205.jpg,有漂浮物,4624,3468,da529b94b5c8c4121bc321f3f5f5760c53215142a39f8b8721d3b4714f1c54fd,e86860e35bc3e363,ok,True,,,file_block_0001
00206.jpg,训练集/00206.jpg,有漂浮物,1706,1279,46dbfdbb99c77a86791a5b843827cc2f335e5aa68d2e8eb59d5cecffce0d6123,fafafafad8d96765,ok,True,,,file_block_0001
00207.jpg,训练集/00207.jpg,有漂浮物,1706,1279,43092fabd400a090f899bf34130b8a7a72d400a181087b78b5be79c066f96adb,8e8c8e9273f1b8b8,ok,True,,,file_block_0001
00208.jpg,训练集/00208.jpg,有漂浮物,1706,1279,a73fd35d45cbd2e7ca54224e72f4f0cc9f888848fdafa1e8af0260e46a5482ea,bffb9f9845095878,ok,True,,,file_block_0001
00209.jpg,训练集/00209.jpg,有漂浮物,1706,1279,2429637f5bcf2edd7458731aaaeea18bd01bc76843d1333a09cf7ff9fdcc2505,e3b8ea72d3584562,ok,True,,,file_block_0001
00210.jpg,训练集/00210.jpg,有漂浮物,1706,1279,854679cf1e543e8d68d6b55eb264b8384677a8186275007e262fa20b837ea769,7b8cbe9e9e5dc9cc,ok,True,,,file_block_0001
00211.jpg,训练集/00211.jpg,有漂浮物,1706,1279,e5e57e9c77eaf4d0a81c3b511feb102581ebe01aff0125c31914ccd261006f0b,ff1f3d3a9f4d3970,ok,True,,,file_block_0001
00212.jpg,训练集/00212.jpg,有漂浮物,3060,4080,b4ba708f93337121b2393bf7942cdb61d7156e346ff06fb47d65dcbfecc60067,fbfaf3d1d01060e0,ok,True,,,file_block_0001
00213.jpg,训练集/00213.jpg,有漂浮物,1706,1279,282c0d2dfd72ea7bf6feb85ec6f1480fba85259f5f6ab3a056991dce351c90cf,0000809c7279787a,ok,True,,,file_block_0001
00214.jpg,训练集/00214.jpg,有漂浮物,1706,1279,3ab292b90ff335085c5dbf79cc06073f72fb53c1ae0129975fb1182a1a6d423b,4fcf8da7f2b3a36b,ok,True,,,file_block_0001
00215.jpg,训练集/00215.jpg,有漂浮物,1279,1706,64fec88713e026c1fc1897012274db967529c493ed6f339163e750089e7ca22f,8380f031c9c1c064,ok,True,dup_0008,,file_block_0001
00216.jpg,训练集/00216.jpg,有漂浮物,1279,1706,64fec88713e026c1fc1897012274db967529c493ed6f339163e750089e7ca22f,8380f031c9c1c064,ok,False,dup_0008,,file_block_0001
00217.jpg,训练集/00217.jpg,有漂浮物,1706,1279,d081b6105f866f89c9e0bd763ed3c70a6a4000d8414324123b597366e385a1f3,3f7337e66ef6f9e9,ok,True,,,file_block_0001
00218.jpg,训练集/00218.jpg,有漂浮物,1706,1279,fa2629e48da4c1adfdc80f04e3e6bc9e09cc13f8201cc28140c26aa59f539a27,c3c3cbc387a63632,ok,True,,,file_block_0001
00219.jpg,训练集/00219.jpg,有漂浮物,4080,3060,13d6b53a9bd5b63c436eaa1da101f593bc13e2b6c11ae08d2ad414a3adbc785a,9ffff070381c1f11,ok,True,,,file_block_0001
00220.jpg,训练集/00220.jpg,有漂浮物,1706,1279,3fee35887155ad8abe297298a0af7bf950ad924a4d4edf5071531184694e1d7c,6373fffd666a2228,ok,True,,,file_block_0001
00221.jpg,训练集/00221.jpg,有漂浮物,1706,1279,08d7091db2f3fd8d2f0c824ed4d1b88049a06ae942a5b93b621b8a363891478b,01014103c3c060a4,ok,True,,,file_block_0001
00222.jpg,训练集/00222.jpg,有漂浮物,1706,1279,46bfe475979122088479d1ef4f184aaf9549175e059cd97b69b9326702d3e947,1f1f87fbd1f4a727,ok,True,,,file_block_0001
00223.jpg,训练集/00223.jpg,有漂浮物,1706,1279,27d42dd196fd0d025342b324c50edd2bc27ccca6b12b76e4358569dcadded8e6,57d7635b596f6f69,ok,True,,,file_block_0001
00224.jpg,训练集/00224.jpg,有漂浮物,1706,1279,a21601d838812169a83faf5722fad2d9a249370b4502a0cb464a5f4d23208b2e,67ca4c6e2f23b3b6,ok,True,,,file_block_0001
00225.jpg,训练集/00225.jpg,有漂浮物,1706,1279,05f8cc3980f8f61410214e553d6c9bb434f5be0d8a04c88715e21b712fc82061,000008ac8c28a0e0,ok,True,,,file_block_0001
00226.jpg,训练集/00226.jpg,有漂浮物,1706,1279,7c73aeb5be5ec622d575007e01891a917cfc011303aaf251c44ce8c8b810a184,ccc8e9f6fabbd99b,ok,True,,,file_block_0001
00227.jpg,训练集/00227.jpg,有漂浮物,4080,3060,ca1a88f41d64874779a12e9c0cab5a4675f6a4a45d16068eb289b84d55dde88a,5a72d39d3fbfb3b1,ok,True,,,file_block_0001
00228.jpg,训练集/00228.jpg,有漂浮物,1706,1279,8e15e6303c206e220a94ba8e543c6f1cc2afb7a4ff5dce2f57107cde5ff677e1,7f7f7e7f7f474f6b,ok,True,,,file_block_0001
00229.jpg,训练集/00229.jpg,有漂浮物,4080,3060,cd8e968adfaeaad2b6a46be159022843fd2f318b80f5b32cafa5124aed783e75,2f0f0f1934301888,ok,True,,,file_block_0001
00230.jpg,训练集/00230.jpg,有漂浮物,4080,3060,7c1744b23f7a56e804697ca50a3039d02a9bbb6eda5c52c578f1b2b59e58b42b,99b98383c8b0bce6,ok,True,,,file_block_0001
00231.jpg,训练集/00231.jpg,有漂浮物,4080,3060,4ed89ceb0d934b9ac4b43b4fad6545db2a0e211592a989bce0a8a6bd558b4650,ff2f5e5ccc3ffffe,ok,True,,,file_block_0001
00232.jpg,训练集/00232.jpg,有漂浮物,4080,3060,73f6505351745535368e1400e219de73cfe6614b409e63a72b77cadd419259ef,a884c4c6c2c2e264,ok,True,,,file_block_0001
00233.jpg,训练集/00233.jpg,有漂浮物,1706,1279,54e3e0dc830025e50dcb7d9bebe6970ee031a1d9b4e6f7949a2c0359f1c56700,fefafdbde8c0e0e0,ok,True,,,file_block_0001
00443.jpg,训练集/00443.jpg,有漂浮物,1920,1080,de01dd333e6bdb2d1b5d93d17dfe295eaaf0246be7ba7d046e850e8a397a946e,0f0f1f1f0f17170f,ok,True,,,file_block_0005
00444.jpg,训练集/00444.jpg,有漂浮物,1920,1080,f6e9d3c65637aa876faadd3ec80313575f2c3e67a160ebe2d74997a8ec789f53,070f1f1f06161707,ok,True,,,file_block_0005
00445.jpg,训练集/00445.jpg,有漂浮物,1920,1080,3ac72a484cf902ca415a5569323fe487b5313bbaf34f331adf863a2a337d657c,0f0f1f1f0e161617,ok,True,,,file_block_0005
00446.jpg,训练集/00446.jpg,有漂浮物,1920,1080,1e8e870a9ce24649461868ff884686e896fec510997bbd8e605b0eecb274797f,0f0f1f1f0f17170f,ok,True,,near_0000,file_block_0005
00447.jpg,训练集/00447.jpg,有漂浮物,1920,1080,5707b6bf5f0cbd405e8873c94ea0d4933ec5f4a29c6e1d42779655962ba12739,2f0f1f1f0f1f1f0f,ok,True,,near_0000,file_block_0005
00448.jpg,训练集/00448.jpg,有漂浮物,1920,1080,efe54fa9ecfe9071f15dcabf15347c1f78e6cc5144663fd8e11624dc5179398b,2f0f0f1f0f17170f,ok,True,,near_0000,file_block_0005
00449.jpg,训练集/00449.jpg,有漂浮物,1920,1080,c8b52b73746672a06a635668f7f4f1e330ce8603c64effad4a2cedf94ce6439d,2f0f1f1f0f17170f,ok,True,,near_0000,file_block_0005
00450.jpg,训练集/00450.jpg,有漂浮物,1920,1080,dce44ba5351136b96d7aaf9048062d2d73fae70b69d962899b5a66b4f301b8df,2f1f0f1f0f17070f,ok,True,,near_0000,file_block_0005
00451.jpg,训练集/00451.jpg,有漂浮物,1920,1080,7c2e720b5b26c3cfe333967d43fb2e5eee7c65170b317d26b996a8d658ae45f5,2f0f1f1f0f17170f,ok,True,,near_0000,file_block_0005
00452.jpg,训练集/00452.jpg,有漂浮物,1920,1080,3359433d3e6d176c793630b00e128c63f3b84a5af09bd2d10abbb9acaa7aaab6,270f1f1f0f17170f,ok,True,,near_0000,file_block_0005
00453.jpg,训练集/00453.jpg,有漂浮物,1920,1080,bd84d036d1763567f03f9fa5da60e40bf49fb82af66537a654d0107a57d15dfa,0f1f0f0f0f0f0f07,ok,True,,near_0001,file_block_0005
00454.jpg,训练集/00454.jpg,有漂浮物,1920,1080,0aada4603357bb409866bb92cc8417debb56c65e9aa9118460596ef574fb2fdd,0f1f0f0f0f0f0f0f,ok,True,,near_0001,file_block_0005
00455.jpg,训练集/00455.jpg,有漂浮物,1920,1080,7d496f1eb70a2bba2f36dfcbdbc6a750fb898d3529bde1f44026db850b7641dc,0f1f0f1f1f1f1f0f,ok,True,,,file_block_0005
00456.jpg,训练集/00456.jpg,有漂浮物,1920,1080,e78fa40021a72268f1e2e87e3682654c295605c9edfeb8818c1cfdd04cdb56c6,3f1f0f1f1f17170f,ok,True,,,file_block_0005
00457.jpg,训练集/00457.jpg,有漂浮物,1920,1080,df3d3f86549a62c15afd1b9c92281ba2a23c5c0d845707cd732f9e63ba37a65a,1f1f0f1f17171f0f,ok,True,,near_0002,file_block_0005
00458.jpg,训练集/00458.jpg,有漂浮物,1920,1080,5a5b2c9655decc242e418e61d6d0068e9c48164d33fe08ad3258d87268eaf35f,0f1f0f0f1f1f170f,ok,True,,near_0003,file_block_0005
00459.jpg,训练集/00459.jpg,有漂浮物,1920,1080,e46fb3a702a6993f3a4cfeb423493ad807516857dc2db8d30855d60467d86dfb,0f1f0f1f17170f0f,ok,True,,near_0002,file_block_0005
00460.jpg,训练集/00460.jpg,有漂浮物,1920,1080,6aaacea76d69e5e835f08662435210f3c19bb150847775da9ed6ee2a4b229243,0f1f0f1f1f17170f,ok,True,,near_0003,file_block_0005
00461.jpg,训练集/00461.jpg,有漂浮物,1920,1080,b9184610995fc7d8eb41e7c50da0d3eee8ad371c3d3a0e3a4f0de79fad28601f,0f1f0f0f1717170f,ok,True,,near_0003,file_block_0005
00462.jpg,训练集/00462.jpg,有漂浮物,1920,1080,0399fa4140b7f4520f9edc185c5d1cd3345c2ceea911ea167c1836fdcc7ee5f3,3f170f1f1717170f,ok,True,,near_0003,file_block_0005
00463.jpg,训练集/00463.jpg,有漂浮物,1920,1080,109c504d7c37d8589b16ef7037c4b795e4f51211a5e36244f4f86685b0a5e825,2f1f0f1f1717170f,ok,True,,near_0003,file_block_0005
00464.jpg,训练集/00464.jpg,有漂浮物,1920,1080,5a71272cbb46e9fcf7f99d2560bb9909dccd9e57b80509654213fdb37c73e773,2f1f0f1f1f17170f,ok,True,,near_0003,file_block_0005
00465.jpg,训练集/00465.jpg,有漂浮物,1920,1080,43b7212db8eb3a109e51801cb98d29c44349da140b68fe36597421f0626b63f4,1f1f0f1f0f17170f,ok,True,,near_0004,file_block_0005
00466.jpg,训练集/00466.jpg,有漂浮物,1920,1080,58b5671be1405cd8452ea532785c8b4a7777310c1e3a9f1a41673dac80bcd272,0f1f0f1f0f17070f,ok,True,,near_0004,file_block_0005
00467.jpg,训练集/00467.jpg,有漂浮物,1920,1080,f59628b866e874d7bcff9f9388b6018b71374bf23bae2e4cd1fbe4ba8ace4643,0f1f0f1f1f17170f,ok,True,,near_0004,file_block_0005
00468.jpg,训练集/00468.jpg,有漂浮物,1920,1080,5312d11e9c60bed2ab7f00ffe601ae7405605db51526ed0d891925dd882afd19,0f1f0f1f1917170f,ok,True,,near_0004,file_block_0005
00469.jpg,训练集/00469.jpg,有漂浮物,1920,1080,c2527a2b830b0a942a0d3b26d8f5b5040ca36f627a35fd2de21a4cd799730710,050f0f0f0717170f,ok,True,,,file_block_0005
00470.jpg,训练集/00470.jpg,有漂浮物,1920,1080,5e4c02b94418328760601def26bb5daa6b761d265c415f08cc17f7c3e733f3d5,251f0f1f0f17170f,ok,True,,,file_block_0005
00471.jpg,训练集/00471.jpg,有漂浮物,1920,1080,ef29eb0802c36b6620b74c6fc8b26545d06f91793680522264707e714c97be71,270f1f1f0717170f,ok,True,,,file_block_0005
00472.jpg,训练集/00472.jpg,有漂浮物,1920,1080,8e6fe5b012ddcb4820b0f68cc1296aa6909e825a91ebcee610d26a6f016d220d,2f0f0f1f1f17170f,ok,True,,near_0005,file_block_0005
00473.jpg,训练集/00473.jpg,有漂浮物,1920,1080,f68ad9fa8df9582321e8e06ec68e530350dea2e1e572b0ceb6bffb7dbd71d07f,2f0f0f1f0f17070f,ok,True,,near_0005,file_block_0005
00474.jpg,训练集/00474.jpg,有漂浮物,1920,1080,b11313f13a5be5c0ad40b4ddc50a4729ac231826f4a91174946079acc73c5d0e,2f0f1f1f0717170f,ok,True,,,file_block_0005
00475.jpg,训练集/00475.jpg,有漂浮物,1920,1080,a11bd157f03c98e3e4b81e32e2cc3efaed3a28d3daf3ad742d9728cab67f0859,3f3f0f0f0f16160f,ok,True,,,file_block_0005
00476.jpg,训练集/00476.jpg,有漂浮物,1920,1080,1a7706a8fad759963c73304ead6d6787907e410619fc9e1c08ac3a0c098bd046,270f0f1f1f17060f,ok,True,,,file_block_0005
00477.jpg,训练集/00477.jpg,有漂浮物,1920,1080,3657592d15d1e2b5dcb8faf25415bd7b96ff04e7af5781f2b2e9c9d057d2cad5,373f0f1f0e16060b,ok,True,,,file_block_0005
00478.jpg,训练集/00478.jpg,有漂浮物,1920,1080,0eb2ee0679c23d19e794052bf2d6331edd3c123fc3b57f872e25e542f1bcc224,3f3f0f0f0f17170f,ok,True,,,file_block_0005
00479.jpg,训练集/00479.jpg,有漂浮物,1920,1080,674395f5bd48f6b5f9d2a061faea68c992a33d51bc53ccba0ee1ed1a63b91cde,272f0f1f0f171703,ok,True,,,file_block_0005
00480.jpg,训练集/00480.jpg,有漂浮物,1920,1080,c58638a0631b659c8c841aeb25ca5d44229948fc6c7ba4afca9f8f6df2a0d714,270f1f1f0717170f,ok,True,,near_0006,file_block_0005
00481.jpg,训练集/00481.jpg,有漂浮物,1920,1080,e44d16676b648c7d4df3e1f7737ddb4facb665e7c6cb36a7d0cd28d89cb53839,2f0f0f1f17171f0f,ok,True,,,file_block_0005
00482.jpg,训练集/00482.jpg,有漂浮物,1920,1080,210f6582d00b43c5b0429dfef55001bdf4918c1d0ddb0051700ad647e8a26119,270f0f1f0717170f,ok,True,,near_0006,file_block_0005
00483.jpg,训练集/00483.jpg,有漂浮物,1920,1080,b4e234f107127e4342248eb9984c36432cf22b34d684b25db664f43acbf058fb,270f1f1f1f17170f,ok,True,,,file_block_0005
00484.jpg,训练集/00484.jpg,有漂浮物,1920,1080,f3598cecfd1f79c2280f9f36f448ee098a693193cdd7432becc883ef44c20b2a,2f1f0f1f1f1e1f0f,ok,True,,,file_block_0005
00485.jpg,训练集/00485.jpg,有漂浮物,1920,1080,ddf018e1d1e841634d3abbd8648162dbfce300deabb9e38776dafc75a8bf1be8,050f1f1f0717170f,ok,True,,near_0007,file_block_0005
00486.jpg,训练集/00486.jpg,有漂浮物,1920,1080,616bc6090f1f8af714141485e30adea0f7a5276909102c77af032687295f5e0e,050f1f1f0717170f,ok,True,,near_0007,file_block_0005
00487.jpg,训练集/00487.jpg,有漂浮物,1920,1080,3467f99dae85dbab810911e464ee14b2b383b70b4a1415f8e3e23d25d6ae6d89,050f1f0f0717170e,ok,True,,near_0007,file_block_0005
00488.jpg,训练集/00488.jpg,有漂浮物,1920,1080,8a49cf097f9a984acfc199db33880f343c73d3743978be01d7d00219ed8dde6c,050f0f0f0f17170f,ok,True,,,file_block_0005
00489.jpg,训练集/00489.jpg,有漂浮物,1920,1080,1d25a6ea3911811f07a6550b73e8c1f18f4fe60b40b69982f1d145c1667c49c4,2d1f8f0f0f170f1f,ok,True,,,file_block_0005
00490.jpg,训练集/00490.jpg,有漂浮物,1920,1080,7d8aaf882f40b8165e867549f939de434e35bb36d7947f080094effa2c7cd2bb,2d1f070f0f171f0b,ok,True,,,file_block_0005
00491.jpg,训练集/00491.jpg,有漂浮物,1920,1080,017f0338dc89c332f5427fa77c1d28049e10042bbf0524d383bad2b4d4da4ed1,3d1f0f0f0f170f0b,ok,True,,,file_block_0005
00492.jpg,训练集/00492.jpg,有漂浮物,1920,1080,3a2d854b0d4efddd3e390b3a8112ec71ac45b103e07d9cdf55ce4bdba55942af,3f1f0f1f17171f0f,ok,True,,near_0008,file_block_0005
00493.jpg,训练集/00493.jpg,有漂浮物,1920,1080,a261e47f0e632ab46281267e28296eafc5b4826ab224e36b466f72b7344ab45e,3f1f0f1f1f17170f,ok,True,,near_0008,file_block_0005
00494.jpg,训练集/00494.jpg,有漂浮物,1920,1080,f5d229ba91ec60bc0fe0bf8f01bfe6e89e18f93e97473b9bdcb334af94911c61,30601c1f0f071337,ok,True,,,file_block_0005
00495.jpg,训练集/00495.jpg,有漂浮物,1280,960,45e33935e95a02e65ec64eb51ae72ed2124e5bd21f4fc19d7eb5a36de4d73ccd,3e6f1f0f0707074f,ok,True,,,file_block_0005
00496.jpg,训练集/00496.jpg,有漂浮物,1920,1080,0b066c09b1b19b0096927c202f325cbf8e0b326d278e6ad2cbc41f942fab9346,838383c141012393,ok,True,,,file_block_0005
00497.jpg,训练集/00497.jpg,有漂浮物,2560,1440,d71ddfc298d56ae3ca603e9c8c22756e500a40e2ed8a11235b110c7dbec407d7,0601030301002101,ok,True,,,file_block_0005
00498.jpg,训练集/00498.jpg,有漂浮物,2560,1440,6d9a25a7763400ee4aeeb896d06cf8873630c56a7e99a3e5c895d2c499b6c417,030303131b0ccfc7,ok,True,,,file_block_0005
00499.jpg,训练集/00499.jpg,有漂浮物,1920,1080,9a22c7aeebf4fbbf13e39ceb6c79392f20fa1f1f30d2bf207ac52aa398e72396,8101036141000181,ok,True,,,file_block_0005
00500.jpg,训练集/00500.jpg,有漂浮物,2560,1440,5ac2549a7b0dbb8ba2b3bf44b020631aa22f76f9f3ed5514b93f27d1721c5507,0f07430d0d1d8f8f,ok,True,,,file_block_0005
00501.jpg,训练集/00501.jpg,有漂浮物,2560,1440,2e3cea7972e1ca613fdc07ce701be5048b4096b43c76f19b3ad29a5c3c6f4543,0f07030000808081,ok,True,,,file_block_0005
00502.jpg,训练集/00502.jpg,有漂浮物,2560,1440,7814244a4d08af375ba47fa52ab7938c140ac94421e6b226a44713f0b56a15ef,0f07050206878c8e,ok,True,,,file_block_0005
00503.jpg,训练集/00503.jpg,有漂浮物,2560,1440,a811feab5e12999f8d20cdeff87ed51b31aa3c796c9df90a3b15eb2fbf09d17c,070743414020928a,ok,True,,,file_block_0005
00504.jpg,训练集/00504.jpg,有漂浮物,2560,1440,13353cb270fd788ad066ade13a42d699cb05e01765cdc90105c4d480c29f983f,07070703038f8fe3,ok,True,,,file_block_0005
00505.jpg,训练集/00505.jpg,有漂浮物,2560,1440,37a204fae13f9f428b300a802a20141d3803b8df3ebc536d151606fcd4002ea4,0f070789888486c3,ok,True,,,file_block_0005
00506.jpg,训练集/00506.jpg,有漂浮物,2560,1440,18398d1553379c57f0fa1e2a8359b404a998dadc3d13db9f85c59840886a061e,0f07050c18899999,ok,True,,,file_block_0005
00507.jpg,训练集/00507.jpg,有漂浮物,2560,1440,0f71c1c1f0653ff52de3226ef0842daf05cd30b1595782425a801f369b762de0,0f0f0f0d0c0c0e8f,ok,True,,,file_block_0005
00508.jpg,训练集/00508.jpg,有漂浮物,2560,1440,cbc4cd7185c0fc8ac87a3d64f41dd382318e265b37d7c3dd9df11a80b948efa8,0f07070f1e1f1f4f,ok,True,,,file_block_0005
00509.jpg,训练集/00509.jpg,有漂浮物,2560,1440,c6460c578cb4ab12e8af18267d83f912ca902d11f72e6a195a87cee387ca4a34,0f0f070f0e0f0797,ok,True,,,file_block_0005
00510.jpg,训练集/00510.jpg,有漂浮物,2560,1440,8b8cd713d6aa81f8b47971123e1f4c9e5ed4721a9f2dfe286dfc34771a49fb49,0f0f0f1c1e3f3f5f,ok,True,,,file_block_0005
00511.jpg,训练集/00511.jpg,有漂浮物,2560,1440,3026f5c7eed1641a4206d7e899239f7d5a87fe3c0acb42ddfce9d07e8a5086a4,0f0f4f4f0f2f2f5f,ok,True,,,file_block_0005
00512.jpg,训练集/00512.jpg,有漂浮物,2560,1440,65cec10cad7a4763b9f998876fd5f83a1dcbea1c6f7211c874c45b1b3d39fa7c,0f07070d0e0e2b9b,ok,True,,,file_block_0005
00513.jpg,训练集/00513.jpg,有漂浮物,2560,1440,c12ec9ed771abdf684f0f71fb6dbfb1462f29cf150426566ffba4361aa4c8446,0f0f0f0f0b0b0783,ok,True,,,file_block_0005
00514.jpg,训练集/00514.jpg,有漂浮物,2560,1440,9c54633f72d54d49371ad0ac770089d69a1fbe54eb06d13c3652517177aade42,0f07070f0f070787,ok,True,,,file_block_0005
00515.jpg,训练集/00515.jpg,有漂浮物,2560,1440,04a26e30330eea0aa13ca4e8bb5335d2ad0152acdcdcb3596d9d57525a664dd2,0f0f0f4f4f0f070f,ok,True,,,file_block_0005
00516.jpg,训练集/00516.jpg,有漂浮物,2560,1440,3b3bb5bce9359d69c97c60fea8e054b45e1a84ec8ce05923b379510e06e1e7a7,0f07074a182c0f87,ok,True,,,file_block_0005
00517.jpg,训练集/00517.jpg,有漂浮物,2560,1440,365c2273a7d2c7e4d952e7b3167daf0c8a8f16fe4310a87ed3555e4cf43d3f0e,0f0f470684818382,ok,True,,,file_block_0005
00518.jpg,训练集/00518.jpg,有漂浮物,2560,1440,6d11d5dd3211b33a7ff16d4d85cd85f169eb01ea16b67c9727902488bed969e7,0f0313090c0f0f0b,ok,True,,,file_block_0005
00519.jpg,训练集/00519.jpg,有漂浮物,2560,1440,c14ef9a1c359775f405dc56dbb0e3985d8216c9a6dd6bf1f9b4203af2a6f26b1,0f0f5fdf7f7f7c7e,ok,True,,,file_block_0005
00520.jpg,训练集/00520.jpg,有漂浮物,2560,1440,37aac91c2d53e3648faa1f2852f7f175daaf6f35e6ec34f6d332ef924ef163ae,0f0b0908048381c0,ok,True,,,file_block_0005
00521.jpg,训练集/00521.jpg,有漂浮物,2592,1944,5198b797083dfdafc552a8c200a2d54ddca47f565d8ce2c42ab1c100ce8d2441,041e131f0f050f27,ok,True,,,file_block_0005
00522.jpg,训练集/00522.jpg,有漂浮物,2592,1944,0cbfa78f75d05682d6129cfd99f638b689b64d9c78c5f4f45045962d7890522a,1c1c1f1f0d050f07,ok,True,,,file_block_0005
00523.jpg,训练集/00523.jpg,有漂浮物,1920,1080,4e2880099b21ee64605e38cf5e4e0350273e67fa603c067d76f5e762bcf0fde2,3f3fbf1e1e1c75b9,ok,True,,,file_block_0005
00524.jpg,训练集/00524.jpg,有漂浮物,1920,1080,bde150c3a950a7188efb90cea1313ae0489cc988630af5ad4cb7a0c923c77df4,c38381c1c74767bf,ok,True,,,file_block_0005
00525.jpg,训练集/00525.jpg,有漂浮物,1920,1080,a29fc01657bd26b1ae4b250d05b1cfe32a204950865ed3d636ee921861d77e70,87070f19d3c31333,ok,True,,,file_block_0005
00526.jpg,训练集/00526.jpg,有漂浮物,1920,1080,fc77a6160db3dda2970dab284bdc47e36b2720518be138c50ed754801866ca61,2f070d0d0b1b1333,ok,True,,,file_block_0005
00527.jpg,训练集/00527.jpg,有漂浮物,1920,1080,7a7db1b4834565e19f49933d603ce6ca1a2e08033184372868159076f51be4e6,e7c70d0103233333,ok,True,,,file_block_0005
00528.jpg,训练集/00528.jpg,有漂浮物,1920,1080,ebe35802b9d84cc9b36f646342d2ef6272192df5833ac1669cad82bb6b02a69f,2f479d090bc37333,ok,True,,,file_block_0005
00529.jpg,训练集/00529.jpg,有漂浮物,1920,1080,fe74f1a634ddad7bb3e02d21bbddc6fed2e421ea5d644be651f73af846e690b0,2d654d4d09893933,ok,True,,,file_block_0005
00530.jpg,训练集/00530.jpg,有漂浮物,1920,1080,448eaf7c9a5a1d4f9a8840941f91067b939a63f8e3850ae2250b1cd1572a6371,2b654d0d09893b33,ok,True,,,file_block_0005
00531.jpg,训练集/00531.jpg,有漂浮物,1920,1080,398859d2869128c96b6f29bebeed1f6f6202a8de633760dec97e220e04e17524,6f654d0d09893333,ok,True,,near_0009,file_block_0005
00532.jpg,训练集/00532.jpg,有漂浮物,1920,1080,1bd96b84a1299ebe5976c02904ed357052f22b8339e080586e043ec0026319ca,6f650d0d09893333,ok,True,,near_0009,file_block_0005
00533.jpg,训练集/00533.jpg,有漂浮物,1920,1080,1e57495cd7dfa445a612345302d4b77e404e7d8678c69ca5614c43450b41b226,6f450d0d09893333,ok,True,,near_0009,file_block_0005
00534.jpg,训练集/00534.jpg,有漂浮物,1920,1080,43c0c4f27a89318a6333cbb977460b58c192756005855b03588f560c43f804c1,6f450d0d09893333,ok,True,,near_0009,file_block_0005
00535.jpg,训练集/00535.jpg,有漂浮物,1920,1080,7c502f8c2dea0c572f86163e8799ae637eccddd43724fdca2615217fd10c5844,6f47050d191b1333,ok,True,,,file_block_0005
00536.jpg,训练集/00536.jpg,有漂浮物,1920,1080,2b6b1e87445a54646def0b90242618b5ffbcb51668ccb836bbb0dd2eac0ad34d,2f47050909933333,ok,True,,,file_block_0005
00537.jpg,训练集/00537.jpg,有漂浮物,1920,1080,c8b3ab35a10261ebc3ebfeab376e6880cfa9323aa782a3f623924d5c6016d65d,a7070f8fcdd95333,ok,True,,,file_block_0005
00538.jpg,训练集/00538.jpg,有漂浮物,1920,1080,990f261a6e817f86c4d5e6cd626234745928c9cf72cc8e41d37e5992f7e48f82,87060f0f0d897333,ok,True,,,file_block_0005
00539.jpg,训练集/00539.jpg,有漂浮物,1920,1080,44f31dd43e20b8e4eb97b9b4111ee1b6acb43e4df5f15ee1d4f879fb60f3c9e6,af070f0f0dd93333,ok,True,,near_0010,file_block_0005
00540.jpg,训练集/00540.jpg,有漂浮物,1920,1080,bfa0678e79d84e4f791c4da2880d010f3d9d6bac8c0d5e4207bc11b46c420d9e,a7070f0f0d993333,ok,True,,near_0010,file_block_0005
00541.jpg,训练集/00541.jpg,有漂浮物,1920,1080,a75925ad3f5dbc67d4b265bc0647f689a9906368035d282dbd994f2879c59893,a7070f0d09993333,ok,True,,near_0010,file_block_0005
00542.jpg,训练集/00542.jpg,有漂浮物,1920,1080,30f8fc892b9a1b6ea399c9f092f14539a9865b3dddf6164b3bcfc0137584cb1e,2706190b8bc33133,ok,True,,near_0011,file_block_0005
00543.jpg,训练集/00543.jpg,有漂浮物,1920,1080,1486bab82c9afc296c5f0fd63d90b44841d4daf4cf0b04be72c8042579eeaae4,2706190b83c37133,ok,True,,near_0011,file_block_0005
00544.jpg,训练集/00544.jpg,有漂浮物,1920,1080,bc2267fc4479a9e167c083092298abe509b2bf6926779e0bf9ab47d6eb942536,2706190b03c3f133,ok,True,,near_0011,file_block_0005
00545.jpg,训练集/00545.jpg,有漂浮物,1920,1080,32c685e546a1c0ea83ee0642d6848cd00e93b89fdbd411309e54c1311dbf47b2,6f478d0941cbd333,ok,True,,,file_block_0005
00546.jpg,训练集/00546.jpg,有漂浮物,1920,1080,75e1cac817db3d96d3fff6a82393b9b9aec9b258d3b92eac2007265761d7555b,67478d89898b1313,ok,True,,,file_block_0005
00547.jpg,训练集/00547.jpg,有漂浮物,1920,1080,e61955aaec8cb5143a3fe521bbe2d6d6cda7cee4fe593829a18a2ee43b28893b,27070d0981c3e333,ok,True,,,file_block_0005
00548.jpg,训练集/00548.jpg,有漂浮物,1920,1080,e33cf5826eadd3a96fc03ee8c0d4d00a16c964fd291c03be64f6d61f85f73b62,a7070d1901c36333,ok,True,,,file_block_0005
00549.jpg,训练集/00549.jpg,有漂浮物,1920,1080,14fce30cfe2a95ca7da642090e5cf0daaadf2c55b91a0140f5e954a57a132268,27060d0903c1f333,ok,True,,,file_block_0005
00550.jpg,训练集/00550.jpg,有漂浮物,1920,1080,5a03fa8ca9af499c2a9d7a0de6817c91cf7a6629a765509e0984af09e3aa3fd9,a706190b03c3c313,ok,True,,,file_block_0005
00551.jpg,训练集/00551.jpg,有漂浮物,1920,1080,743521940193bb1d6d17eb28f4e9a4c5ee3f46192ae8af40ebc4d6802df31422,2f470d0901ebf333,ok,True,,,file_block_0005
00552.jpg,训练集/00552.jpg,有漂浮物,1920,1080,06414786d007423431db22cd35e08ab65803bd3bcf9b83e8800175428368356d,ef470d0941cbd333,ok,True,,,file_block_0005
00553.jpg,训练集/00553.jpg,有漂浮物,1920,1080,d5a9867f415fd05fc3d9c39fef25958ed4459b9a54d0dfa0c354972b40ec6195,fbc7cf5f0f878583,ok,True,,,file_block_0005
00554.jpg,训练集/00554.jpg,有漂浮物,1920,1080,a4a59a4b598dc237700f46599c7c7011fe684bb950bc3d6e43c4320867419eba,fbc7df5b0f878783,ok,True,,,file_block_0005
00555.jpg,训练集/00555.jpg,有漂浮物,1920,1080,7f398c1c47042f1ed4f8967b500a339ef3626180d7b69c60537e153043df6e65,fbc7cf7f1f8f8787,ok,True,,,file_block_0005
00556.jpg,训练集/00556.jpg,有漂浮物,1920,1080,accf9f41a5b44f507b7150329dde1778ea6e8344420b9ae3e8d3ae00290ec653,fbbf4f5f0f878783,ok,True,,,file_block_0005
00557.jpg,训练集/00557.jpg,有漂浮物,1920,1080,6f8645ff2dbc919da70feb1cdde91c0eb5f280f0f9891539631928f03859ad7c,db9f9f070f878587,ok,True,,,file_block_0005
00558.jpg,训练集/00558.jpg,有漂浮物,1920,1080,8767fc99b2146e0fba256a5d462a8900ea9b6f1f45e849837413db8ef42dcfb8,dbc3cf6f0f878787,ok,True,,,file_block_0005
00559.jpg,训练集/00559.jpg,有漂浮物,1920,1080,45795fab01a93e99c28c8c43d0a66e5f0fb5177b71b4672fe3c2c00fbce50c7a,dbcfdf5f0f878587,ok,True,,near_0012,file_block_0005
00560.jpg,训练集/00560.jpg,有漂浮物,1920,1080,3ca1acb16bdbe4bd9847fa8877c06191b5c44b2fb3de58ec189d52368af9dccc,dbdfdf5f0f878587,ok,True,,near_0012,file_block_0005
00561.jpg,训练集/00561.jpg,有漂浮物,1920,1080,d6a1e89dc73267046f1f037aaed82cdc56363ca868343afb901f6aec5c0011bf,dbdbc7770f878787,ok,True,,,file_block_0005
00562.jpg,训练集/00562.jpg,有漂浮物,1920,1080,be3653e3d8037b7b01b1cae14dd22f74943b6cc8f8e85683e6e02d923939b530,dbc3df5f0f878783,ok,True,,,file_block_0005
00563.jpg,训练集/00563.jpg,有漂浮物,1920,1080,24c5c4763bd7312886eb3d10b38495e7cedb09785c61cccde8f802e8cf712a3b,dbc3cf570f878787,ok,True,,,file_block_0005
00564.jpg,训练集/00564.jpg,有漂浮物,1920,1080,cc9250d6b8bc4bc02dd93e5d181fdaafd2f042d1d7238342d71d773efe7b7c87,dbcbcf5f0f878587,ok,True,,,file_block_0005
00565.jpg,训练集/00565.jpg,有漂浮物,1920,1080,85efab232de3df41dcbd85ce8a3dd4089429b53f862ce917efedcd9ff5e5b632,fb9f1f1f0f978d07,ok,True,,,file_block_0005
00566.jpg,训练集/00566.jpg,有漂浮物,1920,1080,7b657d90414b8098571b23265101e411b66a35f894027b56be8fc3465ebba93d,dbc3c75f0f878783,ok,True,,,file_block_0005
00567.jpg,训练集/00567.jpg,有漂浮物,1920,1080,03a03b2939dfcbf892648eeade30975f30f6272f9d8113536e71bea164d4d307,dbc3cf5f1f8f8783,ok,True,,near_0013,file_block_0005
00568.jpg,训练集/00568.jpg,有漂浮物,1920,1080,86bb8f8281b542e7d2131c72a72ee5f489aa63dd1db9d24e01f567351185c691,cbc1cf5f1f8f8783,ok,True,,near_0013,file_block_0005
00569.jpg,训练集/00569.jpg,有漂浮物,1920,1080,6d8b423553b2e4f65c24349baa121f655616aa40ac898ac0fcc2f2fec7d18411,c9c1cf6f0f878783,ok,True,,,file_block_0005
00570.jpg,训练集/00570.jpg,有漂浮物,1920,1080,48e9cc8ca357f442515cff28eb639e38fc99000dbbe78fd874f37a6d115536d6,dbc3cf7f0f878183,ok,True,,,file_block_0005
00571.jpg,训练集/00571.jpg,有漂浮物,1920,1080,213651fd20c2a8a9ced53314c590b686d37e5307652a959e8efa86280687dac7,dbc1cf7f0f878783,ok,True,,,file_block_0005
00572.jpg,训练集/00572.jpg,有漂浮物,1920,1080,1b53e79d2ce48fc8c7a0effc52e28e2a02aa563f791e6277bcd6b7f98e602c22,c3c0c77f0f878783,ok,True,,,file_block_0005
00573.jpg,训练集/00573.jpg,有漂浮物,1920,1080,adb495d7c64c4c6314fd23a3fc536e7ddea6ec1f3b627faacdcc21b89cf480a4,cbc0cf7f0f878583,ok,True,,,file_block_0005
00574.jpg,训练集/00574.jpg,有漂浮物,1920,1080,a8e632ad7abd8abd77e98b82e99e3a951c593aeeb9c1e3b53943b9c315e842cf,dbcf4f7f1f878583,ok,True,,,file_block_0005
00575.jpg,训练集/00575.jpg,有漂浮物,1920,1080,b80e45f59e801b6dcfe6590ee973423b8e88519e221805360d6a3e88c2764fca,fbcf5f5f0f878587,ok,True,,,file_block_0005
00576.jpg,训练集/00576.jpg,有漂浮物,1920,1080,245b339f233e4dc0ca5fec17dd543a5bb9f5e867387409891aa1a1997e43e858,dbcf4f7f0f878787,ok,True,,,file_block_0005
00577.jpg,训练集/00577.jpg,有漂浮物,1920,1080,2f5f77180f9984884d64561d7da932c49a8d95b4a9f0fb7dc6d0c55d828718b4,cbc0cf6f1f8f8787,ok,True,,,file_block_0005
00578.jpg,训练集/00578.jpg,有漂浮物,1920,1080,d80aebd446f07cd210d072dfc004413de19eb0b0868c6ff4ad66d34f9e1f43bd,dbdf9f7f0f878587,ok,True,,,file_block_0005
00579.jpg,训练集/00579.jpg,有漂浮物,1920,1080,cca27eafe1682a87b1c16494bf2881c715a732f29956d9ed0d8e1d95988855d1,fb9f1f1f0f878587,ok,True,,,file_block_0005
00580.jpg,训练集/00580.jpg,有漂浮物,1920,1080,ef29d087854034ab9c9a1dad20dddc1d6ed38699536414f868291e19b7cf4951,79bf1f1f0f171f07,ok,True,,,file_block_0005
00581.jpg,训练集/00581.jpg,有漂浮物,1920,1080,26df0df9e87d4ee304eef8213b39188beaf987d0b89778bd97bcb5fdddd1e9d1,dbcb6f6f0f878183,ok,True,,,file_block_0005
00582.jpg,训练集/00582.jpg,有漂浮物,2560,1440,b0b401cf746216766fc345c41a9e175229cd1b49e42bdd9241d272110d96677c,371db9dc199cadad,ok,True,,,file_block_0005
00583.jpg,训练集/00583.jpg,有漂浮物,2560,1440,9b23b8096d1c5b664ede5ebccf48b13ed7aa5fa3b9d94e97c7d4fc8d31be206c,3707071b11070f05,ok,True,,,file_block_0005
00584.jpg,训练集/00584.jpg,有漂浮物,2560,1440,c677cfce79283498ef1dcbc47ef1506207426cb695445baf783497a176b4df1b,079fbdc9c406ad2d,ok,True,,,file_block_0005
00585.jpg,训练集/00585.jpg,有漂浮物,2560,1440,7bc42a8f4d18af38c28e007e7ad77dc41fe996ae38ab594a430470f4b2aa467d,4fcbcb4bcb9b989e,ok,True,,,file_block_0005
00586.jpg,训练集/00586.jpg,有漂浮物,2560,1440,c5eef3a55348ff7f955555927747787a178e6a11e6de3e54e892bd4aa5ce008f,c6f5f1f3f0f1f9f2,ok,True,,,file_block_0005
00587.jpg,训练集/00587.jpg,有漂浮物,2592,1944,bc4bc1dea1ebe3dc8bb2468a1147a04d63d00e8d8f0ec309efa1aa421bc3e3fb,1e1f230919010f1f,ok,True,,,file_block_0005
00588.jpg,训练集/00588.jpg,有漂浮物,2592,1944,be6c73f2f43353db54519dacc778718a93be590263fe6be99016e9b27b03657c,1e0f21387071a383,ok,True,,,file_block_0005
00589.jpg,训练集/00589.jpg,有漂浮物,2592,1944,d3fe391afae666cbd63adadda6515287a734c55b7b339a1aa9236b7e51cc118d,1e0f233919396f8f,ok,True,,,file_block_0005
00590.jpg,训练集/00590.jpg,有漂浮物,2592,1944,e5e733624526c5a11a6484bdecce25b18d594778473d58385d76b626e2e818dc,1e07202800109091,ok,True,,,file_block_0005
00591.jpg,训练集/00591.jpg,有漂浮物,2592,1944,a8d5f37df3764afe559f7d5aebf07871147de71801e5833aa5ea6e61ad9ec76b,1f0f231bb3b73735,ok,True,,,file_block_0005
00592.jpg,训练集/00592.jpg,有漂浮物,2592,1944,cc9c925205c574e438c0daa82732bc63b8f42f95f682a7fa3a04cf6f1d5859fe,1f0f202908e1c526,ok,True,,,file_block_0005
00593.jpg,训练集/00593.jpg,有漂浮物,2592,1944,a29dc3d7399018299010f2726231bbcf9d12443287c6dc072bfc8f4b33a81c2a,1e1f2378f0b06481,ok,True,,,file_block_0005
00594.jpg,训练集/00594.jpg,有漂浮物,2592,1944,33de055170c6f60e731002b4880039eb7e44e0f1f04c86fb93f35b51fcb59300,1e0f636b63034086,ok,True,,,file_block_0005
00595.jpg,训练集/00595.jpg,有漂浮物,2592,1944,e7b5714ea885f44a1bfbd7303d72304dfd864fb2504b4c266044b49bed0ee4ae,1e3f276b63d3169c,ok,True,,,file_block_0005
00596.jpg,训练集/00596.jpg,有漂浮物,2592,1944,504cfab9d6eff9a58f4220e14f3c6ab59f3f52152e494580c446f94955925f3f,1f0f06181f7f7f5f,ok,True,,,file_block_0005
00597.jpg,训练集/00597.jpg,有漂浮物,2592,1944,3abb75ee4f5186be902f2dc3809d18fec62ab683d1722f58a83b3004555fc5d7,1e0703030307070f,ok,True,,,file_block_0005
00598.jpg,训练集/00598.jpg,有漂浮物,2592,1944,a4570115b62a7085a4c1443d81dc3b6e7d319f7c25384989a85fbed7227b03c7,1e0f2018c9e1739f,ok,True,,,file_block_0005
00599.jpg,训练集/00599.jpg,有漂浮物,2592,1944,86a1fa95e43d4ac25d159ba5ccce9dad45468ee0900475127b545e4045a76443,1c1f212818880b0b,ok,True,,,file_block_0005
00600.jpg,训练集/00600.jpg,有漂浮物,2592,1944,b3179aae860c74149316681ad6c5867f003710563ad3c2f07cd99859e716b943,1c0f000810313133,ok,True,,,file_block_0005
00601.jpg,训练集/00601.jpg,有漂浮物,2592,1944,ecdee6ded575c95024a3b1ec894d983b38471b2df8b0af072751b91d1fe3b208,1c0f000808101014,ok,True,,,file_block_0005
00602.jpg,训练集/00602.jpg,有漂浮物,2592,1944,861885ee4725271fa65528a32ceb9aeecd0a18adcc3ca61fad1a7b306ab42d2f,1c1f201818010011,ok,True,,,file_block_0005
00603.jpg,训练集/00603.jpg,有漂浮物,2592,1944,e8cc301a851199164c3de06a2ce7ea77028539b1c7c4292df9a892dbb9886faa,1c0f60382101010b,ok,True,,,file_block_0005
00604.jpg,训练集/00604.jpg,有漂浮物,2592,1944,28da7c04b1cf3847bdf61d7794c006f463451715aa197d8acebf0a282854a608,1c1f207819111183,ok,True,,,file_block_0005
00605.jpg,训练集/00605.jpg,有漂浮物,2592,1944,5cfed3cc879afcb96e74103c9f8c30adf8ff58c27569a958e78e2d88a4eeedab,1e1f233939393d1f,ok,True,,,file_block_0005
00606.jpg,训练集/00606.jpg,有漂浮物,2592,1944,020d60deafedb983a6bbf0771e4491e57ec3e31992053f14b028c3de21d8c42e,1e0f277b7bf9e8d0,ok,True,,,file_block_0005
00607.jpg,训练集/00607.jpg,有漂浮物,2592,1944,528036e2d6f09a89c42ddf618ea03b640b7d0273db0a8e65628cc96511bcfb9f,1c0f200901010121,ok,True,,,file_block_0005
00608.jpg,训练集/00608.jpg,有漂浮物,2592,1944,8ce7fb76caedb4de0c12ec2c8f25d6915249a13f8f37a0b08fd681d55fb8a835,1f0f030903010103,ok,True,,,file_block_0005
00609.jpg,训练集/00609.jpg,有漂浮物,2592,1944,52f8ceefc3bca05f71fd6e7667c65ae3117928f9f9f35c6a7bd0c2bb1e2500b9,1c1f313b69632333,ok,True,,,file_block_0005
00610.jpg,训练集/00610.jpg,有漂浮物,2592,1944,627fee42ff659fcf8aad07f5f9436ffd56695ffa2a40d4e65dd11c6e8f177b50,1c2fe0687070602d,ok,True,,,file_block_0005
00611.jpg,训练集/00611.jpg,有漂浮物,2592,1944,d42151cbcf0b33d3df637eee8a817eaa14f414f5e3b5e59315b5e9d255c52fdb,1c3f78787ffb3b3e,ok,True,,,file_block_0005
00612.jpg,训练集/00612.jpg,有漂浮物,2592,1944,1aeae14fc4d69c4ed2f844836a25c68f5b7a2ed9efcdf72d711e5d30104a03d5,1c1f232878340f83,ok,True,,,file_block_0005
00613.jpg,训练集/00613.jpg,有漂浮物,2592,1944,7089195fb8384e350baa792965aea2b7d534dfea2886f9c83377a25612c4c8fe,1c1f27797b3b3f3f,ok,True,,,file_block_0005
00614.jpg,训练集/00614.jpg,有漂浮物,2592,1944,0da017c729e8ecf695582bed3a33df3416bae5a74638be87fcc70d55b5f69a7d,1c1f62081a18181f,ok,True,,,file_block_0005
00615.jpg,训练集/00615.jpg,有漂浮物,2592,1944,f4e2439a8a05866b4bc1dfb6e786d7d53e2c5ecd410a308b196317a926edc525,1c1b21383a072125,ok,True,,,file_block_0005
00616.jpg,训练集/00616.jpg,有漂浮物,2560,1440,9d501b1ba6b34e59da7209899685d1c5ad7ff9423fb82ce7654044a938f5933c,381c9f0707c7f37b,ok,True,,,file_block_0005
00617.jpg,训练集/00617.jpg,有漂浮物,2560,1440,91a119e3b87106e2a0e160c801647d635f888e245ab0ce86a7018c0c06b505bf,efdcfd75703cee6d,ok,True,,,file_block_0005
00618.jpg,训练集/00618.jpg,有漂浮物,2560,1440,d9b380750b26b5fb15aff0182544650e62c253eb2dc279921fe08c22b7c6fea7,e7dc7d777034bc6d,ok,True,,,file_block_0005
00619.jpg,训练集/00619.jpg,有漂浮物,2560,1440,c5bf766736ce0e4de61be7d7f510948766536e1d4db61cdf68be87dfac6b6736,391e9f8f0783c373,ok,True,,,file_block_0005
00620.jpg,训练集/00620.jpg,有漂浮物,2560,1440,4d0559cc8cc3cc2d9c007f14c7568ab07278a40174820d4a16045aa351d6b9a9,703c9f8f0f87f373,ok,True,,,file_block_0005
00621.jpg,训练集/00621.jpg,有漂浮物,2560,1440,3b9d04e014fac94e62ffdb432412f8cba56257b69c4f627825f8ebdb24e9ea5b,ef5c7f7f7230bd3d,ok,True,,,file_block_0005
00622.jpg,训练集/00622.jpg,有漂浮物,2560,1440,ad628350ac7849470a736a8670d92d795db18612041f3162326c8bca2b16c4c6,e3fdf571f0ececcd,ok,True,,,file_block_0005
00623.jpg,训练集/00623.jpg,有漂浮物,2560,1440,e42b4206ef49db06427965c1baa2ef029ca93a4856c0b159b4be19993fb7e5dd,e3fdb5f1f0ececed,ok,True,,,file_block_0005
00624.jpg,训练集/00624.jpg,有漂浮物,2560,1440,95c3177881eaab78f21d24ec0b923b287505dd19f1a0ac88a4dbe043047cd2fc,63fdf5b1f06ceccd,ok,True,,,file_block_0005
00625.jpg,训练集/00625.jpg,有漂浮物,2560,1440,dfe678628d9a6758432e6cea1015f4b1e91f50fcb14d8269d467acf82c32dc59,e3fd35317068eccd,ok,True,,,file_block_0005
00626.jpg,训练集/00626.jpg,有漂浮物,2560,1440,f2e8ceb8e25556488c13e25e595cd95f5447eeb2b9c6752c9fd9cf9ba7fc7911,e3edf571f068eccd,ok,True,,,file_block_0005
00627.jpg,训练集/00627.jpg,有漂浮物,2560,1440,9f86b988b545cc066ffecad989a458102e77f41ec7a87c04efa392c658ca5899,793e9f8b0b83c36e,ok,True,,,file_block_0005
00628.jpg,训练集/00628.jpg,有漂浮物,2560,1440,856dc2877264d0577d4f42ac258f29ade9de0581d45b4df045ef074b55d0f384,67dcff77f0f0fc7d,ok,True,,,file_block_0005
00629.jpg,训练集/00629.jpg,有漂浮物,2560,1440,169aed72392aaa8ee8ad644f489f414ca3bd5fcfea3554d0d46579b09de200ee,391e9f870783c366,ok,True,,,file_block_0005
00630.jpg,训练集/00630.jpg,有漂浮物,2560,1440,a35f1fde683db04471e6af60b91a3e13f8b53ab8d697d7c673d2037a9df7f00e,67dd15b5f024eced,ok,True,,,file_block_0005
00631.jpg,训练集/00631.jpg,有漂浮物,2560,1440,5efff514f408c9a7052db42036e9ef2e764d29d6396acee07e2f45e950051aeb,8fdcfdfcf8dceced,ok,True,,,file_block_0005
00632.jpg,训练集/00632.jpg,有漂浮物,2560,1440,ad6cb51902d09c78c1e3233d5ee351915b81a09b2354eff1ce9e63e0942ca2c1,efce7f3738323c79,ok,True,,,file_block_0005
00633.jpg,训练集/00633.jpg,有漂浮物,2560,1440,85400eaf36f3355ea221c4c863f258e0a4b0d95284cf2be5305dd7a9969c1a22,781e9e8e0b87c36a,ok,True,,,file_block_0005
00634.jpg,训练集/00634.jpg,有漂浮物,1920,1080,30d5fd0cd3e265ead7f9dee8db406389fe87d943d50427f5ecf5f1b0ecad1b2c,c38381e1c3477d3d,ok,True,,,file_block_0005
00635.jpg,训练集/00635.jpg,有漂浮物,1920,1080,7a34116ba54bea12d47840033a5a5eb6398b7c29229be16ccaaf15fbe2483721,05171e07070b0303,ok,True,,near_0014,file_block_0005
00636.jpg,训练集/00636.jpg,有漂浮物,1920,1080,c74849a3cbaea5282eeaf3fd88f9794cf1a3c63f1babc1d7b99e46bdb9291571,25151e0707030b0e,ok,True,,,file_block_0005
00637.jpg,训练集/00637.jpg,有漂浮物,1920,1080,46adb0e031ca61d4606ae0ff74271d58b945d9b20acb89a53eba117851eb18b0,0517160707030303,ok,True,,near_0014,file_block_0005
00638.jpg,训练集/00638.jpg,有漂浮物,1920,1080,74c0c01a511c7ed666f793824184da2deb39a0ba43d7404d6aba276b99361ca7,15171e0f0f0b0b07,ok,True,,,file_block_0005
00639.jpg,训练集/00639.jpg,有漂浮物,1920,1080,fad52be2639d806208d93fd8be92fd60a17944ea09ce2fb1171d6ad2463e2ecf,351f0f0f0f0b0b0f,ok,True,,,file_block_0005
00640.jpg,训练集/00640.jpg,有漂浮物,1920,1080,a0792125dc881f338245f4b1f036d7504f09a3ccef87c9544041ec0131b18e59,05170f0707430b07,ok,True,,near_0015,file_block_0005
00641.jpg,训练集/00641.jpg,有漂浮物,1920,1080,9baeb54c892db73a6008f7717a17ee303e6edaf0142cbac2775eb0663c5a6be5,05170e0707030b07,ok,True,,near_0015,file_block_0005
00642.jpg,训练集/00642.jpg,有漂浮物,1920,1080,7a28bd1f787919ec5902c17d25c75e2d263a01d98445e0394c6a4db24655d39c,05070f07074b0b07,ok,True,,near_0015,file_block_0005
00643.jpg,训练集/00643.jpg,有漂浮物,1920,1080,cc15a2404297c826f0ca7565dee4baa276f30c08da31ebfafd66d5bb6a5552cc,45151f170f0f0b1f,ok,True,,,file_block_0005
00644.jpg,训练集/00644.jpg,有漂浮物,1920,1080,03dcca7854d39cd2b61b1b0bb7b2581879aeff56fcba92e8b681cb2670f49acc,751d1f0f0f0b091d,ok,True,,,file_block_0005
00645.jpg,训练集/00645.jpg,有漂浮物,1920,1080,51fc9abf1a48f284597ff29f01e12b778e2b2a18af6aecf62b226e8406f83888,85171f1f0f0f0b07,ok,True,,,file_block_0005
00646.jpg,训练集/00646.jpg,有漂浮物,1920,1080,f5b1bd698e26d5ede4e226b3c4e9033a1e1d06b50f767f90503cbf6e19ca20b2,45171f0f07030307,ok,True,,,file_block_0005
00647.jpg,训练集/00647.jpg,有漂浮物,1920,1080,65c05428f4d0f99b48475f7171ba34ae07847dff5599971fd95b753eed369328,451e1f0707070b06,ok,True,,,file_block_0005
00648.jpg,训练集/00648.jpg,有漂浮物,1920,1080,f2de843f7c3c603d5e76746ebf215310cc3768b3b07758be0b16fb9449bf667e,c5161e0707030302,ok,True,,,file_block_0005
00649.jpg,训练集/00649.jpg,有漂浮物,1920,1080,83f48862531aebec4503e6c020a2cd2ae9f634b50972a4ed77f949e468aa2ff5,45070f0707030307,ok,True,,,file_block_0005
00650.jpg,训练集/00650.jpg,有漂浮物,1920,1080,4a7e7b2c7047b7764042c5d83bbc145d1a4ebb8a832b82a2a3c96281515181fc,450f0f07070f0b0f,ok,True,,,file_block_0005
00651.jpg,训练集/00651.jpg,有漂浮物,1920,1080,6fd7d3f9e35ba3c39eef0e24ac7b674e27e43ea6fb71894f7934c19d3bf0b605,351d1f0f070b0b1e,ok,True,,,file_block_0005
00652.jpg,训练集/00652.jpg,有漂浮物,1920,1080,ac1136783b1f497eacd2cef389f7cfee99bb26ab8f5643bb902c0bc98caf7b3c,27171e0707030306,ok,True,,,file_block_0005
00653.jpg,训练集/00653.jpg,有漂浮物,1920,1080,403719b5075b9c55bb1487712760d744e19d9386bdceac654b8406007263c298,27171e0701030b0e,ok,True,,,file_block_0005
00654.jpg,训练集/00654.jpg,有漂浮物,1920,1080,75a4cef3d8f5a4d0d6e1dcf4c7d4aec1fa54561dc936578dd1baa7efeed52937,35171607070b2b06,ok,True,,,file_block_0005
00655.jpg,训练集/00655.jpg,有漂浮物,1920,1080,19573f1cf0ceb3f6d7a18abe8f11671b9dd664f37c360e6a52c0638dfecffc2c,3121401971c1a725,ok,True,,,file_block_0005
00656.jpg,训练集/00656.jpg,有漂浮物,1920,1080,84ccf250095634a829a65a8099ec8b05a63b8df22dd300fc013575e57b087ac3,1901400963c7a725,ok,True,,,file_block_0005
00657.jpg,训练集/00657.jpg,有漂浮物,1920,1080,948d57169dc8cef8070653e80467c47466200e6d397dce8ff2551c586464ae9b,0901000163e7a721,ok,True,,,file_block_0005
00658.jpg,训练集/00658.jpg,有漂浮物,1920,1080,bb6c3da55b3af85f5f55e5483f6f9c693702ede0d56f4f661dd93e283a5b5351,1819400061e5a7a3,ok,True,,,file_block_0005
00659.jpg,训练集/00659.jpg,有漂浮物,1920,1080,651231bc1e6ed0a4cc5013133d879f827cfffe434f738727a04b1fc2a4ffe8f4,1919400143e3a727,ok,True,,,file_block_0005
00660.jpg,训练集/00660.jpg,有漂浮物,1920,1080,a4374139c006f719c45ce9ffde738558cb84c990855906dfbed4679659f00eaf,3911410961c3a32b,ok,True,,,file_block_0005
00661.jpg,训练集/00661.jpg,有漂浮物,1920,1080,77df5eef54e10a1c9a37caa796d7f841d3d2cc49dc38e14725da2d31f7bb92b2,1161441973db9b9b,ok,True,,,file_block_0005
00662.jpg,训练集/00662.jpg,有漂浮物,1920,1080,cfaf9f5d2f79268b55c1c7a9c213784b88dc2d56689287453eaa8e6a39890e2d,1b19630367a7a72f,ok,True,,,file_block_0005
00663.jpg,训练集/00663.jpg,有漂浮物,1920,1080,642842a4509a15e479ce66c004ad93980cc453ee439235227c6896aaf650b1ae,1b11430347a72727,ok,True,,,file_block_0005
00664.jpg,训练集/00664.jpg,有漂浮物,1920,1080,5814ff706da3802073ec2e34f6739b086a8dbf9161b0563ac46254a7f3e7967e,3919610343a7a327,ok,True,,,file_block_0005
00665.jpg,训练集/00665.jpg,有漂浮物,1920,1080,1c329a9cd152f1773652bc5d7a2a3fbe69b3fda0daf57ae2cd8ae9e6852a268b,1901400163c7a72f,ok,True,,,file_block_0005
00666.jpg,训练集/00666.jpg,有漂浮物,1920,1080,db4db40f2c1ac01e1df08b15dc259f059de3cad6b0f60bbfee7b0c458a5db4c1,1101410963c7a72f,ok,True,,,file_block_0005
00667.jpg,训练集/00667.jpg,有漂浮物,1920,1080,1e1ee76d125eaf69bf60446c07f52aeb49c0c286327c2972484c00fcc6674214,1101400161c1a129,ok,True,,,file_block_0005
00668.jpg,训练集/00668.jpg,有漂浮物,1920,1080,0217280643a5df4371cb77f53d7abb42cc870b3dc2ac1f005944a8ec7bb7496a,1101400963c6a729,ok,True,,,file_block_0005
00669.jpg,训练集/00669.jpg,有漂浮物,1920,1080,c9204ea91e885e8d9281bceadd7b73bb33ae83e1bd60d0e1d75890ce63f90486,0141410161e4a423,ok,True,,,file_block_0005
00670.jpg,训练集/00670.jpg,有漂浮物,1920,1080,945e7c6b5a356b5927d1d127b5e5465478a4b9454718dc8410b37e7a0bd76bcf,1901010143a7272b,ok,True,,,file_block_0005
00671.jpg,训练集/00671.jpg,有漂浮物,1920,1080,e7397a2f1084c76bbe9ea343606e00bec649ed2cd819b55cd15d169ac98d6a4e,0909010147a7272b,ok,True,,,file_block_0005
00672.jpg,训练集/00672.jpg,有漂浮物,1920,1080,d0d8032f5a6f675015d370c8d2db92270855670e2c7b8ab351d7beb465fed74d,1901010307272f0f,ok,True,,near_0016,file_block_0005
00673.jpg,训练集/00673.jpg,有漂浮物,1920,1080,d6044ccb5a89a26cb6548dba04ef640922b71e68f5bfaadc90f82d98f0bc81b9,1909010307272f0f,ok,True,,near_0016,file_block_0005
00674.jpg,训练集/00674.jpg,有漂浮物,1920,1080,b93812c5fced433117f67cecf513a7b27c85aa33296c7212e7481248e9071392,0901010307a72f0f,ok,True,,near_0016,file_block_0005
00675.jpg,训练集/00675.jpg,有漂浮物,1920,1080,bd391200f69aa32541d10141dc20824f14b9b9d5b3d9c78a2a8a700a424cd450,39312101c70f4f5f,ok,True,,,file_block_0005
00676.jpg,训练集/00676.jpg,有漂浮物,1920,1080,7ffbd770f444c9b46c6433baf49141ba896feec125b7d89f0a39bfcf216c45d3,31210101870f4f4b,ok,True,,,file_block_0005
00677.jpg,训练集/00677.jpg,有漂浮物,1920,1080,2d2956ddf62afeb661609f7ab06e91212cbd746250cf924c4f03dfbd20327857,19010103c70f4f4f,ok,True,,near_0017,file_block_0005
00678.jpg,训练集/00678.jpg,有漂浮物,1920,1080,a1a7a58a811afa986b52c775aa819f1f735070e96c2befd40725667ccc1b9f52,19014103c7074f4f,ok,True,,near_0017,file_block_0005
00679.jpg,训练集/00679.jpg,有漂浮物,1920,1080,6ab96bfd471e56f76f9fef82428341591d7ed3b4b33817a33370e99d006748d9,1171410307272f33,ok,True,,,file_block_0005
00680.jpg,训练集/00680.jpg,有漂浮物,1920,1080,a48a83fd07c88d7282de9eca4af32247a0dc8a23da08c48bd5754e822b1bff68,313161030f2f4f0f,ok,True,,near_0018,file_block_0005
00681.jpg,训练集/00681.jpg,有漂浮物,1920,1080,bc798e299ddc6e224e7238ce26cde30b9e02c9df2c046d5e145f491a340a980f,393161030f2f4f0f,ok,True,,near_0018,file_block_0005
00682.jpg,训练集/00682.jpg,有漂浮物,1920,1080,c25a1d37c14e987e0df7c4e5e3e48aafc5a85322d7a7a3cfb1fc425fa7a12b78,19010103072f4f4b,ok,True,,,file_block_0005
00683.jpg,训练集/00683.jpg,有漂浮物,1920,1080,c66b317f610b0cd837e2637580a7b58227c189b6f36e442e4040bc408e822774,6f7b73767cfcfdf9,ok,True,,,file_block_0005
00684.jpg,训练集/00684.jpg,有漂浮物,1920,1080,3b9f5dd5a789d0a15c968b26d0b760ed167af8ddc47994b1be000bf1f981734c,636b7377fcf8fcd8,ok,True,,,file_block_0005
00685.jpg,训练集/00685.jpg,有漂浮物,1920,1080,1e474aaaa63ecbec49dd00bffcd290740e35ba0b85ced5debe6ec6235dbb618b,637b7170f0e8eadb,ok,True,,,file_block_0005
00686.jpg,训练集/00686.jpg,有漂浮物,1920,1080,3c70d248c296d4693a6723e183317fc0de867bd0e8caa166a4200048e95da5f1,6f7b73f2fefafadb,ok,True,,,file_block_0005
00687.jpg,训练集/00687.jpg,有漂浮物,1920,1080,ac0cddb9310d409dc5c4fc6ef77a24a5e54b8075e9d1716fb4cd7d244dc32e30,c76373f0c2283a9b,ok,True,,,file_block_0005
00688.jpg,训练集/00688.jpg,有漂浮物,1920,1080,36ea0808be59ca5689145f48e76b3852584b826e93cbba9ec6ec4c0074cfd8be,0c2b735dfcdcf1f0,ok,True,,,file_block_0005
00689.jpg,训练集/00689.jpg,有漂浮物,1920,1080,5863955749e926dd76b6312d2d430f949ec6068778f4ea7a50c94bf3567e874b,0f8ff3f0f8f8f8b8,ok,True,,,file_block_0005
00690.jpg,训练集/00690.jpg,有漂浮物,1920,1080,0b699ffb359c26d61f9be3ac4cd32ca4b56fbd507c69d2b8c3433a640466850c,83cff3f0f0e0c084,ok,True,,,file_block_0005
00691.jpg,训练集/00691.jpg,有漂浮物,1920,1080,ac3e70599eb763feaed1813732603d95d44a3226a361c347bd71e19229065a1d,0f2f7337b8f0e060,ok,True,,,file_block_0005
00692.jpg,训练集/00692.jpg,有漂浮物,1920,1080,dece213ce0e3ad4fa1f4b6b5cdf6f246ac74a55048f9226729b0b24dcf815495,e3e3f150e0c08aa2,ok,True,,,file_block_0005
00693.jpg,训练集/00693.jpg,有漂浮物,1920,1080,a9d8b649e145391e987b1a3c55e894a9d29e474ec186afc0fe48f4ad7627a9c3,637f737efcf8fcc2,ok,True,,,file_block_0005
00694.jpg,训练集/00694.jpg,有漂浮物,1920,1080,e8463f719cee97184729044f0d67c6969ed36178e15179f668a3f1bd3ecc9198,7b7b73f2f0f8f1fb,ok,True,,,file_block_0005
00695.jpg,训练集/00695.jpg,有漂浮物,1920,1080,bffcd0a893e9eb0c74a90c5ca624aaaebd585d1f52962f03e5b66443c57a50ba,3b0707073f070f0f,ok,True,,,file_block_0005
00696.jpg,训练集/00696.jpg,有漂浮物,1920,1080,9b759bee338f4fdd5fe24ade016ac34104086cce14639256dae443cb1e8795ac,030707070f47172f,ok,True,,,file_block_0005
00697.jpg,训练集/00697.jpg,有漂浮物,1920,1080,2961b11563bb70402303591bc7a5060741712da2867ccef912652f6a51b2684c,3707070f8f0f0f1f,ok,True,,,file_block_0005
00698.jpg,训练集/00698.jpg,有漂浮物,1920,1080,4252aa4fefd9e08bdc71f6a98bdeb0f783a7e4bfb99663bae13b5c76d3f12ec3,0707070f1f1f1f17,ok,True,,,file_block_0005
00699.jpg,训练集/00699.jpg,有漂浮物,1920,1080,7078c66c847cf4c1cb26366a6d4faf68cb83fff249e390e1a1a77434b3c68d46,330707070f171717,ok,True,,,file_block_0005
00700.jpg,训练集/00700.jpg,有漂浮物,1920,1080,6c56bec66bd2974acd47f92e45983b712090184ec8f40ac095387c58b2212b80,07070707070f0f17,ok,True,,near_0019,file_block_0005
00701.jpg,训练集/00701.jpg,有漂浮物,1920,1080,c86fc431f5f72bc80ad38ac7fbebfc2218c5cb76010b1da332fab223cb73c6a6,070707070f0f0f1f,ok,True,,near_0019,file_block_0005
00702.jpg,训练集/00702.jpg,有漂浮物,1920,1080,6a18d76ae6a6bc4a518adc537d859307870627bdf7038eb8440399df14bfdf34,33070707070f0f0f,ok,True,,,file_block_0005
00703.jpg,训练集/00703.jpg,有漂浮物,1920,1080,c3ef562855911c1ec90635c830051e732babeb1fd13cb636f52feb7952a37bac,1307070707070703,ok,True,,,file_block_0005
00704.jpg,训练集/00704.jpg,有漂浮物,1920,1080,ef92385a2a05bb8b3c377bde5877e31a71435fa1cd723319395aaf1da80924a8,0707070f0f0f0f0f,ok,True,,,file_block_0005
00705.jpg,训练集/00705.jpg,有漂浮物,1920,1080,3cb6970bd0e41d5c6f0837eccc3ada34871025f0fb2c4bccb26ce523880b0c77,370707070717170f,ok,True,,,file_block_0005
00706.jpg,训练集/00706.jpg,有漂浮物,1920,1080,0b7bfcb45278a403cdef194276d20575064a34ca65fca47de4d8f00d2f10e1c8,3307070707070707,ok,True,,,file_block_0005
00707.jpg,训练集/00707.jpg,有漂浮物,1920,1080,4a65440ef0ff8ceab5dc3f4f200b9da053a3043a5223512cfc9cced954608cb6,33270707070f1713,ok,True,,,file_block_0005
00708.jpg,训练集/00708.jpg,有漂浮物,1920,1080,7e840fc4550fdac5169072d8730fb2e88c319f48a122e6cd782feaa352406257,3307070f1f0f0f0f,ok,True,,,file_block_0005
00709.jpg,训练集/00709.jpg,有漂浮物,1920,1080,4257b5f855e4adb932d0b79bff9681ed5e23e92a285a105ca52d14ab4b69366c,3604363703010087,ok,True,,,file_block_0005
00710.jpg,训练集/00710.jpg,有漂浮物,1920,1080,7f2e36187641488d86d1e7a4e6a93bcba416b16e4c6eea244a4d601c3d0e678a,e3c3c1e0e1f17939,ok,True,,,file_block_0005
00711.jpg,训练集/00711.jpg,有漂浮物,1920,1080,4191a2f93132d2a6dd79eb7d4f58ec9c1a4c53d519cdfbe3750efd18410a064e,1380c103070f0f6b,ok,True,,,file_block_0005
00712.jpg,训练集/00712.jpg,有漂浮物,1920,1080,7c73d1a07f449407f0c2d7be410f46a2f4a02a9f6f2f4a521e798c016fab4392,328c80818307476b,ok,True,,,file_block_0005
00713.jpg,训练集/00713.jpg,有漂浮物,1920,1080,4ca8fead13f2909468b5b8243d310cecc51c2e99aaf6e0a9cb493d76111ea36b,3284808187074777,ok,True,,,file_block_0005
00714.jpg,训练集/00714.jpg,有漂浮物,1920,1080,94d5e1c17cbac1657255fb437851afb94795d74f5084b049a847fedefc5fbb98,328c81838f0f6379,ok,True,,,file_block_0005
00715.jpg,训练集/00715.jpg,有漂浮物,1920,1080,3c7fa068fddbfad3000d55cdf61e5b266c0cf634983b72618e96c2f91b82b077,168180830f0f3f73,ok,True,,,file_block_0005
00716.jpg,训练集/00716.jpg,有漂浮物,1920,1080,ee1caf3c7d0c090f3086c323c3566ae5e2a6292541cb1251ef9373c09b609f90,328480870f0f1f73,ok,True,,,file_block_0005
00717.jpg,训练集/00717.jpg,有漂浮物,1920,1080,6ec1984dec394fd5a5ced57e521c1de4d87e9d86272b40950a8d65eff0b666ca,128081830f0f0f03,ok,True,,,file_block_0005
00718.jpg,训练集/00718.jpg,有漂浮物,1920,1080,15732884ed771e9fab56ca112964358a8bd066d181d602f43a80d47926d234ba,128781830f0f0f3b,ok,True,,,file_block_0005
00719.jpg,训练集/00719.jpg,有漂浮物,1920,1080,027f87f45be3424c42ad44d101aa6dbca21ce902c483940a3fd0e02186bed2c6,1280808307070f27,ok,True,,,file_block_0005
00720.jpg,训练集/00720.jpg,有漂浮物,1920,1080,5e3fad4f5b1c101b08c5cdd76ade3d8014319e6d5295e687ae4dc3a53a70faa5,318980830f0f0f2b,ok,True,,,file_block_0005
00721.jpg,训练集/00721.jpg,有漂浮物,1920,1080,3c78a9076bc74da85d1cf168456012b73b46a341c04b556f2f94e094bbcfa49b,128781c1070f1f0f,ok,True,,,file_block_0005
00722.jpg,训练集/00722.jpg,有漂浮物,1920,1080,1a3ac30f8da5d1949cbc85b3d1ef1893312c0ac70fbe61cdca12e1e422c8851f,128181830f0f1f2b,ok,True,,,file_block_0005
00723.jpg,训练集/00723.jpg,有漂浮物,1920,1080,927f0330d33e10d9514addef7434cbff25fb09cd43fbfd19c7fe749d52131982,1301818707074743,ok,True,,,file_block_0005
00724.jpg,训练集/00724.jpg,有漂浮物,1920,1080,11c00bc4c4d353a723f2849b3819bb1db859a381c34f48f485aa0f28a610f3c4,13018387070f0f2f,ok,True,,,file_block_0005
00725.jpg,训练集/00725.jpg,有漂浮物,1920,1080,b7382bd04d6754386bd0188fbf85f9ef96d9a119a1bd0294a802c8d85fd8cd1f,1301818307070727,ok,True,,,file_block_0005
00726.jpg,训练集/00726.jpg,有漂浮物,1920,1080,a57f8b37b3a15d06294ac33fa87c7aa512aabc38fd6fd2dc748a0b2695537c9e,12018181070f0f0f,ok,True,,,file_block_0005
00727.jpg,训练集/00727.jpg,有漂浮物,1920,1080,43eb00331f570b2991545ca4ed757a398265a3c85bfa163c4ab75bc636e1670a,128081830f0f0b2b,ok,True,,,file_block_0005
00728.jpg,训练集/00728.jpg,有漂浮物,1920,1080,099a7a8d8ade8739a19e10d3431ff0c673431df05dd9f4bef6062f9b2b4a695e,1a8d81830f0f262b,ok,True,,,file_block_0005
00729.jpg,训练集/00729.jpg,有漂浮物,1920,1080,441725453ca491b53b3ec8cf849555944d801c8b7186e2ebb7350404e35c381e,1b0b81878f0f0f23,ok,True,,,file_block_0005
00730.jpg,训练集/00730.jpg,有漂浮物,1920,1080,5926d24389ce2ec6db3f9c797d8ae9b329fea4313af27e416e1186a1dfdb8211,120080810d0d0f0f,ok,True,,,file_block_0005
00731.jpg,训练集/00731.jpg,有漂浮物,1920,1080,0602e16b6979587dca143591bdcf28a43bc9294c6a39ed6a05238ea3e3b06604,338d8187070f0f73,ok,True,,,file_block_0005
00732.jpg,训练集/00732.jpg,有漂浮物,1920,1080,4709a63fb4e950e3b7d6e4c66918d6f7a3616a2bf72b67a85da53884d2e48f7f,1b8c80810b1f1b1b,ok,True,,,file_block_0005
00733.jpg,训练集/00733.jpg,有漂浮物,1920,1080,f137c61968fdfdd8763ed47f2c0b5b4c59603f732c0b9451fdf76f0f4c4f405e,328880820f0c0c0f,ok,True,,,file_block_0005
00734.jpg,训练集/00734.jpg,有漂浮物,1920,1080,b719a360626565de03f8b7275250608e5361aaa0149c0ef93b836620717afbd5,1b81818d8f0f2e2f,ok,True,,,file_block_0005
00735.jpg,训练集/00735.jpg,有漂浮物,1920,1080,54ef8d308263ed38fd86dbb2f3110bc11a65d4259d4d794b32b1a21d50ab6739,338d81818c0d3733,ok,True,,,file_block_0005
00736.jpg,训练集/00736.jpg,有漂浮物,1920,1080,9b08bb934931ca4fe3716febb58099efc3ae0fb516ed6b5fbc676465c76d0ec0,379f80808c8f0737,ok,True,,,file_block_0005
00737.jpg,训练集/00737.jpg,有漂浮物,1920,1080,7a1366afbf3e1051707dcac01d1d279bcd775f923811c800a23ce66c36af168a,339c80840e0f2f3b,ok,True,,,file_block_0005
00738.jpg,训练集/00738.jpg,有漂浮物,1920,1080,611d4d08c3c7bc63c1b1fc00ca52372ce12ae1528dd757afdfeb494994a6cf3a,33f3a187878fcf1b,ok,True,,,file_block_0005
00739.jpg,训练集/00739.jpg,有漂浮物,1920,1080,1e98159d158bc12eb2c643383a3d0b35d4be6a6851a6b4dd0705bd781a1073b6,339981830307071b,ok,True,,,file_block_0005
00740.jpg,训练集/00740.jpg,有漂浮物,1920,1080,12410c461eec74a84c014c7fac1939cb60bae8ec55e7c7e76ff9f2fa235d2a6b,1c8481030f0f4f2f,ok,True,,,file_block_0005
00741.jpg,训练集/00741.jpg,有漂浮物,1920,1080,5ff90220506bd0a4b16b44fc37b7caae38c31961529f4e06d7769b65f01a2d77,1c8081070f1f3f2f,ok,True,,,file_block_0005
00742.jpg,训练集/00742.jpg,有漂浮物,1920,1080,924c10f498d9920e6c390f4e860670ab8da763c515ad957cbf840287350dcd91,33858103070f4f4f,ok,True,,,file_block_0005
00743.jpg,训练集/00743.jpg,有漂浮物,1920,1080,f30c8e595c8b77d94632eed871cb13fa720d165efe94fbf31874113c2a349c06,1b0781070f0f0727,ok,True,,,file_block_0005
00744.jpg,训练集/00744.jpg,有漂浮物,1920,1080,16da784d3443622e2e8fb4cf6b551a691b1c07821aaf979ea28de47c2fd976d7,130381070f0f0723,ok,True,,,file_block_0005
00745.jpg,训练集/00745.jpg,有漂浮物,1920,1080,4a5e0fd472131c43122b0c21427c93c56d7a451899c96c93c1c98e6476ef53e0,1b8f84870f1f3f2f,ok,True,,,file_block_0005
00746.jpg,训练集/00746.jpg,有漂浮物,1920,1080,5d30fd0640809da4d352de95aa5b849cb8d4c91a88cc6c45d7afa71766c3b3b8,b38d81818f1f6e3f,ok,True,,,file_block_0005
00747.jpg,训练集/00747.jpg,有漂浮物,1920,1080,854f431bf3ea25611a603445a7ec2180da6de7447bd3e9f688794d4c30aa2f8f,2b03623f0f0727e5,ok,True,,,file_block_0005
00748.jpg,训练集/00748.jpg,有漂浮物,1920,1080,d94b431bd8f7572cba93229851be614fe1e9dd4cb4f2b30c24d68409a17e472b,0b83422b0f0f27e7,ok,True,,,file_block_0005
00749.jpg,训练集/00749.jpg,有漂浮物,1920,1080,0036c0e7ed00fe1ac8087afa7a79953c0d9084afa3300c0eaea6e76622e59a0a,2b0b4e1f070727c1,ok,True,,,file_block_0005
00750.jpg,训练集/00750.jpg,有漂浮物,1920,1080,a74e3758be6dec0044bb9e92155485c4ba65cdd8cfe6dfab3b243dcf76b531af,23e1683f0f0e27d1,ok,True,,,file_block_0005
00751.jpg,训练集/00751.jpg,有漂浮物,1920,1080,6532ab02a97f83dbb2ffcd5420c310aef37359ade147bcd169f23068bf9879ea,8b8342330b0f27e1,ok,True,,,file_block_0005
00752.jpg,训练集/00752.jpg,有漂浮物,1920,1080,fe65d1a2b878935e1b57d6f2a1a55820da367c0220f06ea17f96268765567b8f,0f1f2f3e0e0f27e3,ok,True,,,file_block_0005
00753.jpg,训练集/00753.jpg,有漂浮物,1920,1080,911faf8cad32e58206ffe40c4c1bc559c78e37d63f41b8c4afc03c34028db4a7,ab83462f0f0f2763,ok,True,,near_0020,file_block_0005
00754.jpg,训练集/00754.jpg,有漂浮物,1920,1080,858c72b8272caf417898ac420312c9286e725b6fed8011dff10e0f0bd7ef5371,ab83662e0f0f2763,ok,True,,near_0020,file_block_0005
00755.jpg,训练集/00755.jpg,有漂浮物,3840,2160,7d59197da59edd5ab731703d43aefb1d84378ce73bebe5e88f216fdfb2717141,c722a3c3daf6feea,ok,True,,,file_block_0005
00756.jpg,训练集/00756.jpg,有漂浮物,3840,2160,e5bdec1f551cb3539b84ac3a2059d02fdcdafeaff269bf18907f5a0372218c3e,687064e3720c1e6a,ok,True,,,file_block_0005
00757.jpg,训练集/00757.jpg,有漂浮物,3840,2160,e3ec1b5404bd83a2415863e4faeeb288afe13b641b483a7de1f53cfd548a9142,402627961e3edc68,ok,True,,,file_block_0005
00758.jpg,训练集/00758.jpg,有漂浮物,3840,2160,7fd34d4f76ce69c2431112ff3669929e022780311d767571c27fb348ed0a3397,c824a3d3def6fce8,ok,True,,,file_block_0005
00759.jpg,训练集/00759.jpg,有漂浮物,1280,720,650fe305f0f4163a1b81aaf31a183a5272c33cdbd4e3b086755418a9f7c1f779,4f7f7fe7c7c70707,ok,True,,,file_block_0005
00760.jpg,训练集/00760.jpg,有漂浮物,1280,720,466646e4ca3e89cd240e93c589594ab7687c7937fabcaa7d3a40ebc242e35944,f7f3f1f1f0f0fede,ok,True,,,file_block_0005
00761.jpg,训练集/00761.jpg,有漂浮物,1280,720,e9e0e56c1e74e091d64aee1545c2f8e196bdd6b7c81796a089b4008d5b1d43f9,bc9cbd9dbdbdbd9d,ok,True,,,file_block_0005
00762.jpg,训练集/00762.jpg,有漂浮物,1280,720,58e77f89b368b8d0d26c0ba99c2e3f4871b87d6cab4cae512a094a541d5d24f1,9d9d9d9d9dbdbb9d,ok,True,,,file_block_0005
00763.jpg,训练集/00763.jpg,有漂浮物,1280,720,eb60a0bc2ad5bd936be7fc489244ee70839c131497cf8b5cfdbf5582d662bfdf,9d9d999d9dbd999d,ok,True,,,file_block_0005
00764.jpg,训练集/00764.jpg,有漂浮物,1280,720,5d779ee3b2787773bee5f8c3112896f7635eac786e59f4ee6e36164ce6c7ea2c,d9d9d9d95ddddbd7,ok,True,,,file_block_0005
00765.jpg,训练集/00765.jpg,有漂浮物,1280,720,da756a91471fea8385f6584c7cca4e79eb366c336746f6896fc3903a63217ff7,fafafa3e7ffffe86,ok,True,,,file_block_0005
00766.jpg,训练集/00766.jpg,有漂浮物,1280,720,beae6a2b657c48866ae4badceed4eefcf1f653f9cac62087f5c1fba787a1d6ef,fafafa7e7effdf8e,ok,True,,,file_block_0005
00767.jpg,训练集/00767.jpg,有漂浮物,1280,720,5c9e989b76924e985e0a8b72add004555ea19359a3a78cadd1caf9f9f0418300,cecececedfcf8f8f,ok,True,,,file_block_0005
00768.jpg,训练集/00768.jpg,有漂浮物,1920,1080,a0aea60bccdd83b98e7e643118e2e7d6108e8ead5fd806cce1c92a9047efd5ed,c393c1e5c76737b7,ok,True,,,file_block_0005
00769.jpg,训练集/00769.jpg,有漂浮物,1920,1080,00914fcff2c897a71bea92f1b81e8010bf536e57312e0b505cde89963c6e7a64,c38381e0e06369b1,ok,True,,,file_block_0005
00770.jpg,训练集/00770.jpg,有漂浮物,2560,1440,9706858ecb2c322655e46bbae822f18bb28edccbd02a92ac3678b51be7a65bf3,19183f5bcbc3e7c7,ok,True,,,file_block_0005
00771.jpg,训练集/00771.jpg,有漂浮物,2560,1440,17eb8558139ddd43fbdf016d7d0f687caadf2ef93e695e5b7fe9a6b69586bccd,19183f5bdb536767,ok,True,,,file_block_0005
00772.jpg,训练集/00772.jpg,有漂浮物,2560,1440,307e77f09c3ae46ee82e6592fb1ecfe30a1bdba002934ae3dce6dc3be56870fb,19183f5bcf476767,ok,True,,,file_block_0005
00773.jpg,训练集/00773.jpg,有漂浮物,2560,1440,d70008d6f60acd69559c22c1d04556cdd43123a436bccf5741e1e77b6e70b71a,1f4f6f6b6e674f0f,ok,True,,,file_block_0005
00774.jpg,训练集/00774.jpg,有漂浮物,2560,1440,ab265fe3eab75b93319b23a9bf446ef1f63e765a48db6641447ab92e73ca1fda,1f4f6f7367676e1d,ok,True,,,file_block_0005
00775.jpg,训练集/00775.jpg,有漂浮物,2560,1440,d9c4a509a60f75a136e50a6bc21bea7547e2ac4e801f6ff230317b4698ff4287,1f4f6f6377774e1d,ok,True,,,file_block_0005
00776.jpg,训练集/00776.jpg,有漂浮物,2560,1440,ca96aa8bc183b04fb5d40763ac0cbc4015b01c8a1a48aa288a3ddc9ae6a11c68,1b0d6b6b6a06060c,ok,True,,,file_block_0005
00777.jpg,训练集/00777.jpg,有漂浮物,2560,1440,7fc3f8730470f930e88bb2c86b30a7900aba5d6a31af992a6295b0d4b506d2df,1b2d7b6b6e26060d,ok,True,,,file_block_0005
00778.jpg,训练集/00778.jpg,有漂浮物,2560,1440,e3b5bfa04bcb6f4f91d9c82fb04808979ecd1a9a0579abb9e0d98a24831822d4,2d2721332b230f18,ok,True,,,file_block_0005
00779.jpg,训练集/00779.jpg,有漂浮物,1920,1080,6d78b38cc9ed6f436ebc8d0bc808d1051ab9f574e029fceaaafcf20d691882e5,38183808081c1e0f,ok,True,,,file_block_0005
00780.jpg,训练集/00780.jpg,有漂浮物,1920,1080,9e0b56dbc60286f660893e89769f96c6fc56aa7d6b7354fee38741bc9647c870,1410100808001a0f,ok,True,,,file_block_0005
00781.jpg,训练集/00781.jpg,有漂浮物,1920,1080,7ba3d7de632ef9dd3f3abbfaca3108d026e0dad11f3a0621f06fb6fe552d11a9,343888080800100b,ok,True,,,file_block_0005
00782.jpg,训练集/00782.jpg,有漂浮物,1920,1080,e95f1fc1e66811c854bce4acb7d03ede2b409084f96054c5278dc90539c9a40c,94903008088c0f0f,ok,True,,,file_block_0005
00783.jpg,训练集/00783.jpg,有漂浮物,1920,1080,5bfae19852d6e28240847e7e4e283f6811ef06bb03eb7653c05eb9935e133563,343028080800188b,ok,True,,,file_block_0005
00784.jpg,训练集/00784.jpg,有漂浮物,1920,1080,76bcbbaaa38ff6c35869ad0e163171e5cf063499afc4a622307108ecb1d5a450,101008080000088a,ok,True,,,file_block_0005
00785.jpg,训练集/00785.jpg,有漂浮物,1920,1080,154f1361309a52cda28fb642b14979422b65d541419f8866eb332e48515818b1,94903008080c0e0f,ok,True,,,file_block_0005
00786.jpg,训练集/00786.jpg,有漂浮物,2560,1440,b58fd36d60d0f815211073791fae80e4e9b131a5d25d7be986d0085ae27cf8a6,4f8f0f1e7cfc8a92,ok,True,,,file_block_0005
00787.jpg,训练集/00787.jpg,有漂浮物,2560,1440,13bb134a8b67114293a082684cffe7fd7315338775d4a6744900808e93dbad03,0f07070604c40383,ok,True,,,file_block_0005
00788.jpg,训练集/00788.jpg,有漂浮物,2560,1440,f11f825f5b42ad4c14b7d43a5b226167ab2fe4e906e621303f2cf33cbca8a073,0f070300049401c3,ok,True,,,file_block_0005
00789.jpg,训练集/00789.jpg,有漂浮物,2560,1440,ba443b1700b56ec6284b90bac4fb057bd49f4a3108596c6f17de934c0bb8f3da,4e070200c0c0e020,ok,True,,,file_block_0005
00790.jpg,训练集/00790.jpg,有漂浮物,2560,1440,cc64203b423a96a530487ef941c34d317c9ebc94fb5140a7cc1b74402e07567f,0f070e1e1cdcf8a2,ok,True,,,file_block_0005
00791.jpg,训练集/00791.jpg,有漂浮物,1920,1080,e74d148f55e22b0cdfcd55d9bc7c1db1da7fc4a2e52c4582d2c9095df39e7e99,981b838707333133,ok,True,,,file_block_0005
00792.jpg,训练集/00792.jpg,有漂浮物,1920,1080,84dd1d7b4c59753fecc2832d5ea35bb489a56c83006814023a6530f1dabe4ea1,191b8307033333b3,ok,True,,,file_block_0005
00793.jpg,训练集/00793.jpg,有漂浮物,1920,1080,3dc26ec42dc593326f68d0543d66bc5eb533c8a4239f8f2adc9cd1bc598db412,1e0b830303a373f3,ok,True,,,file_block_0005
00794.jpg,训练集/00794.jpg,有漂浮物,1920,1080,ded8a329e087455d84acb1ac410a6e8245696852b799eb75cd79a77b891a0fbc,1f3f37070fafd6cc,ok,True,,,file_block_0005
00795.jpg,训练集/00795.jpg,有漂浮物,1920,1080,ad2451b18043eb32c348229b915c215e92b0e734b44db8d5287b260b3392378c,071d27070787c7ce,ok,True,,,file_block_0005
00796.jpg,训练集/00796.jpg,有漂浮物,1920,1080,7943e99f1db050046babfc61ff33d1de49672475feead0d7e6bd625bfe39376e,071d27070787d3cc,ok,True,,,file_block_0005
00797.jpg,训练集/00797.jpg,有漂浮物,1920,1080,b9e2fc61030bedaac933e27f87d028b07bf0cd6636bba0909ec50331c5254fb5,1f3d37070f9fdfce,ok,True,,,file_block_0005
00798.jpg,训练集/00798.jpg,有漂浮物,1920,1080,9060b4639825fe297d3e4d115171a70c534414f94edaac325622c6f280a934d0,173d37070313134f,ok,True,,,file_block_0005
00799.jpg,训练集/00799.jpg,有漂浮物,1920,1080,71a4905a77b5c60359af4250e50bd1b677c458557b551a4f404fe0dcba07942c,1f3d370f1f1f9bce,ok,True,,,file_block_0005
00800.jpg,训练集/00800.jpg,有漂浮物,1920,1080,f793a83f01885e47bb247f2d881f2be1bfef11f75aa556718f89e194cfb46faf,073f27070f07a3ee,ok,True,,,file_block_0005
00801.jpg,训练集/00801.jpg,有漂浮物,1920,1080,82e2cfcdd89e13144830a96fc209a3e70d7d92671528ea10d988e5449af07be6,073f3707070703cf,ok,True,,,file_block_0005
00802.jpg,训练集/00802.jpg,有漂浮物,1920,1080,4e86ee81da008936103d86f70deefd2a9f4de54960a31f864c4eaa6ad86324a4,0f3d370703038bce,ok,True,,,file_block_0005
00803.jpg,训练集/00803.jpg,有漂浮物,1920,1080,ae2eccd29b1ac4ae3edf4cae267202699d9dae617a349d86343a3d8a80ae7078,073d3707071f3fce,ok,True,,,file_block_0005
00804.jpg,训练集/00804.jpg,有漂浮物,1920,1080,f7fbbec3774251dab5dcdc3b83dd0f914c5ce88045f8fd8f149062038e55ad02,173f37070f1f97d6,ok,True,,,file_block_0005
00805.jpg,训练集/00805.jpg,有漂浮物,1920,1080,47e92cf15bf358dbaf55a7c06e51d3529551c849c39a71ac95a9a56aad75eff3,0f3f37078f3f7f6f,ok,True,,,file_block_0005
00806.jpg,训练集/00806.jpg,有漂浮物,1920,1080,0de8225e2e6d60a9b223fd21067a657e8e4de4b280e9ebc40304b918d41ef214,073d37070f8f8fcc,ok,True,,,file_block_0005
00807.jpg,训练集/00807.jpg,有漂浮物,1920,1080,5d973046d0cc19665c50514675660158083b011285060d683e07af7de51c1f9a,0f3d37070f8fafc8,ok,True,,,file_block_0005
00808.jpg,训练集/00808.jpg,有漂浮物,1920,1080,e2f859f872f8072d55570a53a37cf179ea5e782ee7fe1d4a5ca0e38187baf149,173d3707078f9fcc,ok,True,,,file_block_0005
00809.jpg,训练集/00809.jpg,有漂浮物,1920,1080,9a8797f43785f3082d6c96a07ec3ec34032b50b56a280e3b4d69ca23371ae14a,073d37070d3cf8c9,ok,True,,,file_block_0005
00810.jpg,训练集/00810.jpg,有漂浮物,1920,1080,8a8207ef736c2568c7230a2a6bba2e40d070c5d650354e3f8a56712c67d817d4,0f3d370f1fbffcd8,ok,True,,,file_block_0005
00811.jpg,训练集/00811.jpg,有漂浮物,1920,1080,37312813201dbb7b0f01eec6b8efbbb66496d154e870af54c2eb147f5b707c52,0f3d37070f9fcfda,ok,True,,,file_block_0005
00812.jpg,训练集/00812.jpg,有漂浮物,1920,1080,963cd93e82eaf8c608bf05c70f4a48f3c73b5e5306afe7253feb905d98595ef5,073d3707078fcfd5,ok,True,,,file_block_0005
00813.jpg,训练集/00813.jpg,有漂浮物,1920,1080,925f7e903517c722e0384c49b14892c8e237b51e507382778094d852de0f072a,1f3f3f0f1f1f5f5e,ok,True,,,file_block_0005
00814.jpg,训练集/00814.jpg,有漂浮物,1920,1080,9fef89131ee935c30dbf6e6fda2ea0e22a8553a19685d78991bd85bfb47ab53c,1f3f370f1f1f5f1c,ok,True,,,file_block_0005
00815.jpg,训练集/00815.jpg,有漂浮物,1920,1080,a733ff708f278e51dddb3bcb0843f4a39675b3ec6d03c1e0d1d190bce8b2f310,073d370f8f8fbeee,ok,True,,,file_block_0005
00816.jpg,训练集/00816.jpg,有漂浮物,2688,1520,ebda8f3836a4650d940b1bf6749d4266e120103f429fcc5dab53bd92bd3946e2,0707070607070707,ok,True,,,file_block_0005
00817.jpg,训练集/00817.jpg,有漂浮物,2688,1520,196745fb020bfd0c1eae1ce1e311325c475cde26978643e65599e9f123575e38,39310f0307070317,ok,True,,,file_block_0005
00818.jpg,训练集/00818.jpg,有漂浮物,2688,1520,a81815c0deef20ddde3c7b7c200d0de582c20dd5fca3356f9401af473a7ebbd4,3f1f1f0717171f1f,ok,True,,,file_block_0005
00819.jpg,训练集/00819.jpg,有漂浮物,2688,1520,cb2f4d38f002d3b6a33201d4cbcd930553232392d69b590871efc188dfad1e69,0f1307070707038b,ok,True,,,file_block_0005
00820.jpg,训练集/00820.jpg,有漂浮物,2688,1520,0dc905d827dc9fba36ef5a30a4b3d660f322b8eea51941044f693372c73dec80,0701236727070f4f,ok,True,,,file_block_0005
00821.jpg,训练集/00821.jpg,有漂浮物,2688,1520,d07a2bf929427d32406b33222c6fff5c11689e47bc3c1387ee315c8b655c24af,8701236747070f4f,ok,True,,,file_block_0005
00822.jpg,训练集/00822.jpg,有漂浮物,2688,1520,b6b50573ed439b514556a28367da8d614f80dd4903c39d39425fbc19a99a4cb4,0701236767030347,ok,True,,,file_block_0005
00823.jpg,训练集/00823.jpg,有漂浮物,2688,1520,1fc24b0c0d0135fdf62324888e577082133079781e2584c9259d329915884d96,0701356767437367,ok,True,,,file_block_0005
00824.jpg,训练集/00824.jpg,有漂浮物,2688,1520,40245612249284942c0810d7f07925fda4bda53689189803c8ce895d10af0ef3,870161670703034f,ok,True,,near_0021,file_block_0005
00825.jpg,训练集/00825.jpg,有漂浮物,2688,1520,a937160f322cd1a6b887dd5eb3229d8910bef2933257ffd7ba4cde0def01da84,870161670703034f,ok,True,,near_0021,file_block_0005
00826.jpg,训练集/00826.jpg,有漂浮物,2688,1520,903f10b45c5f1e8c8c17cf164e65a53e9a1721ffd92b1c644a7ef84a276b56bd,8701716767075f77,ok,True,,,file_block_0005
00827.jpg,训练集/00827.jpg,有漂浮物,2688,1520,62b503fdccbb4f89dcd60975a9832b893fcc4f1b0da8bc425ada5934afa10f96,870131674703076f,ok,True,,,file_block_0005
00828.jpg,训练集/00828.jpg,有漂浮物,2688,1520,156b215d65e5eb9de0fadf0b27d81638c0be727c18b432c6acc7999b95d8f06a,87016167670f4743,ok,True,,,file_block_0005
00829.jpg,训练集/00829.jpg,有漂浮物,2688,1520,1bdd4c664cb3ff318771f2b7a6e762912ae44c4242fabe9bc840d4e45a7aa4e4,8701636767070747,ok,True,,near_0022,file_block_0005
00830.jpg,训练集/00830.jpg,有漂浮物,2688,1520,bc6e0f4ed80aaced4c23bc4a6da607c1580cefbab26ba053c6bd6a345df07b88,8701636747074747,ok,True,,near_0022,file_block_0005
00831.jpg,训练集/00831.jpg,有漂浮物,2688,1520,a554d0f18765efbd12c06c74a0cf31a88af5909eeca4f7ee876e3e272e6d96a2,8701636767070f57,ok,True,,near_0022,file_block_0005
00832.jpg,训练集/00832.jpg,有漂浮物,2688,1520,e41472cc3fd4d7d6c864b68143a617ef8f67e3c21a8aa5190512ede9406d3f93,8701236767071f5f,ok,True,,near_0023,file_block_0005
00833.jpg,训练集/00833.jpg,有漂浮物,2688,1520,30ce2c3aef43e4e60d5696342dbcdeb85a6c1716986053c41f7bcd86fcbaa9ba,8701216767070f5f,ok,True,,near_0023,file_block_0005
00834.jpg,训练集/00834.jpg,有漂浮物,2688,1520,fc1d51e1523e6c8e50cb5ce649abf588af223d281b239d482c82e6269a1e781b,8701236727070717,ok,True,,,file_block_0005
00835.jpg,训练集/00835.jpg,有漂浮物,2688,1520,7b1da0baec9a2197160fee78a5fd34028bf0d5163d072fa472c3020d3fdc9eaf,070163676707335f,ok,True,,,file_block_0005
00836.jpg,训练集/00836.jpg,有漂浮物,2688,1520,0ec6cd8513aa0bc190ba02f97823deebde3c55ec67c3baf203416aaa7daca447,0701236747030343,ok,True,,,file_block_0005
00837.jpg,训练集/00837.jpg,有漂浮物,2688,1520,50283c827cf3804190b4748746bbc26993e4d540db248abd34358bff16c5223d,0701616747030757,ok,True,,,file_block_0005
00838.jpg,训练集/00838.jpg,有漂浮物,2688,1520,26503966759e4bfd83b5283bdc4954fc6a79c73747c181eb714d1da243f55d52,0701233707032327,ok,True,,,file_block_0005
00839.jpg,训练集/00839.jpg,有漂浮物,2688,1520,2c027fa73b8bc28e3892fa71fe8c79f3e5da68c0efd8277371da30f5e9f81772,8701232727070763,ok,True,,,file_block_0005
00840.jpg,训练集/00840.jpg,有漂浮物,2688,1520,5b2f51f87bacec6e0667895656e3b6682bb288923c9d2b38391aae2758edcf21,8701236747034f5f,ok,True,,,file_block_0005
00841.jpg,训练集/00841.jpg,有漂浮物,2688,1520,01f939651693190193025a8d5b6c620ab7045e6b15f8637081bb7d9445b09411,0503032707030357,ok,True,,,file_block_0005
00842.jpg,训练集/00842.jpg,有漂浮物,2688,1520,ac74d91484525bc520b890f26f4853323ad4a299f8d5361a11fa63ea7e53b304,0703036703030353,ok,True,,,file_block_0005
00843.jpg,训练集/00843.jpg,有漂浮物,2688,1520,a13549c8f97d527582879ab02165c93fcf986f68afcf34a05e5ba5f7e69a912e,0703030707070767,ok,True,,,file_block_0005
00844.jpg,训练集/00844.jpg,有漂浮物,2688,1520,a181bc3dbeb12604218a8843af66f6c5afa01644de5232dc259ab54cab8009ed,0703030707030363,ok,True,,,file_block_0005
00845.jpg,训练集/00845.jpg,有漂浮物,2688,1520,753238085ca9e8b8ff6f4b151b8175a44c65a704a5b1aded6576631e02001059,8501230707030343,ok,True,,,file_block_0005
00846.jpg,训练集/00846.jpg,有漂浮物,2688,1520,893fc7f1ab8e4ffd101c72cadb1d7c9261951b18bbfc3e414a51b7d2e75f985f,07032367070f0f47,ok,True,,,file_block_0005
00847.jpg,训练集/00847.jpg,有漂浮物,2688,1520,d0f31e97ff24c38a1ca432eef7c123e94971119be48520b3a685f9c4209cf7ea,050123670703036b,ok,True,,,file_block_0005
00848.jpg,训练集/00848.jpg,有漂浮物,2688,1520,e14ed3e7d3404e2336649f19f8d408eb5ac01d61318e179c7afedce2a320d72b,0703236707070767,ok,True,,,file_block_0005
00849.jpg,训练集/00849.jpg,有漂浮物,2688,1520,4346d334cf3b4259ef6a7d0db43781a7b0786fac59f81c18bf0f234688788953,07032367070f1b73,ok,True,,,file_block_0005
00850.jpg,训练集/00850.jpg,有漂浮物,2688,1520,7e5186b2e3fbc546fed908a2625acd6fd723b5d03117eca644aba86741b255ea,07032327070f1f3f,ok,True,,,file_block_0005
00851.jpg,训练集/00851.jpg,有漂浮物,2688,1520,948ccf774a46415b04205616fb03d7f636233102655b4ddab4a2a60efcac0f52,0703032707070717,ok,True,,near_0024,file_block_0005
00852.jpg,训练集/00852.jpg,有漂浮物,2688,1520,73d78c7fc9b777c78ef36a7970e1ef5c70f870548dbf89a2b669cd270d8a9ff6,0703032707070713,ok,True,,near_0024,file_block_0005
00853.jpg,训练集/00853.jpg,有漂浮物,2688,1520,33197a62387d3b36c42a7e9ca2349c60027b18bc43aff86ac6453872a06ea32a,0703236707074343,ok,True,,,file_block_0005
00854.jpg,训练集/00854.jpg,有漂浮物,2688,1520,222c10ae6f1846fba119b30ad0ccb076c64871bc008f124b2a4353529eff5193,8701736747179767,ok,True,,,file_block_0005
00855.jpg,训练集/00855.jpg,有漂浮物,2688,1520,0f1153975a23dc18882c2abfa3537ea353f42e32b94279a993e1597bfef3dc4a,870121670707075b,ok,True,,,file_block_0005
00856.jpg,训练集/00856.jpg,有漂浮物,2688,1520,30a943b5cb5b0c9ae6b5ac8c24182e81b2ad1245e7969a785e88cef0c787da53,87016167070f2777,ok,True,,,file_block_0005
00857.jpg,训练集/00857.jpg,有漂浮物,2688,1520,532fdd3f3dab1429180f496045fc141cbe63b5a12caec246782f7d2a75d679c4,0701376767031737,ok,True,,,file_block_0005
00858.jpg,训练集/00858.jpg,有漂浮物,2688,1520,00b4c24a3cb9ff62d920e5cc92fdf4f8a595c252b053e55f043b6f6059fbd9cd,07013767470f1b17,ok,True,,,file_block_0005
00859.jpg,训练集/00859.jpg,有漂浮物,2688,1520,b09e7add8a4013ca97dd70576c21e0f0fc11004c82688992f52cac3a42769503,870135674723036b,ok,True,,,file_block_0005
00860.jpg,训练集/00860.jpg,有漂浮物,2688,1520,220680daf3ea32ffaf7080957eff5ca5d2d9c5e6b2510557e7cec4b944e59f83,0501376747030707,ok,True,,,file_block_0005
00861.jpg,训练集/00861.jpg,有漂浮物,2688,1520,7c6a43260927e9cbff33e9fce304613f512564792bda1e2a30b492dc1552a1c9,870171674707137b,ok,True,,,file_block_0005
00862.jpg,训练集/00862.jpg,有漂浮物,2688,1520,d69d3e157206ad365bb991a9edfac279cae187b7d144c9d4266cebd18b0dbc5d,8703716747073b3b,ok,True,,,file_block_0005
00863.jpg,训练集/00863.jpg,有漂浮物,2688,1520,91bbb464a7a574dfc63ce61b589b46d8e5e0c1abe425bd56057d878f7d5fc5ae,8701716727070f0f,ok,True,,,file_block_0005
00864.jpg,训练集/00864.jpg,有漂浮物,2688,1520,7f90f145cbaf138e088ec5d15575f40760869f22384a30682f06fe0eadc6b316,8501316307777373,ok,True,,,file_block_0005
00865.jpg,训练集/00865.jpg,有漂浮物,2688,1520,1aca89fa4c54122d264fa52908b02c91d23b4762ea7d462c31c183810c451442,0701234707030347,ok,True,,,file_block_0005
00866.jpg,训练集/00866.jpg,有漂浮物,2688,1520,c79dcd16c417929fab1ae3bb58cb1edde27577e7d1e4d36dbfd93416e635f4e5,8701616727030347,ok,True,,,file_block_0005
00867.jpg,训练集/00867.jpg,有漂浮物,2688,1520,d60ac660db9c5c76d96f6af454deab1c9f47750e065779da1e55b5776c759a04,870161670707077f,ok,True,,,file_block_0005
00868.jpg,训练集/00868.jpg,有漂浮物,2688,1520,eed61f2d668665177d65e01f2b79f7065674f34038c5fbcc7d1536294d7464dd,8701616727674767,ok,True,,,file_block_0005
00869.jpg,训练集/00869.jpg,有漂浮物,2688,1520,09818023dfa6ba39919dcb925fbf8dc712941e85b5bdd00e99d2dc7f4f7222cc,07010147070f0f4f,ok,True,,,file_block_0005
00870.jpg,训练集/00870.jpg,有漂浮物,2688,1520,b41d4853292cef1669a1abd34dc04ec861a5cc422508ebe869bf2467233862cf,8501616707130343,ok,True,,,file_block_0005
00871.jpg,训练集/00871.jpg,有漂浮物,2688,1520,0e035694329d08b81dd2081279d0e989bcb8fb8e38f467c425518a6597a995d9,8701214707070747,ok,True,,,file_block_0005
00872.jpg,训练集/00872.jpg,有漂浮物,2688,1520,9d7c203c350785e5d01aa7b488ca9e7d1d345c1e1b0c389771f1e14049cc0a5f,0701234707070343,ok,True,,near_0025,file_block_0005
00873.jpg,训练集/00873.jpg,有漂浮物,2688,1520,47b80689167f91ce00af67c2442d9e3c9a042886279f0ce48c20d0e2573f8ec4,0701314707171353,ok,True,,,file_block_0005
00874.jpg,训练集/00874.jpg,有漂浮物,2688,1520,33196105d0041d275d2343b20c689e02470439bbb837ce32af50aedba2427fd3,0701314707070343,ok,True,,near_0025,file_block_0005
00875.jpg,训练集/00875.jpg,有漂浮物,2688,1520,3458d44e224481aa0cb0fd41ab3bd7b0a291ebc7b7b0ad975679239c6ba5fc12,87017167070b0b4f,ok,True,,,file_block_0005
00876.jpg,训练集/00876.jpg,有漂浮物,2688,1520,36ee4bf976a621606f9873037487cde1fba4858b126055dd5000e1ef3626e65e,8701716707034747,ok,True,,,file_block_0005
00877.jpg,训练集/00877.jpg,有漂浮物,2688,1520,38aab1f806683cfd7d37d7c4244186662ad4d42afdf98e07e65fa2397039e12b,870161670707075f,ok,True,,near_0026,file_block_0005
00878.jpg,训练集/00878.jpg,有漂浮物,2688,1520,ec6294719f73a8a612a8654c06608064c698500dd2d11aaddbc7d0ba5aeb9679,870161672727334b,ok,True,,,file_block_0005
00879.jpg,训练集/00879.jpg,有漂浮物,2688,1520,bf8112d8ca4612d73ed51f222ffb3f90f60be56f952fabf6ca5c51c4cbc66451,070161670707074f,ok,True,,near_0026,file_block_0005
00880.jpg,训练集/00880.jpg,有漂浮物,2688,1520,e22e67f85c83704777d33537313c94bf0d5e24c9d82e8c5cc7195002cf625f62,0703030707070f4f,ok,True,,,file_block_0005
00881.jpg,训练集/00881.jpg,有漂浮物,2688,1520,f56834501278a8a8a622b09654d6239e0c2704d4aa54c441a3539f25e7bacbc3,0703234707070747,ok,True,,,file_block_0005
00882.jpg,训练集/00882.jpg,有漂浮物,2688,1520,bc5a66da7cad148ba9a375e536864806cdccecd6a18deb2b763b3bd06fb30226,87012147071f171f,ok,True,,,file_block_0005
00883.jpg,训练集/00883.jpg,有漂浮物,2688,1520,6ee15280e371915da4ce1db4e8d6d047643d5ca2b7adaae66fb7dffdc90c0b7b,0701634707070f4f,ok,True,,,file_block_0005
00884.jpg,训练集/00884.jpg,有漂浮物,2688,1520,b63c4110f752de0d78e5565a207c9682b41faae7fd5bf9215c83e881a79459ba,0701234707070743,ok,True,,,file_block_0005
00885.jpg,训练集/00885.jpg,有漂浮物,2688,1520,45a099193310eb7206d1e5eb7f5b059e0492f4c65f87a64dc4fbde4555a95c67,070163470727276b,ok,True,,,file_block_0005
00886.jpg,训练集/00886.jpg,有漂浮物,2688,1520,ea497530a97db20882a2754bd4f39f4644832f8c9bdecc940a4ca755f9430d12,8701634707030743,ok,True,,,file_block_0005
00887.jpg,训练集/00887.jpg,有漂浮物,2688,1520,d874d4c13a56b926e1fdb35c35f73180762ebc0b6214cacbde3d3a3fb4867a7d,8701616707030747,ok,True,,,file_block_0005
00888.jpg,训练集/00888.jpg,有漂浮物,2688,1520,aa17fba49fccf33d4735bfdc6eeedd26a9c260664432883b5ad92efeaba909d8,87032307271f0b43,ok,True,,,file_block_0005
00889.jpg,训练集/00889.jpg,有漂浮物,2688,1520,d19ed3506e20064a03761a12cd07ca801b0fe839b43fb388ecf173a312ff3169,0f070f0f0f0f074f,ok,True,,near_0027,file_block_0005
00890.jpg,训练集/00890.jpg,有漂浮物,2688,1520,ce400fbd8bfec02b0a57dd2892dcd951085df333be2dd619bd0e32dd3b002915,0f0f0f0f0f0f0f4f,ok,True,,near_0027,file_block_0005
00891.jpg,训练集/00891.jpg,有漂浮物,2688,1520,c60e661257c0c3f1ad3974ca81a0f6eab9ec15bfc85b985428af4707eba0a782,0f0f0f0f0f0f0f77,ok,True,,,file_block_0005
00892.jpg,训练集/00892.jpg,有漂浮物,2688,1520,25b94035160aa06d7a33de8206a507e677a9b94a526bb0e6fcc988c3a547d19b,1f1f0f0f0f0f1f7f,ok,True,,near_0028,file_block_0005
00893.jpg,训练集/00893.jpg,有漂浮物,2688,1520,058b445a62655f02af13e447aec7d3129bd0e16e01efbbda3a770bf4e8c68fc8,3f1f0f0f0f0f1f7f,ok,True,,near_0028,file_block_0005
00894.jpg,训练集/00894.jpg,有漂浮物,2688,1520,a9b47127fa6056643e2cfd0cd226d28d88ea989a46ba4824ef5bcd40cb5f1d10,3f1f0f0f0f0f1f7f,ok,True,,near_0028,file_block_0005
00895.jpg,训练集/00895.jpg,有漂浮物,2688,1520,867ce56ab945bb82078f91621846f738ec8480768850f61eb5ca28642fd3bee8,3f3f1f0f0f0f1f7f,ok,True,,near_0028,file_block_0005
00896.jpg,训练集/00896.jpg,有漂浮物,2688,1520,7c5beacb6ccb7cca8627d5b099e4ceec6863b212522be99cc8e3d33f6da65e21,1f0fea80230a0d5d,ok,True,,,file_block_0005
00897.jpg,训练集/00897.jpg,有漂浮物,2688,1520,be4de7006ac3d9deef254680553400b06dfab7123c31d2e26c6ec9abb60e3355,1f1fe302232f1f5f,ok,True,,,file_block_0005
00898.jpg,训练集/00898.jpg,有漂浮物,2688,1520,3108a9eaead769ec735c1ddff9106158519e418d5a84b2a106c17b6088f6fa4e,0103030207070745,ok,True,,,file_block_0005
00899.jpg,训练集/00899.jpg,有漂浮物,2688,1520,a8f5b48af0284b19b5621d503b549f0be85e876538eaab0e24e82c390d3d27e8,0f1fe302236f7f67,ok,True,,,file_block_0005
00900.jpg,训练集/00900.jpg,有漂浮物,2560,1440,1f3853cf33cc7cd422ce4d73ffc7537f2a97407053054ec82d768f63c8802f06,8181038109088081,ok,True,,,file_block_0005
00901.jpg,训练集/00901.jpg,有漂浮物,2560,1440,3d85a07bbcf0590065c8e80fdda7c070174dd7fa55b97681d4c6a11fcdc50dd2,8181038b1b9c98c8,ok,True,,,file_block_0005
00902.jpg,训练集/00902.jpg,有漂浮物,2560,1440,1bdc76c1b55e6bbcfae732f499f55d39d1ba68c39e8ae3b8a1a56c91362f1301,81810381399c8cc8,ok,True,,,file_block_0005
00903.jpg,训练集/00903.jpg,有漂浮物,2560,1440,69fdbcb8e69d9c46e34f669001552018c47a291131a6ffed39a78e17498eaadc,818183830b868888,ok,True,,,file_block_0005
00904.jpg,训练集/00904.jpg,有漂浮物,2560,1440,5525cdf59ebf8e95be9d02e650bf3c8febb031b4c121c2a5342eb11d8c5c775b,818103830b148c8c,ok,True,,,file_block_0005
00905.jpg,训练集/00905.jpg,有漂浮物,2560,1440,86de46e34e8bea56e5be51afb2ac73269140be4c1751b58acbff229c2f3a3b92,8181039b198d8dc9,ok,True,,,file_block_0005
00906.jpg,训练集/00906.jpg,有漂浮物,2560,1440,cc6cad35bdad556a8526467f1a95d1036d06d5cce1b6c9f576b366e063037fd6,918103933b9b98c8,ok,True,,,file_block_0005
00907.jpg,训练集/00907.jpg,有漂浮物,2560,1440,c6a8ade5f5ae35230c39e8c332c64712f2bcdb30b322c646b3191c226b81954e,8181038b0b868e89,ok,True,,near_0029,file_block_0005
00908.jpg,训练集/00908.jpg,有漂浮物,2560,1440,5b9263b0dc0bc5b189fb78bfc6a08b30c9f504af4edd0b0c076640f2263e82cb,8181038b098e8e89,ok,True,,near_0029,file_block_0005
00909.jpg,训练集/00909.jpg,有漂浮物,2560,1440,5872de5763b052816918d13354e6b94e776558c504a5b56cd7c361bc5ab4a1d4,91810399199c9cc9,ok,True,,,file_block_0005
00910.jpg,训练集/00910.jpg,有漂浮物,2560,1440,e0f825807320bf57b241eee7fa2fa81fa7b8e48ab70d4d41b74b778d6b6b919e,8181039139908085,ok,True,,,file_block_0005
00911.jpg,训练集/00911.jpg,有漂浮物,2560,1440,371c24eb3d6513d48a824e95d2a863b102ecee47a29359c85d8948da136d23b6,81810383098d8981,ok,True,,,file_block_0005
00912.jpg,训练集/00912.jpg,有漂浮物,2560,1440,32da5f29764b91ac29869e0a0d3792d368a7213fc9c9f8b8dccee3951133f53b,8181038109888081,ok,True,,,file_block_0005
00913.jpg,训练集/00913.jpg,有漂浮物,2560,1440,a98a7045b8c756db9e75309bf1fddfa88f806034f08c5dac21ab28a3ecca5675,81810389199888c1,ok,True,,,file_block_0005
00914.jpg,训练集/00914.jpg,有漂浮物,2560,1440,54be208a6866628824535e8eb706eb743bbe130f73f9b94ba7e40b0f3a4c22d4,8181038909008189,ok,True,,,file_block_0005
00915.jpg,训练集/00915.jpg,有漂浮物,2560,1440,21f76b60d0fdb7d8fea780fcdee4c78c83c79ade4cdf62dc9f67243f24d2aedc,90c1839938389888,ok,True,,,file_block_0005
00916.jpg,训练集/00916.jpg,有漂浮物,1920,1080,5b005b0df9a79fff72d57dea9e92e35bcc9fdbc8d962c8657a64067fb6a6fc77,8f9707878f0f0d01,ok,True,,,file_block_0005
00917.jpg,训练集/00917.jpg,有漂浮物,1920,1080,85c301b82af8f94547aa35ba2ed9ff4ded376df18da23db2d01ed962b68a2615,e0e0203010f0b3fb,ok,True,,,file_block_0005
00918.jpg,训练集/00918.jpg,有漂浮物,2688,1520,ca48e25d301655664553cfcb3f49194c9a42b45c2a87e663e0f81f9c7f90d66b,0f0f2f0f0f0f0f4f,ok,True,,,file_block_0005
00919.jpg,训练集/00919.jpg,有漂浮物,2688,1520,f603df9d50b1f9fb77f11259326e409799937802c65b76a9dc7ebbdbc4856941,0f0f0f1f1f0f8f4f,ok,True,,,file_block_0005
00920.jpg,训练集/00920.jpg,有漂浮物,2688,1520,061db2aeb6fe0b2a7a5bb4bd520c44b7f1d803ea5da0e859f6e2f7146fe0f1f6,1f1f3f0f0f0f0f1f,ok,True,,,file_block_0005
00921.jpg,训练集/00921.jpg,有漂浮物,2688,1520,b94f1db8cf5aba955dd30a5e02863d1640f5c9e75920677df5a9001b4e994c00,0f0f3f1f1f0f0f4f,ok,True,,,file_block_0005
00922.jpg,训练集/00922.jpg,有漂浮物,2688,1520,ad7a3afb8baa7b3091d60b4cfbb17a1b531127f23a916436a6ca273474f45f77,1f0f7f1f1f0f8f5f,ok,True,,,file_block_0005
00923.jpg,训练集/00923.jpg,有漂浮物,2688,1520,7a83464c8a7f7cb7970f7ed2c34e4d758c52577a6e3e0f3ec9eb37a691923e22,0f1f3f0f0f0f0f4f,ok,True,,,file_block_0005
00924.jpg,训练集/00924.jpg,有漂浮物,2688,1520,93ea6c1257c8e58b995bac12ffee054e317341b843724bcf071ca9599d37e562,070f0f0f1f0f0f4f,ok,True,,,file_block_0005
00925.jpg,训练集/00925.jpg,有漂浮物,2688,1520,d8dff17ccd064c72279397f77575167a5b65af53ccfd80d93af7c3edd7eac75e,0f0f0f1f1f0f0f0f,ok,True,,near_0030,file_block_0005
00926.jpg,训练集/00926.jpg,有漂浮物,2688,1520,630d67f998649909b056de146b13a19e48cdb26b27ba9cca3ccd18bb4f44f3aa,1f1f3f1f1f1f1f4f,ok,True,,,file_block_0005
00927.jpg,训练集/00927.jpg,有漂浮物,2688,1520,227ee359ed365bc9f88ef44713d91e1c0e9ebf43536665a62551216abb0d72c8,0f0f0f1f1f1f0f4f,ok,True,,near_0030,file_block_0005
00928.jpg,训练集/00928.jpg,有漂浮物,2688,1520,6327811160ed3070ef9247dc351a4986f2aba1802ec0ad1a5ac5d5f955690a8a,1f0f1f1f1f1f0f4f,ok,True,,near_0030,file_block_0005
00929.jpg,训练集/00929.jpg,有漂浮物,2688,1520,318496e625b501e1931abf1dd6aecbd32000eece2967488e25975abf2952c58a,0f0f1f1f1f1f1f4f,ok,True,,near_0030,file_block_0005
00930.jpg,训练集/00930.jpg,有漂浮物,2688,1520,827274c0bbae248661e616ee7a883b03517cde76243d5a38bb62f847f7a0e01e,0f172f0f0f0f0f4f,ok,True,,,file_block_0005
00931.jpg,训练集/00931.jpg,有漂浮物,2688,1520,1bb861c585ec43c609d80b0b945a69e8b3ec7ae892747a28926e7aec67943827,0f0f3f1f1f8f0f4f,ok,True,,,file_block_0005
00932.jpg,训练集/00932.jpg,有漂浮物,2688,1520,dffb1144ff65e1b30c89e63213748d063a7b5b63db49abb4f5ceec4f3d945322,1f173f0f0f8f9f5f,ok,True,,,file_block_0005
00933.jpg,训练集/00933.jpg,有漂浮物,2688,1520,ce0844370a365b41bf47470e910f081377eaf3f5824cf3191eab4723a64f3735,070f3f3f0f9f0f5f,ok,True,,,file_block_0005
00934.jpg,训练集/00934.jpg,有漂浮物,2688,1520,cde8d1e2597a242827ef9d5a926a4bcd5b59987623cd8bf26d021b3205866497,1f0f0f1f0f8f0f5f,ok,True,,,file_block_0005
00935.jpg,训练集/00935.jpg,有漂浮物,2688,1520,791359336c4cf66ea2391c0d71e6f1e04019cc0174be8a40b96fe993a1f6ad2b,1f1f1f1f1f9f1f5f,ok,True,,near_0031,file_block_0005
00936.jpg,训练集/00936.jpg,有漂浮物,2688,1520,063c6daece6c70e9fd1aa662b5ae7a8958421ee2782dd39a0437479029bcdfc2,1f1f1f3f1f9f1f5f,ok,True,,near_0031,file_block_0005
00937.jpg,训练集/00937.jpg,有漂浮物,2688,1520,fd4dc44852d42e95762cdf0bf0fff9f4162520818785c1c06a44e3d4c6108800,0f0f0f0f0f0f0f4f,ok,True,,,file_block_0005
00938.jpg,训练集/00938.jpg,有漂浮物,2688,1520,84b48fbfce83427b913b57626df6f9a6113aeacec7785f31e9f160744fe97d72,07072f2f0f0f0f6f,ok,True,,,file_block_0005
00939.jpg,训练集/00939.jpg,有漂浮物,2688,1520,0c0fcaf42525dc003f37655678418a284b6c57ed2fd4f89dab01c3eaa47adbcf,07077f0d0f0f0f4f,ok,True,,,file_block_0005
00940.jpg,训练集/00940.jpg,有漂浮物,2688,1520,99ce7167c6efb2184538c93537a29c54f0e168591f4862f9a66f01bf2bc2306a,1f1f7f0f0f0f1f1f,ok,True,,,file_block_0005
00941.jpg,训练集/00941.jpg,有漂浮物,2688,1520,10407af7a05b8e461c4c8853fd7acb44cab8c2fdd48ab914deb5f99fdb653bc4,3f3f3f1f1f1f1f1f,ok,True,,,file_block_0005
00942.jpg,训练集/00942.jpg,有漂浮物,2688,1520,688707dd3743dfcb3e78697c0124f6aa516f6932ab5530ea18fe4d6e2a81478b,01032f0f0f0f0f4f,ok,True,,,file_block_0005
00943.jpg,训练集/00943.jpg,有漂浮物,2688,1520,39c7f1c427eb64a00152b06d88f4dbf79918b3136cab919abec8ee8256ea30d9,3d1f3f1f1f1f1f5f,ok,True,,,file_block_0005
00944.jpg,训练集/00944.jpg,有漂浮物,2688,1520,e8b729894d7395e1e137a4d8f58f5fbb918646fe0299ecf814764a0b824fc06b,0f0f0f0f1f0f0f5f,ok,True,,near_0032,file_block_0005
00945.jpg,训练集/00945.jpg,有漂浮物,2688,1520,4343a397c475daf450446e8b34c2716eb4dd0d2be445fb602a1a8de7a837343e,1f0f0f0f1f0f0f1f,ok,True,,near_0032,file_block_0005
00946.jpg,训练集/00946.jpg,有漂浮物,2688,1520,0b75a1fe2b904f73b08d06b120e93eaf401e54d3ffb1bda5f36dc32e7f6101d9,0b1f7f1f0f0f1f1f,ok,True,,,file_block_0005
00947.jpg,训练集/00947.jpg,有漂浮物,2688,1520,05422d081315ec6720c203f88e42cc953795de1c06543dc6f0a4ee09e05f5d31,7f3f7f0f0f1f1f1f,ok,True,,,file_block_0005
00948.jpg,训练集/00948.jpg,有漂浮物,2688,1520,9484eb2675a56b29ab4a3ac24b499b1ad1d147b5425347e9f26a6890dc57f2ce,3d3f7f0f0f0f1f1f,ok,True,,,file_block_0005
00949.jpg,训练集/00949.jpg,有漂浮物,2688,1520,8bbe4eef53c96e9f2c89e2a935ba9fe7b2d28c790c2b92aeaab817325d275af8,07076f0f1f0f0f1f,ok,True,,,file_block_0005
00950.jpg,训练集/00950.jpg,有漂浮物,2688,1520,1e48516453ea6e16e20832f349900d63d188aa28de963a28d19b9b08cea5360e,03076f0f0f0f0f4f,ok,True,,,file_block_0005
00951.jpg,训练集/00951.jpg,有漂浮物,2688,1520,c203f1354bc1026361c865e32bf92e2d18becbb4ce66a0fe111a2b6673054447,371f7f0d1f1f0f2f,ok,True,,,file_block_0005
00952.jpg,训练集/00952.jpg,有漂浮物,2688,1520,5fe21bb08065c3b13e2b899717092688b0b825fe18f19d87bb24b29e674ed928,0f1f7f0f0f0f1f4f,ok,True,,,file_block_0005
00953.jpg,训练集/00953.jpg,有漂浮物,2688,1520,add5b0339c6c861210b8d161fe0a71db9c4d4c5537fe6526bccaf5b377bb376c,37076f0d0f0f0f2f,ok,True,,,file_block_0005
00954.jpg,训练集/00954.jpg,有漂浮物,2688,1520,07f1cebf3b5fd4fdde153d27314cac5450dcb59684944689120bbe83024e712d,8f8f6f0d0f0f8f1f,ok,True,,,file_block_0005
00955.jpg,训练集/00955.jpg,有漂浮物,2688,1520,36fe91e96076c52d16243b713a8a58072c0ba039d76c2c8d2c932f9435b525e0,072f7f4d0f0f0f6f,ok,True,,,file_block_0005
00956.jpg,训练集/00956.jpg,有漂浮物,2688,1520,19b270fc4bf0e9dec28147f4fa1918d053739c343cc3debb8ee2ca6074ed3fb2,0f0f3f0f0f0f0f0f,ok,True,,,file_block_0005
00957.jpg,训练集/00957.jpg,有漂浮物,2688,1520,f19243ac59a3a678b482d594a0221173c04b01e95e3139f088c2bfa1080eafe6,37276f0f0f0f3f7f,ok,True,,,file_block_0005
00958.jpg,训练集/00958.jpg,有漂浮物,2688,1520,c11e492405458e3a1b8fd382d040d3b052b64a1db162d2f6379b178267e36196,07070f0f0f0f0f4f,ok,True,,,file_block_0005
00959.jpg,训练集/00959.jpg,有漂浮物,2688,1520,514e86784c779bad99a19962273415a98b16e58bd07d1619f8af59311d6b4f92,1f1f0f0f0f0f1f1f,ok,True,,,file_block_0005
00960.jpg,训练集/00960.jpg,有漂浮物,2688,1520,4040e35f975374b52c21853f2ba6d4b9e5bc276d8eebe351dfaa9daa35dc1fe1,cf8f2f0f0f8f0f5f,ok,True,,,file_block_0005
00961.jpg,训练集/00961.jpg,有漂浮物,2688,1520,493d01d673db937795b1ea9a33aca7e950abd6fc6d6871b1b476bb3cf77eae87,1f1f7f3f1f1f1f4f,ok,True,,,file_block_0005
00962.jpg,训练集/00962.jpg,有漂浮物,2688,1520,096d5ab836de36a81d93dd3fc957f00e1e66bb357fc1a2b642c837c89f7539a6,0f1f2f1f1f8f0f5f,ok,True,,,file_block_0005
00963.jpg,训练集/00963.jpg,有漂浮物,2688,1520,12ea82f5cad1259b74d1d4fd3c6f2022bf54b2bf5ae7468ec16ce5d72c5e0336,0f0f3f0f1f0f0f5f,ok,True,,,file_block_0005
00964.jpg,训练集/00964.jpg,有漂浮物,2688,1520,e82bfaf2ca72b76d9e60e4212e7e38d68b75f974a5acd8652052216165b5e510,07072f0f1f0f0f5f,ok,True,,near_0033,file_block_0005
00965.jpg,训练集/00965.jpg,有漂浮物,2688,1520,3fde2ef6a91f9b8ec268b81c4b293edf0ee75269a4e4d3b709f54b2d4cb8d1a7,070f2f0f1f0f0f1f,ok,True,,near_0033,file_block_0005
00966.jpg,训练集/00966.jpg,有漂浮物,2688,1520,ae369212f9b798eb0dcee06bde2fcb3c1f57aba037e7ea7d6f1eb4351231ba6a,0d1f3f1f1f0f1f5f,ok,True,,,file_block_0005
00967.jpg,训练集/00967.jpg,有漂浮物,2688,1520,9ae7d055f41a5acb2eb2aef4a68394e0728a3c5f690fc81bd7be138c5e876db8,1f2f3f1f0f8f0f1f,ok,True,,,file_block_0005
00968.jpg,训练集/00968.jpg,有漂浮物,2688,1520,416ac8da1bd09c4a2d33e0a5d6fb4fc35b5cb28cf7d851058b32514ea389e887,0f0f0f0f0f8f0f1f,ok,True,,,file_block_0005
00969.jpg,训练集/00969.jpg,有漂浮物,2688,1520,2182ea87829f02fc89303b47dfa2e49434a1e0e8eb346f72b3bd66ae9cc33343,07070f0f0f0f0f47,ok,True,,,file_block_0005
00970.jpg,训练集/00970.jpg,有漂浮物,2688,1520,3231af98f325a61ddf4f599d5273dbdaad89c58135a0b453ee3d2ba26552e19a,251f6f0d0f0f9f6f,ok,True,,,file_block_0005
00971.jpg,训练集/00971.jpg,有漂浮物,2688,1520,bcef363e36bd5059ba7b268b91de659c73b50e3c834c9ed4bcf8d775d0b6ebd6,0f0f2f0f1f0f0f4f,ok,True,,,file_block_0005
00972.jpg,训练集/00972.jpg,有漂浮物,2688,1520,33ec73c26a39ed31b1c0c30fc68f4fb45e5b0d973e9c61f7cee08740b9e87868,0f0f7f1f0f0f0f6f,ok,True,,,file_block_0005
00973.jpg,训练集/00973.jpg,有漂浮物,3840,2160,176f6a6f9876ebe191f1f6c2733a7adee091dd57cd59f1c81053afbf35d7c339,df7f33031f1f3d3d,ok,True,,,file_block_0005
00974.jpg,训练集/00974.jpg,有漂浮物,1920,1080,49f6747754e1b930efbb49fa152bb436d58ee7d2f77f2fd289369b9d4f0dbc49,03070703070f0f1f,ok,True,,,file_block_0005
00975.jpg,训练集/00975.jpg,有漂浮物,1920,1080,ec0dcf1d5868bb00fbe1b3a036498a7dc8cc2cf0538be2435ab8bcec6ca53720,070307070f070f17,ok,True,,,file_block_0005
00976.jpg,训练集/00976.jpg,有漂浮物,1920,1080,c2486c54f9e0b4b0607ca08d3f6ef95fb3b2b44d9c058413671c6cbe6758bca0,070707070f0f1f1f,ok,True,,,file_block_0005
00977.jpg,训练集/00977.jpg,有漂浮物,1920,1080,6d691436e88b1c71991ea106267273b4122615937ff776c24a3f226773f1c747,070307070707071f,ok,True,,,file_block_0005
00978.jpg,训练集/00978.jpg,有漂浮物,2560,1440,6f4ab5fedfcc8859899e939337348221a7578b3c37e52c8c97f781741a894957,1d7c1f0f1ff9c303,ok,True,,,file_block_0005
00979.jpg,训练集/00979.jpg,有漂浮物,2560,1440,3f7545cd098005c966bc8a045dec26b6843451822f592f7b3caf45ed6b471b5e,453b3e3807373a73,ok,True,,,file_block_0005
00980.jpg,训练集/00980.jpg,有漂浮物,2560,1440,c0a6e471bd2d158eecf57c9fad16d9df79f2e515617ce89a00839a469e5245c0,703b3e3cd2073e72,ok,True,,,file_block_0005
00981.jpg,训练集/00981.jpg,有漂浮物,2560,1440,a0f6084cf1c1823e1867e4669f81e74cc564a51bf38b6e6a4415bcfa9fe65509,61333f3cd3073c7b,ok,True,,,file_block_0005
00982.jpg,训练集/00982.jpg,有漂浮物,2560,1440,01955ef1b394fe573bbec06411f77d1afb2eda527293c59f76ed0866d0451327,41273f3cc3073d76,ok,True,,,file_block_0005
00983.jpg,训练集/00983.jpg,有漂浮物,2560,1440,50cbd36bba58439f8ff0b6db7fedee42b979bf7c94185ec582aa94da4a339e05,41333f3cc307387a,ok,True,,,file_block_0005
00984.jpg,训练集/00984.jpg,有漂浮物,1920,1080,fc6cfae83ce16e7373efbec5ce54cb58bf89c50024d53ac4101b2bea098287d0,1b6f65e747436383,ok,True,,,file_block_0005
00985.jpg,训练集/00985.jpg,有漂浮物,1920,1080,ed529dc1e488a145b68339acd37d75cf850828d0a2399da7d481e250aa1503f7,79696d656f0b4b7b,ok,True,,,file_block_0005
00986.jpg,训练集/00986.jpg,有漂浮物,1920,1080,07a4e7b228cfd2f073abfee4e94d2631f86c2aec80d6cf844310f97fcf821f08,39696d656fc3e3f3,ok,True,,,file_block_0005
00987.jpg,训练集/00987.jpg,有漂浮物,1920,1080,60288aa3b2c35965321abdd805414e3963ba8050f1d41b964a8a8473a033ae5f,796d6d65670b0b0b,ok,True,,,file_block_0005
00988.jpg,训练集/00988.jpg,有漂浮物,1920,1080,1dc5565449c43369fec86e9def37dadaf4f53182de4d75a3eef2ddc0a2fa3d52,3b696d65e7c17979,ok,True,,,file_block_0005
00989.jpg,训练集/00989.jpg,有漂浮物,1920,1080,623508a5e764f48e8241a24498b14f548d974b4e2d1d2fc9010179b48cf2c914,3b696de56f7f3b5b,ok,True,,,file_block_0005
00990.jpg,训练集/00990.jpg,有漂浮物,1920,1080,1788c1b7af32fa2ff34e0569f681e50f2d7b297013f0e0070382e0a8e6fa17a1,19696d656703030b,ok,True,,,file_block_0005
00991.jpg,训练集/00991.jpg,有漂浮物,1920,1080,4a33669ea8cc9e94e72343408de630e65cb4fd5c15c7e1dd8462ecb07606111d,19296d6525215103,ok,True,,,file_block_0005
00992.jpg,训练集/00992.jpg,有漂浮物,1920,1080,a88baafcc3f7b6023de33c1040e2645c7101fd8e6eb9a293911cbf153af83e2a,19296d6567010123,ok,True,,,file_block_0005
00993.jpg,训练集/00993.jpg,有漂浮物,1920,1080,3707ee3681fc4ce2fefe9a325bf329e1d626a3935b6d294eb4f6a61432d8568c,6b6f6f6f676b3333,ok,True,,,file_block_0005
00994.jpg,训练集/00994.jpg,有漂浮物,1920,1080,d5ea14e1a987cdead57583da7c09364a2fe39628ddfb9f8e0c6df76f7d239517,1b396d656571e1f1,ok,True,,,file_block_0005
00995.jpg,训练集/00995.jpg,有漂浮物,1920,1080,cd276c03259bed6e7c5d2772c114b29eb5a59342cdeb6e4e09c2f483dcba9d7c,19696d6567733b1b,ok,True,,,file_block_0005
00996.jpg,训练集/00996.jpg,有漂浮物,1920,1080,1733d4ea0df29c00dd59e4797fa196d79a0d9feb8c7c70e783de32fce21adcc0,19294d65071b0b0b,ok,True,,,file_block_0005
00997.jpg,训练集/00997.jpg,有漂浮物,1920,1080,ae096449395e9fe8fc494879bef48c2f8068216bf04d3d436d9932763b52ecc2,190965650f3b3b39,ok,True,,,file_block_0005
00998.jpg,训练集/00998.jpg,有漂浮物,1920,1080,a1cf77c45d838e98a4b4dc5da875ea148cd99e86383474f42786eaaea7165c1d,192b6dc507030b0b,ok,True,,,file_block_0005
00999.jpg,训练集/00999.jpg,有漂浮物,1920,1080,b614e0db090777110ad4b72cccb895c4a56d88c4346aa1086cca3e68c7afb30e,096d6d67379b3b79,ok,True,,,file_block_0005
01000.jpg,训练集/01000.jpg,有漂浮物,1920,1080,9916086e70d2b149f4e2f3e0b15837cb3d75de8ac9457d6dd0b2dfca69599c1d,1b296de5e1e1e1d9,ok,True,,,file_block_0005
01001.jpg,训练集/01001.jpg,有漂浮物,1920,1080,b03cf2a5e1a63aad8969df3326b071c29c51664e109e70c068d2dc31102d333d,7b696de5dfb9b9b1,ok,True,,,file_block_0005
01002.jpg,训练集/01002.jpg,有漂浮物,1920,1080,ce89c655c4c3ac623c6ec36b9e6b33afe9c29c67f7fc4eb420fe997eb586ee5c,1b696de5f9f1e9f9,ok,True,,,file_block_0005
01003.jpg,训练集/01003.jpg,有漂浮物,1920,1080,7aa014f2b6844aeb4f3929a5e4fec90989316fbec55682511580420772b46143,19696d6527034b4b,ok,True,,,file_block_0005
01004.jpg,训练集/01004.jpg,有漂浮物,1920,1080,97022538753404a71414c32b827191311b5a86eb64b0039f96de9f7149bcc86f,696d656547c38983,ok,True,,,file_block_0005
01005.jpg,训练集/01005.jpg,有漂浮物,1920,1080,2c03115062a5cfd9784774250012de6ea3adb7bf2952e37fbfabb9ee73ba1745,29696d67e7e3e1f1,ok,True,,,file_block_0005
01006.jpg,训练集/01006.jpg,有漂浮物,1920,1080,46cac5bbe0690aa446bee97e0689f92b8c37838d97c6500d3638ec67a543c1bb,1969656767030301,ok,True,,,file_block_0005
01007.jpg,训练集/01007.jpg,有漂浮物,1920,1080,146b3077c6a6c4ed463d1de3a925d54f21046c1d40f0df774cba17be4689b1bb,39696d6575e9e9f9,ok,True,,,file_block_0005
01008.jpg,训练集/01008.jpg,有漂浮物,1920,1080,347ea8b7041662225a2ad2f7401723dd85ffbdef4cd0f2da8f1b9f68bbd6e6d1,39696d6567634141,ok,True,,,file_block_0005
01009.jpg,训练集/01009.jpg,有漂浮物,1920,1080,19177033755767580d9fca7f36bb89d4327ec146e3a6589dc483bfe9595978cd,39696de5e9f1f9f1,ok,True,,,file_block_0005
01010.jpg,训练集/01010.jpg,有漂浮物,1920,1080,ae630926e62397d48d89bbb155844afc75e0456888967530aee3d437bb7310a9,7b6965e5c1e1e1f1,ok,True,,,file_block_0005
01011.jpg,训练集/01011.jpg,有漂浮物,1920,1080,8544d895102bd303b844639abdeb159fc5cf4a31f7d5b62a89cc4a705e68c4ec,7b696d656941d959,ok,True,,,file_block_0005
01012.jpg,训练集/01012.jpg,有漂浮物,1920,1080,2c0438fe6f67f08d7d5b54edece8eec9ae934e52dc821e15f105725be21ec558,7b6965e5f1f1c9a9,ok,True,,,file_block_0005
01013.jpg,训练集/01013.jpg,有漂浮物,1920,1080,bd123866349d6d1e7b2a42b41c6b2c6996d745848e35639587132a34a1601b66,39696d656f336bfb,ok,True,,,file_block_0005
01014.jpg,训练集/01014.jpg,有漂浮物,1920,1080,e1b20a2f3c5a7e9b00ba4304b47c0b782d2f134405cef04eedda0c65433e42b7,796d6765676f7b39,ok,True,,,file_block_0005
01015.jpg,训练集/01015.jpg,有漂浮物,1920,1080,d19db39169cc536adc9ed8a4be34f2fe7287a9f7661223d160a06bbf1adda0e4,196963e567f3f3a7,ok,True,,,file_block_0005
01016.jpg,训练集/01016.jpg,有漂浮物,1920,1080,18cb58630080da4f8d6349087aafd53ae8e61cbdf266f40da7590263f6082d32,192963e5c7f3b3b7,ok,True,,,file_block_0005
01017.jpg,训练集/01017.jpg,有漂浮物,1920,1080,a90ceec1532c1c7922a85619a4717f99ca7f9dce7856b32b5fc61dde4670750b,396d6de5f7f3dbfb,ok,True,,,file_block_0005
01018.jpg,训练集/01018.jpg,有漂浮物,1920,1080,7bef0276b1d72642123a107d5ad931c68d43e7bd0a68c9efeaf688f4522670ce,19296d65676b23fb,ok,True,,,file_block_0005
01019.jpg,训练集/01019.jpg,有漂浮物,1920,1080,0ab3f262fabe2b8d70b6cf6e9aac38e28fc9c889aa574be653501e3b2c93883f,39696d656591a36b,ok,True,,,file_block_0005
01020.jpg,训练集/01020.jpg,有漂浮物,1920,1080,e0003f4a97c94c62ee075994d829f8ae1174d94d97cc45ff3581d7c1a879acf9,39697d75677353db,ok,True,,,file_block_0005
01021.jpg,训练集/01021.jpg,有漂浮物,1920,1080,eff0c5949831bdde5fe4efee9ce8ba9921a1f50f07cfdf0fd1f9cd9b2762fa06,6b6d656567470f0b,ok,True,,,file_block_0005
01022.jpg,训练集/01022.jpg,有漂浮物,1920,1080,afba9985318086cc7ffc2164ae922c14ea1bf5cb62846d1d3d6f73e82e289785,1b396de567636361,ok,True,,,file_block_0005
01023.jpg,训练集/01023.jpg,有漂浮物,1920,1080,767870aad6e8abe38e3d5da73bbc9a4cf5859ddce513150037c3823881d8fb83,39797d6565336363,ok,True,,,file_block_0005
01024.jpg,训练集/01024.jpg,有漂浮物,1920,1080,581c35cded84f828748e2d498025360419a6ee46aa2a4c85066d03deb1fbfe25,396d65654503030b,ok,True,,,file_block_0005
01025.jpg,训练集/01025.jpg,有漂浮物,1920,1080,3b63bc209997b188be3562588a5afc6ac3fd36af7c8452018688cb81cf354496,19696767cfc763e7,ok,True,,,file_block_0005
01026.jpg,训练集/01026.jpg,有漂浮物,1920,1080,ea5f0dfa96938aea998067bc816ab4891c669049db4a7722dd8006f3a364d50e,192d272585c3c3c7,ok,True,,,file_block_0005
01027.jpg,训练集/01027.jpg,有漂浮物,1920,1080,c41a2b7ca184e5e3009a72cd17368d2a8c73e9ee897a4b3be1bb85cfad122ed1,196f6d6f3f9b1307,ok,True,,,file_block_0005
01028.jpg,训练集/01028.jpg,有漂浮物,1920,1080,416a7cc0d4f1aa2c2dd939f70a7cc60efb18c52e9cd9ebded6f2d760f0212d65,3b6f6d6567a3c353,ok,True,,,file_block_0005
01029.jpg,训练集/01029.jpg,有漂浮物,1920,1080,7d32c35c0e58a01ee05dbb14caae9ea3ae737cb3ca8c5d6b3ae78b20fdd97500,1b0f6d652733333b,ok,True,,,file_block_0005
01030.jpg,训练集/01030.jpg,有漂浮物,1920,1080,b4134acfd5fb12edd9f8653f46ca4900958110505db6c450faf71e7c2bd6f83d,1b4f65650f0b1b0b,ok,True,,,file_block_0005
01031.jpg,训练集/01031.jpg,有漂浮物,1920,1080,bba844a694dde81721e9d57541806db3cea83ecd651e902414de0b067127aac7,196b65656773332b,ok,True,,,file_block_0005
01032.jpg,训练集/01032.jpg,有漂浮物,1920,1080,ea4d378ca28164de4d8f9de11976fc31873afc43720d9786b90a498b6f1562a5,196b65e7c7830303,ok,True,,,file_block_0005
01033.jpg,训练集/01033.jpg,有漂浮物,1920,1080,d0ebe0d7e783e96a6331ab6c162e073ea184d0db5a2765107397cda2781378eb,19696d676f0f1f37,ok,True,,,file_block_0005
01034.jpg,训练集/01034.jpg,有漂浮物,1920,1080,4f17acc42b9f4888f467c5017c1f6582fd18517b0d40e5fefaaa83f299da3a0f,1b0f67450d0b1b0b,ok,True,,,file_block_0005
01035.jpg,训练集/01035.jpg,有漂浮物,1920,1080,9f0772070bc4bc3522dc8a5b3a7fe91caa5adf864a0699ca2dce66512e2de1d1,1b0f67650103030b,ok,True,,,file_block_0005
01036.jpg,训练集/01036.jpg,有漂浮物,1920,1080,8258379e4856c256b200d73f8b5cda9300bd20fdc43c99d645f096db35f81c0b,796767650703c3c3,ok,True,,,file_block_0005
01037.jpg,训练集/01037.jpg,有漂浮物,1920,1080,2b4e467e892cc37e82b8c9160542f693cfb785017c8d2bc73d01186c3357b67f,1963676527336363,ok,True,,,file_block_0005
01038.jpg,训练集/01038.jpg,有漂浮物,1920,1080,a4897dc1f7761a18d5ce80e41d9bf2d77517250750a70059d7627e2495f50605,7b6b6d65471373eb,ok,True,,,file_block_0005
01039.jpg,训练集/01039.jpg,有漂浮物,1920,1080,b845b760a121429e7cdbc7822ce6d89f4ed92bab20c34c1e4499ca368aca30c4,396b656567130303,ok,True,,,file_block_0005
01040.jpg,训练集/01040.jpg,有漂浮物,1920,1080,a7db2c466008d061bb2b27750e213eaf197ac251275ce99ed00fd7e2c1047e4d,3b696d6547010303,ok,True,,,file_block_0005
01041.jpg,训练集/01041.jpg,有漂浮物,1920,1080,4570f7acc4324451815bcff00c1fe3916669e331a47422f4b3d27694569b241e,193b656501410101,ok,True,,,file_block_0005
01042.jpg,训练集/01042.jpg,有漂浮物,1920,1080,0e59422c61782e06d9b937e1fd82bc237d3b67c53fe3d2a7d2f6538edd0129be,39696d676fe3f361,ok,True,,,file_block_0005
01043.jpg,训练集/01043.jpg,有漂浮物,1920,1080,829bc3017da14c33f5981f08a684f88b8d905df3a95bc5e60985bac738abb03a,190f466571312373,ok,True,,,file_block_0005
01044.jpg,训练集/01044.jpg,有漂浮物,1920,1080,cb04f242fdd751ddc0330b797f880ed3bf06da37ea47086cb6423f9ae22d25ef,1b6b61e561f1f1e9,ok,True,,,file_block_0005
01045.jpg,训练集/01045.jpg,有漂浮物,1920,1080,107b14df7a00653c323814b58156b99a773a3e9d3df8c2c9ad1044b235f72900,196965e5e571e1e1,ok,True,,,file_block_0005
01046.jpg,训练集/01046.jpg,有漂浮物,1920,1080,6528a2134461a175e721efb4b3197dbfce10ff3f1a65cbba2d8e439770c357d2,3b696de5f9f1f1e1,ok,True,,,file_block_0005
01047.jpg,训练集/01047.jpg,有漂浮物,1920,1080,18ee98637420ce58474e97b9da4712fd86ee23422bc7203c826bf2e1360a5801,39796de5eff9f3f3,ok,True,,,file_block_0005
01048.jpg,训练集/01048.jpg,有漂浮物,1920,1080,532decf801084a53055d2fc4e6638699dae7b3a40c4b435bbe171f776e4ed7c6,19396d4d3f3d1d0f,ok,True,,,file_block_0005
01049.jpg,训练集/01049.jpg,有漂浮物,1920,1080,9cebad168964bfd1dbf21c7b085e222febc5faa44fe075dc37351b293d26feed,7b6d6d676763e363,ok,True,,,file_block_0005
01050.jpg,训练集/01050.jpg,有漂浮物,1920,1080,3e9c0bc4ba08e04b145ff7dc21ca393013d51296d39dfb386dc95b2a468261a6,39696d65e5d1d1d1,ok,True,,,file_block_0005
01051.jpg,训练集/01051.jpg,有漂浮物,1920,1080,324df2a4c07b165ff401cf98cc0e8527366bf919979483a5aa50bb1331dda020,18a08080886c6c3d,ok,True,,,file_block_0005
01052.jpg,训练集/01052.jpg,有漂浮物,1920,1080,4365df044770aa6e420eb55e40d6ab7dbdb604e051f16b32046a107ff41431e5,90c0c3878f07773f,ok,True,,,file_block_0005
01053.jpg,训练集/01053.jpg,有漂浮物,1920,1080,b87ce3fff280f3abab41504af21c9ef07aadb0b760f477cbb8a168cc0759303b,808081879f1f5f3f,ok,True,,,file_block_0005
01054.jpg,训练集/01054.jpg,有漂浮物,1920,1080,34eacf77242ea3115fd0c3aff9a9b0215096cae1df3b419d217a5ef1bb225f8a,18e0c0c486f669e9,ok,True,,,file_block_0005
01055.jpg,训练集/01055.jpg,有漂浮物,1920,1080,7e6eb0f4c18b611b2693a03917c8a6bb5e2c6cf9c149e8b632dcfc22ddc6c050,d8e0c0848cee69e9,ok,True,,,file_block_0005
01056.jpg,训练集/01056.jpg,有漂浮物,1920,1080,d844ece687bda62b0cb4ecea024feaf1e21614106f5738b4b1a4617a13749ee8,58f0c08c9c7c7d3d,ok,True,,,file_block_0005
01057.jpg,训练集/01057.jpg,有漂浮物,1920,1080,5d2a08199044e67589a75443e8ea5b511b8595b8472899d3bf4010c0a168df88,f8c0838f9f3f7f79,ok,True,,,file_block_0005
01058.jpg,训练集/01058.jpg,有漂浮物,1920,1080,5a6ac25f26e43aac2f734b82110691e84090d7161a5eb3ad653241a884e3e139,8880038f9f3f3f3f,ok,True,,,file_block_0005
01059.jpg,训练集/01059.jpg,有漂浮物,1920,1080,2acb6d4ada02e60ce346caed23e0595fb1c23f9fcbbf3ffa64999552150a9528,988083878f0f4d3f,ok,True,,,file_block_0005
01060.jpg,训练集/01060.jpg,有漂浮物,1920,1080,1717f00860cbddd7a4f31a34991b9db17fee56523b8f9d871b8fc1fc5ca7792f,988080868e9f5d71,ok,True,,,file_block_0005
01061.jpg,训练集/01061.jpg,有漂浮物,1920,1080,3025565cb10207891ca30b5f4a9fd9e5ac86eb88eb445096cb3002afc37021cd,9888078f8f3f7f3f,ok,True,,,file_block_0005
01062.jpg,训练集/01062.jpg,有漂浮物,1920,1080,95a5a9feac7d78ce0e14dc7eb9234581f2310e5e8d233d75e1655a1b4d2c5a14,9c80034f8f4f4fbf,ok,True,,,file_block_0005
01063.jpg,训练集/01063.jpg,有漂浮物,1920,1080,34b9b81aafd7d223cfe676030af492615df0ce096ebdb6352363d9e77e80dfc7,1800838f8f874727,ok,True,,,file_block_0005
01064.jpg,训练集/01064.jpg,有漂浮物,1920,1080,d7bdac719b6a1fa052c1d81b6f10a5c0a3e33693c5cae3b67e3adf784e713778,8080078f9f3f7f3f,ok,True,,,file_block_0005
01065.jpg,训练集/01065.jpg,有漂浮物,1920,1080,fc034be07aab4dcca315dfcc3948004cedebca614cd4abe9f0a86afda302db79,1800070f8f8fcfaf,ok,True,,,file_block_0005
01066.jpg,训练集/01066.jpg,有漂浮物,1920,1080,bd74e2ed0c00604bfa8d49ea36b3f61ccc22a04ecf4b372abec7416cd34f8c78,180003878f4f7fbf,ok,True,,,file_block_0005
01067.jpg,训练集/01067.jpg,有漂浮物,1920,1080,fc786e79ec1ab53d1c3925c508c5cb9eaf15a29b6ec219f2d23a5cac7488fb1c,98f0068f9fff7f7f,ok,True,,,file_block_0005
01068.jpg,训练集/01068.jpg,有漂浮物,1920,1080,ff0167ce805a05577f66998841c475a3d1b5a3712a67cff4460bef8ff0746780,180003879f376fe7,ok,True,,,file_block_0005
01069.jpg,训练集/01069.jpg,有漂浮物,1280,720,1442bc3a366bee54c79779471cdf61298c5be7238c75a6e12fb58152ea048f74,30804060e0f4f7e7,ok,True,,,file_block_0005
01070.jpg,训练集/01070.jpg,有漂浮物,1280,720,9461d29e090e4d12de512b1c13c6478c922bad10a12efb51ac85c79e4ccb999a,30805068e8eef7e7,ok,True,,,file_block_0005
01071.jpg,训练集/01071.jpg,有漂浮物,1280,720,0eeff2cab8a895c3c65bb10e7f038689e31a411043fa554e980d88d2584bb261,000040f0f0f4e767,ok,True,,,file_block_0005
01072.jpg,训练集/01072.jpg,有漂浮物,1280,720,588e99655a3292ab66cd707e21948044ca82577ccc5ee1edd9bcffa9bda2e5a9,848340e0d4f7e3e7,ok,True,,,file_block_0005
01073.jpg,训练集/01073.jpg,有漂浮物,1280,720,2ebfdaa4f387adc754474b1208a829a28b3f81591833e8592da0f98ce55c427b,84824060e6f7f7e7,ok,True,,,file_block_0005
01074.jpg,训练集/01074.jpg,有漂浮物,1280,720,60688eafccc827c1213036fe2fc9092c97bf8c84f7f799a0c4ad7d775f4d3739,848040e0f4f7f5e6,ok,True,,,file_block_0005
01075.jpg,训练集/01075.jpg,有漂浮物,1280,720,7cf04da9f3d8e2dbf4c59caf4fbdda83c2cbbe28df32eaf4323a72fb358aeaa9,848240e064f6f6e7,ok,True,,,file_block_0005
01076.jpg,训练集/01076.jpg,有漂浮物,1280,720,a6cb487c13435755cd55a8719d731cae3b7f0e64fbe25c2a384493f2b8aad4f8,0001c8fcfdeeff76,ok,True,,,file_block_0005
01077.jpg,训练集/01077.jpg,有漂浮物,1920,1080,a5c178084aee601a3fa154a6340cec790754bb71d5204ac56a2cb9e9b2588fc9,c4c6c6960cccce20,ok,True,,,file_block_0005
01078.jpg,训练集/01078.jpg,有漂浮物,1920,1080,5b6999f1581ec3f2b1eea71b390ae09c94aa2b812c8cd69ac476975613c8538b,6070e3fafefef7f2,ok,True,,,file_block_0005
01079.jpg,训练集/01079.jpg,有漂浮物,1920,1080,92c40661c37c5a9f87dc3a903ed061608cfb2ae5458e106a421e7d7c0533cf92,6070e1fffefeffd8,ok,True,,,file_block_0005
01080.jpg,训练集/01080.jpg,有漂浮物,1920,1080,d600c1806eae05ded9c033620ed0c3f7df9f7a68b8a88a8dd8c700064151bffc,6070e1fffefddff1,ok,True,,,file_block_0005
01081.jpg,训练集/01081.jpg,有漂浮物,1920,1080,84dde4f1284b2f78b9ef172e4cfc99a5689f5ab0cef9f55d8be1baffce14aa0a,6070eafefafcfdfc,ok,True,,,file_block_0005
01082.jpg,训练集/01082.jpg,有漂浮物,1920,1080,03d95fc56dc863134f5a120265e092d452f02dfec4d7f21afaa2fa3052aab9df,6070f8f0f0fe9fba,ok,True,,,file_block_0005
01083.jpg,训练集/01083.jpg,有漂浮物,1920,1080,1f2abe7242c0192c32cb286cd839f80a896dd462e59ac7727a223e2d4576527c,6070e0c2e0f8e0e2,ok,True,,,file_block_0005
01084.jpg,训练集/01084.jpg,有漂浮物,1920,1080,e25bfdfecfee08e2a8874226056670613dde5bf293fb9509dd863028d6cdf2db,6070f0fcfbfeffe2,ok,True,,,file_block_0005
01085.jpg,训练集/01085.jpg,有漂浮物,1920,1080,64ceaa6e808fe86984a29c8f3158d686dca03378916f018e599756a4da4f9059,6070e0faf8fcfefa,ok,True,,,file_block_0005
01086.jpg,训练集/01086.jpg,正常,1920,1080,1de26166d25df2eec41e06e6a91578511273c4cf9ac4d3f297bba2013c6f6fa8,204ca4bc942c38b4,ok,True,,,file_block_0005
01087.jpg,训练集/01087.jpg,有漂浮物,2560,1440,21873717e058d0c478aa82ea87c2bb6823cf99c1cdcf1978b97608ea1c31e726,070f0f1f1f0f0703,ok,True,,,file_block_0005
01088.jpg,训练集/01088.jpg,有漂浮物,2560,1440,7f3838ca41bfd45a76a6812f97fecfa1a7d2ce796d98b4d6ee772449ad96d5e5,070f0f1f0f0f2723,ok,True,,,file_block_0005
01089.jpg,训练集/01089.jpg,有漂浮物,2560,1440,83afa8bd698621679f2e2f4c37177ce702e0a80103bc4c7302ec1bfe6be050d3,273f1f1e1f3f3773,ok,True,,,file_block_0005
01090.jpg,训练集/01090.jpg,有漂浮物,2560,1440,150824cf31233ca01b4d596eb5c2def4f8b3b6b417a5a33fa732ef4e0577be75,272f2f6e2e2f6fc3,ok,True,,,file_block_0005
01091.jpg,训练集/01091.jpg,有漂浮物,1920,1080,0e420ebb4dc5a509499a54cf4f8ca2fd879b743a986c09b4b33b66aa98bd40fc,07078ffffb198d9c,ok,True,,,file_block_0005
01092.jpg,训练集/01092.jpg,有漂浮物,1920,1080,a99cad6c03aae799243c5a0e60e0297dbf8f5c00af031237ba8b58685676b519,07070f5f53118d9d,ok,True,,,file_block_0005
01093.jpg,训练集/01093.jpg,有漂浮物,1920,1080,b8b81b3425a00089d680dc86452f9c7681a7ccea680dfeea9398504305066f99,07072fff7f393d3d,ok,True,,,file_block_0005
01094.jpg,训练集/01094.jpg,有漂浮物,1920,1080,68bad30c040ee29ac7cb6d210aa7c75e50e8f9626460b948a7266c1a6d16dd39,07070f7f5b999d7d,ok,True,,,file_block_0005
01095.jpg,训练集/01095.jpg,有漂浮物,1920,1080,7b8712101a8bc51d6f2c86641ff21c391ff60e38a4bb5713ac346551262ad86b,07070f6f53198d9d,ok,True,,,file_block_0005
01096.jpg,训练集/01096.jpg,有漂浮物,1920,1080,c2fa669654ca9de8493f120d42a8c3f645fa5339590757281159e34011aa63d4,218181c3433e0903,ok,True,,,file_block_0005
01097.jpg,训练集/01097.jpg,有漂浮物,1920,1080,f9af99d78dc8a50063c75d3c5b79b3c219662b0942f6bac571f1032ce0ab6da5,018180c3c1781802,ok,True,,,file_block_0005
01098.jpg,训练集/01098.jpg,有漂浮物,1920,1080,58444caa05f4b29c543c70c86fdd03290c8e90fd7fd28affa00a68c8c9560d0e,01830707071b0301,ok,True,,,file_block_0005
01099.jpg,训练集/01099.jpg,有漂浮物,1920,1080,c3b76b8da7353e0d2f0d90679649a95be4949340bdfe3be5b22cfe2025825ba2,018383c3010b0703,ok,True,,,file_block_0005
01100.jpg,训练集/01100.jpg,有漂浮物,1920,1080,43217282dd0190c97ebf53363696f588c0579a03e6c93caf5dfed86c04675fdc,0f0f0e0e1e6f3e0b,ok,True,,,file_block_0005
01101.jpg,训练集/01101.jpg,有漂浮物,1920,1080,1d1dffd0150fbb5eebbbc121c05b154e8c48801eba334d1077f48b711fc7fd4d,0f0f0e0e06070f0b,ok,True,,,file_block_0005
01102.jpg,训练集/01102.jpg,有漂浮物,1920,1080,ea1c26b2f0d14cbc4d5fc8ff2b01de4477ee01463791869255fda7ed48306560,2f030e1c1e3f3c0b,ok,True,,,file_block_0005
01103.jpg,训练集/01103.jpg,有漂浮物,2560,1920,941555a38d7320f5537f18f758ca15be4f6c9538ad3e6480158b2f77deef5fc8,07070300c78798f0,ok,True,,,file_block_0005
01104.jpg,训练集/01104.jpg,有漂浮物,2560,1920,a7bfa56ce908389003f65af5f7f03d5a89825905e4f411df6a8dba29822e55d4,0707210707078189,ok,True,,,file_block_0005
01105.jpg,训练集/01105.jpg,有漂浮物,2560,1920,fea625ab41a32002ed3bac9e6c882c57a42d5d68c9d59d2b252824f80102fa0e,01018181c3830901,ok,True,,,file_block_0005
01106.jpg,训练集/01106.jpg,有漂浮物,2560,1920,dc0b98175bea0c8a5bdb6a42fa814e7af7bd48b162425b7b5b4a2bf64997a2d0,2183c30004048381,ok,True,,,file_block_0005
01107.jpg,训练集/01107.jpg,有漂浮物,2560,1920,5b0f3f8785621fe4cf835bff7bc65b800049dfcfa63f43303bcf5e3f36efc3fa,03030387011d0d05,ok,True,,,file_block_0005
01108.jpg,训练集/01108.jpg,有漂浮物,2560,1920,586a7e3e9f6c4dff7ce47df0b11d80bc449e7e0f9d24b6fe5f11e5fe1079250f,01c0c1e363911943,ok,True,,,file_block_0005
01109.jpg,训练集/01109.jpg,有漂浮物,2560,1920,b1b983a3a71d009a741572dbe184dbde50d3699344f0209b9f0a99fcf5ca0aa9,0703030303030707,ok,True,,near_0034,file_block_0005
01110.jpg,训练集/01110.jpg,有漂浮物,2560,1920,4c8a5bbdcc2b87bba3eac13b2095c4c9a28ad847f960cb9356ca5bbd803d7a8f,0703030303c30707,ok,True,,near_0034,file_block_0005
01111.jpg,训练集/01111.jpg,有漂浮物,2560,1920,2930b59558661f7c3c8af49bef704d6504a1832be927b9ce5f6208a7d224f025,0f07030303470f07,ok,True,,,file_block_0005
01112.jpg,训练集/01112.jpg,有漂浮物,2560,1920,3d1b400a7dacdffc5e7f8dc540446662c3e09b3265021618da8e3bfcd4cc8de3,0703030303430707,ok,True,,near_0034,file_block_0005
01113.jpg,训练集/01113.jpg,有漂浮物,2560,1920,d6e14e17474aa8cc72519590545f9c62805621ebdc101b81981efd8b96597ad1,070703030707070f,ok,True,,near_0035,file_block_0005
01114.jpg,训练集/01114.jpg,有漂浮物,2560,1920,a83bd2accd8e60b3679c897e7f3da4f8f6d0893b10794ab37b28a15176e703ec,0f0703030707070f,ok,True,,near_0035,file_block_0005
01115.jpg,训练集/01115.jpg,有漂浮物,2560,1920,f21e848416a04e5ec5cd720160620a6015af2534643fd219d8cf71d52ec8694e,0703030282c70707,ok,True,,,file_block_0005
01116.jpg,训练集/01116.jpg,有漂浮物,2560,1920,eb06a724743b6f231b6efa95eaf2adc12704207098194ebfd27212d073f88df0,0707030303870707,ok,True,,,file_block_0005
01117.jpg,训练集/01117.jpg,有漂浮物,2560,1920,9e8a478b080216ab2535c00a2a31a2e19f526716547775eb6e4ebb8de08847d7,0f0703030703030f,ok,True,,,file_block_0005
01118.jpg,训练集/01118.jpg,有漂浮物,2560,1920,4f45da1d3d8095f92ea05ffbe7c8881e3bcdd82ffb61daf076ad583f5344f6ed,0303030283870307,ok,True,,,file_block_0005
01119.jpg,训练集/01119.jpg,有漂浮物,2560,1920,9e75ad3d812f38812c17899352dc1f5b3149ecf47c87aa26dd1d91935b5b2c63,0807030787c7031b,ok,True,,,file_block_0005
01120.jpg,训练集/01120.jpg,有漂浮物,2560,1920,1a5289788997a40ea8d460104ae00b1a869ac7862a5e6ab0e488a1ca117abea7,0c47634be3c70f1f,ok,True,,,file_block_0005
01121.jpg,训练集/01121.jpg,有漂浮物,2560,1920,2c409b05b4b8e1af0b17bbb6ae693a0393ef7acaf74b5c07ddeb1a4d8928b72d,0c07030387c78713,ok,True,,,file_block_0005
01122.jpg,训练集/01122.jpg,有漂浮物,2560,1920,d26c489a9a6857f97cd1efd06d4c5e084bff33d69dcb535988761d502ddbc157,0107030282c78323,ok,True,,,file_block_0005
01123.jpg,训练集/01123.jpg,有漂浮物,2560,1920,c9cc3d57aeb4e506df3c404f7e6175bfe537b4e752ea49bbdae5859bd67853b1,01c7e326a2c7c371,ok,True,,,file_block_0005
01124.jpg,训练集/01124.jpg,有漂浮物,2560,1920,cb253c68dd4a9f454d69cd9aaea8dfd37017694343b7922756413facf763a793,0f1e9e0e0e16d3e7,ok,True,,,file_block_0005
01125.jpg,训练集/01125.jpg,有漂浮物,2560,1920,3eb1cca75eade578845dc083c227f501ab53f4cea8cc2edf986f689a2d818328,0f0f06060e0ec0e5,ok,True,,,file_block_0005
01126.jpg,训练集/01126.jpg,有漂浮物,2560,1920,a3181b3e2341da2a63053402716a7c77145ac6c2d78ad151bf0e1822b29a8c15,0f0707060e16c0e4,ok,True,,near_0036,file_block_0005
01127.jpg,训练集/01127.jpg,有漂浮物,2560,1920,be3ffa7eb276e067b0e59039ba847a3692f79f4c33b044f99cd9b5fa55271d65,0f0707060e06c0e0,ok,True,,near_0036,file_block_0005
01128.jpg,训练集/01128.jpg,有漂浮物,2560,1920,06a07b32aee59b96c9cc15c2d65b08cb7cb4c0c932d50ffe3819e4856646d083,0f07071e0e0e8664,ok,True,,,file_block_0005
01129.jpg,训练集/01129.jpg,有漂浮物,2560,1920,c667ff10e102e66def5c62ffbac1741dea3ff41edcc4e444ea8d491dc596bc49,0f0707060e06c060,ok,True,,near_0036,file_block_0005
01130.jpg,训练集/01130.jpg,有漂浮物,2560,1920,bbe49978aa07208844fea4388f04d43bb97bba5b41e6592812efc71e3a3b84b8,0f07030e0e0ecc64,ok,True,,,file_block_0005
01131.jpg,训练集/01131.jpg,有漂浮物,2560,1920,3c5bc8c1aea90eb401aff34702358f5d4613a82281af52d0d1fbe17271bfc146,0f0707070e066464,ok,True,,,file_block_0005
01132.jpg,训练集/01132.jpg,有漂浮物,2560,1920,31bc76ab6b8b38416bf529a11170e4edd26e79ef6054dbb2188915df2beaa18c,0f07070f0e161e54,ok,True,,,file_block_0005
01133.jpg,训练集/01133.jpg,有漂浮物,2560,1920,b08835067bb5e6a78570cc0bc6082baa27cc8d5250e5bfd08743e8093d20c88a,0f0707030f161e74,ok,True,,,file_block_0005
01134.jpg,训练集/01134.jpg,有漂浮物,2560,1920,b9e13b1f0b086907040505091692740b9137250fa5b49f055ee01f83421086f5,071f1f0e1c1c0e1f,ok,True,,,file_block_0005
01135.jpg,训练集/01135.jpg,有漂浮物,2560,1920,092a1e4e535890b21be2df35f3810eeac17f77ece6db67e38041e3a9b1df6d0b,0f1f1f0f1c1c1e3f,ok,True,,,file_block_0005
01136.jpg,训练集/01136.jpg,有漂浮物,2560,1920,ea8f519e29abd42295f9c7516aa639648a1b07199bc96b0d4a1240efcd39366e,3b1f1f0f9c1c3c3f,ok,True,,,file_block_0005
01137.jpg,训练集/01137.jpg,有漂浮物,2560,1920,7a696ef442f7408c133cc0e38ac0f66751abcaf19ca0c27fa948837e08d70f05,0f0f0f0f1e1e0e1f,ok,True,,,file_block_0005
01138.jpg,训练集/01138.jpg,有漂浮物,2560,1920,f3ad6a340cdf49bbf54acf278a7b8f4f3807273d8d503df65b9a2caf0b00ef5a,070f0f0f1e1c0c1f,ok,True,,,file_block_0005
01139.jpg,训练集/01139.jpg,有漂浮物,2560,1920,d0790e5d46933b54ba989c3031a6cdec2739f281316430f80a95d592b8f2f49e,071f0f0f1c1c1c1f,ok,True,,,file_block_0005
01140.jpg,训练集/01140.jpg,有漂浮物,2560,1920,5bc909f3a748ca69a808214fa93e0a1d13bc8bf4bd99f00caf079211cecfede2,1b1f0f0f1e1e1e1f,ok,True,,,file_block_0005
01141.jpg,训练集/01141.jpg,有漂浮物,2560,1920,132dc370228baa2f6644869f255cdbced1b8d72342a501cb68fa5884181d303f,071f0f1e1e1e1f1d,ok,True,,,file_block_0005
01142.jpg,训练集/01142.jpg,有漂浮物,2560,1920,948788b0cfb0620b48419991fb09a5bed0effc03cb0ee8c514eb44b2e1b4f30b,071f0f0e1c1c0d3d,ok,True,,,file_block_0005
01143.jpg,训练集/01143.jpg,有漂浮物,2560,1920,430a8c358e379d2c5998daee8c907443d376dc99ec6606317cd87216954c7f6f,0f1f0f1e1c1c3d3d,ok,True,,,file_block_0005
01144.jpg,训练集/01144.jpg,有漂浮物,2560,1440,137e451abe6873f503a12f56a9248f5f4e4c86a9f89598dbecf00168687fdc7a,444d8bcbccaeb735,ok,True,,,file_block_0005
01145.jpg,训练集/01145.jpg,有漂浮物,2560,1440,fa60ac83bc0789db95ae04c8b30025badbabebd59b04357b2870a22c7c232a20,444d89cdcc8eb735,ok,True,,near_0037,file_block_0005
01146.jpg,训练集/01146.jpg,有漂浮物,2560,1440,66c8227f3e7ccbf6b7cb872be59390e24ca00a60f6a424b4852fdb3e0ed32eef,444d89c9cc8eb735,ok,True,,near_0037,file_block_0005
01147.jpg,训练集/01147.jpg,有漂浮物,2560,1440,161fe4f514d1000507aeaa245634339f8ac8c58ad046ab80fc985b2acc36639c,444d89cdcc8eb735,ok,True,,near_0037,file_block_0005
01148.jpg,训练集/01148.jpg,有漂浮物,2560,1440,18fdfa57e2ea5f2e2061006a0943179054a31ebf02315513deb0f0617f94dbad,e4a6cccdc5c4e7f7,ok,True,,near_0038,file_block_0005
01149.jpg,训练集/01149.jpg,有漂浮物,2560,1440,8312a5744f833aab021c3c8b03ebf0c7ff09b62977da98b68083f4d897bd616b,e486cccdc5e4e7f7,ok,True,,near_0038,file_block_0005
01150.jpg,训练集/01150.jpg,有漂浮物,2560,1440,528d3c725d0c0d24e28c6911e17202ebef73feae9deb7936d8885c98494a7702,e6e6cd8dcccce7b7,ok,True,,,file_block_0005
01151.jpg,训练集/01151.jpg,有漂浮物,2560,1440,b9c80d6d0ff39fc31997e7a4783184e619bdbe3d320b23483012fe3d9a833338,e6a6cccdedcce7b7,ok,True,,,file_block_0005
01152.jpg,训练集/01152.jpg,有漂浮物,2560,1440,8ac777beae1916c38fb8ea2c3ca2fee54e3a59ef2072a7048108d1ac3aca4a81,e6e7c999edcca3b7,ok,True,,,file_block_0005
01153.jpg,训练集/01153.jpg,有漂浮物,2560,1440,704637df3b694c5767b0255d7a99d92e61186ab3ee14c13232e9038d645cfc46,e6e6cdd9cdcda7b7,ok,True,,,file_block_0005
01154.jpg,训练集/01154.jpg,有漂浮物,2560,1440,d84d4d35edbb2e65b6ba0d63411f952252a961f15db64364f421d90250d04836,e6e6cdcdedcce7b7,ok,True,,,file_block_0005
01155.jpg,训练集/01155.jpg,有漂浮物,2560,1440,5b9fcb1c8dcbffe69394b2f7ae294ac97d6553b147301700cb36e56ddb94bcbe,e7e7c989cdcccc93,ok,True,,,file_block_0005
01156.jpg,训练集/01156.jpg,有漂浮物,2560,1440,3d3515f337656cc2190958506afed4108ffea70b76ebcca0bf942b1124cc2c6b,e6e6cc8dedccc697,ok,True,,,file_block_0005
01157.jpg,训练集/01157.jpg,有漂浮物,2560,1440,13fa1aed338e9c558994ef30e4010c22c8b553a8f3646741ee167a5b24f9eba8,7373536272737379,ok,True,,,file_block_0005
01158.jpg,训练集/01158.jpg,有漂浮物,2560,1440,bc5ca2d40e8ddca1f21fac2b7af7fc2b24dd700c0318d255f4df4a3c954d7f47,7373566672f2f36b,ok,True,,,file_block_0005
01159.jpg,训练集/01159.jpg,有漂浮物,2560,1440,bd53482594eb02a10ebf0566b314f00a9ac01c96620ff1b6ef2dfb5162ae7dfc,736356626272737b,ok,True,,,file_block_0005
01160.jpg,训练集/01160.jpg,有漂浮物,2560,1440,3aecc2a89b5887de1ca0d7dad15d9710db0410241f2caa402f418e91ce585532,f37376667262737b,ok,True,,,file_block_0005
01161.jpg,训练集/01161.jpg,有漂浮物,2560,1440,56a7aacabac311167be24f4ec5bfc7bd5ac0be8f1bfea7b2da75c7196c7a665e,cf9b18da980e4f6f,ok,True,,,file_block_0005
01162.jpg,训练集/01162.jpg,有漂浮物,2560,1440,6efe2a7820c1aaef14774be994bf3d04d346695b273628847883e64c922abe95,cb9b989a988ccfef,ok,True,,,file_block_0005
01163.jpg,训练集/01163.jpg,有漂浮物,2560,1440,474f5adf6191aab9bce078e7e12242fb0006dd3e24d3f46d0a06eebcba51fc7f,8b9b921b995cc8e9,ok,True,,,file_block_0005
01164.jpg,训练集/01164.jpg,有漂浮物,2560,1440,6c90cda7739dddb9753b63aafe8872b571051e264191f5f2ff2b5b2b0c526e59,8e9636b3933e6e6d,ok,True,,,file_block_0005
01165.jpg,训练集/01165.jpg,有漂浮物,2560,1440,4ced3dfa7f73efff7639b9d4e7f87d92e1eebbae740f9d008e1ccbd485a4fcce,8b9b1a9b98dcce6f,ok,True,,,file_block_0005
01166.jpg,训练集/01166.jpg,有漂浮物,2560,1440,a98115ec13ed471ef08666205ebf43f86701592d70654fa6ce9c369eea5e0243,0b1b121b9918cc6f,ok,True,,,file_block_0005
01167.jpg,训练集/01167.jpg,有漂浮物,2560,1440,d1f6555eb4c979bd2729661fbdde53ccef2563cd4a4618d4856ecd83c1efb6c1,8b9b1a9b999c8e6f,ok,True,,,file_block_0005
01168.jpg,训练集/01168.jpg,有漂浮物,2560,1440,d4d541a0e47f69deffb8bf97a60655e4dbc43266dc75546e612f6bd252e7d831,0b9b921b99188c6f,ok,True,,,file_block_0005
01169.jpg,训练集/01169.jpg,有漂浮物,2560,1440,b6dfb22a91597feadb857765d46a6153b9ad45efcfd87d10be0d43b8e6c4e6d3,1e3636363098d8db,ok,True,,,file_block_0005
01170.jpg,训练集/01170.jpg,有漂浮物,2560,1440,20220b0dc3ef3f259a12a9001aab7df993b4dfe85953f9602bd5881fc1e43731,1e3634169098d84b,ok,True,,,file_block_0005
01171.jpg,训练集/01171.jpg,有漂浮物,2560,1440,caf9cbc811003633bfa8ee811a2746be96289e1d4a844324220e20bea83ee8c7,4d4d1b1bc948cca5,ok,True,,,file_block_0005
01172.jpg,训练集/01172.jpg,有漂浮物,2560,1440,c92e7461b49428ab4e57de66664c3cbd7ecd14a4ac304a82f53e3c8109aee05d,0b9336b69a1c0c4b,ok,True,,,file_block_0005
01173.jpg,训练集/01173.jpg,有漂浮物,2560,1440,cae30c78ccbad6e5b924f353c6eb4d7cb7863c6a329a3ec00f84141aabfc1679,0b93369799980c4d,ok,True,,,file_block_0005
01174.jpg,训练集/01174.jpg,有漂浮物,2560,1440,fcf144d2cb9a45c1f34bf4a38120f4156692da01bbac672817eba04aef47954e,f6ceec6a6a626073,ok,True,,,file_block_0005
01175.jpg,训练集/01175.jpg,有漂浮物,1280,720,39ebf6a8a038a32893c8cc38081d9401d68daf4ead5e83473ea3674bc21187a4,233331337a6f2e31,ok,True,,,file_block_0005
01176.jpg,训练集/01176.jpg,有漂浮物,1280,720,39b6f47b5e406313c109650c0b672fd750f63fd8455dd6f7c75c51671cad614c,2723313070792f2e,ok,True,,,file_block_0005
01177.jpg,训练集/01177.jpg,有漂浮物,1280,720,f1919fb2e44bae95ef380efb31faf3e6efc6d12a1a33f595b3219f15753c47df,22333125343c3f2f,ok,True,,,file_block_0005
01178.jpg,训练集/01178.jpg,有漂浮物,1280,720,f1c3dfcad7013ff2c3f5dd3f390cf80c50af248aafe1778e073357c5a0b5a57f,3736323372712f2f,ok,True,,,file_block_0005
01179.jpg,训练集/01179.jpg,有漂浮物,1280,720,7aee50eedbc1924244b6fb75051842b4884ffb1e9f83b35453196e13136577e7,2727392474742e2f,ok,True,,,file_block_0005
01180.jpg,训练集/01180.jpg,有漂浮物,1280,720,3b8f9223b27a2831fc11f91a4acd1ac938cc72782657e595c417614c80c8acc5,27313124703d3f2f,ok,True,,,file_block_0005
01181.jpg,训练集/01181.jpg,有漂浮物,1280,720,ee4eddfc1d0d284f0c53295629c23a5370b1f19a21fdbf911ff85f8d2c039611,2332332a707c3f2f,ok,True,,,file_block_0005
01182.jpg,训练集/01182.jpg,有漂浮物,1280,720,bec11d7e8dc2127d99850f2689461e89e48d2f4755a4b92512b3bd5bace5b6ef,07272703031c0f0e,ok,True,,,file_block_0005
01183.jpg,训练集/01183.jpg,有漂浮物,1280,720,8abd798ffe2067cacc3ee2e5282c4f20b17931ff7e459338abc575938bc1bf96,0f0f070f0f0f0727,ok,True,,,file_block_0005
01184.jpg,训练集/01184.jpg,有漂浮物,1280,720,baf3bc7e58b58c3300272c09afb6c2db1b84ff702fb68e816e160b7f79e3c944,2323332727371b19,ok,True,,,file_block_0005
01185.jpg,训练集/01185.jpg,有漂浮物,1280,720,8cad87dbb5dcf55a81d4791529e0a9d6fe826369568d6f6a1be3889783421fd6,3127262f2d0d1703,ok,True,,,file_block_0005
01186.jpg,训练集/01186.jpg,有漂浮物,1280,720,e01252e20e151234a6a30b6b7eab40e435a7da3d6234be03ed0e3ba7138c2eb5,1f0f1e1f1d1d0f0f,ok,True,,,file_block_0005
01187.jpg,训练集/01187.jpg,有漂浮物,1920,1080,b915a750d9e66dd244ae84dedd7f73da9567c71c2bf11849c918c61d1bbd31a5,8707170f07170f0f,ok,True,,,file_block_0005
01188.jpg,训练集/01188.jpg,有漂浮物,1920,1080,39fff81b4bd1ffd44d5ff21b46bc99fb93c03dc163bbfed593b3ddf0b83de720,470303030303071f,ok,True,,,file_block_0005
01189.jpg,训练集/01189.jpg,有漂浮物,1920,1080,51b5ab0d4e73e52143c621dbfed79c2ac096062e27614a9998c13f28219969fb,470707070f07070f,ok,True,,,file_block_0005
01190.jpg,训练集/01190.jpg,有漂浮物,1920,1080,df247b9b642f962066984c8097560a1737dd92d1801f590909eb77330676c175,cf0376232707070d,ok,True,,,file_block_0005
01191.jpg,训练集/01191.jpg,有漂浮物,1920,1080,a7b474942e68674287a7ab556a8bc96eb8f14f5ba237afb2c7710ea769be2e0f,0703031f010b0d05,ok,True,,,file_block_0005
01192.jpg,训练集/01192.jpg,有漂浮物,1920,1080,c70bf8997237b3755af9b4838f6135c425a5534ed7a008760a19f73ef06abda4,870301113121090d,ok,True,,,file_block_0005
01193.jpg,训练集/01193.jpg,有漂浮物,1920,1080,ae3719cdd9b135e458d101e1b170aa3391a42dec1fe9c824e1782cb585877117,871f170b0f170f0f,ok,True,,,file_block_0005
01194.jpg,训练集/01194.jpg,有漂浮物,1920,1080,aa7244c2046e81651b03d0a9c509f2b175a0457f592a19428eec26a3dc9f5bd0,870f07070f170f1f,ok,True,,,file_block_0005
01195.jpg,训练集/01195.jpg,有漂浮物,1920,1080,ab5025256c6752f2b900b3eb24e4dbfd9aeff8b6b2b703e2f33005226c7692f3,070f0c2f0f250f0f,ok,True,,,file_block_0005
01196.jpg,训练集/01196.jpg,有漂浮物,1920,1080,edc1d4a0effb7e7529affad426527a7eed49961fc3f92799b66704771206733d,cf1f1f171f1f1f1d,ok,True,,,file_block_0005
01197.jpg,训练集/01197.jpg,有漂浮物,1920,1080,81e93c582082be1271475ddbb5cf5853e3ebc722328a3d4121784ee813ec2ec0,171b1f3f1f1f0d09,ok,True,,,file_block_0005
01198.jpg,训练集/01198.jpg,有漂浮物,1920,1080,c588480994572ed2618724bd9f41e37980d78581c2101fde827cba9db9f2eed6,250012123319191d,ok,True,,,file_block_0005
01199.jpg,训练集/01199.jpg,有漂浮物,1920,1080,1197eb968c585c73ae8afb40e1e81b87d5fb872c0804d5c53aee94523ec0c895,87070707030b0f0f,ok,True,,,file_block_0005
01200.jpg,训练集/01200.jpg,有漂浮物,1920,1080,b1c1b0f01a3829cc3820cef9dec4cd4f468badeb4c1c0870f32e0934cedfdd88,cd8daf2eae8ece17,ok,True,,,file_block_0005
01201.jpg,训练集/01201.jpg,有漂浮物,1920,1080,c23fcef61368cd4a679f76a0d71b09482b44c43213e4e144ef79d1607ca9db78,0727131315112909,ok,True,,,file_block_0005
01202.jpg,训练集/01202.jpg,有漂浮物,1920,1080,7c48b6f8c28a100b4a00698a82a8c0d13fde8f0fb4399b4372f4f8c23f17a773,870703030163272d,ok,True,,,file_block_0005
01203.jpg,训练集/01203.jpg,有漂浮物,1920,1080,b7e166191158d16d310938d7fd733697565862c8799a69dff40e90c5e37fa2b0,872f0f0707170f0f,ok,True,,,file_block_0005
01204.jpg,训练集/01204.jpg,有漂浮物,1920,1080,e77277e6c3db1c40507165d28b52b24f401ca1f1b0d406de606a088e247e372b,470f070f0d090307,ok,True,,,file_block_0005
01205.jpg,训练集/01205.jpg,有漂浮物,1920,1080,f62b7aa9939426cf583838475ea3f4166973534adcb6f28992b3e3244bce58ac,471f17170f0f1f0f,ok,True,,,file_block_0005
01206.jpg,训练集/01206.jpg,有漂浮物,1920,1080,bca24ace4b2a7dff629a4d2bdaacc7b4bda3d2297c5c4c66f3851aa7bed9d119,871307171313030f,ok,True,,,file_block_0005
01207.jpg,训练集/01207.jpg,有漂浮物,1920,1080,00a592e953fcc33d648c57affa1d4b807df1f4d5de920a667fe7f9cf20ce637c,c6e6e7b7b73f1e1f,ok,True,,,file_block_0005
01208.jpg,训练集/01208.jpg,有漂浮物,1920,1080,c1c0931c99fa5cf240f94904eb65b327b8a20468f07d50bed27d20775bbf5195,c6e6e7b7bb3f1f17,ok,True,,,file_block_0005
01209.jpg,训练集/01209.jpg,有漂浮物,1920,1080,955cc3152757219ecdb63ed628d0f6dcc9f711d9345f330fa45000a5619c4993,c6e6e7bf3f3f1f17,ok,True,,,file_block_0005
01210.jpg,训练集/01210.jpg,有漂浮物,1920,1080,192ba852d03b3b60c01e04fd2f74382f3da0d14251e23ab69e847eba9b4de9d2,c6e6b63f3f1f1f17,ok,True,,near_0039,file_block_0005
01211.jpg,训练集/01211.jpg,有漂浮物,1920,1080,2a72897baded8fe16917466b886eae9f44a2218a6dbbedad0aaf753836bab602,c6e6bf3f3f1f1f17,ok,True,,near_0039,file_block_0005
01212.jpg,训练集/01212.jpg,有漂浮物,1920,1080,94d9d1f3325772cf67342d99238e822e751d7cc345131939fdbb543b521db8ac,e7b73f3f3f1a1e1d,ok,True,,,file_block_0005
01213.jpg,训练集/01213.jpg,有漂浮物,1920,1080,bf2bbf3a0abce250524ec9c5dbe2b8f425b012fe9a3fd38449345301c470a3af,1cbe779e1e1d5e4d,ok,True,,,file_block_0005
01214.jpg,训练集/01214.jpg,有漂浮物,1920,1080,0a57dd82125a99ba07a1a4cf10aaaa3b92dbfb0b0541adc3ff25e824eeaf3c0e,1cbe77de9f1f1f19,ok,True,,,file_block_0005
01215.jpg,训练集/01215.jpg,有漂浮物,1920,1080,35ac0458d3eccfe976928d909cb0d64fd5e4af909afc559bd9d83da18331bbe6,4f0f0d3c0e0e0c1a,ok,True,,near_0040,file_block_0005
01216.jpg,训练集/01216.jpg,有漂浮物,1920,1080,cf67d6835c1ed4c64cf2cdcf6f7517a6f0f4c9415e108fd6ecb1cbc39ec2bcf8,4f0f0d3c0f0e0c18,ok,True,,near_0040,file_block_0005
01217.jpg,训练集/01217.jpg,有漂浮物,1920,1080,8e7130efa8a37264072457e8ada9b12290a5895292765b5a5ddf0653a92b5ee7,4f0f0d38080c091c,ok,True,,,file_block_0005
01218.jpg,训练集/01218.jpg,有漂浮物,1920,1080,7507b490a293963d1258fb00e35b0f8c29ad34c3c67d9a3ccab26de67b93f49b,4f0f0c3c0e0f1f3c,ok,True,,,file_block_0005
01219.jpg,训练集/01219.jpg,有漂浮物,1920,1080,c8a76e838303196d291efc3b8fd255d0cbadcdce2e588d4fccabe9f7ea30a500,4f0f0c2c0e0f1d1d,ok,True,,,file_block_0005
01220.jpg,训练集/01220.jpg,有漂浮物,1920,1080,bf8cc57c6b6f05254c334787ff22999204f37c1daaa4dafe1e5e56d20032be9c,4f0f0d2c0c0c2e3e,ok,True,,,file_block_0005
01221.jpg,训练集/01221.jpg,有漂浮物,1920,1080,6975c9ace6ddc21dfe3378b2fc6a3c2611b147c6804c2ff72644d21eb22b5073,0f0f0f0f0f0f0f0d,ok,True,,,file_block_0005
01222.jpg,训练集/01222.jpg,有漂浮物,1920,1080,d391dafe51e13081d2386175ccb42f66fe8d5bca133c629fc179e95df12c147f,f8fafb277f3f3f7f,ok,True,,,file_block_0005
01223.jpg,训练集/01223.jpg,有漂浮物,1920,1080,9bb4c53d89e0898fd5512cb047eaab1ec2b5393daed6d8c1ff412107994a461a,7c7eff371f1e3e3f,ok,True,,,file_block_0005
01224.jpg,训练集/01224.jpg,有漂浮物,1920,1080,c6dfffdcab6ac25d8c3fc3717d776d0d2316f3764f8882c49859d15b37d5b350,fc7cff373f3f3f3f,ok,True,,,file_block_0005
01225.jpg,训练集/01225.jpg,有漂浮物,1920,1080,73fcc558c886685d52488fa9cf485a54e0e9c1b3ac63866d6aef29489d12413e,fcfeff373f3e3e3f,ok,True,,near_0041,file_block_0005
01226.jpg,训练集/01226.jpg,有漂浮物,1920,1080,7ce041d89656bfcacac159cd8b9e1f346339271528d7bd83c68223cf1876ad0f,f878f2273f3c3c3e,ok,True,,,file_block_0005
01227.jpg,训练集/01227.jpg,有漂浮物,1920,1080,9448d1d20569663138e3d53d7e7a8c8ddc91f52f80a2773784019a5f94336430,fcfcff373f3e3f3f,ok,True,,near_0041,file_block_0005
01228.jpg,训练集/01228.jpg,有漂浮物,1920,1080,23e42729790e755db24492b95f27fda1503e7bf009494a0e3c7edee070382300,fcfcfb373f3f3f3f,ok,True,,near_0041,file_block_0005
01229.jpg,训练集/01229.jpg,有漂浮物,1920,1080,19ace359d98020514d225253ccc55b36609e7892a7dd8e8b5460b228a13a831e,f8f8e8667f787b73,ok,True,,,file_block_0005
01230.jpg,训练集/01230.jpg,有漂浮物,1920,1080,7986bbb863075cd367821d5a7ac217ef7ef9aa99fc8fceaf01e117945c504788,f8f8db277f7e3c3f,ok,True,,,file_block_0005
01231.jpg,训练集/01231.jpg,有漂浮物,1920,1080,ec4708c17daaf6ef74b708442678469b5ac109d485a205c0531ab59980e6505d,7c7eff373f3f3f3f,ok,True,,near_0042,file_block_0005
01232.jpg,训练集/01232.jpg,有漂浮物,1920,1080,a10f396893c85f03a9a34aad27d58526d3c0d25bd1d505daf4f28a5f081f2227,7c7c1f3f1f1e393f,ok,True,,,file_block_0005
01233.jpg,训练集/01233.jpg,有漂浮物,1920,1080,ed814e67538c90284a89314160ae613d6609a958aabc0984e60a8ed6cad063dd,7e7e7f373f3f3f3f,ok,True,,near_0042,file_block_0005
01234.jpg,训练集/01234.jpg,有漂浮物,1920,1080,576bead05c1a535244913676419b5c5ac0e0e33047c4e1197ab0b8286e3651d9,7c7c5f1f1f3e3e3e,ok,True,,,file_block_0005
01235.jpg,训练集/01235.jpg,有漂浮物,1920,1080,6db474b368a542089daaf59181a58f157cecd39564f0edf252c4367ecb27679e,7c7eff3f3f3e3f3f,ok,True,,,file_block_0005
01236.jpg,训练集/01236.jpg,有漂浮物,1920,1080,ec21f3e85b403fd632e3ad282e887bcebe1b888051eca1838f27942ee7f810a5,787819070d30383f,ok,True,,,file_block_0005
01237.jpg,训练集/01237.jpg,有漂浮物,1920,1080,6db857a18e7879e5e0a9752be018c0aba269accb5529ddb507e643c886997e0f,78784b373f3f7f3f,ok,True,,,file_block_0005
01238.jpg,训练集/01238.jpg,有漂浮物,1920,1080,a2e1a7572380f33f0830a7f70adaaf27c0f9754a2017abd291f5620dd2c8ce51,707813030320303e,ok,True,,,file_block_0005
01239.jpg,训练集/01239.jpg,有漂浮物,1920,1080,368efecb38dc904f314964c0410899721a3138231008e439c630b3193207405a,7c7eff3737323b3f,ok,True,,,file_block_0005
01240.jpg,训练集/01240.jpg,有漂浮物,1920,1080,292dcdc128ad0557b9513f24afd796770f9ec0d9630e960d3cf6cf05d2bc8458,3c7e7f373f3c7c3f,ok,True,,,file_block_0005
01241.jpg,训练集/01241.jpg,有漂浮物,1920,1080,671a1aedabecdb5f2b2e7118bc594c1de8ff42a8a5b1fea4e4e099199fd49f9c,7c7c7f373f7c7e3f,ok,True,,,file_block_0005
01242.jpg,训练集/01242.jpg,有漂浮物,1920,1080,5cad7e96a1bc7ffc570a2429c5b854e5163d3077cd8db79a9a399719d7ce0522,787aeae6fe383c7e,ok,True,,,file_block_0005
01243.jpg,训练集/01243.jpg,有漂浮物,1920,1080,9fd0c88210ed476032f51bebeb0014700da62643f7cb80bf216fe637066f5eff,5432343830303818,ok,True,,,file_block_0005
02043.jpg,训练集/02043.jpg,乱占,3840,2160,096538a353ff65241ce8a746045f59d589138f4f9599ca5857bc7b8f11a54910,190333f3f5ef8ec0,ok,True,,,file_block_0006
02044.jpg,训练集/02044.jpg,乱占,640,853,c7abebbbc9974c687b36e683586ee3e0b2e5190b2c05277263c97026783d8e45,1f9ec980c0440d09,ok,True,,,file_block_0006
02045.jpg,训练集/02045.jpg,乱占,3840,2160,6765c00bf06ff65048866dafdb180417a61af4a8f4bade1a7800a2dcfd9ca170,a4313a57612214b2,ok,True,,,file_block_0006
02046.jpg,训练集/02046.jpg,乱占,3840,2160,1a06f93782b9bfce38c0c1397b5a844cfb7b52d45b0934e48e94cc9e2f08d20d,2430700222242743,ok,True,,,file_block_0006
02047.jpg,训练集/02047.jpg,乱占,3840,2160,01eef87e1613f3b5d1060bed698f102b78369617367c85198f37b72c8680f3e0,0f0f1f5c17353098,ok,True,,,file_block_0006
02048.jpg,训练集/02048.jpg,乱占,3840,2160,9a1d126b7132d7216bdb6296c8dea5d70d0debf3d5977de4cc9cf4b4aa03f48e,07051f1c173131f8,ok,True,,,file_block_0006
02049.jpg,训练集/02049.jpg,乱占,3840,2160,2663d58658901cca3aada9d9ac80f2e63c4f1d93975dc41ed6b050b55ec8e789,378d1f7fdf61707a,ok,True,,,file_block_0006
02050.jpg,训练集/02050.jpg,乱占,3840,2160,cbbd606e1584b488653dca99a816d44e78187f39177647511f44ab76cb3225cf,15041b5c17353079,ok,True,,,file_block_0006
02051.jpg,训练集/02051.jpg,乱占,3840,2160,a8fab2bb3bcd3f98de054656b7203b5d554848053cfc8cde241649da67823d9a,1f041f1c37353059,ok,True,,,file_block_0006
02052.jpg,训练集/02052.jpg,乱采,2560,1440,7a49774d015df6661981ff090f84cce7bf3da87b18c361adc650ff348af9b318,073f7d6c6a79f8d2,ok,True,,,file_block_0006
02053.jpg,训练集/02053.jpg,乱采,2560,1440,bef261d017ac37d35126cd8ea91185d2bd5c6c142ad24599827679afe25fd2e1,0f1f7d703e1b3cb2,ok,True,,,file_block_0006
02054.jpg,训练集/02054.jpg,乱采,2560,1440,2fb3189aa000e26a98757bed388214bc04ada41eb5e11c24d34cb81ccf2b5d96,7f3f7ded3ddafef8,ok,True,,,file_block_0006
02055.jpg,训练集/02055.jpg,乱采,2560,1440,5828f45f6f26d9a4e1fb24d59edff1197b316f489c9bbf974720ba636015e781,6f3f3dfcfef9fab2,ok,True,,,file_block_0006
02056.jpg,训练集/02056.jpg,乱采,2560,1440,6d0d766a7310beba7977242c78898cda018cc4d32ad4f29d8c54080716d8e9b2,073f3d3c1e189a9a,ok,True,,,file_block_0006
02057.jpg,训练集/02057.jpg,乱采,2560,1440,e12ec3d67d6c3d8594ac64cc264b28591d39d6487fe975809f751dd659077399,0f3f3d1d1e591cfa,ok,True,,,file_block_0006
02058.jpg,训练集/02058.jpg,乱占,1920,1088,2a90d096043393c33ae59cbc4d62cf8316a0964f8f2d5435aae150428c08271c,24173d0522565144,ok,True,,,file_block_0006
02059.jpg,训练集/02059.jpg,乱占,1920,1088,5c0197a61902112902f3573f1244852d871eea353d2db9c8629e9023da2e03ac,191f7e0522361150,ok,True,,,file_block_0006
02060.jpg,训练集/02060.jpg,乱堆,1920,1080,780965d9ea77ff816847bce0dcc1da6d5effaf8129518df63a26a753b735bd09,c747079686860606,ok,True,,,file_block_0006
02061.jpg,训练集/02061.jpg,乱堆,1920,1080,c38d68f851b49de8df09dd97034cb3fd98371f8b7b5022ebc83fbb309e9bbeb8,4507078686860606,ok,True,,,file_block_0006
02062.jpg,训练集/02062.jpg,乱占,667,500,373894373aa0810e2a7bbb53588f2ea8af714a1c48c471e4b1c245ad7a48d38a,69793830b0131f1f,ok,True,,,file_block_0006
02063.jpg,训练集/02063.jpg,乱采,3840,2160,dae0475fd0e4010a730e14aa4ade6c94ca809fabfe151cf74bc34b693758ce91,0c038408ad3420b1,ok,True,,,file_block_0006
02064.jpg,训练集/02064.jpg,乱采,3840,2160,e648d3545e851b2a2c8b7e431ce1014d414392e46f776ed0d63e4c9597d4aafe,2c008090fc3500a1,ok,True,,,file_block_0006
02065.jpg,训练集/02065.jpg,乱采,3840,2160,9fa414a2eb4ec953040d011e30bd6d08a216ecb2e78067caf548218a1ed54509,fcf4e0b8f43521b0,ok,True,,,file_block_0006
02066.jpg,训练集/02066.jpg,乱采,3840,2160,c9416007a0eae51036bff3d021acb6ab9a17b5ef2766e372b784f1d59c513122,1806e418258101a1,ok,True,,,file_block_0006
02067.jpg,训练集/02067.jpg,乱采,3840,2160,ece4a38f8c9670510a96cd18b743cbaf79faa8a5a2ad342c80ea25ecdc5577c8,0e21a090fec640a1,ok,True,,,file_block_0006
02068.jpg,训练集/02068.jpg,乱采,3840,2160,bbf35a4a479ff35c5f28b1f60c31bed7613fd5432ffb9db81b3e64a5b2cf4a99,efefe4f8fe2624b1,ok,True,,,file_block_0006
02069.jpg,训练集/02069.jpg,乱采,3840,2160,0794e14683a70f906d88eec2823f950c9d89c632383418551d5caefe31daf274,8fc1e490a62604a0,ok,True,,,file_block_0006
02070.jpg,训练集/02070.jpg,乱采,3840,2160,0c6adb9d5b7e279b065348ca612170b98ca666776941631874ba6fe8ec87968f,1cc0e498e62600a0,ok,True,,,file_block_0006
02071.jpg,训练集/02071.jpg,乱采,3840,2160,970435b06af587e5d767d440318a97f36ca6c2440e6761fd6d3f13b89940309b,1fa5e4ba5a2001b0,ok,True,,,file_block_0006
02072.jpg,训练集/02072.jpg,乱占,1920,1080,b17af3f6cb721058f1578881ed9592399995268495f671b7e970a5a50f1a076d,3b7efffefbffeeed,ok,True,,,file_block_0006
02073.jpg,训练集/02073.jpg,乱占,640,853,c25ff3ca714a5e3ddc7d52bf3112f91aaa0c6c6c273e34804910039afbbd77b6,e060889cb0610000,ok,True,,,file_block_0006
02074.jpg,训练集/02074.jpg,乱占,2560,1440,cbe0d6016b05df649439996797784f122a58d235dd602fc1471aa30411fb79cf,b0808080a0e1e3f2,ok,True,,,file_block_0006
02075.jpg,训练集/02075.jpg,乱占,2560,1440,841ce01f227fd0e9dcd40e62be9926ac3b3c8217feb143ecc02bd665a18bf220,7f7f5fdde9effdf9,ok,True,,,file_block_0006
02076.jpg,训练集/02076.jpg,乱占,2560,1440,4010e83dfc9e85d20fcd93e20b6b4dddbd68b26e35dc48f0072556131cb89faa,7b7f7fdce9ece8fb,ok,True,,,file_block_0006
02077.jpg,训练集/02077.jpg,乱占,2560,1440,1693b451ea28fa5f6cdafc6584e91c53751d4a44e50dfaad898a8ad797e939f1,82818081a1e3e393,ok,True,,,file_block_0006
02078.jpg,训练集/02078.jpg,乱占,1920,1080,a7ec10a3704b17fd574c2cfe216eaff727ca4db5414ae0b36393f27469688a6b,0f0fdfff7f0d0ca0,ok,True,,,file_block_0006
02079.jpg,训练集/02079.jpg,乱占,1920,1080,eda4afb20f99c6b6e96336288a18845911b3c7f59730a36a8788fb5f03ab507b,0f0fdfffff1d0490,ok,True,,,file_block_0006
02080.jpg,训练集/02080.jpg,乱占,1920,1080,15ce97f7d078018f70351d91fc56e88dd841f4cd3d5e541b15efe0ddc6885f93,0f0fdfdbfa1f0d90,ok,True,,,file_block_0006
02081.jpg,训练集/02081.jpg,乱占,1920,1080,4fac84a2b24eac502e935e361625cdcecf5e93fef449b6a1ec1cca0192327540,0309a191931383c7,ok,True,,,file_block_0006
02082.jpg,训练集/02082.jpg,乱占,1920,1080,a1b29236a3db6683174f5b4bba7526e6bfc37ccf1e99bee463602763a939301f,a3b8bcf893f16377,ok,True,,,file_block_0006
02083.jpg,训练集/02083.jpg,乱占,2560,1440,eeb06755989b86e0bdf71627f27401966af1e15baa2fb6ba99463cd2d120904f,4d2f674b039716d3,ok,True,,,file_block_0006
02084.jpg,训练集/02084.jpg,乱占,2560,1440,9c286fac3f52a629746639213252f20e665091a9449544cde1da84e8ecc4abdd,0123c1c203069693,ok,True,,,file_block_0006
02085.jpg,训练集/02085.jpg,乱占,2560,1440,622c1534d12974d27feebea007db4360d8dc99da90ae7b681e2df63b17750a68,1a1b0f0f07030000,ok,True,,near_0073,file_block_0006
02086.jpg,训练集/02086.jpg,乱占,2560,1440,5679be747b02123d7f4dab18a8bc71c9f3ce6f60c4248896bfe8645846b1dfee,1a1b0f0f07031020,ok,True,,near_0073,file_block_0006
02087.jpg,训练集/02087.jpg,乱占,2560,1440,8cbeb08a46384532e35a061b80520c6ab0c82fdaca5e06b7febfecde827baab4,0a0b0f0f0f030b4a,ok,True,,,file_block_0006
02088.jpg,训练集/02088.jpg,乱占,1706,1279,8d14096ca44ab29ca8009401ed2153e0973e1947e21fca7a810451b4f97e4ad1,0747851733c341d0,ok,True,,,file_block_0006
02089.jpg,训练集/02089.jpg,乱占,2592,1944,8a08cd2a98b65455bcb7f805aee474f5d96840e27b30f9ecc9e6f6eccdf24cd9,090d1d4544632331,ok,True,,,file_block_0006
02090.jpg,训练集/02090.jpg,乱占,3840,2160,19c4ce4c4a42d0e229df1ceab54f3456415ee71acfc758fd0c54e67ed7abc942,78ca6a2d1a8b80b8,ok,True,,,file_block_0006
02091.jpg,训练集/02091.jpg,乱占,3840,2160,628e55e1da3aee8a045ce15e8eb928d3c6c3fd4bcfa0d117459246c1f78106ae,798b7a23108091ba,ok,True,,,file_block_0006
02092.jpg,训练集/02092.jpg,乱采,2688,1520,e47e1190db6473ff1eab64dec7cb59942ba688e09411c8448e8f0775721aeaa6,0f0f0f8f8f8d8d88,ok,True,,,file_block_0006
02093.jpg,训练集/02093.jpg,乱采,2688,1520,d060dca172c6e7663ed02fa5c7145b0845069663d4eb6333b018edd29e84c11e,1f8f0f0f8f8d8d8a,ok,True,,,file_block_0006
02094.jpg,训练集/02094.jpg,乱采,3840,2160,afa3524958eababb7da9bb8f4b8b5e3bf7242d8316a7d4c91fba4889705ce88d,7e6b081c9fd36482,ok,True,,,file_block_0006
02095.jpg,训练集/02095.jpg,乱采,3840,2160,4a0719b96399313b65333fdb74e9c90e469f676100f843dec337864a6c9f26c9,7e6a0818bbd33482,ok,True,,,file_block_0006
02096.jpg,训练集/02096.jpg,乱采,3840,2160,88edb307a6ac7162685bc04cfe01b19d4c3f1747ef72c8a08d4479898addb4e0,7c2b181c9f93b482,ok,True,,,file_block_0006
02097.jpg,训练集/02097.jpg,乱堆,3840,2160,1c113531fb9836d5a13f2cd6550cc8177468a7fe1f929126731ef512fcff8eff,e7e7c7c7112383c2,ok,True,,,file_block_0006
02098.jpg,训练集/02098.jpg,乱堆,3840,2160,097917190b2f02b155fce7c186b5d778675978a4cf4a4641d09e0c3488b7cda0,c7cfc70713639342,ok,True,,,file_block_0006
02099.jpg,训练集/02099.jpg,乱堆,3840,2160,935a9d0f191ee36cd5c2821b22ac4ab8515d04fe0242ccd62c270a3310d85164,c70f4783ff63b20f,ok,True,,,file_block_0006
02100.jpg,训练集/02100.jpg,乱堆,3840,2160,09236db21f77dc8cc30f83b2fe9809c4751aa8b027db57f998d991bccc6f7909,870f8f0f04228307,ok,True,,,file_block_0006
02101.jpg,训练集/02101.jpg,乱堆,3840,2160,46a226aa1d217a76e91e1b445cf8fd386e7e6acf3311383238398911aefb6330,c7cfc9430b289997,ok,True,,,file_block_0006
02102.jpg,训练集/02102.jpg,乱堆,3840,2160,a0053ac724ac71b218db34309e85ddf200bf71f9060c4a33e035a206f303e6d4,c74f0f0f0701838e,ok,True,,,file_block_0006
02103.jpg,训练集/02103.jpg,乱堆,3840,2160,035a14890cabac01517997462ecb6fb9b715b164fb8841e3b5c20c58d26936f4,c78f078338633313,ok,True,,,file_block_0006
02104.jpg,训练集/02104.jpg,乱堆,3840,2160,55d7e8888c4f22cc5f6a9346f36c88575cf0b5fbe18994098c9560ae0bc21560,870f470343713307,ok,True,,,file_block_0006
02105.jpg,训练集/02105.jpg,乱堆,3840,2160,75ff66dfa796a079a5e6c2c9f97dbe408aca672b979b6585b80ac1842023fbba,c74f474313633307,ok,True,,,file_block_0006
02106.jpg,训练集/02106.jpg,乱堆,3840,2160,f5e02bf7c9f78a636fc03776dfd55e612fa6950bb2df6a26f169cde1af5b1bfd,e747474737263367,ok,True,,,file_block_0006
02107.jpg,训练集/02107.jpg,乱堆,3840,2160,b999a9b7fc5595db7c33f5c0b820742b7185223c1661629cdeeb790cad57c19e,450f0383ff633307,ok,True,,,file_block_0006
02108.jpg,训练集/02108.jpg,乱堆,3840,2160,b87927949989abd0bbfbe28564c70a50b1b791903e6c4850dd5eabb11a74e1c6,c7cfc7cf1f633307,ok,True,,,file_block_0006
02109.jpg,训练集/02109.jpg,乱堆,3840,2160,76e921c1ec2de5913891be2b979e653e77e690aad068fffe950f1bf80476cda9,4707c74303003373,ok,True,,,file_block_0006
02110.jpg,训练集/02110.jpg,乱堆,3840,2160,a5be2f57800db5ad65813f47126cf2c1d2af6563bd5baefb2c22a676bc4d98fc,c7efc743010073c6,ok,True,,,file_block_0006
02111.jpg,训练集/02111.jpg,正常,3840,2160,a361b4b13e26f204f88c2583d353259de3021299bef37d8e6ad6b25dc1a7fbcc,c74fc74713f33307,ok,True,,,file_block_0006
02112.jpg,训练集/02112.jpg,乱占,1920,1080,c5088d5154a72ce5d1012f671c5d2e857cdfdafa6d965462de3cddb5201d3007,101233ef0f130498,ok,True,,,file_block_0006
02113.jpg,训练集/02113.jpg,乱占,1920,1080,ad627686be92383ffdc138e09297e84c55192cebbb9c8dde88174fb252221577,c01b33670705050d,ok,True,,,file_block_0006
02114.jpg,训练集/02114.jpg,乱占,1920,1080,9afacf9cf2dc3c701ebbf32f57bf4b52e798f5a92a36559aab72850ac24876c6,10123f7c8707050d,ok,True,,,file_block_0006
02115.jpg,训练集/02115.jpg,乱占,1920,1080,ecb67a2862b96f785862c891275d4571f0f391d2b738ed6da7c6161076fcf8fe,1012337f87070709,ok,True,,,file_block_0006
02116.jpg,训练集/02116.jpg,乱占,1920,1080,5e7357d661fc7a97e7fd49036835f6a88ec1d5e266db9e0a0f15b3436590a78c,031e37ff8d1d0489,ok,True,,,file_block_0006
02117.jpg,训练集/02117.jpg,乱占,1920,1080,a05b3a2c33f2ab676271e7d4fd09d1f497a2348dfd2e6aed6fc375acd5063317,1117376f9b37c401,ok,True,,,file_block_0006
02118.jpg,训练集/02118.jpg,乱占,1920,1080,5d0bece9a7d038a7d035f35d511ae24a73854d0734852da2cc4329ab3d148608,1016374f0f1f3c09,ok,True,,near_0074,file_block_0006
02119.jpg,训练集/02119.jpg,乱占,1920,1080,cfc1af78f0d4e0034b9dd705a9c49ce17d14a27be20db0c4d7838942f3cfcc33,1016370f1f1f3c09,ok,True,,near_0074,file_block_0006
02120.jpg,训练集/02120.jpg,乱占,1920,1080,48d14acb6d09cb1cde3d829e8b2a40740f1c9b955a35547eb88fbfcd722be4b2,1017370f0f1b1c09,ok,True,,,file_block_0006
02121.jpg,训练集/02121.jpg,乱占,1920,1080,3935ebb98955aeb7c917562816259012654b1d554b2fd6f1e29f4cd41edf05dd,101637470f1b1831,ok,True,,,file_block_0006
02122.jpg,训练集/02122.jpg,乱堆,2560,1440,d329c4673f99cc54486d73f36863aa3302df0e4098495c22c449c21eb8595833,3bffffbd69782f01,ok,True,,,file_block_0006
02123.jpg,训练集/02123.jpg,乱采,1920,1080,43d6715bef0e71e8d3e5cd0bb62824472221485357a3ec32a4333c795588a390,412f3f1f1f1f171f,ok,True,,,file_block_0006
02124.jpg,训练集/02124.jpg,乱采,1920,1080,bdedd400cee4e3892895e84ce0d2d7ec5fbdaa3389e50d77176e36d8ab462009,432f1f1f17153607,ok,True,,,file_block_0006
02125.jpg,训练集/02125.jpg,乱采,1920,1080,295497828833f88d850392ebefd01534647c4ddc664beccc7a800ce4ea46753a,432f1f1e1f1f0707,ok,True,,,file_block_0006
02126.jpg,训练集/02126.jpg,乱采,1920,1080,bf0fa95eb69bb173b5a959d058612420d11f92b63e2e721b379abc502ee71358,420f371719193e1f,ok,True,,,file_block_0006
02127.jpg,训练集/02127.jpg,乱占,1920,1080,b727491773a520c660d417ae75b2e577ac2a9ba9437fcdca121a762a89f00fdd,13270f1f4fdf9fcb,ok,True,,,file_block_0006
02128.jpg,训练集/02128.jpg,乱占,1920,1080,4fde8d05cda111918ce16dae3ae72006a74811372588369b07309939656d57d3,13270f4f4fdfafcb,ok,True,,,file_block_0006
02129.jpg,训练集/02129.jpg,乱占,1920,1080,2b8826225ecda3795375dca695e3a19e987b314cbe58873b5c010391a399297e,13272f4f4f5fffcf,ok,True,,,file_block_0006
02130.jpg,训练集/02130.jpg,乱占,1920,1080,b9be3eced12037ad9e99e575622383c470fe6403d8231b365d2642e798b157d0,13272b4f5f7fffbd,ok,True,,,file_block_0006
02131.jpg,训练集/02131.jpg,乱占,1920,1080,1e1b49fde1ed02069e87437f01e4716ba35cdd88582530f7c110b700e08050b4,13270e4f5ddbafa7,ok,True,,,file_block_0006
02132.jpg,训练集/02132.jpg,乱占,1920,1080,b0c851fa96a99ea052308fc9ebbc5ff39d5c17797a401dc75747ae4d85e8230e,1b26064d4ddb8fc3,ok,True,,,file_block_0006
02133.jpg,训练集/02133.jpg,乱占,1920,1080,0ade2521056421719bb5f5e124209b222f8c963b57be1264b7eb5760fedaa5b3,1b270f5d4ddb8fc3,ok,True,,,file_block_0006
02134.jpg,训练集/02134.jpg,乱占,1920,1080,ad60aaee2e291fdbb25bb34dc213f39ba136d0d8b9a23ab1330124cc74d4b5e7,1f272f5f4f5fffcb,ok,True,,,file_block_0006
02135.jpg,训练集/02135.jpg,乱占,2592,1944,dc930c9494f1a27f745cb550e1db1630a4e06f459fb05005f2e60617ed0dd401,070381180d0c1c7c,ok,True,,,file_block_0006
02136.jpg,训练集/02136.jpg,乱占,2592,1944,8d6ce404e8ff74a418de1fed8cf5762b31e590ea3dd0d63d17e19f8ffe7b6cbc,1f03000c130c1c3c,ok,True,,,file_block_0006
02137.jpg,训练集/02137.jpg,乱占,2560,1440,6d04404d5d5bf04d04a7217a35d365ab4f6f48d658bda403d60d2fa82407aa9e,0f0f0f2f210b0f4f,ok,True,,,file_block_0006
02138.jpg,训练集/02138.jpg,乱堆,1920,1080,da43d201d47651ca016eb857f9552fb4ce8b5cc23a0afb87f169f805896f69c1,0c8f8f5f3f2e8697,ok,True,,,file_block_0006
02139.jpg,训练集/02139.jpg,乱堆,1920,1080,9ac43120bd61e7d400534aa0bac937dc149ac49aafea4068f9909382f6654399,0d8e8fa32328188c,ok,True,,,file_block_0006
02140.jpg,训练集/02140.jpg,乱堆,1920,1080,71405af90f6e887af0326de01661534d81b217c29d463c72f4b0e9bc1751c9f2,0c8e8f6723a18c8e,ok,True,,,file_block_0006
02141.jpg,训练集/02141.jpg,乱堆,1920,1080,b8bd934dee36f3fbf3d2d7082920db32c9cb8b7acfe87a70720693af2b531fed,0c8e8f8f1f1e0e8f,ok,True,,,file_block_0006
02142.jpg,训练集/02142.jpg,乱堆,1920,1080,f60198599fc83bd6af0178d9fbfa1c5d7456c2818d9beb54f9dfd4f52c89067a,0c8f839b1f1f0e8f,ok,True,,,file_block_0006
02143.jpg,训练集/02143.jpg,乱占,3840,2160,404b2a7408197e2c66bb5b12519744edeee6b66eec24a2b8bb59e6a6dc924ae4,1d773b8c8633b330,ok,True,,,file_block_0006
02144.jpg,训练集/02144.jpg,乱占,3840,2160,91521b4e2702f7f24e92209a7dc516e0972d17f82daf5b0c655aeaad938d12d1,1d3f2fa44609d390,ok,True,,,file_block_0006
02145.jpg,训练集/02145.jpg,乱占,3840,2160,5f3bf3761b9f5ab26db451cab9c4ebcddcca578f19279462d34b1b8d774a9640,1d7ffb8d06319398,ok,True,,,file_block_0006
02146.jpg,训练集/02146.jpg,乱占,3840,2160,3a152a40f7615f5dea91c32b946bef2d28d7f0d0ecab292a65ceaba43c7ed1ef,1d77ba8c16335290,ok,True,,,file_block_0006
02147.jpg,训练集/02147.jpg,乱占,3840,2160,476dcb96da75b9ab30600e7f9e14d510e9c466fe77b6ebfeded8fb15df1a369f,1d77bb8c0633d3b0,ok,True,,,file_block_0006
02148.jpg,训练集/02148.jpg,乱占,3840,2160,32583268cfbbd15682b3698f56a200f80fbbe7205b8952943759be28cde41351,1d776ba4163392b8,ok,True,,,file_block_0006
02149.jpg,训练集/02149.jpg,乱占,3840,2160,c77984036d7c190df0cc6072094f54a9824012fd2e1642002a3bb75d30454330,1e7f3b8c16335290,ok,True,,,file_block_0006
02150.jpg,训练集/02150.jpg,乱堆,3840,2160,748d7b1414ea9525342e0d78cb5585baefea4cc704394bf20c0a12eb0b716352,ac800b4fdb93b1dd,ok,True,,,file_block_0006
02486.jpg,训练集/02486.jpg,乱建,1430,1000,3fc68fde7c66b63b7084de34942b1873f80eb65db6ba2bc5f3629bb9da2015fd,786ef673753c3eba,ok,True,,,file_block_0007
02487.jpg,训练集/02487.jpg,乱建,1882,1168,e4b3d12fcecb064a4a47626e80a079c49ecf1e1c5b42c04d7f296da6f6dfaa15,3d7f73ac3c1f1f3d,ok,True,,,file_block_0007
02488.jpg,训练集/02488.jpg,乱建,1433,1006,6a592bc1e96e25c8d9202637910b3198b78e3525533111125741807f5f71be0a,6f0d9b3c9ecccc4e,ok,True,,,file_block_0007
02489.jpg,训练集/02489.jpg,乱建,667,500,1c398b5bb82ca1644971e60da8ab0bb0a62460c5da136458942f669fc4d8e68e,0f1f0f535153330c,ok,True,,,file_block_0007
