filename,fold,true_label_id,true_label,pred_label_id,pred_label,logit_乱采,logit_乱建,logit_乱堆,logit_乱占,logit_有漂浮物,logit_正常,prob_乱采,prob_乱建,prob_乱堆,prob_乱占,prob_有漂浮物,prob_正常
00000.jpg,0,4,有漂浮物,4,有漂浮物,-3.70703125,-3.33203125,-2.609375,-3.3515625,4.5859375,-2.615234375,0.0002496544038876891,0.0003632450243458152,0.0007482474902644753,0.00035621924325823784,0.9975388050079346,0.000743876036722213
00006.jpg,0,4,有漂浮物,4,有漂浮物,-6.5859375,-3.6640625,-6.66015625,-2.37890625,7.125,-2.8203125,1.1100753454229562e-06,2.0620853319996968e-05,1.0306699778084294e-06,7.454918522853404e-05,0.9998548030853271,4.794491906068288e-05
00008.jpg,0,4,有漂浮物,4,有漂浮物,-4.33203125,-3.369140625,-2.982421875,-2.1328125,3.74609375,-2.181640625,0.00030785659328103065,0.000806355441454798,0.0011870700400322676,0.00277623999863863,0.9922784566879272,0.0026439379435032606
00011.jpg,0,4,有漂浮物,4,有漂浮物,-6.5703125,-4.45703125,-5.11328125,-2.86328125,6.76171875,-4.19140625,1.6215357163673616e-06,1.3418776688922662e-05,6.961569397390122e-06,6.604952795896679e-05,0.999894380569458,1.7501384718343616e-05
00015.jpg,0,4,有漂浮物,4,有漂浮物,-5.58984375,-4.48828125,-6.76171875,-2.8515625,7.67578125,-1.896484375,1.7328744661426754e-06,5.213983058638405e-06,5.368194706534268e-07,2.6790916308527812e-05,0.9998960494995117,6.96261995472014e-05
00017.jpg,0,4,有漂浮物,4,有漂浮物,-4.5390625,-1.5048828125,-6.4765625,-2.466796875,4.76953125,-2.1953125,9.031208901433274e-05,0.0018770394381135702,1.3010690054215956e-05,0.0007173307240009308,0.9963611960411072,0.0009410736383870244
00021.jpg,0,4,有漂浮物,4,有漂浮物,-3.298828125,-2.2265625,-1.5869140625,-1.4453125,3.23046875,-0.7998046875,0.0014026606222614646,0.004098563455045223,0.007770115043967962,0.008952085860073566,0.9607053399085999,0.017071224749088287
00025.jpg,0,4,有漂浮物,4,有漂浮物,-4.4921875,-1.4921875,-5.18359375,-1.4423828125,4.07421875,-1.1181640625,0.0001878246694104746,0.0037725595757365227,9.40759782679379e-05,0.0039652083069086075,0.98649662733078,0.005483684130012989
00026.jpg,0,4,有漂浮物,4,有漂浮物,-4.73828125,-1.5419921875,-4.984375,-1.0087890625,3.556640625,-1.98046875,0.000244670023676008,0.005980141926556826,0.0001912949956022203,0.010192451998591423,0.9795341491699219,0.003857301315292716
00031.jpg,0,4,有漂浮物,4,有漂浮物,-6.51171875,-2.61328125,-4.19921875,-1.3818359375,4.95703125,-1.16796875,1.0403950909676496e-05,0.0005131782381795347,0.00010507618571864441,0.001758239814080298,0.9954355359077454,0.0021775064524263144
00035.jpg,0,4,有漂浮物,4,有漂浮物,-3.701171875,-5.28515625,-4.2265625,-3.767578125,5.80859375,-2.064453125,7.408119563478976e-05,1.51982048919308e-05,4.380601239972748e-05,6.932152609806508e-05,0.9994169473648071,0.00038065004628151655
00039.jpg,0,4,有漂浮物,4,有漂浮物,-4.48828125,-2.517578125,-5.00390625,-1.5830078125,4.65625,-2.845703125,0.00010643610585248098,0.0007637556991539896,6.355589721351862e-05,0.00194461306091398,0.99657142162323,0.0005501125706359744
00043.jpg,0,4,有漂浮物,4,有漂浮物,-5.828125,-5.34375,-4.4609375,-5.015625,6.52734375,-3.681640625,4.305817583372118e-06,6.989032044657506e-06,1.6897312889341265e-05,9.7033107522293e-06,0.9999252557754517,3.683510658447631e-05
00048.jpg,0,4,有漂浮物,4,有漂浮物,-5.95703125,-4.81640625,-5.03125,-1.853515625,5.81640625,-3.302734375,7.701735739829019e-06,2.409659828117583e-05,1.943794450198766e-05,0.0004663616418838501,0.9993728995323181,0.00010948008275590837
00052.jpg,0,4,有漂浮物,4,有漂浮物,-5.359375,-5.6484375,-5.8046875,-3.6484375,7.54296875,-4.328125,2.4921355361584574e-06,1.8665233483261545e-06,1.5965218835845008e-06,1.3791845049127005e-05,0.9999731779098511,6.989367193455109e-06
00056.jpg,0,4,有漂浮物,4,有漂浮物,-3.947265625,-3.21484375,-3.396484375,-2.826171875,6.12890625,-2.873046875,4.20510332332924e-05,8.74708712217398e-05,7.294204260688275e-05,0.00012902134039904922,0.9995453953742981,0.0001231130154337734
00061.jpg,0,4,有漂浮物,4,有漂浮物,-6.15234375,-6.89453125,-6.0703125,-3.376953125,6.8359375,-4.203125,2.2868393898534123e-06,1.088698695639323e-06,2.482340732967714e-06,3.669209036161192e-05,0.999941349029541,1.6060927009675652e-05
00066.jpg,0,4,有漂浮物,4,有漂浮物,-4.34765625,-5.51171875,-4.2265625,-3.6328125,5.25390625,-2.326171875,6.756799848517403e-05,2.1095758711453527e-05,7.626607839483768e-05,0.00013810003292746842,0.9991868138313293,0.0005101062124595046
00071.jpg,0,4,有漂浮物,4,有漂浮物,-3.634765625,-4.015625,-3.30859375,-0.5380859375,4.1171875,-1.7861328125,0.00042415017378516495,0.0002898107632063329,0.0005877251969650388,0.009384055621922016,0.9866204261779785,0.002693832851946354
00072.jpg,0,4,有漂浮物,4,有漂浮物,-3.00390625,-2.845703125,-2.501953125,-2.947265625,5.84375,-2.625,0.00014358729822561145,0.00016819876327645034,0.00023719827004242688,0.0001519549114163965,0.9990893602371216,0.00020973598293494433
00077.jpg,0,4,有漂浮物,4,有漂浮物,-4.2734375,-3.94140625,-3.62109375,-2.228515625,3.5234375,-1.240234375,0.0004055490135215223,0.0005652527906931937,0.0007786686182953417,0.0031343079172074795,0.9866955280303955,0.0084206722676754
00081.jpg,0,4,有漂浮物,4,有漂浮物,-2.826171875,-5.17578125,-3.7890625,-4.375,6.65234375,-2.89453125,7.646203448530287e-05,7.294969236681936e-06,2.919226244557649e-05,1.624794094823301e-05,0.9997994303703308,7.140979141695425e-05
00086.jpg,0,4,有漂浮物,4,有漂浮物,-6.421875,-6.21484375,-5.03125,-0.07806396484375,2.271484375,-2.0,0.00015101995086297393,0.00018575771537143737,0.0006067015347070992,0.08592439442873001,0.9005593657493591,0.012572749517858028
00090.jpg,0,4,有漂浮物,4,有漂浮物,-6.5546875,-2.923828125,-4.1484375,-3.515625,6.90234375,-3.009765625,1.4309356402009143e-06,5.401100861490704e-05,1.5872348740231246e-05,2.988602500408888e-05,0.9998492002487183,4.956328484695405e-05
00094.jpg,0,4,有漂浮物,4,有漂浮物,-7.08984375,-4.78125,-4.953125,-2.404296875,7.19140625,-1.771484375,6.275401460698049e-07,6.313221547316061e-06,5.31626574229449e-06,6.800622213631868e-05,0.9997918009757996,0.00012804883590433747
00095.jpg,0,4,有漂浮物,4,有漂浮物,-5.2734375,-3.02734375,-3.66796875,-3.8828125,6.234375,-2.658203125,1.0047915566246957e-05,9.496030543232337e-05,5.0040558562614024e-05,4.036609607283026e-05,0.9996671676635742,0.0001373592094751075
00100.jpg,0,5,正常,4,有漂浮物,-5.875,-4.359375,-3.66015625,-2.5703125,6.12109375,-2.138671875,6.165069862618111e-06,2.8065032893209718e-05,5.6471901189070195e-05,0.00016793666873127222,0.9994827508926392,0.00025858578737825155
00104.jpg,0,4,有漂浮物,4,有漂浮物,-6.18359375,-4.87890625,-2.93359375,-4.73828125,5.734375,-1.4345703125,6.6628049353312235e-06,2.4562677936046384e-05,0.0001718359999358654,2.8271468181628734e-05,0.998999297618866,0.0007693638908676803
00108.jpg,0,4,有漂浮物,4,有漂浮物,-6.81640625,-3.384765625,-4.4296875,-3.791015625,6.6796875,-2.30859375,1.3760330830336898e-06,4.2557043343549594e-05,1.496813365520211e-05,2.834910264937207e-05,0.9997879862785339,0.0001248380431206897
00113.jpg,0,4,有漂浮物,4,有漂浮物,-3.39453125,-3.615234375,-3.31640625,-2.486328125,3.4765625,0.07177734375,0.0009986180812120438,0.0008008464938029647,0.0010797635186463594,0.0024764356203377247,0.9626702070236206,0.03197408467531204
00115.jpg,0,4,有漂浮物,4,有漂浮物,-5.60546875,-4.5703125,-5.15234375,-2.634765625,4.70703125,-2.25390625,3.3156447898363695e-05,9.335350478067994e-05,5.2162409701850265e-05,0.0006467373459599912,0.998228132724762,0.0009465271141380072
00120.jpg,0,4,有漂浮物,4,有漂浮物,-5.24609375,-4.12109375,-5.6328125,-3.056640625,7.05859375,-3.298828125,4.530033947958145e-06,1.39534859044943e-05,3.077170731557999e-06,4.045468813274056e-05,0.9999063014984131,3.175324673065916e-05
00125.jpg,0,4,有漂浮物,4,有漂浮物,-2.607421875,-3.298828125,-3.23046875,-1.9951171875,1.55859375,-2.134765625,0.014297105371952057,0.007161008659750223,0.00766765046864748,0.02637355588376522,0.9215644598007202,0.022936129942536354
00132.jpg,0,4,有漂浮物,4,有漂浮物,-6.4453125,-1.923828125,-3.73046875,-3.755859375,6.5859375,-1.7802734375,2.1896878479310544e-06,0.0002013900229940191,3.306921644252725e-05,3.2240135624306276e-05,0.9994986057281494,0.00023247858916874975
00136.jpg,0,4,有漂浮物,4,有漂浮物,-5.65625,-4.80859375,-4.453125,-3.171875,6.80078125,-4.26953125,3.889929757860955e-06,9.07975572772557e-06,1.2955443708051462e-05,4.665434607886709e-05,0.9999117851257324,1.5566323781968094e-05
00137.jpg,0,4,有漂浮物,4,有漂浮物,-3.1640625,-3.0546875,-3.521484375,-2.78515625,3.2734375,-1.0791015625,0.0015694574685767293,0.0017508564051240683,0.00109779997728765,0.0022924847435206175,0.9806641340255737,0.012625151313841343
00141.jpg,0,4,有漂浮物,4,有漂浮物,-5.78515625,-6.0234375,-4.90625,-3.216796875,6.890625,-4.15234375,3.125703869955032e-06,2.4629950985399773e-06,7.527520665462362e-06,4.077294943272136e-05,0.9999301433563232,1.5998131857486442e-05
00146.jpg,0,4,有漂浮物,4,有漂浮物,-5.98046875,-4.25,-5.3046875,-4.2109375,7.8828125,-2.650390625,9.533138154438348e-07,5.379834874474909e-06,1.8738031712928205e-06,5.594143203779822e-06,0.9999595880508423,2.6636087568476796e-05
00151.jpg,0,4,有漂浮物,4,有漂浮物,-5.328125,-5.7265625,-4.5078125,-3.71875,6.921875,-2.26953125,4.784424618264893e-06,3.21211086884432e-06,1.0866431694012135e-05,2.3920620151329786e-05,0.9998552799224854,0.00010189670138061047
00156.jpg,0,4,有漂浮物,4,有漂浮物,-6.96484375,-4.671875,-5.7421875,-3.48046875,7.921875,-2.759765625,3.42580960932537e-07,3.393023462194833e-06,1.1634723477982334e-06,1.1168839591846336e-05,0.9999608993530273,2.296177262905985e-05
00157.jpg,0,4,有漂浮物,4,有漂浮物,-0.85205078125,-1.611328125,-3.330078125,-1.6376953125,4.01953125,0.6298828125,0.007302658166736364,0.003417676780372858,0.0006127557135187089,0.0033287398982793093,0.9531958699226379,0.0321422703564167
00163.jpg,0,4,有漂浮物,4,有漂浮物,-6.6484375,-1.654296875,-4.51171875,-2.458984375,6.96875,-2.34375,1.218914803757798e-06,0.00017984611622523516,1.0326151823392138e-05,8.043215348152444e-05,0.9996379613876343,9.02558458619751e-05
00168.jpg,0,4,有漂浮物,4,有漂浮物,-6.41796875,-6.50390625,-6.109375,-3.43359375,8.6796875,-3.537109375,2.77438203966085e-07,2.5459164021413017e-07,3.777346648803359e-07,5.486101599672111e-06,0.9999886751174927,4.946609351463849e-06
00173.jpg,0,4,有漂浮物,4,有漂浮物,-6.44921875,-3.865234375,-2.63671875,-3.091796875,6.3203125,-1.9248046875,2.8447234399209265e-06,3.7692090700147673e-05,0.00012876202526967973,8.168641943484545e-05,0.9994866847991943,0.0002624026092234999
00178.jpg,0,4,有漂浮物,4,有漂浮物,-2.5703125,-3.748046875,-3.9609375,-3.41015625,5.34375,-1.080078125,0.0003647096164058894,0.00011232169345021248,9.078339644474909e-05,0.00015747357974760234,0.9976561069488525,0.0016186306020244956
00182.jpg,0,4,有漂浮物,4,有漂浮物,-3.94140625,-4.75390625,-5.7109375,-3.408203125,5.03125,-0.77197265625,0.00012639621854759753,5.608797800960019e-05,2.1539539375226013e-05,0.0002154275425709784,0.9965730905532837,0.0030074717942625284
00187.jpg,0,4,有漂浮物,4,有漂浮物,-5.046875,-2.533203125,-2.2578125,-3.025390625,4.55859375,-2.736328125,6.714566552545875e-05,0.0008292621350847185,0.0010921754874289036,0.0005069177714176476,0.9968276619911194,0.0006768239545635879
00191.jpg,0,4,有漂浮物,4,有漂浮物,-5.421875,-4.26171875,-3.640625,-4.16015625,6.73046875,-3.294921875,5.2753784984815866e-06,1.683073423919268e-05,3.1321364076575264e-05,1.8629925762070343e-05,0.9998836517333984,4.425655788509175e-05
00195.jpg,0,4,有漂浮物,4,有漂浮物,-4.29296875,-4.94140625,-4.71875,-2.9765625,6.01171875,-2.64453125,3.346336598042399e-05,1.7496726286481135e-05,2.1860252672922798e-05,0.00012481810699682683,0.9996283054351807,0.00017397104238625616
00200.jpg,0,4,有漂浮物,4,有漂浮物,-5.40625,-2.626953125,-4.05078125,-3.154296875,6.66015625,-2.11328125,5.7475535868434235e-06,9.257981582777575e-05,2.2292339053819887e-05,5.4637879657093436e-05,0.9996700286865234,0.00015473949315492064
00204.jpg,0,4,有漂浮物,4,有漂浮物,-3.306640625,-4.0390625,-2.18359375,-3.326171875,2.802734375,-1.8505859375,0.002174471039324999,0.001045362325385213,0.0066847731359303,0.0021324127446860075,0.978636622428894,0.00932631641626358
00209.jpg,0,4,有漂浮物,4,有漂浮物,-6.17578125,-2.833984375,-3.609375,-1.3828125,5.65625,-2.3046875,7.2568609539303e-06,0.00020515057258307934,9.447673073736951e-05,0.000875605852343142,0.9984691739082336,0.0003482919419184327
00211.jpg,0,4,有漂浮物,4,有漂浮物,-3.111328125,-3.064453125,-3.40234375,-4.10546875,4.5078125,-2.40234375,0.0004897139733657241,0.0005132158403284848,0.0003660631482489407,0.00018121440371032804,0.997454822063446,0.000995062873698771
00218.jpg,0,4,有漂浮物,4,有漂浮物,-5.05078125,-2.037109375,-3.005859375,-3.1328125,6.84765625,-1.55078125,6.7978326114825904e-06,0.0001384176721330732,5.25374234712217e-05,4.627364614862017e-05,0.9995309114456177,0.0002251133118988946
00223.jpg,0,4,有漂浮物,4,有漂浮物,-4.50390625,-3.166015625,-2.9140625,-4.109375,5.796875,-3.431640625,3.359088805154897e-05,0.0001280147407669574,0.00016469554975628853,4.983841790817678e-05,0.9995256662368774,9.815231169341132e-05
00227.jpg,0,4,有漂浮物,4,有漂浮物,-4.48046875,-5.3671875,-6.02734375,-3.40625,7.01171875,-4.3515625,1.0208951607637573e-05,4.206143785268068e-06,2.1736113922088407e-06,2.9888797143939883e-05,0.9999419450759888,1.1613535207288805e-05
00231.jpg,0,4,有漂浮物,4,有漂浮物,-5.125,-1.345703125,-4.10546875,-4.30078125,4.80859375,-2.982421875,4.838014501729049e-05,0.0021183365024626255,0.00013410467363428324,0.00011031150643248111,0.9971766471862793,0.0004122655082028359
00444.jpg,0,4,有漂浮物,4,有漂浮物,-4.1875,-8.3828125,-4.41796875,-2.578125,4.765625,-5.0234375,0.000129211344756186,1.9467024685582146e-06,0.00010261464194627479,0.0006460160366259515,0.9990642666816711,5.6008968385867774e-05
00456.jpg,0,4,有漂浮物,4,有漂浮物,-2.91796875,-8.5703125,-5.26171875,-3.296875,5.359375,-5.6640625,0.0002540921268519014,8.916811111703282e-07,2.438448427710682e-05,0.0001739539875416085,0.9995303153991699,1.6307143596350215e-05
00469.jpg,0,4,有漂浮物,4,有漂浮物,-3.4453125,-7.5703125,-4.8671875,-3.7265625,6.27734375,-4.53515625,5.9902220527874306e-05,9.682293011792353e-07,1.4452083632932045e-05,4.5216569560579956e-05,0.9998593330383301,2.0143263100180775e-05
00474.jpg,0,4,有漂浮物,4,有漂浮物,-5.5,-8.15625,-5.0390625,-3.4140625,6.12890625,-5.1875,8.903965863282792e-06,6.251565309867146e-07,1.4117769751464948e-05,7.169594755396247e-05,0.9998924732208252,1.2170278751000296e-05
00475.jpg,0,4,有漂浮物,4,有漂浮物,-4.4375,-7.30859375,-4.171875,-4.125,6.09765625,-4.58984375,2.6581950805848464e-05,1.5055204585223692e-06,3.4669399610720575e-05,3.633321830420755e-05,0.9998781681060791,2.2825735868536867e-05
00477.jpg,0,4,有漂浮物,4,有漂浮物,-4.66796875,-6.0,-3.857421875,-4.52734375,5.2578125,-4.359375,4.8883248382480815e-05,1.2902272828796413e-05,0.00010994514741469175,5.626427446259186e-05,0.9997054934501648,6.655498873442411e-05
00483.jpg,0,4,有漂浮物,4,有漂浮物,-4.77734375,-8.234375,-5.08984375,-3.71875,5.8671875,-5.16796875,2.3827788027119823e-05,7.511283115491096e-07,1.7432781532988884e-05,6.867919000796974e-05,0.999873161315918,1.6122688975883648e-05
00489.jpg,0,4,有漂浮物,4,有漂浮物,-3.44921875,-7.08984375,-4.60546875,-3.099609375,5.4765625,-4.06640625,0.00013285933528095484,3.485689603621722e-06,4.180604446446523e-05,0.0001884627272374928,0.9995617270469666,7.167223520809785e-05
00494.jpg,0,4,有漂浮物,4,有漂浮物,-4.22265625,-4.6875,-1.6337890625,-3.646484375,3.052734375,-2.685546875,0.0006822732393629849,0.00042862672125920653,0.009084248915314674,0.0012139101745560765,0.9854176044464111,0.0031733387149870396
00498.jpg,0,4,有漂浮物,4,有漂浮物,-1.060546875,-7.40625,-2.458984375,-3.234375,1.8115234375,-4.76171875,0.05246385186910629,9.203569788951427e-05,0.012957657687366009,0.005967310164123774,0.9272235631942749,0.0012955722631886601
00502.jpg,0,4,有漂浮物,4,有漂浮物,-7.078125,-4.015625,-6.15234375,-5.140625,8.0390625,-4.59765625,2.7207192943023983e-07,5.8171544878860004e-06,6.866657713544555e-07,1.8885533563661738e-06,0.9999880790710449,3.250406052757171e-06
00507.jpg,0,4,有漂浮物,4,有漂浮物,-5.1328125,-3.197265625,-5.2421875,-3.3984375,6.53125,-3.802734375,8.595948202128056e-06,5.9551282902248204e-05,7.70535825722618e-06,4.869935946771875e-05,0.9998428821563721,3.2504191040061414e-05
00511.jpg,0,4,有漂浮物,4,有漂浮物,-6.15234375,-2.73828125,-5.45703125,-4.6953125,7.2734375,-3.962890625,1.47647926951322e-06,4.48679129476659e-05,2.959359562737518e-06,6.33881381872925e-06,0.9999310970306396,1.3185444004193414e-05
00516.jpg,0,4,有漂浮物,4,有漂浮物,-5.3671875,-2.810546875,-4.953125,-4.109375,6.875,-4.73828125,4.82216364616761e-06,6.216941983439028e-05,7.295700015674811e-06,1.6963011148618534e-05,0.9998996257781982,9.044248145073652e-06
00520.jpg,0,4,有漂浮物,4,有漂浮物,-4.53125,-2.21484375,-3.94921875,-2.232421875,5.3125,-2.76953125,5.299712938722223e-05,0.00053734693210572,9.484737529419363e-05,0.0005279839970171452,0.998478353023529,0.000308572401991114
00524.jpg,0,4,有漂浮物,4,有漂浮物,-5.20703125,-6.20703125,-4.015625,-4.98828125,7.08203125,-4.8984375,4.6016484702704474e-06,1.6928518107306445e-06,1.5147277736105025e-05,5.726843482989352e-06,0.9999665021896362,6.265186129894573e-06
00528.jpg,0,4,有漂浮物,4,有漂浮物,-5.1640625,-5.25,-2.267578125,-3.232421875,4.19921875,-1.673828125,8.538044494343922e-05,7.83494979259558e-05,0.0015462709125131369,0.0005891952896490693,0.9949008226394653,0.0027999349404126406
00535.jpg,0,4,有漂浮物,4,有漂浮物,-4.73828125,-6.21875,-1.3916015625,-3.65234375,3.0078125,-2.205078125,0.00042413975461386144,9.650495485402644e-05,0.012049069628119469,0.001256393501535058,0.9808323383331299,0.005341523326933384
00546.jpg,0,4,有漂浮物,4,有漂浮物,-4.0078125,-5.23046875,-0.273681640625,-3.64453125,2.4296875,-1.6953125,0.0014716130681335926,0.0004333120596129447,0.06158941239118576,0.002116238698363304,0.9195267558097839,0.014862765558063984
00547.jpg,0,4,有漂浮物,4,有漂浮物,-4.98046875,-6.17578125,-0.88916015625,-5.06640625,4.0703125,-2.453125,0.00011628239008132368,3.518814264680259e-05,0.006955794058740139,0.0001067067205440253,0.9913301467895508,0.0014558794209733605
00553.jpg,0,4,有漂浮物,4,有漂浮物,-4.9296875,-3.8203125,-2.48046875,-4.30078125,6.02734375,-2.15625,1.7424816178390756e-05,5.2840099669992924e-05,0.00020176710677333176,3.2681255106581375e-05,0.9994162321090698,0.00027903378941118717
00557.jpg,0,4,有漂浮物,4,有漂浮物,-4.64453125,-3.7265625,-2.806640625,-3.6015625,5.11328125,-1.740234375,5.7737888710107654e-05,0.00014458713121712208,0.0003627827682066709,0.0001638386893318966,0.9982171654701233,0.001053855405189097
00558.jpg,0,4,有漂浮物,4,有漂浮物,-5.00390625,-3.5234375,-2.638671875,-3.216796875,5.63671875,-1.7939453125,2.389732799201738e-05,0.0001050288847181946,0.000254423706792295,0.00014271876716520637,0.9988817572593689,0.0005921308766119182
00563.jpg,0,4,有漂浮物,4,有漂浮物,-4.2421875,-3.650390625,-2.13671875,-3.2734375,4.82421875,-1.951171875,0.00011516775703057647,0.00020813495211768895,0.0009456368279643357,0.00030342661193571985,0.9972891807556152,0.0011384300887584686
00567.jpg,0,4,有漂浮物,4,有漂浮物,-4.69921875,-4.82421875,-2.94140625,-4.5703125,5.98046875,-2.923828125,2.299977495567873e-05,2.0297231458243914e-05,0.00013339264842215925,2.6164165319642052e-05,0.9996614456176758,0.00013575814955402166
00568.jpg,0,4,有漂浮物,4,有漂浮物,-4.83984375,-3.40625,-2.427734375,-4.12890625,5.52734375,-1.9248046875,3.141122215311043e-05,0.00013173061597626656,0.00035046981065534055,6.395007949322462e-05,0.9988428354263306,0.0005795223987661302
00572.jpg,0,4,有漂浮物,4,有漂浮物,-5.05859375,-3.39453125,-2.359375,-3.828125,5.48046875,-2.205078125,2.6452180463820696e-05,0.00013968657003715634,0.00039329397259280086,9.054141264641657e-05,0.9988911747932434,0.00045891007175669074
00576.jpg,0,4,有漂浮物,4,有漂浮物,-5.08984375,-3.794921875,-2.55078125,-3.947265625,5.8125,-1.9560546875,1.8400311091681942e-05,6.717421638313681e-05,0.00023309126845560968,5.768203118350357e-05,0.9992011189460754,0.0004224861622788012
00582.jpg,0,4,有漂浮物,4,有漂浮物,-4.99609375,-4.0078125,-5.421875,-1.0205078125,4.90234375,-3.001953125,5.008960943087004e-05,0.00013457138265948743,3.2721498428145424e-05,0.0026688408106565475,0.9967458248138428,0.00036795262712985277
00586.jpg,0,4,有漂浮物,4,有漂浮物,-3.515625,-7.0,-4.5859375,-0.435302734375,3.267578125,-3.630859375,0.0011026302818208933,3.382089198566973e-05,0.0003780933911912143,0.023999204859137535,0.9735036492347717,0.0009826169116422534
00587.jpg,0,4,有漂浮物,4,有漂浮物,-6.4375,-3.990234375,-4.94921875,-2.486328125,6.234375,-4.9453125,3.1374336231237976e-06,3.625838871812448e-05,1.3897186363465153e-05,0.00016313482774421573,0.9997696280479431,1.3951578694104683e-05
00591.jpg,0,4,有漂浮物,4,有漂浮物,-6.12109375,-3.900390625,-4.3359375,-3.578125,6.6484375,-5.234375,2.84593079413753e-06,2.622185456857551e-05,1.6963200323516503e-05,3.619275230448693e-05,0.999910831451416,6.907507668074686e-06
00592.jpg,0,4,有漂浮物,4,有漂浮物,-5.890625,-4.06640625,-3.9140625,-3.291015625,5.9609375,-4.84765625,7.125850970624015e-06,4.416567389853299e-05,5.1433598855510354e-05,9.590311674401164e-05,0.99978107213974,2.0220519218128175e-05
00596.jpg,0,4,有漂浮物,4,有漂浮物,-5.9453125,-4.2109375,-3.705078125,-3.138671875,5.85546875,-5.16015625,7.4967401815229096e-06,4.247192555340007e-05,7.043587538646534e-05,0.00012410261842887849,0.9997389912605286,1.6438474631286226e-05
00600.jpg,0,4,有漂浮物,4,有漂浮物,-6.703125,-4.30859375,-5.5625,-2.1875,6.0546875,-5.01953125,2.878806753869867e-06,3.1560524803353474e-05,9.006989785120822e-06,0.00026322281337343156,0.9996778964996338,1.5502009773626924e-05
00605.jpg,0,4,有漂浮物,4,有漂浮物,-5.78515625,-4.58203125,-4.31640625,-2.826171875,5.83984375,-4.87890625,8.93734522833256e-06,2.9765902581857517e-05,3.882205783156678e-05,0.00017229754303116351,0.9997280240058899,2.2120140783954412e-05
00609.jpg,0,4,有漂浮物,4,有漂浮物,-4.6484375,-4.40234375,-4.56640625,-2.40234375,4.71875,-4.6328125,8.538251859135926e-05,0.00010920591012109071,9.268184658139944e-05,0.000806928554084152,0.9988190531730652,8.672710100654513e-05
00613.jpg,0,4,有漂浮物,4,有漂浮物,-4.90234375,-4.25,-3.595703125,-2.869140625,4.890625,-4.66796875,5.5794524087104946e-05,0.00010712748189689592,0.0002060907136183232,0.00042618729639798403,0.999134361743927,7.053088484099135e-05
00618.jpg,0,4,有漂浮物,4,有漂浮物,-3.197265625,-5.6796875,-2.982421875,-1.6923828125,4.09375,-3.58203125,0.0006781649426557124,5.6654345826245844e-05,0.0008406994747929275,0.0030542011372745037,0.9949086308479309,0.00046156594180502
00624.jpg,0,4,有漂浮物,4,有漂浮物,-3.9921875,-5.73046875,-4.6640625,-1.7685546875,4.546875,-4.24609375,0.00019522654474712908,3.432518496992998e-05,9.971196413971484e-05,0.0018040573922917247,0.9977152347564697,0.00015144982899073511
00628.jpg,0,4,有漂浮物,4,有漂浮物,-3.048828125,-5.5078125,-3.478515625,-1.4521484375,3.65625,-3.494140625,0.0012138055171817541,0.0001038067857734859,0.0007898383191786706,0.00599208939820528,0.9911229610443115,0.0007775929989293218
00633.jpg,0,4,有漂浮物,4,有漂浮物,-4.66796875,-5.01171875,-4.78125,-0.1591796875,2.384765625,-4.078125,0.0007992116152308881,0.0005667259101755917,0.0007136156782507896,0.0725778341293335,0.9239009618759155,0.001441543223336339
00639.jpg,0,4,有漂浮物,4,有漂浮物,-1.720703125,-8.109375,-5.91796875,-1.876953125,3.90625,-6.81640625,0.0035753543488681316,6.00833527641953e-06,5.376130866352469e-05,0.0030581627506762743,0.9932848215103149,2.189189581258688e-05
00646.jpg,0,4,有漂浮物,4,有漂浮物,-4.41015625,-7.2421875,-6.33203125,-2.8515625,4.88671875,-7.35546875,9.165985829895362e-05,5.3981339078745805e-06,1.3412801308732014e-05,0.00043557994649745524,0.9994491934776306,4.819991318072425e-06
00651.jpg,0,4,有漂浮物,4,有漂浮物,-4.09765625,-5.41015625,-5.18359375,-2.369140625,4.015625,-6.08984375,0.0002988741616718471,8.044088463066146e-05,0.00010089547868119553,0.0016833450645208359,0.9977957010269165,4.076545519637875e-05
00655.jpg,0,4,有漂浮物,4,有漂浮物,-5.72265625,-4.55078125,-2.921875,-4.04296875,4.76953125,-2.2265625,2.7707026674761437e-05,8.943938155425712e-05,0.00045598839642480016,0.00014861715317238122,0.9983643889427185,0.0009139536414295435
00659.jpg,0,4,有漂浮物,4,有漂浮物,-5.99609375,-5.703125,-2.751953125,-4.52734375,4.9140625,-3.421875,1.8256558178109117e-05,2.447110637149308e-05,0.0004680920683313161,7.930288120405748e-05,0.9991704225540161,0.00023954545031301677
00663.jpg,0,4,有漂浮物,4,有漂浮物,-6.05078125,-4.9296875,-3.25,-3.9453125,4.8984375,-3.708984375,1.7559661500854418e-05,5.387669807532802e-05,0.0002889881143346429,0.0001441815256839618,0.9993127584457397,0.0001826188527047634
00667.jpg,0,4,有漂浮物,4,有漂浮物,-5.828125,-3.015625,-2.40234375,-4.26171875,4.9375,-2.09765625,2.107071668433491e-05,0.0003508589288685471,0.000647854118142277,0.00010091620060848072,0.9980006814002991,0.0008786204271018505
00671.jpg,0,4,有漂浮物,4,有漂浮物,-5.234375,-5.65625,-1.7412109375,-4.57421875,4.78515625,-2.609375,4.4422362407203764e-05,2.913289426942356e-05,0.0014610446523874998,8.596147381467745e-05,0.9977661371231079,0.0006132317357696593
00677.jpg,0,4,有漂浮物,4,有漂浮物,-6.7421875,-6.05859375,-4.0078125,-4.90625,5.51953125,-5.40234375,4.72873261969653e-06,9.367544407723472e-06,7.282302976818755e-05,2.965393287013285e-05,0.9998654127120972,1.8056414774036966e-05
00678.jpg,0,4,有漂浮物,4,有漂浮物,-6.6484375,-6.45703125,-3.931640625,-4.58984375,4.83203125,-5.6015625,1.0326901247026399e-05,1.2505373888416216e-05,0.00015626434469595551,8.09107004897669e-05,0.9997105002403259,2.941860475402791e-05
00683.jpg,0,4,有漂浮物,4,有漂浮物,-6.5546875,-5.4296875,-6.34765625,-1.99609375,6.0625,-5.63671875,3.3134194836748065e-06,1.0206050319538917e-05,4.075575816386845e-06,0.00031626311829313636,0.9996577501296997,8.297461135953199e-06
00684.jpg,0,4,有漂浮物,4,有漂浮物,-7.375,-5.9296875,-5.40234375,-2.474609375,7.12109375,-5.0703125,5.062814238954161e-07,2.148242174371262e-06,3.6400363114807988e-06,6.801498238928616e-05,0.9999206066131592,5.073469765193295e-06
00689.jpg,0,4,有漂浮物,4,有漂浮物,-6.37109375,-5.01171875,-5.94140625,-2.978515625,5.78515625,-3.234375,5.253788913250901e-06,2.0456986021599732e-05,8.073902790783904e-06,0.00015626098320353776,0.999688982963562,0.00012098520528525114
00691.jpg,0,4,有漂浮物,4,有漂浮物,-6.4453125,-4.45703125,-4.953125,-3.37890625,6.12890625,-3.32421875,3.4593995223985985e-06,2.5263894713134505e-05,1.5383300706162117e-05,7.425471994793043e-05,0.9998032450675964,7.842860941309482e-05
00692.jpg,0,4,有漂浮物,4,有漂浮物,-6.42578125,-4.83203125,-5.7890625,-1.58984375,4.50390625,-4.234375,1.7872604075819254e-05,8.797203190624714e-05,3.378401743248105e-05,0.0022511726710945368,0.9974492192268372,0.00015992025146260858
00696.jpg,0,4,有漂浮物,4,有漂浮物,-4.2578125,-6.90234375,-2.853515625,-5.625,5.484375,-5.65234375,5.873238842468709e-05,4.172269200353185e-06,0.00023919717932585627,1.4966342860134318e-05,0.9996683597564697,1.456265090382658e-05
00702.jpg,0,4,有漂浮物,4,有漂浮物,-5.15234375,-5.390625,-3.962890625,-4.59375,5.1328125,-6.1796875,3.4127697290387005e-05,2.6891977540799417e-05,0.0001121191744459793,5.966245589661412e-05,0.9997549653053284,1.2216230970807374e-05
00706.jpg,0,4,有漂浮物,4,有漂浮物,-4.74609375,-6.13671875,-4.52734375,-4.1015625,4.9609375,-6.515625,6.0837195633212104e-05,1.5143575183174107e-05,7.571311289211735e-05,0.00011590055510168895,0.9997220635414124,1.0367440154368524e-05
00711.jpg,0,4,有漂浮物,4,有漂浮物,-5.95703125,-6.29296875,-4.578125,-4.2109375,5.96484375,-3.791015625,6.642589141847566e-06,4.747244474856416e-06,2.6374773369752802e-05,3.807643224718049e-05,0.999866247177124,5.79463412577752e-05
00715.jpg,0,4,有漂浮物,4,有漂浮物,-5.84765625,-6.34765625,-5.5,-3.974609375,7.453125,-5.46484375,1.6731546566006728e-06,1.0148195315196062e-06,2.3687609882472316e-06,1.0889049917750526e-05,0.9999815225601196,2.453519073242205e-06
00719.jpg,0,4,有漂浮物,4,有漂浮物,-5.76953125,-6.078125,-6.59375,-3.0859375,6.1875,-6.16015625,6.413256869564066e-06,4.710403118224349e-06,2.812710135913221e-06,9.387471072841436e-05,0.9998879432678223,4.339427050581435e-06
00723.jpg,0,4,有漂浮物,4,有漂浮物,-3.56640625,-5.92578125,-3.396484375,-4.04296875,5.25,-4.1328125,0.00014820406795479357,1.400220935465768e-05,0.00017565327289048582,9.202199726132676e-05,0.999485969543457,8.411491580773145e-05
00727.jpg,0,4,有漂浮物,4,有漂浮物,-6.30078125,-6.4921875,-4.83984375,-4.24609375,7.171875,-5.59375,1.408931780133571e-06,1.1634915608738083e-06,6.0724933064193465e-06,1.0995865523000248e-05,0.9999774694442749,2.857259687516489e-06
00731.jpg,0,4,有漂浮物,4,有漂浮物,-6.4140625,-6.109375,-6.33203125,-5.0234375,8.3828125,-4.80859375,3.747976222712168e-07,5.08300900037284e-07,4.068389500844205e-07,1.505696900494513e-06,0.9999953508377075,1.8665647303350852e-06
00736.jpg,0,4,有漂浮物,4,有漂浮物,-5.5703125,-4.59765625,-5.09765625,-4.23828125,6.2734375,-3.8828125,7.182566150731873e-06,1.899760536616668e-05,1.15226303023519e-05,2.721281271078624e-05,0.9998961687088013,3.882858800352551e-05
00741.jpg,0,4,有漂浮物,4,有漂浮物,-5.67578125,-5.12109375,-4.93359375,-2.56640625,4.984375,-4.4453125,2.344447602808941e-05,4.0826133044902235e-05,4.92457184009254e-05,0.0005253212293609977,0.9992808699607849,8.024654380278662e-05
00747.jpg,0,4,有漂浮物,4,有漂浮物,-6.40625,-4.0703125,-3.341796875,-2.40234375,4.6171875,-3.10546875,1.628433346922975e-05,0.000168366139405407,0.00034885507193394005,0.0008925743168219924,0.9981321692466736,0.0004418563039507717
00751.jpg,0,4,有漂浮物,4,有漂浮物,-5.17578125,-6.65234375,-2.900390625,-1.7060546875,3.5078125,-4.0234375,0.0001680253044469282,3.838060365524143e-05,0.001635175314731896,0.0053983102552592754,0.9922282099723816,0.0005319015472196043
00757.jpg,0,4,有漂浮物,3,乱占,-2.076171875,-3.845703125,-4.015625,2.998046875,-0.86328125,-3.67578125,0.006070664152503014,0.0010345190530642867,0.0008728555403649807,0.9703789949417114,0.020416811108589172,0.001226124819368124
00761.jpg,0,4,有漂浮物,4,有漂浮物,-4.64453125,-5.6953125,-4.27734375,-2.080078125,5.51171875,-3.6328125,3.880468284478411e-05,1.3568618669523858e-05,5.602109740721062e-05,0.0005042105913162231,0.9992806315422058,0.00010672545613488182
00766.jpg,0,4,有漂浮物,4,有漂浮物,-4.87890625,-3.908203125,-3.859375,-3.0859375,5.28515625,-4.33984375,3.85094499506522e-05,0.00010165724233957008,0.00010674415534595028,0.00023133627837523818,0.9994557499885559,6.602055509574711e-05
00771.jpg,0,4,有漂浮物,4,有漂浮物,-5.421875,-3.408203125,-2.564453125,-4.2578125,4.80859375,-2.796875,3.5999168176203966e-05,0.00026966154109686613,0.0006269818404689431,0.00011530240590218455,0.9984551668167114,0.0004969531437382102
00775.jpg,0,4,有漂浮物,4,有漂浮物,-4.37109375,-4.2734375,-4.08984375,-3.576171875,5.609375,-2.71875,4.6272092731669545e-05,5.101885835756548e-05,6.130056863185018e-05,0.00010245882003800943,0.9994974136352539,0.0002415032358840108
00779.jpg,0,4,有漂浮物,4,有漂浮物,-3.6953125,-4.09765625,-5.078125,-0.6171875,2.158203125,-3.16015625,0.0026752110570669174,0.0017890497110784054,0.0006711355526931584,0.05809928476810455,0.9321967959403992,0.004568498581647873
00781.jpg,0,4,有漂浮物,4,有漂浮物,-4.16015625,-4.3125,-4.8203125,-1.4853515625,2.75,-4.08203125,0.0009800365660339594,0.0008415506454184651,0.0005064540891908109,0.014219856821000576,0.9823924899101257,0.0010596722131595016
00784.jpg,0,4,有漂浮物,4,有漂浮物,-4.1875,-5.48828125,-4.68359375,-1.7255859375,3.10546875,-5.0703125,0.0006738771335221827,0.0001835095026763156,0.00041032684384845197,0.007902716286480427,0.9905508756637573,0.00027872767532244325
00789.jpg,0,4,有漂浮物,4,有漂浮物,-6.9140625,-5.90234375,-6.62890625,-2.20703125,5.30078125,-5.51953125,4.953394181939075e-06,1.362343846267322e-05,6.587864390894538e-06,0.0005484544672071934,0.9994063377380371,1.997745130211115e-05
00793.jpg,0,4,有漂浮物,4,有漂浮物,-5.1484375,-4.09765625,-1.4453125,-3.04296875,3.4140625,-2.37890625,0.00018866713799070567,0.0005395662155933678,0.007654961664229631,0.0015491365920752287,0.9870582222938538,0.0030094587709754705
00797.jpg,0,4,有漂浮物,4,有漂浮物,-6.39453125,-7.12109375,-5.8671875,-1.677734375,5.51953125,-4.0859375,6.689982456009602e-06,3.235064014006639e-06,1.1335675480950158e-05,0.0007480038329958916,0.9991635084152222,6.730300810886547e-05
00798.jpg,0,4,有漂浮物,4,有漂浮物,-6.63671875,-5.99609375,-5.95703125,-2.27734375,5.7421875,-3.9921875,4.204669494356494e-06,7.979060683283024e-06,8.296909982163925e-06,0.00032883978565223515,0.9995914101600647,5.918847818975337e-05
00802.jpg,0,4,有漂浮物,4,有漂浮物,-4.7265625,-5.0390625,-6.02734375,-2.107421875,5.6484375,-4.171875,3.118588574579917e-05,2.2816078853793442e-05,8.492507731716614e-06,0.00042799272341653705,0.9994551539421082,5.430699457065202e-05
00808.jpg,0,4,有漂浮物,4,有漂浮物,-6.0390625,-5.82421875,-6.29296875,-2.25,6.48828125,-4.08984375,3.6254195947549306e-06,4.494317181524821e-06,2.8124718483013567e-06,0.0001602976699359715,0.9998032450675964,2.5462040866841562e-05
00812.jpg,0,4,有漂浮物,4,有漂浮物,-5.953125,-4.8046875,-6.671875,-1.8857421875,6.13671875,-3.125,5.613743724097731e-06,1.770160633896012e-05,2.73592013400048e-06,0.0003278645745012909,0.9995511174201965,9.494928235653788e-05
00817.jpg,0,4,有漂浮物,4,有漂浮物,-5.48046875,-6.4921875,-5.9296875,-3.611328125,4.75390625,-5.23046875,3.590170672396198e-05,1.3053627299086656e-05,2.2909827748662792e-05,0.00023274081468116492,0.9996492862701416,4.609869938576594e-05
00819.jpg,0,4,有漂浮物,4,有漂浮物,-5.21875,-3.451171875,-4.72265625,-2.958984375,3.236328125,-4.19140625,0.00021187576930969954,0.0012408825568854809,0.0003479621955193579,0.002029948402196169,0.9955774545669556,0.000591903633903712
00823.jpg,0,4,有漂浮物,4,有漂浮物,-7.04296875,-4.046875,-7.0390625,-3.509765625,6.16796875,-3.787109375,1.830195174079563e-06,3.661713708424941e-05,1.8373583543507266e-06,6.265388219617307e-05,0.9998495578765869,4.7478737542405725e-05
00829.jpg,0,4,有漂浮物,4,有漂浮物,-6.8125,-6.33984375,-6.5625,-4.078125,6.2578125,-5.0546875,2.1067471607238986e-06,3.3797487049014308e-06,2.7051169126934838e-06,3.244414983782917e-05,0.9999470710754395,1.221857837663265e-05
00830.jpg,0,4,有漂浮物,4,有漂浮物,-6.8125,-6.4140625,-6.59765625,-4.3046875,6.49609375,-4.46484375,1.660091697885946e-06,2.472699179634219e-06,2.0579627744155005e-06,2.0382676666486077e-05,0.9999560117721558,1.7366257452522404e-05
00831.jpg,0,4,有漂浮物,4,有漂浮物,-6.45703125,-6.5390625,-6.3671875,-3.88671875,5.9375,-4.5546875,4.140782948525157e-06,3.8146681617945433e-06,4.530030309979338e-06,5.411965321400203e-05,0.9999055862426758,2.7749800210585818e-05
00836.jpg,0,4,有漂浮物,4,有漂浮物,-7.09765625,-5.7421875,-6.0859375,-3.5078125,5.796875,-5.09375,2.5114256914093858e-06,9.740761925058905e-06,6.907234364916803e-06,9.098496957449242e-05,0.9998712539672852,1.8629694750416093e-05
00840.jpg,0,4,有漂浮物,4,有漂浮物,-6.796875,-5.68359375,-6.35546875,-2.623046875,5.0546875,-5.39453125,7.12362225385732e-06,2.1686666514142416e-05,1.1076464943471365e-05,0.0004627765738405287,0.9994683861732483,2.895549732784275e-05
00846.jpg,0,4,有漂浮物,4,有漂浮物,-6.9375,-6.75390625,-5.9609375,-3.630859375,6.01953125,-6.109375,2.3593784135300666e-06,2.8348581508907955e-06,6.264887815632392e-06,6.439517164835706e-05,0.9999188184738159,5.400670488597825e-06
00850.jpg,0,4,有漂浮物,4,有漂浮物,-7.05078125,-6.25,-6.5546875,-3.28125,6.04296875,-6.296875,2.0578397652570857e-06,4.583386271406198e-06,3.379577037776471e-06,8.922739652916789e-05,0.9998962879180908,4.37349763160455e-06
00855.jpg,0,4,有漂浮物,4,有漂浮物,-7.96484375,-5.421875,-6.89453125,-3.2109375,5.7421875,-5.64453125,1.1144045402033953e-06,1.4172293958836235e-05,3.249927431170363e-06,0.0001293117820750922,0.9998408555984497,1.134336071118014e-05
00857.jpg,0,4,有漂浮物,4,有漂浮物,-6.4375,-5.27734375,-7.109375,-3.390625,6.5859375,-4.8359375,2.2078190795582486e-06,7.043896403047256e-06,1.1276437135165907e-06,4.647340392693877e-05,0.9999321699142456,1.0952499906125013e-05
00860.jpg,0,4,有漂浮物,4,有漂浮物,-6.44921875,-5.44921875,-6.95703125,-3.93359375,6.45703125,-4.31640625,2.4823311832733452e-06,6.747675342921866e-06,1.4938931371943909e-06,3.071721221203916e-05,0.9999375343322754,2.0947318262187764e-05
00865.jpg,0,4,有漂浮物,4,有漂浮物,-7.375,-5.34375,-6.09765625,-3.29296875,5.37890625,-5.2109375,2.8903355087095406e-06,2.2034791982150637e-05,1.0367919458076358e-05,0.00017129784100688994,0.9997683167457581,2.516452150302939e-05
00869.jpg,0,4,有漂浮物,4,有漂浮物,-7.5,-5.1015625,-6.19140625,-4.05859375,6.34375,-5.84765625,9.721062497192179e-07,1.069896825356409e-05,3.5977313928015064e-06,3.0359697120729834e-05,0.9999492168426514,5.0736148295982275e-06
00873.jpg,0,4,有漂浮物,4,有漂浮物,-7.46875,-4.94140625,-5.96875,-4.27734375,6.2265625,-4.78125,1.1276478062427486e-06,1.411838093190454e-05,5.053766471974086e-06,2.7427331588114612e-05,0.9999357461929321,1.6570662410231307e-05
00880.jpg,0,4,有漂浮物,4,有漂浮物,-6.00390625,-7.21875,-5.7421875,-2.705078125,4.77734375,-6.3359375,2.077247881970834e-05,6.164365913718939e-06,2.698679600143805e-05,0.0005625371122732759,0.9993686079978943,1.4903524061082862e-05
00884.jpg,0,4,有漂浮物,4,有漂浮物,-6.48828125,-6.5234375,-5.2578125,-5.20703125,6.046875,-5.78125,3.5977718653157353e-06,3.4734850942186313e-06,1.231457463291008e-05,1.295607398787979e-05,0.9999604225158691,7.296143849089276e-06
00888.jpg,0,4,有漂浮物,4,有漂浮物,-7.09375,-5.3828125,-7.1640625,-3.603515625,6.34765625,-5.81640625,1.4535960417561e-06,8.044415153563023e-06,1.3549005188906449e-06,4.766869460581802e-05,0.9999362230300903,5.214192697167164e-06
00891.jpg,0,4,有漂浮物,4,有漂浮物,-4.53125,-4.1640625,-5.2421875,-4.59375,4.71484375,-4.296875,9.644000238040462e-05,0.00013922739890404046,4.736974005936645e-05,9.059700096258894e-05,0.9995044469833374,0.0001219115947606042
00897.jpg,0,4,有漂浮物,4,有漂浮物,-5.7578125,-6.26171875,-5.8125,-5.1875,6.27734375,-5.1796875,5.9317426348570734e-06,3.5837574614561163e-06,5.616061116597848e-06,1.0492183719179593e-05,0.9999637603759766,1.057447570929071e-05
00901.jpg,0,4,有漂浮物,4,有漂浮物,-4.9375,-4.90234375,-6.06640625,-4.0703125,5.515625,-4.01953125,2.8851922252215445e-05,2.9884287869208492e-05,9.330329703516327e-06,6.867355114081874e-05,0.9997910857200623,7.225094304885715e-05
00905.jpg,0,4,有漂浮物,4,有漂浮物,-5.0625,-5.15234375,-6.18359375,-4.078125,5.54296875,-4.76953125,2.4776278223725967e-05,2.2647353034699336e-05,8.07516244094586e-06,6.630475400015712e-05,0.9998449087142944,3.3210148103535175e-05
00911.jpg,0,4,有漂浮物,4,有漂浮物,-5.10546875,-4.19140625,-5.5078125,-3.421875,4.484375,-4.6328125,6.83679390931502e-05,0.00017053943884093314,4.57211172033567e-05,0.0003681527159642428,0.9992375373840332,0.00010967926209559664
00915.jpg,0,4,有漂浮物,4,有漂浮物,-4.1328125,-5.92578125,-5.80078125,-3.689453125,4.6796875,-3.716796875,0.00014876254135742784,2.476379268046003e-05,2.8061054763384163e-05,0.0002317619655514136,0.9993410706520081,0.00022551057918462902
00919.jpg,0,4,有漂浮物,4,有漂浮物,-6.33984375,-5.55859375,-5.99609375,-3.787109375,5.90625,-4.56640625,4.803307547263103e-06,1.0491387911315542e-05,6.773749646526994e-06,6.168489926494658e-05,0.9998879432678223,2.829661752912216e-05
00923.jpg,0,4,有漂浮物,4,有漂浮物,-5.1015625,-4.66015625,-4.27734375,-2.765625,3.671875,-4.65625,0.00015439062553923577,0.00024006080639082938,0.0003520258760545403,0.001596267567947507,0.9974162578582764,0.00024100037990137935
00930.jpg,0,4,有漂浮物,4,有漂浮物,-5.9609375,-3.2890625,-7.11328125,-3.671875,5.98046875,-4.390625,6.513688276754692e-06,9.42339829634875e-05,2.057644906017231e-06,6.426199252018705e-05,0.9998015761375427,3.131879202555865e-05
00934.jpg,0,4,有漂浮物,4,有漂浮物,-6.07421875,-5.171875,-6.48046875,-3.64453125,5.2578125,-5.16015625,1.1980301678704564e-05,2.9535933208535425e-05,7.980602276802529e-06,0.0001360403111902997,0.999784529209137,2.988409141835291e-05
00939.jpg,0,4,有漂浮物,4,有漂浮物,-4.16796875,-5.09375,-6.19140625,-2.158203125,3.361328125,-5.34765625,0.0005344468518160284,0.00021175947040319443,7.065400859573856e-05,0.003987811505794525,0.9950309991836548,0.00016427547961939126
00944.jpg,0,4,有漂浮物,4,有漂浮物,-4.37109375,-3.86328125,-4.37890625,-3.44921875,3.6875,-4.984375,0.0003157012688461691,0.000524585775565356,0.00031324446899816394,0.0007936728652566671,0.9978818297386169,0.00017097461386583745
00945.jpg,0,4,有漂浮物,4,有漂浮物,-4.1796875,-2.619140625,-4.83984375,-2.6796875,3.5234375,-4.16796875,0.00044902824447490275,0.0021380139514803886,0.0002320445782970637,0.0020124048460274935,0.9947142004966736,0.0004543212126009166
00950.jpg,0,4,有漂浮物,4,有漂浮物,-6.046875,-3.123046875,-6.3359375,-3.37109375,5.23046875,-2.2734375,1.264389902644325e-05,0.00023533332569058985,9.469842552789487e-06,0.00018363608978688717,0.9990084767341614,0.0005503818392753601
00955.jpg,0,4,有漂浮物,4,有漂浮物,-4.87109375,-3.916015625,-7.3515625,-0.84912109375,4.08203125,-3.6953125,0.00012829145998694003,0.0003334132779855281,1.0738505807239562e-05,0.007160086650401354,0.9919517040252686,0.00041575077921152115
00959.jpg,0,4,有漂浮物,4,有漂浮物,-6.8046875,-5.0390625,-7.21484375,-3.35546875,5.26953125,-4.6640625,5.7031629694392905e-06,3.3336265914840624e-05,3.7843140034965472e-06,0.000179511567694135,0.9997290968894958,4.850398181588389e-05
00964.jpg,0,4,有漂浮物,4,有漂浮物,-6.73828125,-5.52734375,-5.28515625,-3.72265625,4.9609375,-4.703125,8.297774002130609e-06,2.785255855997093e-05,3.548507811501622e-05,0.00016928983677644283,0.9996955394744873,6.350658077280968e-05
00965.jpg,0,4,有漂浮物,4,有漂浮物,-6.47265625,-5.4765625,-5.76953125,-3.58984375,4.72265625,-4.8359375,1.3733023479289841e-05,3.718469451996498e-05,2.774147105810698e-05,0.0002453328634146601,0.9996054768562317,7.056414324324578e-05
00969.jpg,0,4,有漂浮物,4,有漂浮物,-4.95703125,-6.4609375,-5.4140625,-3.509765625,4.51171875,-4.74609375,7.718411507084966e-05,1.7154963643406518e-05,4.8869940656004474e-05,0.0003281462413724512,0.9994333386421204,9.5309667813126e-05
00974.jpg,0,4,有漂浮物,4,有漂浮物,-4.515625,-3.763671875,-7.15625,-3.572265625,6.4296875,-4.97265625,1.763852014846634e-05,3.7413748941617087e-05,1.2579207577800844e-06,4.530623118625954e-05,0.9998871088027954,1.116801558964653e-05
00979.jpg,0,4,有漂浮物,4,有漂浮物,-6.24609375,-5.640625,-4.55859375,-3.833984375,6.21875,-4.9140625,3.859653133986285e-06,7.071312211337499e-06,2.0865087208221667e-05,4.3063970224466175e-05,0.9999104738235474,1.4623187780671287e-05
00982.jpg,0,4,有漂浮物,4,有漂浮物,-4.46484375,-7.4375,-5.21484375,-5.25,6.79296875,-6.55859375,1.2905724361189641e-05,6.603500537494256e-07,6.0962324823776726e-06,5.885635800950695e-06,0.999972939491272,1.5902973018455668e-06
00984.jpg,0,4,有漂浮物,4,有漂浮物,-6.609375,-3.3125,-5.04296875,-2.6953125,6.58984375,-3.7265625,1.8517018816055497e-06,5.004787817597389e-05,8.868551049090456e-06,9.27741129999049e-05,0.9998133778572083,3.307963197585195e-05
00986.jpg,0,4,有漂浮物,4,有漂浮物,-6.68359375,-3.708984375,-5.33984375,-2.12109375,6.3984375,-4.21875,2.0817410586460028e-06,4.076459663338028e-05,7.980129339557607e-06,0.0001994781196117401,0.9997252821922302,2.448469604132697e-05
00987.jpg,0,4,有漂浮物,4,有漂浮物,-5.6640625,-4.9609375,-4.9296875,-1.5341796875,5.47265625,-3.60546875,1.4551561434927862e-05,2.939496152976062e-05,3.0328057619044557e-05,0.0009046798222698271,0.9989070892333984,0.0001140106760431081
00993.jpg,0,4,有漂浮物,4,有漂浮物,-5.58984375,-4.4296875,-5.5390625,-1.79296875,5.93359375,-4.19921875,9.890163710224442e-06,3.155388913000934e-05,1.0405369721411262e-05,0.00044072262244299054,0.9994677901268005,3.973234925069846e-05
01001.jpg,0,4,有漂浮物,4,有漂浮物,-5.5625,-4.5078125,-6.33984375,-1.3154296875,6.0546875,-4.140625,9.003534614748787e-06,2.5849847588688135e-05,4.138251824770123e-06,0.0006293500191532075,0.9992944002151489,3.731861215783283e-05
01004.jpg,0,4,有漂浮物,4,有漂浮物,-6.01953125,-3.86328125,-4.671875,-1.05078125,5.26953125,-3.82421875,1.2483023056120146e-05,0.00010783687321236357,4.803961201105267e-05,0.0017956451047211885,0.997923731803894,0.00011213259858777747
01006.jpg,0,4,有漂浮物,4,有漂浮物,-6.83203125,-2.537109375,-5.515625,-1.7734375,5.80078125,-4.0078125,3.2604825719317887e-06,0.00023907973081804812,1.2161576705693733e-05,0.0005130990757606924,0.9991775155067444,5.493188655236736e-05
01011.jpg,0,4,有漂浮物,4,有漂浮物,-4.890625,-4.2265625,-3.87890625,-0.72021484375,4.70703125,-3.556640625,6.754726200597361e-05,0.00013122193922754377,0.00018577685113996267,0.0043731448240578175,0.994985818862915,0.0002564187452662736
01015.jpg,0,4,有漂浮物,4,有漂浮物,-5.5546875,-2.283203125,-5.01171875,-2.31640625,6.046875,-3.232421875,9.146355296252295e-06,0.000241010362515226,1.5741874449304305e-05,0.0002331394498469308,0.9994076490402222,9.328143642051145e-05
01019.jpg,0,4,有漂浮物,4,有漂浮物,-6.4375,-2.33984375,-5.75390625,-2.46875,7.046875,-3.513671875,1.3922874586569378e-06,8.381436055060476e-05,2.7580995265452657e-06,7.36775400582701e-05,0.9998125433921814,2.591381417005323e-05
01024.jpg,0,4,有漂浮物,4,有漂浮物,-6.3984375,-3.814453125,-5.65234375,-2.115234375,6.76171875,-3.984375,1.9254539438406937e-06,2.5511926651233807e-05,4.060294031660305e-06,0.00013954189489595592,0.9998074173927307,2.1525198462768458e-05
01026.jpg,0,4,有漂浮物,4,有漂浮物,-6.81640625,-2.806640625,-4.50390625,-3.248046875,7.8125,-2.525390625,4.433156561844953e-07,2.444174424454104e-05,4.477329639485106e-06,1.5719251678092405e-05,0.999922513961792,3.238004865124822e-05
01029.jpg,0,4,有漂浮物,4,有漂浮物,-5.375,-3.54296875,-5.65234375,-2.30078125,7.16796875,-3.361328125,3.569441787476535e-06,2.229674100817647e-05,2.704901589822839e-06,7.721764268353581e-05,0.9998674392700195,2.6737874577520415e-05
01033.jpg,0,4,有漂浮物,4,有漂浮物,-6.2421875,-4.04296875,-4.5390625,-2.8671875,7.0234375,-3.4921875,1.7328734429611359e-06,1.5626994354533963e-05,9.515347301203292e-06,5.0641989219002426e-05,0.999895453453064,2.710670196393039e-05
01037.jpg,0,4,有漂浮物,4,有漂浮物,-6.703125,-2.04296875,-5.67578125,-2.43359375,6.9140625,-3.275390625,1.2190414508950198e-06,0.0001287948980461806,3.405557436053641e-06,8.714697469258681e-05,0.9997418522834778,3.75547242583707e-05
01042.jpg,0,4,有漂浮物,4,有漂浮物,-6.140625,-4.78125,-5.8984375,-1.8427734375,6.5859375,-3.93359375,2.9703628570132423e-06,1.1565877684915904e-05,3.784340606216574e-06,0.00021844531875103712,0.9997361302375793,2.6996720407623798e-05
01046.jpg,0,4,有漂浮物,4,有漂浮物,-6.12890625,-3.90625,-5.05078125,-1.201171875,5.828125,-3.396484375,6.407129149010871e-06,5.914946450502612e-05,1.8831598936230876e-05,0.0008846089476719499,0.9989325404167175,9.84779981081374e-05
01050.jpg,0,4,有漂浮物,4,有漂浮物,-6.4921875,-4.32421875,-6.25,-2.404296875,7.671875,-4.08203125,7.056685262796236e-07,6.167904302856186e-06,8.990450055534893e-07,4.206773155601695e-05,0.9999423027038574,7.858113349357154e-06
01052.jpg,0,4,有漂浮物,4,有漂浮物,-7.140625,-9.140625,-6.81640625,-2.98046875,7.0625,-5.27734375,6.786402764191735e-07,9.184397953276857e-08,9.385254884364258e-07,4.3488311348482966e-05,0.9999504089355469,4.373734554974362e-06
01056.jpg,0,4,有漂浮物,4,有漂浮物,-7.546875,-7.6640625,-6.55078125,-2.369140625,6.93359375,-5.8671875,5.142455279383285e-07,4.5737942855339497e-07,1.3924143331678351e-06,9.116580622503534e-05,0.999903678894043,2.7583507744566305e-06
01060.jpg,0,4,有漂浮物,4,有漂浮物,-6.32421875,-7.92578125,-6.7265625,-2.13671875,6.15234375,-6.0546875,3.8140240121720126e-06,7.688358891755342e-07,2.550631506892387e-06,0.00025118375197052956,0.9997367262840271,4.993894435756374e-06
01065.jpg,0,4,有漂浮物,4,有漂浮物,-8.453125,-5.96875,-6.1015625,-3.7578125,7.65234375,-3.7578125,1.012682062651038e-07,1.2145726486778585e-06,1.0635152420945815e-06,1.108208471123362e-05,0.9999754428863525,1.108208471123362e-05
01069.jpg,0,4,有漂浮物,4,有漂浮物,-4.3359375,-4.73828125,-3.1875,-3.458984375,4.875,-3.24609375,9.983852942241356e-05,6.67671047267504e-05,0.00031481703626923263,0.00023996841628104448,0.9989816546440125,0.0002969007764477283
01074.jpg,0,4,有漂浮物,4,有漂浮物,-6.234375,-4.140625,-5.49609375,-3.513671875,6.53515625,-3.701171875,2.845868721124134e-06,2.309505180164706e-05,5.954514108452713e-06,4.3231590098002926e-05,0.9998890161514282,3.584024670999497e-05
01079.jpg,0,4,有漂浮物,4,有漂浮物,-5.2265625,-6.15234375,-5.93359375,-4.75,6.3125,-4.859375,9.741546818986535e-06,3.859812750306446e-06,4.803614501724951e-06,1.5689041902078316e-05,0.9999518394470215,1.4063564776733983e-05
01083.jpg,0,4,有漂浮物,4,有漂浮物,-5.875,-5.66015625,-6.7421875,-3.87890625,8.109375,-4.22265625,8.446125434602436e-07,1.0470391771377763e-06,3.5484831073517853e-07,6.21655817667488e-06,0.9999871253967285,4.408199856698047e-06
01091.jpg,0,4,有漂浮物,4,有漂浮物,-4.19921875,-4.265625,-1.1982421875,-3.591796875,3.84375,-2.3046875,0.00031823175959289074,0.0002977855911012739,0.006398101337254047,0.0005841757520101964,0.9902856945991516,0.0021160601172596216
01095.jpg,0,4,有漂浮物,4,有漂浮物,-3.748046875,-4.37890625,-1.25390625,-3.486328125,3.6484375,-2.29296875,0.0006062551983632147,0.0003226091794203967,0.007342550903558731,0.0007876231684349477,0.9883432984352112,0.002597693121060729
01100.jpg,0,4,有漂浮物,4,有漂浮物,-4.14453125,-7.3671875,-3.01953125,-3.537109375,3.115234375,-5.9453125,0.0007002585334703326,2.7904648959520273e-05,0.002156947972252965,0.0012854593805968761,0.9957138299942017,0.00011566155444597825
01101.jpg,0,4,有漂浮物,4,有漂浮物,-6.04296875,-5.20703125,-3.275390625,-3.85546875,4.5703125,-4.1015625,2.4566075808252208e-05,5.667333971359767e-05,0.00039109267527237535,0.00021895505778957158,0.9991375207901001,0.00017118976393248886
01106.jpg,0,4,有漂浮物,4,有漂浮物,-6.6484375,-3.826171875,-3.6640625,-2.908203125,3.6015625,-4.85546875,3.52506831404753e-05,0.0005927368183620274,0.0006970518734306097,0.0014843306271359324,0.9969788789749146,0.00021176000882405788
01108.jpg,0,4,有漂浮物,4,有漂浮物,-5.42578125,-4.23046875,-4.41796875,-3.494140625,3.87109375,-3.951171875,9.155659790849313e-05,0.000302557076793164,0.0002508286270312965,0.0006318158702924848,0.9983232617378235,0.00040004090988077223
01113.jpg,0,4,有漂浮物,4,有漂浮物,-5.140625,-6.3203125,-3.619140625,-4.72265625,4.55078125,-4.90625,6.177931209094822e-05,1.8989403542946093e-05,0.0002828885626513511,9.383495489601046e-05,0.9994644522666931,7.809637463651597e-05
01114.jpg,0,4,有漂浮物,4,有漂浮物,-4.6953125,-6.67578125,-2.9296875,-5.71484375,4.1171875,-4.84375,0.000148679013364017,2.051837873295881e-05,0.0008690622635185719,5.363803938962519e-05,0.9987799525260925,0.00012816932576242834
01118.jpg,0,4,有漂浮物,4,有漂浮物,-4.421875,-5.74609375,-3.1015625,-5.00390625,4.23828125,-4.9296875,0.00017317195306532085,4.6065593778621405e-05,0.0006484582554548979,9.676194895291701e-05,0.998931348323822,0.00010421672050142661
01119.jpg,0,4,有漂浮物,4,有漂浮物,-5.16796875,-5.4375,-5.3046875,-4.02734375,4.78515625,-5.59375,4.75641900266055e-05,3.6326553527032956e-05,4.148622610955499e-05,0.00014881519018672407,0.9996947050094604,3.1071747798705474e-05
01125.jpg,0,4,有漂浮物,4,有漂浮物,-4.90234375,-3.603515625,-3.955078125,-4.0703125,3.541015625,-3.240234375,0.00021464099700096995,0.000786659074947238,0.0005534837837330997,0.0004932410665787756,0.9968206882476807,0.0011312473798170686
01132.jpg,0,4,有漂浮物,4,有漂浮物,-5.375,-4.3984375,-3.7890625,-4.40625,4.3515625,-4.85546875,5.963132934994064e-05,0.0001583398407092318,0.00029123155400156975,0.0001571076427353546,0.9992333650588989,0.00010025454685091972
01136.jpg,0,4,有漂浮物,4,有漂浮物,-4.9140625,-5.94140625,-3.4140625,-4.99609375,3.541015625,-5.22265625,0.00021247802942525595,7.605789869558066e-05,0.0009522604523226619,0.00019574392354115844,0.9984074234962463,0.00015606066153850406
01141.jpg,0,4,有漂浮物,4,有漂浮物,-3.400390625,-6.1953125,-3.2109375,-4.23046875,2.548828125,-5.34765625,0.00258864788338542,0.00015821725537534803,0.003128610085695982,0.0011286898516118526,0.9926264882087708,0.00036930592614226043
01145.jpg,0,4,有漂浮物,4,有漂浮物,-6.14453125,-5.0234375,-3.103515625,-3.177734375,5.28125,-2.8046875,1.0901901077886578e-05,3.344930155435577e-05,0.0002281384658999741,0.00021181940974202007,0.9992081522941589,0.00030759401852265
01146.jpg,0,4,有漂浮物,4,有漂浮物,-6.5078125,-4.99609375,-3.59375,-2.623046875,5.05859375,-2.755859375,9.468898497289047e-06,4.293688834877685e-05,0.0001745262270560488,0.00046071436372585595,0.9989088773727417,0.0004034149751532823
01147.jpg,0,4,有漂浮物,4,有漂浮物,-7.12109375,-4.8203125,-3.802734375,-2.498046875,5.45703125,-3.10546875,3.444265985308448e-06,3.438058411120437e-05,9.511343523627147e-05,0.0003506391658447683,0.9993255138397217,0.0001910119317471981
01153.jpg,0,4,有漂浮物,4,有漂浮物,-5.62109375,-3.998046875,-4.02734375,-2.876953125,5.0,-2.865234375,2.4370805476792157e-05,0.0001235236704815179,0.00011995731620118022,0.0003789963375311345,0.9989696741104126,0.000383463833713904
01157.jpg,0,4,有漂浮物,4,有漂浮物,-5.171875,-3.275390625,-3.416015625,-2.75390625,4.57421875,-1.4296875,5.8294714108342305e-05,0.0003883844765368849,0.0003374342923052609,0.0006542438641190529,0.9961022138595581,0.0024594643618911505
01161.jpg,0,4,有漂浮物,4,有漂浮物,-5.69921875,-4.15625,-3.478515625,-3.6015625,5.5625,-2.162109375,1.2846277968492359e-05,6.0100777773186564e-05,0.00011836311750812456,0.00010465929517522454,0.9992625117301941,0.00044149355380795896
01163.jpg,0,4,有漂浮物,4,有漂浮物,-5.3828125,-5.66015625,-3.458984375,-2.728515625,5.0625,-3.158203125,2.905718247347977e-05,2.201935785706155e-05,0.00019895801960956305,0.0004130474990233779,0.9990680813789368,0.0002687751257326454
01167.jpg,0,4,有漂浮物,4,有漂浮物,-6.00390625,-4.796875,-3.212890625,-2.728515625,4.76953125,-2.0625,2.0905452402075753e-05,6.98982912581414e-05,0.00034070792025886476,0.0005530235939659178,0.9979390501976013,0.0010764417238533497
01171.jpg,0,4,有漂浮物,4,有漂浮物,-5.5234375,-4.83984375,-3.58203125,-2.734375,5.0703125,-2.181640625,2.5038016246980987e-05,4.959991201758385e-05,0.000174478511326015,0.000407262472435832,0.9986357092857361,0.0007078216294758022
01176.jpg,0,4,有漂浮物,4,有漂浮物,-4.3828125,-5.6953125,-5.93359375,-1.98046875,6.6328125,-4.3125,1.6439089449704625e-05,4.4245207391213626e-06,3.4864383451349568e-06,0.00018163619097322226,0.9997764229774475,1.7636568372836336e-05
01180.jpg,0,4,有漂浮物,4,有漂浮物,-3.533203125,-5.53515625,-5.44140625,-1.8642578125,6.24609375,-3.48828125,5.6587119615869597e-05,7.643290700798389e-06,8.394512406084687e-06,0.0003002833982463926,0.9995678067207336,5.9187081205891445e-05
01181.jpg,0,4,有漂浮物,4,有漂浮物,-4.30078125,-6.91796875,-5.25,-2.5,5.921875,-4.1328125,3.632616062532179e-05,2.6520972369326046e-06,1.405979764967924e-05,0.00021993223344907165,0.9996839761734009,4.297020495869219e-05
01185.jpg,0,4,有漂浮物,4,有漂浮物,-4.9296875,-5.2578125,-7.1875,-1.0751953125,6.21484375,-4.61328125,1.4443595318880398e-05,1.0403331543784589e-05,1.5104967587831197e-06,0.0006818047259002924,0.9992720484733582,1.98193229152821e-05
01189.jpg,0,4,有漂浮物,4,有漂浮物,-2.37890625,-3.802734375,-3.337890625,-2.47265625,4.73046875,-3.134765625,0.0008154034148901701,0.00019634136697277427,0.00031252941698767245,0.0007424332434311509,0.9975504279136658,0.0003829190391115844
01193.jpg,0,4,有漂浮物,4,有漂浮物,-1.9111328125,-4.59765625,-4.86328125,-2.119140625,5.58203125,-4.08203125,0.0005562441656365991,3.788987305597402e-05,2.9051176170469262e-05,0.00045178193249739707,0.99886155128479,6.34535972494632e-05
01197.jpg,0,4,有漂浮物,4,有漂浮物,-2.984375,-5.21484375,-4.3984375,-1.869140625,6.1953125,-4.6484375,0.00010306396143278107,1.1077113413193729e-05,2.506035889382474e-05,0.0003143742505926639,0.999526858329773,1.9517026885296218e-05
01200.jpg,0,4,有漂浮物,4,有漂浮物,-2.125,-6.5625,-1.353515625,-4.17578125,3.55859375,-4.34765625,0.0033622949849814177,3.9760703657520935e-05,0.007272558286786079,0.000432506698416546,0.9885285496711731,0.00036420716787688434
01203.jpg,0,4,有漂浮物,4,有漂浮物,-2.48828125,-4.93359375,-5.3125,-1.841796875,5.2734375,-3.86328125,0.0004251255886629224,3.685797855723649e-05,2.5233332053176127e-05,0.0008114874362945557,0.9985937476158142,0.00010748857312137261
01207.jpg,0,4,有漂浮物,4,有漂浮物,-4.4765625,-4.9140625,-6.484375,-0.8984375,4.515625,-3.76171875,0.00012376766244415194,7.991040911292657e-05,1.6619780581095256e-05,0.004431667272001505,0.9950951337814331,0.000252964673563838
01213.jpg,0,4,有漂浮物,4,有漂浮物,-3.158203125,-6.21484375,-7.21484375,-0.65185546875,4.48828125,-4.48828125,0.00047463944065384567,2.2329637431539595e-05,8.214615263568703e-06,0.0058191134594380856,0.993550181388855,0.00012552153202705085
01220.jpg,0,4,有漂浮物,4,有漂浮物,-3.80078125,-4.78515625,-7.4609375,-0.51025390625,4.09375,-5.36328125,0.0003688624419737607,0.00013783382019028068,9.490274351264816e-06,0.009906546212732792,0.9894999861717224,7.731776713626459e-05
01222.jpg,0,4,有漂浮物,4,有漂浮物,-2.875,-5.3046875,-0.8837890625,-4.46484375,2.75390625,-3.15234375,0.0034754599910229445,0.0003060641174670309,0.025455651804804802,0.0007088460261002183,0.9674203395843506,0.0026336826849728823
01225.jpg,0,4,有漂浮物,4,有漂浮物,-4.82421875,-5.6640625,-2.373046875,-4.33203125,3.529296875,-4.921875,0.00023470570158679038,0.00010134075273526832,0.0027230402920395136,0.000383952894480899,0.9963441491127014,0.00021286882110871375
01226.jpg,0,4,有漂浮物,4,有漂浮物,-3.75390625,-5.30078125,-2.984375,-3.705078125,3.09765625,-5.703125,0.001052719191648066,0.00022413684928324074,0.002272561891004443,0.001105397124774754,0.9951953291893005,0.0001498917117714882
01227.jpg,0,4,有漂浮物,4,有漂浮物,-3.904296875,-6.59375,-3.7421875,-3.759765625,2.95703125,-5.8046875,0.0010436419397592545,7.08821535226889e-05,0.0012273113243281841,0.0012059260625392199,0.996296226978302,0.00015603512292727828
01228.jpg,0,4,有漂浮物,4,有漂浮物,-3.763671875,-6.640625,-3.173828125,-4.1875,3.537109375,-4.88671875,0.0006732660694979131,3.790896516875364e-05,0.0012143745552748442,0.0004406771622598171,0.9974147081375122,0.00021900483989156783
01232.jpg,0,4,有漂浮物,4,有漂浮物,-5.1953125,-3.306640625,-4.3359375,-2.5234375,4.640625,-4.8671875,5.34203827555757e-05,0.00035313988337293267,0.0001261620782315731,0.000772836385294795,0.9986202716827393,7.416685548378155e-05
01239.jpg,0,4,有漂浮物,4,有漂浮物,-4.375,-5.00390625,-4.45703125,-3.271484375,3.626953125,-5.625,0.00033416409860365093,0.00017816781473811716,0.0003078464069403708,0.0010074198944494128,0.9980765581130981,9.573961142450571e-05
01243.jpg,0,4,有漂浮物,4,有漂浮物,-4.52734375,-4.58203125,-3.203125,-3.375,3.1953125,-4.4609375,0.0004407437227200717,0.0004172877816017717,0.0016568646533414721,0.001395219936966896,0.9956188797950745,0.0004710055363830179
02048.jpg,0,3,乱占,3,乱占,-0.45654296875,-6.625,-4.6796875,3.56640625,-1.6884765625,-5.27734375,0.01748797297477722,3.6627949157264084e-05,0.0002562424633651972,0.9769764542579651,0.005101730115711689,0.00014095882943365723
02053.jpg,0,0,乱采,0,乱采,3.38671875,-7.44140625,-2.05859375,-2.45703125,0.59765625,-4.80078125,0.9354614019393921,1.8553717382019386e-05,0.004037910606712103,0.0027109249494969845,0.057511065155267715,0.00026015957701019943
02054.jpg,0,0,乱采,0,乱采,2.681640625,-5.9765625,-0.461181640625,-3.00390625,-0.420166015625,-4.45703125,0.9153394103050232,0.00015899092250037938,0.03950679302215576,0.003107281168922782,0.04116088151931763,0.0007266016327776015
02059.jpg,0,3,乱占,3,乱占,-2.392578125,-4.51953125,-1.2822265625,2.38671875,-3.6015625,-1.76171875,0.007977472618222237,0.0009509142837487161,0.024215025827288628,0.9494839310646057,0.002381277969107032,0.014991465955972672
02063.jpg,0,0,乱采,0,乱采,2.962890625,-6.33984375,-2.232421875,-1.8759765625,-0.83203125,-4.86328125,0.9648472666740417,8.79695508047007e-05,0.005347650498151779,0.007637747097760439,0.02169426716864109,0.00038511931779794395
02067.jpg,0,0,乱采,0,乱采,2.55078125,-4.3203125,-2.22265625,-2.82421875,-0.927734375,-3.5859375,0.9549870491027832,0.0009906480554491282,0.008070861920714378,0.004422467201948166,0.02946438267827034,0.002064687665551901
02071.jpg,0,0,乱采,0,乱采,5.91015625,-4.23828125,-3.5390625,1.6650390625,-3.75390625,-3.298828125,0.9855948686599731,3.8573409256059676e-05,7.761664892314002e-05,0.014127570204436779,6.261082307901233e-05,9.869322093436494e-05
02075.jpg,0,3,乱占,3,乱占,-2.53515625,-3.259765625,-4.18359375,2.61328125,0.107421875,-2.92578125,0.005303207319229841,0.0025694770738482475,0.0010200730757787824,0.9130122065544128,0.07450675964355469,0.003588329302147031
02079.jpg,0,3,乱占,3,乱占,-0.406982421875,-7.625,-4.3046875,3.591796875,-0.86279296875,-4.33203125,0.017791619524359703,1.3045787454757374e-05,0.0003609638079069555,0.9702044725418091,0.011278711259365082,0.0003512274124659598
02085.jpg,0,3,乱占,4,有漂浮物,-2.6796875,-4.93359375,-4.51171875,0.033233642578125,2.837890625,-3.572265625,0.003762523178011179,0.00039502099389210343,0.0006023350288160145,0.05671342462301254,0.9369856119155884,0.0015411234926432371
02086.jpg,0,3,乱占,3,乱占,-2.71484375,-4.1875,-4.46875,1.748046875,1.318359375,-2.486328125,0.006856903433799744,0.0015723946271464229,0.0011869057780131698,0.5947532057762146,0.38701331615448,0.008617297746241093
02090.jpg,0,3,乱占,3,乱占,-4.2578125,-2.4765625,-6.49609375,1.8955078125,1.3408203125,-3.689453125,0.0013348594075068831,0.00792542565613985,0.00014235159324016422,0.6277527213096619,0.36048808693885803,0.0023565185256302357
02094.jpg,0,0,乱采,0,乱采,4.21484375,-8.1484375,-3.021484375,1.2060546875,-2.5703125,-3.568359375,0.9509113430976868,4.062891093781218e-06,0.0006846090545877814,0.046928808093070984,0.0010749397333711386,0.00039622135227546096
02098.jpg,0,2,乱堆,2,乱堆,-3.31640625,-4.66796875,5.3125,-3.1328125,-1.017578125,-2.3671875,0.00017838134954217821,4.617142622009851e-05,0.9973229765892029,0.00021433010988403112,0.0017771244747564197,0.0004608821764122695
02100.jpg,0,2,乱堆,2,乱堆,-2.650390625,-4.6640625,5.640625,-3.029296875,-1.62109375,-1.640625,0.00025029756943695247,3.3414122299291193e-05,0.9981573224067688,0.00017135617963504046,0.0007006071973592043,0.0006870562792755663
02104.jpg,0,2,乱堆,2,乱堆,-2.611328125,-3.748046875,6.0234375,-1.6982421875,-3.298828125,-1.6025390625,0.0001775923592504114,5.698408494936302e-05,0.9987466335296631,0.0004425602965056896,8.929904288379475e-05,0.00048700766637921333
02108.jpg,0,2,乱堆,2,乱堆,-2.248046875,-4.48046875,5.58984375,-1.939453125,-2.86328125,-1.6142578125,0.0003937401052098721,4.223584255669266e-05,0.9980729818344116,0.0005360807408578694,0.00021282212401274592,0.0007420970941893756
02114.jpg,0,3,乱占,3,乱占,-2.166015625,-5.5859375,-2.982421875,4.54296875,-2.13671875,-5.00390625,0.001216100063174963,3.978470340371132e-05,0.000537537329364568,0.9968830943107605,0.0012522550532594323,7.12014953023754e-05
02118.jpg,0,3,乱占,3,乱占,-1.4140625,-6.9765625,-2.810546875,4.953125,-1.6328125,-5.828125,0.0017109096515923738,6.568467142642476e-06,0.0004233910294715315,0.9964637160301208,0.0013747545890510082,2.071209928544704e-05
02119.jpg,0,3,乱占,3,乱占,-0.73583984375,-6.890625,-3.966796875,5.5703125,-2.228515625,-5.28125,0.0018207981484010816,3.866095994453644e-06,7.195732177933678e-05,0.9976747632026672,0.00040926155634224415,1.9329261704115197e-05
02123.jpg,0,0,乱采,0,乱采,4.484375,-5.8046875,-1.6474609375,-2.3828125,-0.8330078125,-4.54296875,0.9917942881584167,3.3723958040354773e-05,0.002154760994017124,0.0010328564094379544,0.004865322262048721,0.00011909568274859339
02127.jpg,0,3,乱占,3,乱占,-2.2109375,-3.4609375,-3.171875,4.8515625,-2.583984375,-2.79296875,0.0008544990560039878,0.0002448180748615414,0.0003268750151619315,0.9975079298019409,0.0005884362035430968,0.0004774617846123874
02132.jpg,0,3,乱占,3,乱占,-2.255859375,-3.080078125,-3.7734375,4.21875,-2.37890625,-3.134765625,0.0015351002803072333,0.0006732604815624654,0.0003365588199812919,0.9954602122306824,0.0013573698233813047,0.0006374302320182323
02134.jpg,0,3,乱占,3,乱占,-2.10546875,-3.296875,-3.771484375,2.95703125,-2.146484375,-3.580078125,0.006224073935300112,0.0018908348865807056,0.001176341320388019,0.9833102822303772,0.005973954685032368,0.0014244919875636697
02138.jpg,0,2,乱堆,2,乱堆,-3.447265625,-4.33984375,3.947265625,-4.46875,1.1572265625,-2.666015625,0.0005777180776931345,0.0002366324042668566,0.9399832487106323,0.00020801322534680367,0.057732660323381424,0.0012618524488061666
02142.jpg,0,2,乱堆,2,乱堆,-1.349609375,-4.53125,6.01171875,-3.759765625,-1.7958984375,-2.640625,0.0006345290457829833,2.634404881973751e-05,0.9987014532089233,5.6981505622388795e-05,0.000406097766244784,0.00017448999278713018
02146.jpg,0,3,乱占,3,乱占,-1.8046875,-3.810546875,-2.896484375,4.828125,-1.7939453125,-2.5625,0.0013113633031025529,0.00017643687897361815,0.0004401104524731636,0.9961320161819458,0.0013255261583253741,0.0006146235973574221
02150.jpg,0,2,乱堆,3,乱占,-0.154541015625,-3.216796875,-1.6767578125,4.0078125,-3.18359375,-1.7919921875,0.015213673934340477,0.0007117266650311649,0.0033200434409081936,0.977060079574585,0.000735754962079227,0.0029586805030703545
00002.jpg,1,4,有漂浮物,4,有漂浮物,-5.7578125,-3.310546875,-4.9296875,-5.78515625,8.4140625,-1.6240234375,7.001789867899788e-07,8.091760719253216e-06,1.6027256606321316e-06,6.812928745603131e-07,0.9999451637268066,4.370094757177867e-05
00003.jpg,1,4,有漂浮物,4,有漂浮物,-5.453125,-2.916015625,-5.41015625,-3.2890625,8.0625,-3.755859375,1.3496517112798756e-06,1.7063743143808097e-05,1.4089085880186758e-06,1.1750656085496303e-05,0.9999610185623169,7.367748366959859e-06
00007.jpg,1,4,有漂浮物,4,有漂浮物,-5.5078125,-2.42578125,-5.71484375,-3.478515625,8.515625,-2.240234375,8.122283929878904e-07,1.7708727682475e-05,6.603370366065064e-07,6.180030595714925e-06,0.9999532699584961,2.1319123334251344e-05
00012.jpg,1,4,有漂浮物,4,有漂浮物,-4.390625,-4.45703125,-2.62890625,-4.93359375,7.57421875,-2.76953125,6.36351933280821e-06,5.954667358309962e-06,3.705118433572352e-05,3.697336978802923e-06,0.9999147653579712,3.2190626370720565e-05
00018.jpg,1,4,有漂浮物,4,有漂浮物,-6.19140625,-4.48046875,-2.5625,-3.046875,6.42578125,-1.810546875,3.3129363146144897e-06,1.8334276319365017e-05,0.0001248035696335137,7.688925688853487e-05,0.9995119571685791,0.0002647257351782173
00022.jpg,1,4,有漂浮物,4,有漂浮物,-3.470703125,-4.08984375,-1.8115234375,-4.98828125,6.140625,-3.80859375,6.693119212286547e-05,3.6036220990354195e-05,0.0003517233126331121,1.467414404032752e-05,0.9994828701019287,4.774023545905948e-05
00027.jpg,1,4,有漂浮物,4,有漂浮物,-4.16015625,-3.001953125,-4.3671875,-2.642578125,6.53125,-2.08984375,2.273048085044138e-05,7.23785487934947e-05,1.8479749996913597e-05,0.00010367748473072425,0.9996026158332825,0.00018019134586211294
00032.jpg,1,4,有漂浮物,4,有漂浮物,-3.40625,-2.17578125,-3.2265625,-3.3359375,5.11328125,-2.89453125,0.00019920062914025038,0.0006818306283093989,0.00023841192887630314,0.00021371108596213162,0.9983345866203308,0.00033229769906029105
00036.jpg,1,4,有漂浮物,4,有漂浮物,-3.560546875,-5.171875,-4.23046875,-3.708984375,4.984375,-1.6845703125,0.00019418667943682522,3.87639956898056e-05,9.937474533217028e-05,0.00016739936836529523,0.9982328414916992,0.0012674934696406126
00040.jpg,1,4,有漂浮物,4,有漂浮物,-4.2734375,-4.03125,-3.3046875,-4.66015625,9.1171875,-2.3828125,1.529386736365268e-06,1.948489398273523e-06,4.029397132399026e-06,1.038885102389031e-06,0.9999812841415405,1.0129904694622383e-05
00044.jpg,1,4,有漂浮物,4,有漂浮物,-5.41796875,-4.3359375,-4.26171875,-4.58203125,7.98828125,-2.921875,1.5056551774250693e-06,4.442686986294575e-06,4.784962129633641e-06,3.47351010532293e-06,0.9999675750732422,1.827112282626331e-05
00046.jpg,1,4,有漂浮物,4,有漂浮物,-5.00390625,-3.955078125,-3.72265625,-3.634765625,7.19921875,-2.982421875,5.01428348798072e-06,1.431229156878544e-05,1.805712963687256e-05,1.9716013412107714e-05,0.999904990196228,3.785544686252251e-05
00049.jpg,1,4,有漂浮物,4,有漂浮物,-2.8984375,-2.197265625,-3.181640625,-2.96875,4.88671875,-2.53125,0.0004148022853769362,0.0008362886146642268,0.00031249821768142283,0.0003866382176056504,0.9974508881568909,0.0005988370394334197
00053.jpg,1,4,有漂浮物,4,有漂浮物,-2.986328125,-2.666015625,-1.7255859375,-2.048828125,4.69140625,-1.890625,0.0004605808644555509,0.0006344769499264657,0.001624947297386825,0.0011761344503611326,0.9947262406349182,0.0013777287676930428
00057.jpg,1,4,有漂浮物,4,有漂浮物,-5.62109375,-3.94140625,-4.1015625,-4.4296875,7.76171875,-1.5029296875,1.5412308584927814e-06,8.266976692539174e-06,7.043552159302635e-06,5.073280590295326e-06,0.9998832941055298,9.470297663938254e-05
00063.jpg,1,4,有漂浮物,4,有漂浮物,-4.859375,-4.5703125,-4.7421875,-3.58984375,6.4921875,-2.96875,1.1749229997803923e-05,1.5687281120335683e-05,1.3210014913056511e-05,4.1817671444732696e-05,0.9998396635055542,7.782111060805619e-05
00068.jpg,1,4,有漂浮物,4,有漂浮物,-5.16796875,-3.82421875,-3.12109375,-4.05859375,6.41015625,-0.5869140625,9.358876923215576e-06,3.587624087231234e-05,7.247200119309127e-05,2.8380443836795166e-05,0.9989402890205383,0.0009135882719419897
00073.jpg,1,4,有漂浮物,4,有漂浮物,-6.7421875,-4.7890625,-4.50390625,-2.630859375,6.56640625,-1.1103515625,1.6591794747000677e-06,1.1698354683176149e-05,1.5558458471787162e-05,0.00010125593689735979,0.9994065761566162,0.0004632000927813351
00075.jpg,1,4,有漂浮物,4,有漂浮物,-4.015625,-2.916015625,-0.85888671875,-5.91015625,6.12890625,-1.6923828125,3.9232010749401525e-05,0.00011781344801420346,0.0009217106271535158,5.900055839447305e-06,0.9985148310661316,0.00040050860843621194
00078.jpg,1,4,有漂浮物,4,有漂浮物,-4.41796875,-1.2177734375,-2.779296875,-3.0625,6.421875,-1.99609375,1.9585093468776904e-05,0.000480565766338259,0.00010083047527587041,7.596232899231836e-05,0.9991023540496826,0.00022066457313485444
00082.jpg,1,4,有漂浮物,4,有漂浮物,-6.41796875,-4.796875,-3.65625,-1.7685546875,6.37109375,-2.412109375,2.7897222025785595e-06,1.4112144526734482e-05,4.415299554239027e-05,0.0002915921504609287,0.9994940757751465,0.00015320874808821827
00087.jpg,1,4,有漂浮物,4,有漂浮物,-5.6015625,-4.9453125,-2.08203125,-2.142578125,4.4453125,-1.3544921875,4.306275877752341e-05,8.300564513774589e-05,0.0014541689306497574,0.0013687360333278775,0.9940409064292908,0.003010100917890668
00091.jpg,1,4,有漂浮物,4,有漂浮物,-1.5771484375,-2.359375,-2.2109375,-2.9375,5.07421875,-2.408203125,0.0012877939734607935,0.0005890195607207716,0.0006832746439613402,0.0003304100246168673,0.996548593044281,0.0005609497311525047
00096.jpg,1,5,正常,4,有漂浮物,-3.748046875,-2.578125,-3.35546875,-5.33984375,6.75390625,-1.787109375,2.747289363469463e-05,8.85105473571457e-05,4.068168709636666e-05,5.592369234364014e-06,0.9996424913406372,0.0001952219899976626
00097.jpg,1,4,有漂浮物,4,有漂浮物,-4.6953125,-3.296875,-1.53125,-4.33984375,6.3203125,-2.84375,1.6432897609774955e-05,6.653464515693486e-05,0.00038890994619578123,2.3447268176823854e-05,0.9993999004364014,0.0001046736870193854
00101.jpg,1,4,有漂浮物,4,有漂浮物,-6.66796875,-4.12890625,-4.359375,-2.96484375,5.71484375,-2.501953125,4.187729246041272e-06,5.3049272537464276e-05,4.212967905914411e-05,0.00016991251322906464,0.999460756778717,0.00026993313804268837
00105.jpg,1,4,有漂浮物,4,有漂浮物,-5.01953125,-3.47265625,-3.92578125,-5.671875,7.4140625,-0.58349609375,3.981043391831918e-06,1.869804509624373e-05,1.1885200365213677e-05,2.073421455861535e-06,0.9996272325515747,0.00033615727443248034
00109.jpg,1,4,有漂浮物,4,有漂浮物,-4.23828125,-3.2109375,-3.6484375,-1.6455078125,5.921875,-2.095703125,3.864014070131816e-05,0.0001079464636859484,6.969548121560365e-05,0.0005164947360754013,0.9989379048347473,0.00032926726271398365
00117.jpg,1,4,有漂浮物,4,有漂浮物,-6.671875,-4.67578125,-4.0,-3.884765625,6.98046875,-0.923828125,1.1767443766075303e-06,8.661132596898824e-06,1.702404370007571e-05,1.9103299564449117e-05,0.999584972858429,0.00036900071427226067
00121.jpg,1,4,有漂浮物,4,有漂浮物,-3.859375,-3.681640625,-5.34375,-0.5986328125,6.67578125,-3.537109375,2.6564093786873855e-05,3.1731022318126634e-05,6.020591172273271e-06,0.0006924961344338953,0.9992064833641052,3.6665125662693754e-05
00126.jpg,1,4,有漂浮物,4,有漂浮物,-5.6484375,-3.904296875,-3.625,-3.443359375,6.9921875,-0.5771484375,3.2358580028812867e-06,1.8512288079364225e-05,2.4476943508489057e-05,2.9352338970056735e-05,0.9994087219238281,0.0005157298874109983
00130.jpg,1,4,有漂浮物,4,有漂浮物,-8.5234375,-4.3515625,-5.375,-4.96484375,9.375,-1.8603515625,1.685779160709444e-08,1.093007085728459e-06,3.927802936232183e-07,5.919408749832655e-07,0.999984622001648,1.3199033674027305e-05
00131.jpg,1,4,有漂浮物,4,有漂浮物,-3.56640625,-3.330078125,-3.13671875,-2.607421875,4.95703125,-2.109375,0.00019833302940241992,0.0002512065984774381,0.00030479367705993354,0.0005174598190933466,0.997876763343811,0.0008514823857694864
00133.jpg,1,4,有漂浮物,4,有漂浮物,-4.35546875,-3.154296875,-2.123046875,-4.24609375,5.80078125,-1.1064453125,3.877159906551242e-05,0.00012887718912679702,0.0003614449524320662,4.325283953221515e-05,0.9984286427497864,0.0009989566169679165
00138.jpg,1,4,有漂浮物,4,有漂浮物,-2.13671875,-1.5595703125,-2.822265625,-2.68359375,3.666015625,-1.9365234375,0.0029736317228525877,0.005295897368341684,0.0014981592539697886,0.0017210060032084584,0.9848785996437073,0.0036327114794403315
00142.jpg,1,4,有漂浮物,4,有漂浮物,-3.037109375,-3.064453125,-1.6650390625,-4.15234375,5.73828125,-1.662109375,0.00015424549928866327,0.00015008499030955136,0.0006082681356929243,5.056760346633382e-05,0.9984267950057983,0.0006100527825765312
00147.jpg,1,4,有漂浮物,4,有漂浮物,-5.0703125,-2.181640625,-4.34375,-2.998046875,7.17578125,-1.5341796875,4.802385319635505e-06,8.629610965726897e-05,9.931138265528716e-06,3.814437150140293e-05,0.999695897102356,0.00016488453547935933
00152.jpg,1,4,有漂浮物,4,有漂浮物,-5.5390625,-4.78515625,-4.8515625,-4.74609375,8.21875,-0.86279296875,1.0592664239084115e-06,2.251243813589099e-06,2.1066025510663167e-06,2.3409229470416903e-06,0.9998785257339478,0.00011373214510967955
00158.jpg,1,4,有漂浮物,4,有漂浮物,-2.66796875,-1.21875,-4.63671875,-1.55078125,5.22265625,-1.4755859375,0.00037259713280946016,0.0015871835639700294,5.202621468924917e-05,0.0011387486010789871,0.9956217408180237,0.00122767873108387
00160.jpg,1,4,有漂浮物,4,有漂浮物,-4.6640625,-3.6484375,-2.52734375,-3.673828125,7.05078125,-2.365234375,8.169955435732845e-06,2.25579715333879e-05,6.921255408087745e-05,2.199242044298444e-05,0.9997966885566711,8.139319106703624e-05
00164.jpg,1,4,有漂浮物,4,有漂浮物,-4.3828125,-3.9609375,-2.68359375,-4.21875,7.12109375,-2.392578125,1.0088921953865793e-05,1.538376818643883e-05,5.5183099902933463e-05,1.1887655091413762e-05,0.9998337030410767,7.382314652204514e-05
00169.jpg,1,4,有漂浮物,4,有漂浮物,-6.4140625,-4.98828125,-4.46875,-4.72265625,8.703125,-2.48046875,2.7207008201912686e-07,1.132112856794265e-06,1.903352654153423e-06,1.4765533933314146e-06,0.9999812841415405,1.3900128578825388e-05
00172.jpg,1,4,有漂浮物,4,有漂浮物,-5.9140625,-2.310546875,-3.166015625,-4.98828125,8.578125,-1.7431640625,5.082721372673404e-07,1.8667375115910545e-05,7.935200301290024e-06,1.2827972568629775e-06,0.9999387264251709,3.2922627724474296e-05
00174.jpg,1,4,有漂浮物,4,有漂浮物,-5.796875,-4.1640625,-1.8076171875,-7.0,6.26171875,-2.955078125,5.791940111521399e-06,2.9644595997524448e-05,0.00031285040313377976,1.739055846883275e-06,0.9995506405830383,9.931178647093475e-05
00179.jpg,1,4,有漂浮物,4,有漂浮物,-4.34375,-3.103515625,-4.984375,-5.0703125,7.953125,-2.494140625,4.5657443479285575e-06,1.5781144611537457e-05,2.4059784209384816e-06,2.2078497750044335e-06,0.9999459981918335,2.9025968615314923e-05
00183.jpg,1,4,有漂浮物,4,有漂浮物,-2.95703125,-1.8701171875,-3.01953125,-3.869140625,5.26953125,-2.44921875,0.0002669566310942173,0.0007915556780062616,0.0002507825556676835,0.00010723008017521352,0.9981398582458496,0.00044358911691233516
00188.jpg,1,4,有漂浮物,4,有漂浮物,-5.3359375,-2.662109375,-3.83984375,-3.294921875,7.34765625,-2.09375,3.1010836210043635e-06,4.495129905990325e-05,1.3843909073329996e-05,2.3873455575085245e-05,0.9998347759246826,7.935561006888747e-05
00192.jpg,1,4,有漂浮物,4,有漂浮物,-3.876953125,-1.8759765625,-1.9580078125,-1.9873046875,4.46875,0.55712890625,0.00023158091062214226,0.0017128363251686096,0.001577938674017787,0.0015323805855587125,0.9754288196563721,0.019516417756676674
00196.jpg,1,4,有漂浮物,4,有漂浮物,-5.1640625,-3.0859375,-1.896484375,-2.517578125,5.2890625,-0.15869140625,2.86935392068699e-05,0.00022924630320630968,0.0007531392620876431,0.0004047041875310242,0.9943027496337891,0.0042814332991838455
00201.jpg,1,4,有漂浮物,4,有漂浮物,-6.33203125,-2.080078125,-3.458984375,-3.884765625,7.93359375,-2.791015625,6.375003636094334e-07,4.477959737414494e-05,1.1277915291429963e-05,7.367401394731132e-06,0.9999139308929443,2.1994999769958667e-05
00205.jpg,1,4,有漂浮物,4,有漂浮物,-2.53125,-3.748046875,-2.615234375,-3.759765625,3.916015625,-1.6435546875,0.0015725432895123959,0.0004657517420127988,0.0014458680525422096,0.00046032556565478444,0.9922349452972412,0.0038205317687243223
00208.jpg,1,4,有漂浮物,4,有漂浮物,-6.11328125,-3.431640625,-4.23046875,-4.28125,8.09375,-2.572265625,6.759993311789003e-07,9.875701834971551e-06,4.442641966306837e-06,4.222671577736037e-06,0.9999574422836304,2.3323287678067572e-05
00212.jpg,1,4,有漂浮物,4,有漂浮物,-5.9921875,-3.853515625,-4.44140625,-4.1953125,8.2109375,-3.37890625,6.786582957829523e-07,5.7605589063314255e-06,3.199977527401643e-06,4.092833478352986e-06,0.9999769926071167,9.259441867470741e-06
00217.jpg,1,4,有漂浮物,4,有漂浮物,-4.93359375,-3.390625,-4.02734375,-5.9453125,7.2421875,-4.109375,5.153487563802628e-06,2.411037712590769e-05,1.2755003808706533e-05,1.8737745222097146e-06,0.9999443292617798,1.1750460544135422e-05
00219.jpg,1,4,有漂浮物,4,有漂浮物,-4.1171875,-3.55078125,-2.72265625,-4.0546875,6.625,-2.419921875,2.160738586098887e-05,3.807056418736465e-05,8.714439172763377e-05,2.3000940927886404e-05,0.9997121691703796,0.00011795471800724044
00224.jpg,1,4,有漂浮物,4,有漂浮物,-4.6796875,-1.822265625,-2.82421875,-3.44140625,6.1328125,-1.5498046875,2.0125366063439287e-05,0.0003505147760733962,0.000128695581224747,6.942605978110805e-05,0.9989709854125977,0.00046029326040297747
00228.jpg,1,4,有漂浮物,4,有漂浮物,-4.5859375,-2.099609375,-3.5703125,-3.80078125,6.81640625,-1.919921875,1.116524072131142e-05,0.00013417347508948296,3.082821785937995e-05,2.4482575099682435e-05,0.9996386766433716,0.00016058461915235966
00232.jpg,1,4,有漂浮物,4,有漂浮物,-5.41015625,-3.861328125,-3.841796875,-1.7333984375,5.8671875,-1.3056640625,1.2638751286431216e-05,5.94773591728881e-05,6.065044362912886e-05,0.0004994589253328741,0.9986017346382141,0.0007660594419576228
00446.jpg,1,4,有漂浮物,4,有漂浮物,-5.7890625,-7.16796875,-3.171875,-4.33203125,6.5546875,-4.53125,4.3564668885665014e-06,1.097193035093369e-06,5.967116157989949e-05,1.8703161913435906e-05,0.9999008178710938,1.532482201582752e-05
00447.jpg,1,4,有漂浮物,4,有漂浮物,-5.24609375,-7.96875,-2.9453125,-3.958984375,6.1484375,-4.72265625,1.1254806850047316e-05,7.394409067273955e-07,0.00011234522389713675,4.076829645782709e-05,0.9998160004615784,1.8996082872035913e-05
00448.jpg,1,4,有漂浮物,4,有漂浮物,-5.78515625,-6.4296875,-4.171875,-4.44921875,7.84375,-4.3515625,1.2051291378156748e-06,6.325826120701095e-07,6.048849172657356e-06,4.583780992106767e-06,0.999982476234436,5.054002485849196e-06
00449.jpg,1,4,有漂浮物,4,有漂浮物,-6.0859375,-6.5859375,-4.640625,-4.41796875,8.2578125,-3.974609375,5.8963536275769e-07,3.5763196137850173e-07,2.5019280656124465e-06,3.125886451016413e-06,0.9999885559082031,4.869918484473601e-06
00450.jpg,1,4,有漂浮物,4,有漂浮物,-5.88671875,-6.77734375,-4.2578125,-4.296875,8.0,-4.390625,9.312542488260078e-07,3.8218595932448807e-07,4.747809271066217e-06,4.565923518384807e-06,0.9999852180480957,4.157320745434845e-06
00451.jpg,1,4,有漂浮物,4,有漂浮物,-5.265625,-6.08203125,-4.39453125,-4.0234375,7.4140625,-4.3046875,3.1136389679886634e-06,1.3762823982688133e-06,7.440112312906422e-06,1.0783095603983384e-05,0.9999691247940063,8.139508281601593e-06
00452.jpg,1,4,有漂浮物,4,有漂浮物,-6.4140625,-8.015625,-4.27734375,-3.98828125,7.44140625,-4.75,9.608053233023384e-07,1.93680392612805e-07,8.139553756336682e-06,1.0867729542951565e-05,0.9999747276306152,5.07374443259323e-06
00457.jpg,1,4,有漂浮物,4,有漂浮物,-3.8125,-7.66796875,-4.59765625,-4.60546875,7.296875,-5.59375,1.4970838492445182e-05,3.16838026037658e-07,6.8274275690782815e-06,6.77429625284276e-06,0.9999686479568481,2.5215006189682754e-06
00459.jpg,1,4,有漂浮物,4,有漂浮物,-5.44921875,-7.8671875,-5.078125,-4.390625,7.9765625,-5.58203125,1.4765672631256166e-06,1.315657272016324e-07,2.140016931662103e-06,4.255931798979873e-06,0.999990701675415,1.2929255035487586e-06
00470.jpg,1,4,有漂浮物,4,有漂浮物,-4.73828125,-6.1640625,-4.88671875,-4.453125,8.4453125,-3.3125,1.8811861082213e-06,4.520878462699329e-07,1.6216838503169129e-06,2.5019210170285078e-06,0.9999856948852539,7.827818080841098e-06
00478.jpg,1,4,有漂浮物,4,有漂浮物,-4.984375,-6.28515625,-3.87890625,-5.48046875,8.25,-4.3046875,1.7880455516205984e-06,4.869187364420213e-07,5.401042017183499e-06,1.0887490589084337e-06,0.9999876022338867,3.528280558384722e-06
00479.jpg,1,4,有漂浮物,4,有漂浮物,-5.3125,-7.3203125,-5.515625,-4.08984375,7.6015625,-4.515625,2.4631215183035238e-06,3.3075315286623663e-07,2.0103414044569945e-06,8.365245776076335e-06,0.9999814033508301,5.4646739044983406e-06
00484.jpg,1,4,有漂浮物,4,有漂浮物,-3.75390625,-7.73828125,-5.953125,-3.837890625,8.2578125,-4.70703125,6.072540600143839e-06,1.1297395730025528e-07,6.73382544391643e-07,5.583371148532024e-06,0.9999852180480957,2.3411728307110025e-06
00490.jpg,1,4,有漂浮物,4,有漂浮物,-5.57421875,-5.19921875,-3.84765625,-4.46484375,8.4140625,-3.28125,8.413156820097356e-07,1.2241071090102196e-06,4.729286047222558e-06,2.5512581487419084e-06,0.9999823570251465,8.332640391017776e-06
00495.jpg,1,4,有漂浮物,4,有漂浮物,-3.07421875,-3.541015625,-3.82421875,-2.3671875,5.55078125,-2.95703125,0.00017939103418029845,0.00011247950897086412,8.47383271320723e-05,0.00036379817174747586,0.9990578293800354,0.00020169475465081632
00499.jpg,1,4,有漂浮物,4,有漂浮物,-5.625,-2.384765625,-4.0,-2.52734375,6.8671875,-2.763671875,3.7548766158579383e-06,9.589844557922333e-05,1.9068836991209537e-05,8.31554425531067e-05,0.9997324347496033,6.565301737282425e-05
00503.jpg,1,4,有漂浮物,4,有漂浮物,-4.71484375,-2.7421875,-5.1953125,-3.693359375,6.6171875,-3.515625,1.1980744602624327e-05,8.613854879513383e-05,7.410012131003896e-06,3.3274292945861816e-05,0.9998214840888977,3.974641003878787e-05
00508.jpg,1,4,有漂浮物,4,有漂浮物,-6.70703125,-2.587890625,-5.44140625,-4.6875,8.3984375,-3.78125,2.7527531187843124e-07,1.693118247203529e-05,9.759356771610328e-07,2.0741420030390145e-06,0.9999746084213257,5.133550985192414e-06
00512.jpg,1,4,有漂浮物,4,有漂浮物,-5.734375,-2.22265625,-5.52734375,-4.484375,8.5078125,-3.3515625,6.526530569317401e-07,2.186766687373165e-05,8.02776980890485e-07,2.277982957821223e-06,0.9999673366546631,7.071714207995683e-06
00517.jpg,1,4,有漂浮物,4,有漂浮物,-6.23046875,-2.44140625,-4.26171875,-3.37890625,7.328125,-3.662109375,1.2927993111588876e-06,5.716102896258235e-05,9.258664249500725e-06,2.23845818254631e-05,0.999893069267273,1.6863799828570336e-05
00521.jpg,1,4,有漂浮物,4,有漂浮物,-5.0234375,-2.19921875,-2.546875,-5.234375,5.16015625,-3.3046875,3.773365097003989e-05,0.0006357281818054616,0.00044904128299094737,3.05576431856025e-05,0.9986364245414734,0.00021046141046099365
00525.jpg,1,4,有漂浮物,4,有漂浮物,-6.171875,-6.8671875,-1.9033203125,-6.31640625,6.671875,-3.1484375,2.6419338610139675e-06,1.3181098665882018e-06,0.00018868251936510205,2.286403287143912e-06,0.9997506737709045,5.4323052609106526e-05
00529.jpg,1,4,有漂浮物,4,有漂浮物,-5.19921875,-5.37109375,-2.515625,-4.25,6.1875,-0.80859375,1.1332341273373459e-05,9.542788575345185e-06,0.00016587832942605019,2.9279262889758684e-05,0.9988695979118347,0.0009144161595031619
00537.jpg,1,4,有漂浮物,4,有漂浮物,-5.7265625,-7.28125,-2.734375,-5.6640625,6.1328125,-3.951171875,7.070540505083045e-06,1.4936896377548692e-06,0.00014091041521169245,7.526550689362921e-06,0.9998013377189636,4.1734474507393315e-05
00549.jpg,1,4,有漂浮物,4,有漂浮物,-5.875,-6.9140625,-2.501953125,-4.73046875,5.75390625,-4.37890625,8.901901310309768e-06,3.1493698315898655e-06,0.0002596440608613193,2.7960591978626326e-05,0.9996606111526489,3.9740014472045004e-05
00554.jpg,1,4,有漂浮物,4,有漂浮物,-5.81640625,-4.0546875,-2.77734375,-3.87109375,6.9453125,-1.9609375,2.8678332455456257e-06,1.6697775208740495e-05,5.989657074678689e-05,2.00628383026924e-05,0.9997649788856506,0.00013550730363931507
00559.jpg,1,4,有漂浮物,4,有漂浮物,-4.90234375,-4.2265625,-2.431640625,-4.36328125,6.46875,-2.076171875,1.1519394320202991e-05,2.2642152543994598e-05,0.0001362832117592916,1.97488370758947e-05,0.9996153116226196,0.00019445559883024544
00560.jpg,1,4,有漂浮物,4,有漂浮物,-5.14453125,-5.078125,-3.0234375,-3.94140625,6.5234375,-2.40234375,8.56163569551427e-06,9.149483958026394e-06,7.14062261977233e-05,2.8514601581264287e-05,0.999749481678009,0.0001328842918155715
00564.jpg,1,4,有漂浮物,4,有漂浮物,-4.91015625,-4.375,-2.31640625,-4.484375,6.56640625,-2.041015625,1.0366533388150856e-05,1.77030851773452e-05,0.00013870267139282078,1.5868941773078404e-05,0.9996346235275269,0.00018267767154611647
00569.jpg,1,4,有漂浮物,4,有漂浮物,-5.4453125,-3.703125,-2.630859375,-4.15625,6.93359375,-1.9833984375,4.2053457036672626e-06,2.401176607236266e-05,7.016219024080783e-05,1.5262807210092433e-05,0.9997522234916687,0.00013405774370767176
00573.jpg,1,4,有漂浮物,4,有漂浮物,-5.33203125,-3.55078125,-3.1640625,-4.21875,6.82421875,-1.7939453125,5.253956260276027e-06,3.119417669950053e-05,4.592226832755841e-05,1.5994783097994514e-05,0.9997208714485168,0.0001807414082577452
00577.jpg,1,4,有漂浮物,4,有漂浮物,-5.37109375,-3.126953125,-2.671875,-4.078125,6.72265625,-1.548828125,5.592034085566411e-06,5.274577779346146e-05,8.31429788377136e-05,2.0375064195832238e-05,0.9995825886726379,0.0002555987157393247
00578.jpg,1,4,有漂浮物,4,有漂浮物,-5.17578125,-3.49609375,-2.47265625,-4.0234375,6.43359375,-1.822265625,9.076184142031707e-06,4.8683556087780744e-05,0.0001354738778900355,2.8731599741149694e-05,0.9995183944702148,0.0002596071281004697
00580.jpg,1,4,有漂浮物,4,有漂浮物,-4.40625,-4.6015625,-3.91796875,-6.1015625,8.0625,-2.923828125,3.8448310988314915e-06,3.162671873724321e-06,6.265202955546556e-06,7.056874551381043e-07,0.9999691247940063,1.6931089703575708e-05
00583.jpg,1,4,有漂浮物,4,有漂浮物,-1.1982421875,-4.4921875,-2.001953125,-1.9521484375,5.4609375,-4.26953125,0.0012789152096956968,4.745691330754198e-05,0.0005725251394324005,0.000601761566940695,0.997439980506897,5.9292244259268045e-05
00588.jpg,1,4,有漂浮物,4,有漂浮物,-5.8828125,-3.736328125,-3.642578125,-4.17578125,7.68359375,-4.5546875,1.282829316551215e-06,1.0974258657370228e-05,1.2052865713485517e-05,7.071688742144033e-06,0.9999637603759766,4.841347163164755e-06
00593.jpg,1,4,有漂浮物,4,有漂浮物,-5.96875,-4.16796875,-3.83984375,-4.296875,7.39453125,-4.421875,1.571749407958123e-06,9.515961210126989e-06,1.3211603800300509e-05,8.365066605620086e-06,0.9999599456787109,7.382145213341573e-06
00597.jpg,1,4,有漂浮物,4,有漂浮物,-6.24609375,-4.14453125,-5.3203125,-4.28515625,7.9609375,-5.39453125,6.760184305676376e-07,5.529113877855707e-06,1.7061616972569027e-06,4.803777301276568e-06,0.9999856948852539,1.584117626407533e-06
00601.jpg,1,4,有漂浮物,4,有漂浮物,-6.203125,-4.47265625,-4.48046875,-4.03125,7.55078125,-4.8125,1.063512968357827e-06,6.001721885695588e-06,5.955015694780741e-06,9.332030458608642e-06,0.9999732971191406,4.272514615877299e-06
00606.jpg,1,4,有漂浮物,4,有漂浮物,-6.671875,-4.50390625,-4.76171875,-3.53515625,7.80078125,-4.96875,5.183165967537207e-07,4.530352271103766e-06,3.500784714560723e-06,1.1935888323932886e-05,0.999976634979248,2.8461181500460953e-06
00610.jpg,1,4,有漂浮物,4,有漂浮物,-5.79296875,-4.88671875,-5.375,-4.0234375,7.671875,-4.93359375,1.419987484041485e-06,3.5145028505212395e-06,2.1567809653788572e-06,8.33263220556546e-06,0.9999812841415405,3.3535620787006337e-06
00614.jpg,1,4,有漂浮物,4,有漂浮物,-5.75,-4.1484375,-4.54296875,-3.443359375,6.953125,-4.921875,3.0414055345318047e-06,1.5087735846464057e-05,1.0169072083954234e-05,3.053765249205753e-05,0.999934196472168,6.961846793274162e-06
00615.jpg,1,4,有漂浮物,4,有漂浮物,-6.5859375,-4.03515625,-4.55859375,-4.5859375,7.984375,-4.42578125,4.7009541503939545e-07,6.025265975040384e-06,3.5698519695870345e-06,3.4735612643999048e-06,0.9999823570251465,4.0768991311779246e-06
00619.jpg,1,4,有漂浮物,4,有漂浮物,-6.05859375,-3.9921875,-4.89453125,-3.595703125,7.07421875,-2.845703125,1.9790197711699875e-06,1.5627119864802808e-05,6.33863965049386e-06,2.323110675206408e-05,0.9999035596847534,4.918025661027059e-05
00623.jpg,1,4,有漂浮物,4,有漂浮物,-5.046875,-5.5078125,-4.26171875,-2.201171875,5.78515625,-3.078125,1.974543738469947e-05,1.2453290764824487e-05,4.329679359216243e-05,0.00033989117946475744,0.9994432330131531,0.00014141124847810715
00625.jpg,1,4,有漂浮物,4,有漂浮物,-4.41796875,-5.1171875,-4.48046875,-2.658203125,5.703125,-3.267578125,4.020366395707242e-05,1.998015068238601e-05,3.776784797082655e-05,0.00023362651700153947,0.9995414018630981,0.00012702052481472492
00629.jpg,1,4,有漂浮物,4,有漂浮物,-5.21875,-4.51953125,-4.58203125,-1.6640625,5.20703125,-2.435546875,2.9608701879624277e-05,5.957804023637436e-05,5.5968386732274666e-05,0.0010356203420087695,0.998340368270874,0.0004787944781128317
00634.jpg,1,4,有漂浮物,4,有漂浮物,-6.24609375,-4.87890625,-4.1328125,-4.9375,8.5,-3.619140625,3.943188744415238e-07,1.5474247447855305e-06,3.263126700403518e-06,1.4593606465496123e-06,0.9999878406524658,5.454046004160773e-06
00640.jpg,1,4,有漂浮物,4,有漂浮物,-5.234375,-6.2265625,-6.203125,-1.5556640625,5.94140625,-6.28515625,1.4001232557347976e-05,5.191163836570922e-06,5.314268491929397e-06,0.0005543833249248564,0.9994162321090698,4.895733582088724e-06
00641.jpg,1,4,有漂浮物,4,有漂浮物,-5.91015625,-5.08984375,-5.8984375,-1.7919921875,6.73046875,-5.99609375,3.237073997297557e-06,7.352073225774802e-06,3.275231620136765e-06,0.00019890630210284144,0.9997842907905579,2.970505875055096e-06
00642.jpg,1,4,有漂浮物,4,有漂浮物,-5.890625,-6.17578125,-5.6875,-2.1484375,6.6171875,-6.1328125,3.6970238852518378e-06,2.779780288619804e-06,4.5296887947188225e-06,0.00015597810852341354,0.9998301267623901,2.9018274290137924e-06
00644.jpg,1,4,有漂浮物,4,有漂浮物,-7.23046875,-4.8125,-6.890625,-2.787109375,8.3515625,-5.54296875,1.7092359883008612e-07,1.9182823507435387e-06,2.401012011432613e-07,1.4538797586283181e-05,0.9999821186065674,9.240042686542438e-07
00647.jpg,1,4,有漂浮物,4,有漂浮物,-5.4921875,-6.390625,-6.48828125,-3.69140625,8.1796875,-6.6484375,1.1544523204065626e-06,4.70099280391878e-07,4.263615380750707e-07,6.989488610997796e-06,0.9999905824661255,3.632645757534192e-07
00649.jpg,1,4,有漂浮物,4,有漂浮物,-4.7109375,-6.09375,-6.61328125,-2.201171875,6.7734375,-6.890625,1.028815586323617e-05,2.5810099941736553e-06,1.5351829460996669e-06,0.00012656537001021206,0.9998577833175659,1.1633522944975994e-06
00652.jpg,1,4,有漂浮物,4,有漂浮物,-6.2734375,-4.85546875,-6.6484375,-3.275390625,7.81640625,-6.3125,7.600632443427457e-07,3.1380927794089075e-06,5.223833454692794e-07,1.5236490980896633e-05,0.9999796152114868,7.309457146220666e-07
00656.jpg,1,4,有漂浮物,4,有漂浮物,-6.15625,-4.10546875,-2.40234375,-4.484375,5.73828125,-1.8916015625,6.8216841100365855e-06,5.3031584684504196e-05,0.00029120067483745515,3.6305940739111975e-05,0.9991274476051331,0.00048529397463425994
00660.jpg,1,4,有漂浮物,4,有漂浮物,-6.13671875,-3.005859375,-3.24609375,-4.25390625,6.0703125,-1.9541015625,4.992366484657396e-06,0.00011429345613578334,8.988535410026088e-05,3.280964301666245e-05,0.9994308352470398,0.0003271854657214135
00664.jpg,1,4,有漂浮物,4,有漂浮物,-5.6640625,-4.16015625,-2.55859375,-4.44921875,5.55859375,-2.1640625,1.3356392628338654e-05,6.0093483625678346e-05,0.0002981104189530015,4.500793875195086e-05,0.9991412162780762,0.00044230298954062164
00668.jpg,1,4,有漂浮物,4,有漂浮物,-6.78515625,-3.14453125,-2.2109375,-4.78125,6.24609375,-2.013671875,2.189531642216025e-06,8.345543028553948e-05,0.00021228006517048925,1.6241894627455622e-05,0.999427318572998,0.0002585714391898364
00672.jpg,1,4,有漂浮物,4,有漂浮物,-6.30859375,-5.3984375,-1.8369140625,-6.828125,6.734375,-4.17578125,2.164794295822503e-06,5.3788880904903635e-06,0.00018942724273074418,1.2876181472165626e-06,0.9997835755348206,1.8267761333845556e-05
00673.jpg,1,4,有漂浮物,4,有漂浮物,-6.17578125,-5.78125,-2.408203125,-6.50390625,6.640625,-4.234375,2.715453774726484e-06,4.028887360618683e-06,0.0001175116267404519,1.9558681287890067e-06,0.9998548030853271,1.8922757590189576e-05
00674.jpg,1,4,有漂浮物,4,有漂浮物,-7.54296875,-5.44140625,-2.970703125,-6.7421875,7.578125,-4.078125,2.7100412580693956e-07,2.216526354459347e-06,2.6223196982755326e-05,6.036021318323037e-07,0.9999619722366333,8.664399501867592e-06
00679.jpg,1,4,有漂浮物,4,有漂浮物,-7.8359375,-5.51953125,-5.15625,-5.92578125,8.4921875,-5.25,8.105574522687675e-08,8.218381140068232e-07,1.1818362963822437e-06,5.474621502798982e-07,0.9999963045120239,1.0760741133708507e-06
00685.jpg,1,4,有漂浮物,4,有漂浮物,-7.39453125,-5.640625,-5.546875,-3.669921875,8.0234375,-4.5078125,2.0139789569384448e-07,1.1635008831945015e-06,1.2778558584614075e-06,8.348956725967582e-06,0.9999854564666748,3.611943611758761e-06
00693.jpg,1,4,有漂浮物,4,有漂浮物,-6.63671875,-4.72265625,-5.015625,-3.625,6.6796875,-3.40234375,1.647086378397944e-06,1.1168199307576288e-05,8.331983735843096e-06,3.347258098074235e-05,0.9999035596847534,4.18203417211771e-05
00698.jpg,1,4,有漂浮物,4,有漂浮物,-5.88671875,-6.3046875,-3.150390625,-5.96484375,7.33984375,-5.75,1.8020296010945458e-06,1.1864252655868768e-06,2.780571776384022e-05,1.6666050441926927e-06,0.9999655485153198,2.0660372683778405e-06
00703.jpg,1,4,有漂浮物,4,有漂浮物,-7.34375,-5.33984375,-4.5625,-4.71484375,7.3203125,-6.328125,4.2802673760888865e-07,3.175092388119083e-06,6.9080019784451e-06,5.931853138463339e-06,0.9999823570251465,1.1818198117907741e-06
00707.jpg,1,4,有漂浮物,4,有漂浮物,-5.75390625,-4.54296875,-3.845703125,-2.08984375,5.296875,-5.08984375,1.5861633073654957e-05,5.324163066688925e-05,0.00010692271462175995,0.0006189135601744056,0.999174177646637,3.081389149883762e-05
00708.jpg,1,4,有漂浮物,4,有漂浮物,-5.69140625,-5.65234375,-3.357421875,-3.169921875,5.96875,-5.5078125,8.629010153526906e-06,8.97275185707258e-06,8.904253627406433e-05,0.00010740580910351127,0.9997755885124207,1.0367994946136605e-05
00712.jpg,1,4,有漂浮物,4,有漂浮物,-6.01953125,-5.37890625,-4.2578125,-5.3984375,9.8515625,-4.73828125,1.2801793047856336e-07,2.429353571642423e-07,7.453762123077468e-07,2.3823653805266076e-07,0.9999982118606567,4.6101027351141965e-07
00716.jpg,1,4,有漂浮物,4,有漂浮物,-6.34375,-5.6484375,-5.640625,-5.63671875,10.2890625,-5.390625,5.976694694709295e-08,1.1979300040820817e-07,1.2073255106770375e-07,1.2120507619783893e-07,0.9999994039535522,1.5502365613428992e-07
00720.jpg,1,4,有漂浮物,4,有漂浮物,-7.40625,-5.18359375,-4.5546875,-5.484375,9.2734375,-5.2890625,5.702991501266297e-08,5.264899414214597e-07,9.874623856376274e-07,3.897287399468041e-07,0.999997615814209,4.7378964040944993e-07
00724.jpg,1,4,有漂浮物,4,有漂浮物,-5.6328125,-5.98046875,-2.921875,-5.83984375,8.1328125,-5.38671875,1.0511299706195132e-06,7.424569048453122e-07,1.5812540368642658e-05,8.54562586027896e-07,0.9999802112579346,1.3444157502817689e-06
00728.jpg,1,4,有漂浮物,4,有漂浮物,-7.33984375,-4.42578125,-3.693359375,-4.8515625,8.4921875,-5.37109375,1.331164583007194e-07,2.453539082125644e-06,5.103637249703752e-06,1.6027970559662208e-06,0.9999897480010986,9.533425782137783e-07
00732.jpg,1,4,有漂浮物,4,有漂浮物,-5.91796875,-2.884765625,-5.28125,-5.140625,9.1796875,-5.30078125,2.774392555693339e-07,5.7606471273174975e-06,5.244345970822906e-07,6.036204922565958e-07,0.9999923706054688,5.142911163602548e-07
00737.jpg,1,4,有漂浮物,4,有漂浮物,-7.796875,-3.802734375,-6.25,-4.34375,10.84375,-4.59375,8.025627273866576e-09,4.3562442897382425e-07,3.7694526611176116e-08,2.5360168365295976e-07,0.9999990463256836,1.9750520152683748e-07
00743.jpg,1,4,有漂浮物,4,有漂浮物,-7.29296875,-5.296875,-1.4443359375,-5.34375,6.43359375,-4.94140625,1.0925790547844372e-06,8.04165392764844e-06,0.00037886263453401625,7.67339861340588e-06,0.9995929598808289,1.1474227903818246e-05
00744.jpg,1,4,有漂浮物,4,有漂浮物,-8.328125,-4.8984375,-2.73828125,-6.4296875,7.62890625,-5.0625,1.1747147254936863e-07,3.625991212174995e-06,3.144638321828097e-05,7.84175597345893e-07,0.9999608993530273,3.0773387607041514e-06
00748.jpg,1,4,有漂浮物,4,有漂浮物,-8.0546875,-3.853515625,-3.234375,-3.853515625,7.14453125,-3.552734375,2.5062544750653615e-07,1.6732888980186544e-05,3.1078514439286664e-05,1.6732888980186544e-05,0.9999125003814697,2.2604692276217975e-05
00752.jpg,1,4,有漂浮物,4,有漂浮物,-6.49609375,-4.828125,-4.796875,-2.58203125,7.0234375,-4.51171875,1.344317297480302e-06,7.126748641894665e-06,7.352975444518961e-06,6.73530885251239e-05,0.9999070167541504,9.779235369933303e-06
00753.jpg,1,4,有漂浮物,4,有漂浮物,-7.046875,-4.4375,-2.8046875,-2.083984375,6.00390625,-3.416015625,2.147190571122337e-06,2.9181512218201533e-05,0.00014935826766304672,0.00030706237885169685,0.9994311928749084,8.104622975224629e-05
00754.jpg,1,4,有漂浮物,4,有漂浮物,-7.12890625,-3.333984375,-2.462890625,-2.568359375,6.08984375,-1.828125,1.8147494529330288e-06,8.071054617175832e-05,0.0001928597193909809,0.00017355495947413146,0.999187171459198,0.00036384526174515486
00758.jpg,1,4,有漂浮物,4,有漂浮物,-3.732421875,-4.4140625,-1.73046875,-2.931640625,4.09765625,-3.271484375,0.00039559343713335693,0.00020008582214359194,0.002928776666522026,0.000881097512319684,0.9949672818183899,0.0006272370228543878
00762.jpg,1,4,有漂浮物,4,有漂浮物,-4.1640625,-4.875,-4.35546875,-3.287109375,6.7421875,-3.3125,1.8340851966058835e-05,9.008724191517103e-06,1.5145822544582188e-05,4.408343738759868e-05,0.9998704195022583,4.2978219426004216e-05
00763.jpg,1,4,有漂浮物,4,有漂浮物,-4.36328125,-5.4375,-4.22265625,-3.66796875,6.93359375,-3.138671875,1.2410434464982245e-05,4.238963356328895e-06,1.4284321878221817e-05,2.487467099854257e-05,0.9999020099639893,4.223067662678659e-05
00767.jpg,1,4,有漂浮物,4,有漂浮物,-3.08203125,-3.46875,-4.0,-2.765625,7.12890625,-2.837890625,3.675959669635631e-05,2.4970135200419463e-05,1.4679185369459447e-05,5.044106364948675e-05,0.9998262524604797,4.692450238508172e-05
00772.jpg,1,4,有漂浮物,4,有漂浮物,-6.24609375,-3.431640625,-2.953125,-5.1015625,7.03515625,-2.6015625,1.7059358015103498e-06,2.8461916372179985e-05,4.5928347390145063e-05,5.358291218726663e-06,0.999853253364563,6.527734512928873e-05
00776.jpg,1,4,有漂浮物,4,有漂浮物,-5.80078125,-3.44921875,-2.8828125,-4.09375,6.61328125,-2.0390625,4.059781076648505e-06,4.26356891694013e-05,7.512083539040759e-05,2.237983608210925e-05,0.9996811151504517,0.00017466115241404623
00780.jpg,1,4,有漂浮物,4,有漂浮物,-5.5078125,-3.544921875,-5.1328125,-2.716796875,5.86328125,-3.216796875,1.151908054453088e-05,8.201444870792329e-05,1.676016290730331e-05,0.0001877329486887902,0.9995880722999573,0.00011386578262317926
00786.jpg,1,4,有漂浮物,4,有漂浮物,-6.74609375,-6.05078125,-5.296875,-4.7109375,7.80859375,-5.80078125,4.775027946379851e-07,9.57075712904043e-07,2.034059207289829e-06,3.654542751974077e-06,0.9999916553497314,1.2289095820960938e-06
00790.jpg,1,4,有漂浮物,4,有漂浮物,-6.0078125,-4.8671875,-5.984375,-1.900390625,5.84375,-4.30859375,7.1237850534089375e-06,2.2288351829047315e-05,7.292720511031803e-06,0.00043305341387167573,0.9994912147521973,3.8964768464211375e-05
00794.jpg,1,4,有漂浮物,4,有漂浮物,-6.46875,-5.15234375,-5.15234375,-3.080078125,7.7109375,-4.3359375,6.947457791284251e-07,2.591396878415253e-06,2.591396878415253e-06,2.058294012385886e-05,0.9999676942825317,5.8626587815524545e-06
00799.jpg,1,4,有漂浮物,4,有漂浮物,-6.875,-5.3515625,-5.5390625,-2.861328125,7.3125,-4.16015625,6.893236559335492e-07,3.1625957035430474e-06,2.621883822939708e-06,3.815388117800467e-05,0.9999450445175171,1.0410338290967047e-05
00803.jpg,1,4,有漂浮物,4,有漂浮物,-5.6015625,-3.578125,-5.734375,-2.029296875,6.7421875,-3.607421875,4.355905275588157e-06,3.2949297747109085e-05,3.814158162640524e-06,0.00015505781630054116,0.9997718930244446,3.1997988116927445e-05
00805.jpg,1,4,有漂浮物,4,有漂浮物,-6.4609375,-4.14453125,-5.76171875,0.0137176513671875,6.33203125,-4.09375,2.7750654680858133e-06,2.8136864784755744e-05,5.583931852015667e-06,0.0017996176611632109,0.9981343150138855,2.9602591894217767e-05
00809.jpg,1,4,有漂浮物,4,有漂浮物,-6.12109375,-4.74609375,-5.984375,-3.02734375,7.6640625,-4.578125,1.0307848015145282e-06,4.076832738064695e-06,1.1818005987151992e-06,2.2738748157280497e-05,0.9999661445617676,4.822484243049985e-06
00814.jpg,1,4,有漂浮物,4,有漂浮物,-5.25,-3.291015625,-4.73828125,-4.65625,7.8671875,-4.1953125,2.0103204860788537e-06,1.4257434486353304e-05,3.353527745275642e-06,3.6402198020368814e-06,0.9999710321426392,5.7717861636774614e-06
00816.jpg,1,4,有漂浮物,4,有漂浮物,-5.078125,-6.87890625,-4.80078125,-4.3359375,5.77734375,-5.71484375,1.9296874597785063e-05,3.1872607451077783e-06,2.546453833929263e-05,4.0533574065193534e-05,0.999901294708252,1.0208536878053565e-05
00820.jpg,1,4,有漂浮物,4,有漂浮物,-7.93359375,-5.046875,-6.59765625,-4.1328125,8.15625,-4.6171875,1.028644689426983e-07,1.8448090486344881e-06,3.9125117723415315e-07,4.60175760963466e-06,0.9999902248382568,2.83506051346194e-06
00824.jpg,1,4,有漂浮物,4,有漂浮物,-7.25390625,-4.92578125,-5.21875,-3.71875,6.390625,-3.630859375,1.1863385225296952e-06,1.2170276932010893e-05,9.079579285753425e-06,4.069185524713248e-05,0.9998923540115356,4.443015859578736e-05
00825.jpg,1,4,有漂浮物,4,有漂浮物,-7.89453125,-4.66015625,-6.17578125,-3.99609375,7.46875,-3.62890625,2.1271478090056917e-07,5.4009337873139884e-06,1.1864277666973067e-06,1.0492223736946471e-05,0.9999675750732422,1.5147294107009657e-05
00832.jpg,1,4,有漂浮物,4,有漂浮物,-7.94921875,-5.41015625,-6.82421875,-4.81640625,8.4765625,-4.2734375,7.351422226520299e-08,9.312626616519992e-07,2.2643973807134898e-07,1.6862987877175328e-06,0.9999942779541016,2.902303776863846e-06
00833.jpg,1,4,有漂浮物,4,有漂浮物,-7.859375,-5.58203125,-6.45703125,-4.6640625,7.9921875,-4.04296875,1.3054163616743608e-07,1.272878307645442e-06,5.306146704242565e-07,3.187540187354898e-06,0.9999889135360718,5.931891791988164e-06
00837.jpg,1,4,有漂浮物,4,有漂浮物,-8.4609375,-5.16796875,-6.69140625,-3.943359375,8.1484375,-4.125,6.118356310480522e-08,1.6472249626531266e-06,3.5903138950743596e-07,5.605237220152048e-06,0.9999877214431763,4.674212959798751e-06
00842.jpg,1,4,有漂浮物,4,有漂浮物,-7.609375,-7.17578125,-6.0546875,-4.09765625,7.515625,-5.2265625,2.699540857520333e-07,4.164830045283452e-07,1.2778565405824338e-06,9.045029401022475e-06,0.9999860525131226,2.9250429633975727e-06
00844.jpg,1,4,有漂浮物,4,有漂浮物,-6.3515625,-6.66015625,-4.97265625,-4.48046875,6.515625,-5.40625,2.581278749858029e-06,1.8958952523462358e-06,1.0249113074678462e-05,1.6766429325798526e-05,0.9999618530273438,6.643224423896754e-06
00847.jpg,1,4,有漂浮物,4,有漂浮物,-7.421875,-6.33203125,-5.95703125,-4.77734375,7.52734375,-5.16796875,3.2183430676013813e-07,9.570738939146395e-07,1.3925341590947937e-06,4.530411843006732e-06,0.9999897480010986,3.065430064452812e-06
00851.jpg,1,4,有漂浮物,4,有漂浮物,-9.109375,-5.45703125,-7.39453125,-3.486328125,8.7421875,-5.3046875,1.766697010907592e-08,6.813257300564146e-07,9.815428114734459e-08,4.889003321295604e-06,0.9999934434890747,7.934449968161061e-07
00852.jpg,1,4,有漂浮物,4,有漂浮物,-8.59375,-5.69921875,-6.9921875,-3.5859375,8.3984375,-5.69921875,4.1723740906718376e-08,7.541577815572964e-07,2.0698220737358497e-07,6.24091990175657e-06,0.9999920129776001,7.541577815572964e-07
00856.jpg,1,4,有漂浮物,4,有漂浮物,-6.9609375,-4.67578125,-7.2421875,-4.64453125,8.5,-4.375,1.9292887998290098e-07,1.8959549379360396e-06,1.456303664326697e-07,1.956139158210135e-06,0.9999933242797852,2.5612716854084283e-06
00861.jpg,1,4,有漂浮物,4,有漂浮物,-7.49609375,-5.16796875,-6.7421875,-5.12890625,8.6328125,-3.517578125,9.892400498756615e-08,1.0148305591428652e-06,2.1024177954132028e-07,1.0552568028288078e-06,0.9999923706054688,5.286266514303861e-06
00866.jpg,1,4,有漂浮物,4,有漂浮物,-8.3046875,-4.65625,-6.22265625,-4.625,7.59765625,-4.125,1.2407710414663597e-07,4.766371603182051e-06,9.951907031791052e-07,4.91767241328489e-06,0.9999810457229614,8.107871508400422e-06
00870.jpg,1,4,有漂浮物,4,有漂浮物,-8.6953125,-4.5078125,-6.32421875,-4.94921875,8.8515625,-4.80859375,2.3960023298741362e-08,1.5779578461661004e-06,2.565902548212762e-07,1.0148341971216723e-06,0.9999959468841553,1.1680670013447525e-06
00875.jpg,1,4,有漂浮物,4,有漂浮物,-7.70703125,-4.078125,-5.4375,-5.67578125,8.71875,-3.43359375,7.35139522589634e-08,2.769387492662645e-06,7.11237476025417e-07,5.604416628557374e-07,0.9999905824661255,5.275942839944037e-06
00881.jpg,1,4,有漂浮物,4,有漂浮物,-8.234375,-5.6640625,-5.5078125,-5.140625,8.9921875,-5.10546875,3.300638340419937e-08,4.313903900765581e-07,5.043464739173942e-07,7.281091143340745e-07,0.999997615814209,7.541619879702921e-07
00885.jpg,1,4,有漂浮物,4,有漂浮物,-7.63671875,-6.671875,-6.25,-5.125,8.2734375,-4.8671875,1.2311330976899626e-07,3.2309583275491605e-07,4.926623091705551e-07,1.5175066891970346e-06,0.9999955892562866,1.963799604709493e-06
00889.jpg,1,4,有漂浮物,4,有漂浮物,-5.12109375,-5.2421875,-2.66796875,-4.74609375,5.234375,-4.49609375,3.180127532687038e-05,2.817436688928865e-05,0.00036967764026485384,4.6270579332485795e-05,0.9994646906852722,5.941260315012187e-05
00890.jpg,1,4,有漂浮物,4,有漂浮物,-6.45703125,-4.8359375,-5.69140625,-5.87109375,7.97265625,-5.18359375,5.4108210179038e-07,2.7371288524591364e-06,1.1635094097073306e-06,9.721485412228503e-07,0.9999927282333374,1.9333481304784073e-06
00898.jpg,1,4,有漂浮物,4,有漂浮物,-7.49609375,-5.1796875,-5.390625,-6.3125,8.28125,-5.6640625,1.4059986597203533e-07,1.4255660971684847e-06,1.1544585731826373e-06,4.5921191826892027e-07,0.9999959468841553,8.782657801020832e-07
00902.jpg,1,4,有漂浮物,4,有漂浮物,-6.203125,-4.78515625,-6.0546875,-4.51171875,7.7421875,-4.64453125,8.782566851550655e-07,3.6260807974031195e-06,1.018795614982082e-06,4.766393431054894e-06,0.9999855756759644,4.173593424638966e-06
00906.jpg,1,4,有漂浮物,4,有漂浮物,-6.1953125,-4.59765625,-6.21875,-4.89453125,8.046875,-4.4453125,6.526673814732931e-07,3.225115051463945e-06,6.375483962983708e-07,2.3967020297277486e-06,0.9999892711639404,3.755841362362844e-06
00912.jpg,1,4,有漂浮物,4,有漂浮物,-6.24609375,-4.140625,-5.73046875,-5.125,7.98046875,-4.87890625,6.629446147599083e-07,5.443405370897381e-06,1.1102233656856697e-06,2.0340519313322147e-06,0.9999880790710449,2.6015923140221275e-06
00916.jpg,1,4,有漂浮物,4,有漂浮物,-4.69140625,-6.6640625,-5.01171875,-1.853515625,5.36328125,-6.3359375,4.29484571213834e-05,5.973568022454856e-06,3.117723827017471e-05,0.0007335467380471528,0.9991779923439026,8.293478458654135e-06
00920.jpg,1,4,有漂浮物,4,有漂浮物,-6.90625,-4.390625,-5.38671875,-3.568359375,6.61328125,-4.5625,1.344340148534684e-06,1.6635320207569748e-05,6.143744940345641e-06,3.785616718232632e-05,0.9999239444732666,1.400834480591584e-05
00924.jpg,1,4,有漂浮物,4,有漂浮物,-5.8515625,-5.23046875,-5.38671875,-3.859375,5.3984375,-4.4921875,1.3004645552427974e-05,2.4201157430070452e-05,2.0700344975921325e-05,9.534425771562383e-05,0.9997960925102234,5.063695425633341e-05
00931.jpg,1,4,有漂浮物,4,有漂浮物,-7.890625,-3.939453125,-6.01171875,-4.2265625,7.51953125,-4.7109375,2.0297537162150547e-07,1.055396114679752e-05,1.328746066064923e-06,7.920005373307504e-06,0.9999750852584839,4.879374046140583e-06
00935.jpg,1,4,有漂浮物,4,有漂浮物,-7.109375,-5.26953125,-5.9609375,-4.69921875,7.79296875,-4.84375,3.3727940262906486e-07,2.123360673067509e-06,1.0635302487571607e-06,3.7558422718575457e-06,0.9999895095825195,3.25041060023068e-06
00936.jpg,1,4,有漂浮物,4,有漂浮物,-7.4140625,-4.87890625,-5.7265625,-4.453125,7.87109375,-4.67578125,2.3000410465101595e-07,2.9022844501014333e-06,1.2433904430508846e-06,4.442776116775349e-06,0.9999876022338867,3.555953298928216e-06
00940.jpg,1,4,有漂浮物,4,有漂浮物,-7.42578125,-3.11328125,-5.96875,-2.150390625,5.98828125,-4.48046875,1.4933297052266425e-06,0.00011144245945615694,6.411156391550321e-06,0.00029189640190452337,0.9995604157447815,2.8398060749168508e-05
00943.jpg,1,4,有漂浮物,4,有漂浮物,-7.09765625,-4.6015625,-5.0078125,-4.58203125,6.6953125,-4.4765625,1.022748392642825e-06,1.2411050192895345e-05,8.267541488748975e-06,1.2655835234909318e-05,0.9999516010284424,1.4063562048249878e-05
00947.jpg,1,4,有漂浮物,4,有漂浮物,-6.66796875,-3.0859375,-6.21484375,-3.328125,6.93359375,-2.55078125,1.2383617331579444e-06,4.4514752516988665e-05,1.948216549862991e-06,3.494002885418013e-05,0.9998413324356079,7.601851393701509e-05
00951.jpg,1,4,有漂浮物,4,有漂浮物,-6.52734375,-3.5,-6.734375,-3.08984375,7.26953125,-3.513671875,1.018733541968686e-06,2.1029032723163255e-05,8.282244721158349e-07,3.169187402818352e-05,0.9999246597290039,2.0743482309626415e-05
00953.jpg,1,4,有漂浮物,4,有漂浮物,-6.8671875,-2.595703125,-5.93359375,-1.9150390625,6.2421875,-2.9765625,2.0250565739843296e-06,0.00014505049330182374,5.151002824277384e-06,0.00028650215244852006,0.9994621872901917,9.91092310869135e-05
00956.jpg,1,4,有漂浮物,4,有漂浮物,-4.171875,-4.203125,-0.953125,-2.677734375,3.50390625,-3.076171875,0.0004566377028822899,0.0004425884399097413,0.01141450647264719,0.002034552162513137,0.9842857718467712,0.0013659335672855377
00960.jpg,1,4,有漂浮物,4,有漂浮物,-7.99609375,-3.025390625,-5.6796875,-3.162109375,6.45703125,-4.03515625,5.284586563902849e-07,7.616579387104139e-05,5.3581329666485544e-06,6.643297820119187e-05,0.9998237490653992,2.774752829282079e-05
00966.jpg,1,4,有漂浮物,4,有漂浮物,-7.51953125,-5.34765625,-5.5625,-3.724609375,6.4609375,-5.05859375,8.478766631014878e-07,7.439881755999522e-06,6.001510428177426e-06,3.770911644096486e-05,0.9999381303787231,9.933544788509607e-06
00971.jpg,1,4,有漂浮物,4,有漂浮物,-8.1015625,-3.7109375,-5.51171875,-3.720703125,6.55078125,-4.7265625,4.3304157770762686e-07,3.4942484489874914e-05,5.771443738922244e-06,3.460291191004217e-05,0.9999116659164429,1.2655330465349834e-05
00975.jpg,1,4,有漂浮物,4,有漂浮物,-5.4765625,-4.2890625,-6.12109375,-4.87109375,8.3515625,-5.44140625,9.8745726972993e-07,3.2377477054978954e-06,5.183247253626178e-07,1.8091311630996643e-06,0.9999923706054688,1.022790002025431e-06
00981.jpg,1,4,有漂浮物,4,有漂浮物,-5.2890625,-5.88671875,-3.556640625,-5.03125,7.79296875,-5.23046875,2.0822717488044873e-06,1.1454563946244889e-06,1.1773853657359723e-05,2.6946595426124986e-06,0.999980092048645,2.207925035691005e-06
00988.jpg,1,4,有漂浮物,4,有漂浮物,-6.21484375,-4.41796875,-4.0234375,-2.291015625,6.38671875,-3.796875,3.3658691336313495e-06,2.029878851317335e-05,3.0117080314084888e-05,0.00017029193986672908,0.9997381567955017,3.777528036152944e-05
00990.jpg,1,4,有漂浮物,4,有漂浮物,-6.21875,-1.107421875,-5.140625,-3.60546875,7.203125,-2.994140625,1.4819020179857034e-06,0.00024583350750617683,4.355551936896518e-06,2.0218694771756418e-05,0.9996908903121948,3.72605754819233e-05
00994.jpg,1,4,有漂浮物,4,有漂浮物,-6.6953125,-4.6875,-4.3359375,-2.04296875,6.74609375,-3.81640625,1.4533895864587976e-06,1.0823405318660662e-05,1.5383160643978044e-05,0.0001523594110039994,0.9997941851615906,2.5862775146379136e-05
00995.jpg,1,4,有漂浮物,4,有漂浮物,-7.3359375,-1.927734375,-5.1328125,-3.185546875,7.99609375,-3.91015625,2.1945839989712113e-07,4.898972110822797e-05,1.9868141407641815e-06,1.3926563042332418e-05,0.9999281167984009,6.747611678292742e-06
01002.jpg,1,4,有漂浮物,4,有漂浮物,-6.2421875,-1.55078125,-6.15625,-3.44921875,8.0390625,-3.62109375,6.2761523622612e-07,6.841404683655128e-05,6.839362640675972e-07,1.0248596481687855e-05,0.9999114274978638,8.630182492197491e-06
01007.jpg,1,4,有漂浮物,4,有漂浮物,-6.58203125,-2.404296875,-5.71875,-4.02734375,8.5703125,-3.11328125,2.626683794915152e-07,1.713068559183739e-05,6.227676863090892e-07,3.3798269214457832e-06,0.9999701976776123,8.430761226918548e-06
01012.jpg,1,4,有漂浮物,4,有漂浮物,-5.76171875,-3.826171875,-4.75390625,-2.32421875,7.1484375,-3.8125,2.472509322615224e-06,1.7129128536907956e-05,6.773690529371379e-06,7.691750943195075e-05,0.9998792409896851,1.7364924133289605e-05
01016.jpg,1,4,有漂浮物,4,有漂浮物,-5.8046875,-1.3046875,-4.19921875,-2.826171875,6.875,-2.650390625,3.1123872759053484e-06,0.0002801681694108993,1.5500290828640573e-05,6.118522287579253e-05,0.9995670914649963,7.294362876564264e-05
01020.jpg,1,4,有漂浮物,4,有漂浮物,-6.71875,-1.7197265625,-5.7890625,-3.673828125,8.6484375,-3.513671875,2.1188347432143928e-07,3.141560227959417e-05,5.368528377402981e-07,4.451330369192874e-06,0.9999581575393677,5.224500910117058e-06
01025.jpg,1,4,有漂浮物,4,有漂浮物,-6.59375,-0.97509765625,-4.734375,-4.296875,8.21875,-3.087890625,3.68944228057444e-07,0.00010165070852963254,2.3685197447775863e-06,3.668435056169983e-06,0.9998795986175537,1.2289552614674903e-05
01030.jpg,1,4,有漂浮物,4,有漂浮物,-6.05078125,-3.72265625,-5.203125,-2.806640625,8.2421875,-3.091796875,6.203357543199672e-07,6.363831289490918e-06,1.4479688843493932e-06,1.5905201507848687e-05,0.9999637603759766,1.1959068615396973e-05
01034.jpg,1,4,有漂浮物,4,有漂浮物,-6.21875,-2.94140625,-4.515625,-4.1015625,7.63671875,-2.341796875,9.607470019545872e-07,2.5464860300417058e-05,5.275538114801748e-06,7.981635462783743e-06,0.9999139308929443,4.6381883294088766e-05
01039.jpg,1,4,有漂浮物,4,有漂浮物,-6.46875,-3.9296875,-5.3203125,-1.9716796875,7.75390625,-3.869140625,6.654940420958155e-07,8.430339221376926e-06,2.0984773527743528e-06,5.97306207055226e-05,0.999920129776001,8.956538295024075e-06
01043.jpg,1,4,有漂浮物,4,有漂浮物,-5.23046875,-1.3486328125,-3.595703125,-3.896484375,6.84375,-2.099609375,5.702062026102794e-06,0.0002766252728179097,2.924163345596753e-05,2.1645817469106987e-05,0.9995361566543579,0.00013054098235443234
01047.jpg,1,4,有漂浮物,4,有漂浮物,-6.71875,-2.39453125,-5.48828125,-3.27734375,8.390625,-3.77734375,2.7419926595939614e-07,2.0703826521639712e-05,9.385385055793449e-07,8.563474693801254e-06,0.9999642372131348,5.1940105549874716e-06
01051.jpg,1,4,有漂浮物,4,有漂浮物,-7.95703125,-5.47265625,-5.06640625,-3.896484375,8.453125,-4.06640625,7.467155427320904e-08,8.955823886935832e-07,1.344428369520756e-06,4.331399850343587e-06,0.9999896287918091,3.6545352486427873e-06
01053.jpg,1,4,有漂浮物,4,有漂浮物,-7.72265625,-5.90234375,-6.06640625,-3.818359375,9.03125,-4.41796875,5.2950358764292105e-08,3.269042565534619e-07,2.7744002295548853e-07,2.627141611810657e-06,0.999995231628418,1.442369239157415e-06
01057.jpg,1,4,有漂浮物,4,有漂浮物,-7.9140625,-6.94140625,-6.39453125,-3.40625,9.4765625,-5.6015625,2.801213661030033e-08,7.409100533095625e-08,1.280177741591615e-07,2.5413492039660923e-06,0.9999970197677612,2.8291253784118453e-07
01062.jpg,1,4,有漂浮物,4,有漂浮物,-8.4140625,-4.6796875,-5.8515625,-5.06640625,9.3984375,-4.01953125,1.8370807097767283e-08,7.69036091696762e-07,2.3823625383556646e-07,5.223924404162972e-07,0.9999970197677612,1.4881576362313353e-06
01066.jpg,1,4,有漂浮物,4,有漂浮物,-8.8046875,-5.74609375,-4.51953125,-4.5,10.125,-4.94140625,6.010915321041921e-09,1.2801798732198222e-07,4.3647594338835916e-07,4.450846518011531e-07,0.9999986886978149,2.8624791070797073e-07
01070.jpg,1,4,有漂浮物,4,有漂浮物,-4.7890625,-3.79296875,-2.77734375,-4.36328125,6.2421875,-2.673828125,1.6182339095394127e-05,4.381666803965345e-05,0.0001209816982736811,2.4771696189418435e-05,0.9996600151062012,0.00013417634181678295
01073.jpg,1,4,有漂浮物,4,有漂浮物,-5.96484375,-4.9609375,-6.02734375,-4.9375,8.3125,-4.234375,6.301222583715571e-07,1.7195538930536713e-06,5.919450813962612e-07,1.7603318838155246e-06,0.999991774559021,3.55596807821712e-06
01075.jpg,1,4,有漂浮物,4,有漂浮物,-6.75390625,-3.537109375,-5.3671875,-4.21484375,7.78515625,-3.220703125,4.850083996643662e-07,1.2100027561245952e-05,1.94085714610992e-06,6.143983682704857e-06,0.9999628067016602,1.660350608290173e-05
01080.jpg,1,4,有漂浮物,4,有漂浮物,-5.48828125,-6.9375,-4.40234375,-6.25390625,7.42578125,-4.78515625,2.463126747898059e-06,5.782279686172842e-07,7.296312560356455e-06,1.1454603736638092e-06,0.999983549118042,4.9756527005229145e-06
01084.jpg,1,4,有漂浮物,4,有漂浮物,-5.65234375,-5.234375,-5.4453125,-3.17578125,7.3359375,-3.609375,2.2868514406582108e-06,3.4734371183731128e-06,2.8128749818279175e-06,2.7214186047785915e-05,0.9999465942382812,1.7639569705352187e-05
01085.jpg,1,4,有漂浮物,4,有漂浮物,-6.3671875,-4.9765625,-5.58203125,-2.98046875,7.48828125,-3.435546875,9.60778493208636e-07,3.859793196170358e-06,2.1067462512291968e-06,2.8409036531229503e-05,0.9999467134475708,1.802264705474954e-05
01092.jpg,1,4,有漂浮物,4,有漂浮物,-4.66015625,-4.26953125,-1.591796875,-4.390625,5.10546875,-2.537109375,5.728026735596359e-05,8.465475548291579e-05,0.0012319032102823257,7.499995263060555e-05,0.9980725049972534,0.0004786660138051957
01096.jpg,1,4,有漂浮物,4,有漂浮物,-7.3359375,-4.265625,-2.6171875,-4.6328125,6.94921875,-4.58984375,6.2515925947082e-07,1.3471328202285804e-05,7.00354139553383e-05,9.33131650526775e-06,0.999896764755249,9.741010217112489e-06
01102.jpg,1,4,有漂浮物,4,有漂浮物,-7.26171875,-4.51953125,-2.1171875,-5.6484375,6.46484375,-4.35546875,1.0927714129138622e-06,1.6960795619525015e-05,0.00018740055384114385,5.4848969739396125e-06,0.9997690320014954,1.9984701793873683e-05
01103.jpg,1,4,有漂浮物,4,有漂浮物,-7.6640625,-4.421875,-2.583984375,-4.56640625,6.43359375,-4.51171875,7.5403136179375e-07,1.9295388483442366e-05,0.00012123814667575061,1.6698766557965428e-05,0.9998243451118469,1.7637414202908985e-05
01107.jpg,1,4,有漂浮物,4,有漂浮物,-7.98828125,-3.341796875,-3.01171875,-3.796875,6.3359375,-4.57421875,6.011465529809357e-07,6.265025876928121e-05,8.715131843928248e-05,3.974522769567557e-05,0.99979168176651,1.8267908671987243e-05
01115.jpg,1,4,有漂浮物,4,有漂浮物,-6.53125,-5.11328125,-3.740234375,-4.52734375,6.1328125,-4.84375,3.1624269922758685e-06,1.3056793250143528e-05,5.153985694050789e-05,2.345880784559995e-05,0.9998917579650879,1.7095921066356823e-05
01121.jpg,1,4,有漂浮物,4,有漂浮物,-6.5234375,-4.58203125,-3.38671875,-5.09765625,5.796875,-4.13671875,4.459304363990668e-06,3.107485827058554e-05,0.00010268967162119225,1.8555645510787144e-05,0.9997947812080383,4.85071686853189e-05
01122.jpg,1,4,有漂浮物,4,有漂浮物,-5.98046875,-3.025390625,-5.359375,-3.373046875,7.10546875,-4.2421875,2.0740169475175207e-06,3.9827813452575356e-05,3.859667685901513e-06,2.813204082485754e-05,0.999914288520813,1.179609535029158e-05
01126.jpg,1,4,有漂浮物,4,有漂浮物,-6.39453125,-3.921875,-2.90625,-3.92578125,5.1171875,-2.95703125,1.000321026367601e-05,0.00011857697973027825,0.0003274015325587243,0.0001181146944873035,0.9991146922111511,0.000311190786305815
01127.jpg,1,4,有漂浮物,4,有漂浮物,-6.265625,-4.640625,-3.32421875,-4.171875,5.4140625,-3.1015625,8.459942364424933e-06,4.296313272789121e-05,0.00016025218064896762,6.865489558549598e-05,0.9995194673538208,0.00020021761883981526
01129.jpg,1,4,有漂浮物,4,有漂浮物,-7.25390625,-4.62109375,-3.345703125,-4.71484375,6.4140625,-3.958984375,1.1588416555241565e-06,1.6122783563332632e-05,5.772117219748907e-05,1.467996207793476e-05,0.9998791217803955,3.1260107789421454e-05
01133.jpg,1,4,有漂浮物,4,有漂浮物,-6.59765625,-3.623046875,-2.5234375,-4.73828125,5.71484375,-3.53125,4.493035248742672e-06,8.798248745733872e-05,0.0002642108011059463,2.8844042390119284e-05,0.9995180368423462,9.644131932873279e-05
01137.jpg,1,4,有漂浮物,4,有漂浮物,-6.3828125,-5.57421875,-2.3125,-5.98828125,5.55078125,-5.0546875,6.563187980646035e-06,1.4732710042153485e-05,0.0003844404418487102,9.737726941239089e-06,0.9995597004890442,2.476921144989319e-05
01142.jpg,1,4,有漂浮物,4,有漂浮物,-6.0625,-5.21484375,-2.81640625,-4.96484375,5.17578125,-4.88671875,1.3154519365343731e-05,3.070487946388312e-05,0.00033793688635341823,3.942584589822218e-05,0.9995361566543579,4.262950460542925e-05
01148.jpg,1,4,有漂浮物,4,有漂浮物,-5.68359375,-3.51171875,-3.720703125,-4.21875,6.16015625,-2.150390625,7.180451575550251e-06,6.300646055024117e-05,5.112394137540832e-05,3.106885924353264e-05,0.9996017813682556,0.0002458115923218429
01149.jpg,1,4,有漂浮物,4,有漂浮物,-6.203125,-3.4453125,-3.697265625,-4.18359375,6.15625,-2.12109375,4.287589945306536e-06,6.759521784260869e-05,5.254049028735608e-05,3.2306095818057656e-05,0.9995892643928528,0.00025410711532458663
01154.jpg,1,4,有漂浮物,4,有漂浮物,-5.87890625,-2.927734375,-3.712890625,-3.71484375,6.0625,-2.388671875,6.5119966166093946e-06,0.0001245637977262959,5.680712274624966e-05,5.6696277169976383e-05,0.9995418787002563,0.00021355201897677034
01159.jpg,1,4,有漂浮物,4,有漂浮物,-5.4140625,-3.484375,-3.57421875,-3.6953125,5.6796875,-1.8134765625,1.519404486316489e-05,0.00010464681690791622,9.565493382979184e-05,8.474558126181364e-05,0.9991433620452881,0.0005564010934904218
01164.jpg,1,4,有漂浮物,4,有漂浮物,-5.4609375,-4.0703125,-3.173828125,-3.572265625,5.6484375,-1.51171875,1.4954881407902576e-05,6.007914271322079e-05,0.00014725225628353655,9.886048792395741e-05,0.9989027976989746,0.000776080705691129
01168.jpg,1,4,有漂浮物,4,有漂浮物,-6.58203125,-4.5078125,-3.396484375,-3.81640625,6.2421875,-2.466796875,2.6939126200886676e-06,2.1439036572701298e-05,6.514017877634615e-05,4.280349094187841e-05,0.9997028708457947,0.00016504678933415562
01172.jpg,1,4,有漂浮物,4,有漂浮物,-6.1328125,-4.4765625,-3.7265625,-3.61328125,6.4375,-3.435546875,3.4730846891761757e-06,1.8197664758190513e-05,3.852445297525264e-05,4.3145340896444395e-05,0.9998451471328735,5.153745587449521e-05
01174.jpg,1,4,有漂浮物,4,有漂浮物,-5.26171875,-3.58203125,-2.134765625,-3.955078125,5.22265625,-1.5166015625,2.791139922919683e-05,0.00014971337805036455,0.0006365024601109326,0.00010309756908100098,0.9979017972946167,0.001181041938252747
01177.jpg,1,4,有漂浮物,4,有漂浮物,-5.125,-5.4609375,-6.5546875,-3.484375,8.46875,-3.22265625,1.2482511237976723e-06,8.920848131310777e-07,2.9881098839723563e-07,6.438968739530537e-06,0.9999828338623047,8.365257599507459e-06
01182.jpg,1,4,有漂浮物,4,有漂浮物,-5.4765625,-4.4921875,-6.18359375,-4.7109375,9.328125,-3.693359375,3.7188090118434047e-07,9.952049140338204e-07,1.8337668450385536e-07,7.996696353984589e-07,0.9999953508377075,2.2122753762232605e-06
01186.jpg,1,4,有漂浮物,4,有漂浮物,-5.46875,-3.861328125,-6.3203125,-3.171875,7.94921875,-3.75,1.4881134120514616e-06,7.4255817708035465e-06,6.350488206408045e-07,1.4796403775108047e-05,0.9999673366546631,8.300030458485708e-06
01190.jpg,1,4,有漂浮物,4,有漂浮物,-2.560546875,-5.46875,-4.1875,-1.6279296875,5.96875,-5.60546875,0.00019744403834920377,1.0775253031169996e-05,3.8803176721557975e-05,0.0005017351941205561,0.999241828918457,9.398342626809608e-06
01194.jpg,1,4,有漂浮物,4,有漂浮物,-2.46484375,-3.900390625,-4.19921875,-1.9853515625,6.80078125,-4.41015625,9.459318971494213e-05,2.2511774659506045e-05,1.6696689272066578e-05,0.00015279202489182353,0.9996999502182007,1.3521391338144895e-05
01199.jpg,1,4,有漂浮物,4,有漂浮物,-3.380859375,-4.08203125,-4.44921875,-2.888671875,7.1796875,-3.740234375,2.5915867809089832e-05,1.2854367014369927e-05,8.90395949681988e-06,4.2395527998451144e-05,0.9998917579650879,1.8092190657625906e-05
01204.jpg,1,4,有漂浮物,4,有漂浮物,-2.38671875,-4.234375,-4.76171875,-2.279296875,6.14453125,-4.01953125,0.0001971088204300031,3.1065555958775803e-05,1.8333976186113432e-05,0.00021946172637399286,0.9994955062866211,3.851098153972998e-05
01208.jpg,1,4,有漂浮物,4,有漂浮物,-4.796875,-5.07421875,-8.0234375,-2.1484375,6.99609375,-4.96484375,7.5565517363429535e-06,5.726309154852061e-06,2.999475725573575e-07,0.00010678873513825238,0.999873161315918,6.388159818015993e-06
01214.jpg,1,4,有漂浮物,4,有漂浮物,-4.34765625,-6.0703125,-6.6484375,-2.41015625,6.8671875,-4.17578125,1.3471011698129587e-05,2.4058033432083903e-06,1.3495333632818074e-06,9.350735490443185e-05,0.9998732805252075,1.5997220543795265e-05
01217.jpg,1,4,有漂浮物,4,有漂浮物,-6.921875,-5.23046875,-7.5234375,-3.712890625,8.1171875,-5.07421875,2.9418009717119276e-07,1.5965468946887995e-06,1.6119739143505285e-07,7.282114438567078e-06,0.9999887943267822,1.8665524521566113e-06
01221.jpg,1,4,有漂浮物,4,有漂浮物,-5.6875,-4.8515625,-6.4921875,-3.92578125,7.3515625,-4.87890625,2.1736816506745527e-06,5.014630914956797e-06,9.721305787024903e-07,1.2656122635235079e-05,0.999974250793457,4.879369953414425e-06
01229.jpg,1,4,有漂浮物,4,有漂浮物,-4.24609375,-4.84375,-1.255859375,-4.8671875,4.20703125,-2.662109375,0.00021201906201895326,0.00011663155601127073,0.004217131529003382,0.00011392978922231123,0.9943068623542786,0.0010334525723010302
01234.jpg,1,4,有漂浮物,4,有漂浮物,-5.19140625,-4.234375,-4.05078125,-3.2578125,5.12890625,-4.140625,3.29388931277208e-05,8.577137487009168e-05,0.00010305667819920927,0.00022774985700380057,0.9994562268257141,9.420143032912165e-05
01236.jpg,1,4,有漂浮物,4,有漂浮物,-4.7734375,-3.650390625,-3.384765625,-3.28515625,5.64453125,-3.8515625,2.9877111956011504e-05,9.184841474052519e-05,0.00011979291593888775,0.00013233994832262397,0.999550998210907,7.511105650337413e-05
01237.jpg,1,4,有漂浮物,4,有漂浮物,-4.546875,-4.33984375,-1.9638671875,-5.10546875,4.53125,-3.24609375,0.00011387922131689265,0.00014007382560521364,0.0015074069378897548,6.514038250315934e-05,0.9977553486824036,0.00041818321915343404
01240.jpg,1,4,有漂浮物,4,有漂浮物,-6.09375,-4.140625,-3.3984375,-4.5234375,6.00390625,-4.56640625,5.571557267103344e-06,3.928330261260271e-05,8.251558028860018e-05,2.6788886316353455e-05,0.9998202919960022,2.5662180632934906e-05
02043.jpg,1,3,乱占,3,乱占,0.0226593017578125,-4.53515625,-2.287109375,5.9921875,-2.984375,-3.189453125,0.0025476375594735146,2.671182301128283e-05,0.0002529401972424239,0.9969441294670105,0.0001259503187611699,0.00010259707050863653
02049.jpg,1,3,乱占,3,乱占,-1.3818359375,-4.28125,-1.7001953125,2.734375,0.33935546875,-3.193359375,0.014521497301757336,0.0007994878687895834,0.010562085546553135,0.8905516266822815,0.08119239658117294,0.002372885588556528
02055.jpg,1,0,乱采,0,乱采,4.25,-5.23046875,-4.43359375,-0.6904296875,1.7109375,-6.890625,0.9205118417739868,7.026096864137799e-05,0.00015588075621053576,0.006583062931895256,0.07266554236412048,1.3357261195778847e-05
02056.jpg,1,0,乱采,0,乱采,2.07421875,-5.48046875,-1.6201171875,-1.568359375,0.1700439453125,-5.30859375,0.8325426578521729,0.00043596074101515114,0.020700305700302124,0.02179992012679577,0.12400347739458084,0.0005177162238396704
02060.jpg,1,2,乱堆,2,乱堆,-2.591796875,-4.6328125,1.9580078125,-4.58203125,1.0498046875,-3.841796875,0.0074449144303798676,0.0009670698782429099,0.7043925523757935,0.001017447211779654,0.28404501080513,0.0021330034360289574
02064.jpg,1,0,乱采,0,乱采,6.43359375,-4.16796875,-1.248046875,-2.228515625,-1.005859375,-3.595703125,0.9987108707427979,2.4845037842169404e-05,0.0004606230359058827,0.00017279591702390462,0.0005868489388376474,4.403231287142262e-05
02068.jpg,1,0,乱采,0,乱采,7.6328125,-3.267578125,-1.1259765625,2.490234375,-3.703125,-2.138671875,0.9939496517181396,1.8339389498578385e-05,0.0001561243407195434,0.0058072577230632305,1.1863950021506753e-05,5.671038888976909e-05
02072.jpg,1,3,乱占,3,乱占,-2.724609375,-7.046875,-5.68359375,3.728515625,0.80029296875,-4.296875,0.0014927472220733762,1.9808434444712475e-05,7.74311411078088e-05,0.947420597076416,0.05067944899201393,0.0003098560555372387
02076.jpg,1,3,乱占,3,乱占,-3.021484375,-1.560546875,-2.447265625,3.072265625,-1.0654296875,-1.5791015625,0.0021669985726475716,0.009339760057628155,0.0038480316288769245,0.9601534008979797,0.015323655679821968,0.009168061427772045
02080.jpg,1,3,乱占,3,乱占,-1.685546875,-6.8828125,-4.51953125,5.4609375,0.2626953125,-4.1015625,0.0007825922803021967,4.3290419853292406e-06,4.5999357098480687e-05,0.9936062097549438,0.0054909358732402325,6.986720109125599e-05
02087.jpg,1,3,乱占,3,乱占,-3.58984375,-3.25390625,-2.46484375,4.02734375,0.038818359375,-2.2734375,0.00048083660658448935,0.0006728113512508571,0.0014810810098424554,0.9774622917175293,0.018109457567334175,0.0017935170326381922
02091.jpg,1,3,乱占,3,乱占,-5.22265625,-3.689453125,-4.66796875,2.28125,1.9091796875,-2.771484375,0.0003241210652049631,0.0015016505494713783,0.0005644233315251768,0.5883182287216187,0.4055311679840088,0.003760431194677949
02095.jpg,1,0,乱采,0,乱采,4.65625,-7.25390625,-1.84375,-0.206298828125,-1.001953125,-3.25390625,0.9870725870132446,6.634893452428514e-06,0.0014840036164969206,0.007630815729498863,0.003443679306656122,0.0003622529038693756
02099.jpg,1,2,乱堆,2,乱堆,-1.64453125,-4.53125,6.33984375,-2.3984375,-1.5712890625,-0.06500244140625,0.00033988195355050266,1.895143577712588e-05,0.9974660873413086,0.00015992295811884105,0.00036570997326634824,0.0016493346774950624
02101.jpg,1,2,乱堆,2,乱堆,-0.26416015625,-3.267578125,4.125,-2.53125,-1.6015625,0.0850830078125,0.011989477090537548,0.0005948841571807861,0.9660248160362244,0.0012422690633684397,0.003147558309137821,0.01700100488960743
02105.jpg,1,2,乱堆,2,乱堆,-2.8828125,-4.61328125,7.19921875,-2.671875,-1.4677734375,-0.876953125,4.179996903985739e-05,7.407010343740694e-06,0.9994164705276489,5.161607259651646e-05,0.00017207572818733752,0.00031067736563272774
02110.jpg,1,2,乱堆,2,乱堆,-1.0771484375,-5.81640625,5.79296875,-2.787109375,-1.87109375,-1.5498046875,0.0010359189473092556,9.059250260179397e-06,0.9976535439491272,0.00018736961646936834,0.0004682952130679041,0.0006457341369241476
02115.jpg,1,3,乱占,3,乱占,-2.076171875,-5.80078125,-2.482421875,6.453125,-1.9306640625,-3.50390625,0.00019747338956221938,4.763556262332713e-06,0.0001315456465817988,0.9993903636932373,0.0002284030051669106,4.736433402285911e-05
02120.jpg,1,3,乱占,3,乱占,-1.44921875,-6.0859375,-3.189453125,6.91796875,-2.728515625,-3.169921875,0.00023227953352034092,2.250658553748508e-06,4.076024197274819e-05,0.9996185302734375,6.462779856519774e-05,4.1564166167518124e-05
02124.jpg,1,0,乱采,0,乱采,1.9091796875,-5.55078125,0.552734375,-4.73828125,0.27490234375,-3.462890625,0.6853138208389282,0.0003945205535273999,0.17651952803134918,0.0008890657336451113,0.13370013236999512,0.0031829439103603363
02129.jpg,1,3,乱占,3,乱占,-3.79296875,-5.4453125,-1.5009765625,2.3359375,0.1959228515625,-1.6337890625,0.001877302536740899,0.000359691766789183,0.018575213849544525,0.8615578413009644,0.10136496275663376,0.01626500114798546
02130.jpg,1,3,乱占,3,乱占,-2.966796875,-4.0390625,-1.9130859375,4.29296875,-0.226318359375,-1.248046875,0.0006909867515787482,0.00023647795023862273,0.001981940120458603,0.9825300574302673,0.010706422850489616,0.003854014677926898
02135.jpg,1,3,乱占,3,乱占,-2.203125,-2.375,-2.99609375,3.904296875,-1.158203125,-0.162109375,0.0021644302178174257,0.0018226329702883959,0.0009794033830985427,0.9722169637680054,0.0061538564041256905,0.016662700101733208
02139.jpg,1,2,乱堆,2,乱堆,-3.29296875,-3.564453125,4.1953125,-3.490234375,1.9375,-2.298828125,0.0005052689230069518,0.0003851398068945855,0.9029044508934021,0.0004148118896409869,0.09442484378814697,0.0013654391514137387
02143.jpg,1,3,乱占,3,乱占,-1.826171875,-4.63671875,-0.58935546875,4.8359375,-1.185546875,-1.4697265625,0.0012657749466598034,7.616431685164571e-05,0.004360125865787268,0.990088164806366,0.002402018988505006,0.001807834836654365
02147.jpg,1,3,乱占,3,乱占,-2.529296875,-4.3515625,-0.1922607421875,5.9140625,-1.53515625,-1.302734375,0.00021451155771501362,3.4677741496125236e-05,0.0022203049156814814,0.9962195754051208,0.0005796962068416178,0.0007313748355954885
02486.jpg,1,1,乱建,3,乱占,-3.271484375,0.6337890625,-0.1259765625,4.4375,-1.37890625,0.0001901388168334961,0.000428235245635733,0.02126772701740265,0.009948533959686756,0.9542271494865417,0.002841964364051819,0.011286327615380287
00004.jpg,2,4,有漂浮物,4,有漂浮物,-5.01953125,-5.98046875,-1.7080078125,-1.9326171875,3.93359375,-4.48828125,0.00012846142635680735,4.914087912766263e-05,0.0035232959780842066,0.0028145082760602236,0.9932659864425659,0.0002185202611144632
00009.jpg,2,4,有漂浮物,4,有漂浮物,-1.9501953125,-3.458984375,-2.890625,-3.46484375,4.90234375,-2.892578125,0.0010542942909523845,0.0002331863361177966,0.0004116597701795399,0.00023182400036603212,0.9976581335067749,0.00041085650445893407
00014.jpg,2,4,有漂浮物,4,有漂浮物,-5.19140625,-3.83203125,-4.078125,-3.337890625,6.76171875,-3.029296875,6.438125183194643e-06,2.5068507966352627e-05,1.9599785446189344e-05,4.108951543457806e-05,0.9998518228530884,5.594375033979304e-05
00019.jpg,2,4,有漂浮物,4,有漂浮物,-4.953125,-5.83984375,-6.0390625,-3.2890625,7.28125,-2.953125,4.8601314119878225e-06,2.002400606215815e-06,1.640708205741248e-06,2.566499460954219e-05,0.9999299049377441,3.591178392525762e-05
00023.jpg,2,4,有漂浮物,4,有漂浮物,-4.37890625,-4.62109375,-2.9140625,-4.01953125,6.6328125,-1.822265625,1.650155354582239e-05,1.2952217730344273e-05,7.140002708183601e-05,2.3637383492314257e-05,0.9996627569198608,0.00021274518803693354
00028.jpg,2,4,有漂浮物,4,有漂浮物,-5.640625,-3.90625,-6.23046875,-0.04071044921875,4.4921875,-2.5546875,3.9285747334361076e-05,0.00022256890952121466,2.1780564566142857e-05,0.010622994974255562,0.9882334470748901,0.0008598854765295982
00033.jpg,2,4,有漂浮物,4,有漂浮物,-8.453125,-4.85546875,-7.2578125,-1.609375,6.71484375,-5.84375,2.585374545560626e-07,9.439863788429648e-06,8.543603371435893e-07,0.00024250814749393612,0.9997435212135315,3.5136672522639856e-06
00037.jpg,2,4,有漂浮物,4,有漂浮物,-5.37109375,-3.427734375,-2.91796875,-1.935546875,5.76953125,-1.74609375,1.4492144146061037e-05,0.00010118657519342378,0.00016846563084982336,0.00044995773350819945,0.9987220168113708,0.0005438137450255454
00041.jpg,2,4,有漂浮物,4,有漂浮物,-5.50390625,-6.18359375,-4.00390625,-3.564453125,5.9609375,-3.064453125,1.0489878150110599e-05,5.316011538525345e-06,4.701237048720941e-05,7.29565363144502e-05,0.9997439980506897,0.00012028499622829258
00045.jpg,2,4,有漂浮物,4,有漂浮物,-5.83203125,-7.4453125,-4.07421875,-5.015625,7.09765625,-4.35546875,2.42489932134049e-06,4.831194928556215e-07,1.4063777598494198e-05,5.485982910613529e-06,0.9999669790267944,1.0615896826493554e-05
00050.jpg,2,4,有漂浮物,4,有漂浮物,-5.6328125,-6.6953125,-3.404296875,-6.09765625,7.796875,-4.23046875,1.4707912896483322e-06,5.082918619336851e-07,1.3657873751071747e-05,9.240000053978292e-07,0.9999774694442749,5.978347871860024e-06
00054.jpg,2,4,有漂浮物,4,有漂浮物,-3.828125,-3.810546875,-2.7109375,-5.53515625,5.2734375,-1.5146484375,0.0001113008038373664,0.00011327456013532355,0.00034016265999525785,2.0190360373817384e-05,0.9982898831367493,0.0011251965770497918
00058.jpg,2,4,有漂浮物,4,有漂浮物,-2.6015625,-3.287109375,-2.359375,-3.708984375,4.78125,-3.017578125,0.0006203958764672279,0.0003125644871033728,0.0007904048543423414,0.000204984811716713,0.9976624250411987,0.0004092564922757447
00064.jpg,2,5,正常,4,有漂浮物,-2.517578125,-1.9853515625,-0.70068359375,-0.89501953125,3.92578125,-2.28515625,0.0015535240527242422,0.0026452154852449894,0.009558401070535183,0.007870207540690899,0.9764126539230347,0.0019600065425038338
00067.jpg,2,4,有漂浮物,4,有漂浮物,-3.98046875,-5.09375,-4.5703125,-3.62890625,5.6171875,-2.498046875,6.785215373383835e-05,2.2288033505901694e-05,3.761817788472399e-05,9.643735393183306e-05,0.999476969242096,0.00029879360226914287
00069.jpg,2,4,有漂浮物,4,有漂浮物,-7.82421875,-6.88671875,-6.16796875,-3.9296875,8.3359375,-3.50390625,9.587994753701423e-08,2.4483802008035127e-07,5.023749736210448e-07,4.710871053248411e-06,0.9999872446060181,7.211334832391003e-06
00074.jpg,2,4,有漂浮物,4,有漂浮物,-5.7890625,-4.90234375,-5.4921875,-2.115234375,5.875,-1.447265625,8.58836301631527e-06,2.0845265680691227e-05,1.1556905519682914e-05,0.0003384025767445564,0.9989606142044067,0.0006599770276807249
00079.jpg,2,4,有漂浮物,4,有漂浮物,-4.8359375,-5.26953125,-2.923828125,-3.98046875,6.0625,-1.900390625,1.847698695200961e-05,1.1976330824836623e-05,0.0001250402128789574,4.3466683564474806e-05,0.9994531273841858,0.00034795491956174374
00083.jpg,2,4,有漂浮物,4,有漂浮物,-6.37109375,-5.56640625,-6.359375,-0.88134765625,5.15625,-3.443359375,9.831159331952222e-06,2.1982450562063605e-05,9.947046237357426e-06,0.002381064696237445,0.9973934888839722,0.0001836976589402184
00084.jpg,2,4,有漂浮物,4,有漂浮物,-6.2421875,-4.2578125,-5.19921875,-0.82763671875,5.6640625,-0.876953125,6.727685104124248e-06,4.89405429107137e-05,1.9090673958999105e-05,0.0015113853150978684,0.9969751834869385,0.0014386572875082493
00088.jpg,2,4,有漂浮物,4,有漂浮物,-2.982421875,-4.25390625,-4.05859375,-2.943359375,5.62890625,-3.15234375,0.00018191592243965715,5.1011968025704846e-05,6.201477663125843e-05,0.00018916263070423156,0.9993624091148376,0.00015348805754911155
00092.jpg,2,4,有漂浮物,4,有漂浮物,-2.35546875,-4.4296875,-0.5888671875,-3.96484375,3.03125,-2.912109375,0.004420182202011347,0.0005554159870371222,0.025862200185656548,0.0008840920054353774,0.9657447934150696,0.0025333440862596035
00098.jpg,2,4,有漂浮物,4,有漂浮物,-2.419921875,-2.552734375,-2.779296875,-2.373046875,3.31640625,0.129638671875,0.0030642179772257805,0.0026831189170479774,0.0021391690243035555,0.0032112731132656336,0.9496756792068481,0.03922651335597038
00102.jpg,2,4,有漂浮物,4,有漂浮物,-4.046875,-3.5703125,-3.26953125,-1.0986328125,5.87890625,-1.54296875,4.8811511078383774e-05,7.861234189476818e-05,0.00010619849490467459,0.0009309526649303734,0.9982384443283081,0.0005969733465462923
00106.jpg,2,4,有漂浮物,4,有漂浮物,-5.14453125,-3.515625,-2.189453125,-5.3828125,5.27734375,0.9892578125,2.93482171400683e-05,0.00014962587738409638,0.0005635803681798279,2.3125838197302073e-05,0.985699474811554,0.013534819707274437
00112.jpg,2,4,有漂浮物,4,有漂浮物,-5.4296875,-3.42578125,-3.76171875,-5.07421875,7.6484375,-0.334716796875,2.0896836758765858e-06,1.5501223970204592e-05,1.1078225725213997e-05,2.981663783430122e-06,0.9996272325515747,0.0003410344070289284
00116.jpg,2,4,有漂浮物,4,有漂浮物,-8.515625,-4.90234375,-5.453125,-5.8515625,9.71875,-1.7763671875,1.2047773445544863e-08,4.468223835374374e-07,2.575927737780148e-07,1.7293960752340354e-07,0.9999890327453613,1.017956583382329e-05
00118.jpg,2,4,有漂浮物,4,有漂浮物,-4.4140625,-3.380859375,-7.0078125,1.0869140625,4.30078125,-1.6708984375,0.00015730604354757816,0.00044203823199495673,1.1756934327422641e-05,0.03852912783622742,0.9584158062934875,0.0024439168628305197
00122.jpg,2,4,有漂浮物,4,有漂浮物,-7.109375,-6.70703125,-5.71484375,-2.232421875,7.98046875,-3.828125,2.796045066588704e-07,4.1809971662587486e-07,1.127668497247214e-06,3.669255966087803e-05,0.999954104423523,7.440000445058104e-06
00124.jpg,2,4,有漂浮物,4,有漂浮物,-6.75390625,-5.328125,-4.41015625,-4.7578125,8.9375,-0.943359375,1.5320929946938122e-07,6.375204293362913e-07,1.5964775457177893e-06,1.1276586064923322e-06,0.9999454021453857,5.1141512813046575e-05
00127.jpg,2,4,有漂浮物,4,有漂浮物,-6.890625,-4.8359375,-4.4765625,-5.80859375,9.234375,-0.7880859375,9.930732147722665e-08,7.750338681944413e-07,1.110184825847682e-06,2.9302279358489614e-07,0.9999533891677856,4.4389500544639304e-05
00134.jpg,2,4,有漂浮物,4,有漂浮物,-6.0625,-5.19140625,-7.19140625,-3.228515625,7.71484375,-3.94140625,1.0388730515842326e-06,2.482410991433426e-06,3.359577931405511e-07,1.767446519806981e-05,0.9999697208404541,8.664466804475524e-06
00139.jpg,2,4,有漂浮物,4,有漂浮物,-6.0234375,-4.27734375,-4.48828125,-4.796875,8.265625,-3.296875,6.227746212061902e-07,3.569848104234552e-06,2.890951236622641e-06,2.1233431652945e-06,0.9999812841415405,9.516164027445484e-06
00143.jpg,2,4,有漂浮物,4,有漂浮物,-5.3515625,-4.3671875,-3.26953125,-3.056640625,6.44921875,-1.4658203125,7.49474475014722e-06,2.0056977518834174e-05,6.0113434301456437e-05,7.437530439347029e-05,0.9994729161262512,0.00036501712747849524
00144.jpg,2,4,有漂浮物,4,有漂浮物,0.2366943359375,-3.849609375,-1.7275390625,-5.5859375,2.7734375,-2.65234375,0.07218081504106522,0.0012127256486564875,0.010124324820935726,0.00021364113490562886,0.9122530221939087,0.004015396814793348
00148.jpg,2,4,有漂浮物,4,有漂浮物,-3.708984375,-4.4296875,-2.3203125,-5.34375,5.94140625,1.02734375,6.390773341991007e-05,3.108537202933803e-05,0.0002562394365668297,1.2461885489756241e-05,0.9923499226570129,0.007286427076905966
00153.jpg,2,4,有漂浮物,4,有漂浮物,-4.6328125,-3.845703125,-4.13671875,-2.974609375,5.4609375,0.8720703125,4.0904276829678565e-05,8.986819011624902e-05,6.71768284519203e-05,0.00021474210370797664,0.9895293116569519,0.010057938285171986
00159.jpg,2,4,有漂浮物,4,有漂浮物,-6.79296875,-4.328125,-4.6171875,0.15283203125,4.79296875,-0.79736328125,9.17125271371333e-06,0.00010786901111714542,8.079015969997272e-05,0.009526900015771389,0.9865915179252625,0.003683723509311676
00165.jpg,2,4,有漂浮物,4,有漂浮物,-5.5390625,-3.66796875,-3.064453125,-5.0859375,7.96484375,-2.078125,1.3655157999892253e-06,8.869566954672337e-06,1.621832234377507e-05,2.1482578631548677e-06,0.9999278783798218,4.348733273218386e-05
00170.jpg,2,4,有漂浮物,4,有漂浮物,-4.16796875,-3.3203125,-3.63671875,-2.1953125,5.91015625,-1.4033203125,4.193859058432281e-05,9.789178147912025e-05,7.13399494998157e-05,0.000301527907140553,0.9988215565681458,0.0006657104240730405
00175.jpg,2,4,有漂浮物,4,有漂浮物,-6.25390625,-3.619140625,-3.080078125,-3.68359375,6.890625,-1.8935546875,1.955653942786739e-06,2.726190177781973e-05,4.673777220887132e-05,2.556021536292974e-05,0.9997453093528748,0.00015309767331928015
00180.jpg,2,4,有漂浮物,4,有漂浮物,-5.28515625,-4.46875,-3.212890625,-5.12890625,6.68359375,-1.9296875,6.337602371786488e-06,1.433790475857677e-05,5.0338294386165217e-05,7.409407771774568e-06,0.999739944934845,0.00018162955529987812
00184.jpg,2,4,有漂浮物,4,有漂浮物,-4.6328125,-4.46875,-4.94921875,-2.83984375,6.046875,-1.2236328125,2.2986858311924152e-05,2.7085139663540758e-05,1.675198109296616e-05,0.00013808805670123547,0.9991000890731812,0.0006951324758119881
00186.jpg,2,4,有漂浮物,4,有漂浮物,-6.7109375,-4.16796875,-4.82421875,-3.796875,7.5234375,-2.21484375,6.577377575922583e-07,8.364694622287061e-06,4.339546194387367e-06,1.2123109627282247e-05,0.9999154806137085,5.897683877265081e-05
00189.jpg,2,4,有漂浮物,4,有漂浮物,-5.046875,-4.296875,-4.8515625,-4.03515625,7.015625,-1.3740234375,5.770406460214872e-06,1.2215949936944526e-05,7.015029950707685e-06,1.587048791407142e-05,0.9997319579124451,0.00022714624356012791
00193.jpg,2,4,有漂浮物,4,有漂浮物,-6.5625,-5.36328125,-2.55859375,-3.74609375,7.50390625,-1.630859375,7.779736392876657e-07,2.580946329544531e-06,4.264216840965673e-05,1.3005126675125211e-05,0.9998331069946289,0.00010783238394651562
00197.jpg,2,4,有漂浮物,4,有漂浮物,-5.79296875,-4.2265625,-0.9091796875,-1.7666015625,5.6640625,0.81982421875,1.0470935194462072e-05,5.014955240767449e-05,0.0013835284626111388,0.0005869681481271982,0.9901726245880127,0.007796235382556915
00202.jpg,2,4,有漂浮物,4,有漂浮物,-3.189453125,-3.6640625,-3.02734375,-2.87890625,4.45703125,-3.267578125,0.00047656253445893526,0.0002964829036500305,0.000560432265046984,0.0006501127500087023,0.9975757002830505,0.0004407482920214534
00207.jpg,2,4,有漂浮物,4,有漂浮物,-4.6328125,-3.125,-2.7265625,-3.23046875,6.765625,-0.1944580078125,1.120031356549589e-05,5.0590017053764313e-05,7.535360782640055e-05,4.552608879748732e-05,0.9988693594932556,0.0009479448199272156
00213.jpg,2,4,有漂浮物,4,有漂浮物,-4.8359375,-5.52734375,-2.09375,-6.0625,5.8046875,-0.016754150390625,2.3843549570301548e-05,1.1942547644139268e-05,0.0003700733359437436,6.993290753598558e-06,0.9966338276863098,0.002953354734927416
00214.jpg,2,4,有漂浮物,4,有漂浮物,-5.12109375,-4.29296875,-3.392578125,-3.14453125,6.05859375,-1.8291015625,1.3946418221166823e-05,3.192366784787737e-05,7.85502270446159e-05,0.00010066368849948049,0.9993997812271118,0.0003751082986127585
00220.jpg,2,4,有漂浮物,4,有漂浮物,-4.5,-4.30859375,-4.36328125,-4.6484375,7.10546875,-2.396484375,9.1150650405325e-06,1.1037899639632087e-05,1.0450474292156287e-05,7.857676791900303e-06,0.9998867511749268,7.46973164496012e-05
00225.jpg,2,4,有漂浮物,4,有漂浮物,-4.30859375,-3.482421875,-2.03515625,-4.5390625,6.625,-0.1204833984375,1.7823100279201753e-05,4.0717881347518414e-05,0.000173110980540514,1.4154416021483485e-05,0.9985796213150024,0.0011745092924684286
00229.jpg,2,4,有漂浮物,4,有漂浮物,-5.7734375,-5.5859375,-3.18359375,-3.431640625,7.73828125,-1.296875,1.3547778507927433e-06,1.6341740547431982e-06,1.8056060071103275e-05,1.4089564501773566e-05,0.9998457431793213,0.00011912817717529833
00233.jpg,2,4,有漂浮物,4,有漂浮物,-6.27734375,-7.10546875,-3.81640625,-6.3046875,8.7890625,-2.5,2.8624353376471845e-07,1.250505476946273e-07,3.353569354658248e-06,2.7852263428940205e-07,0.9999834299087524,1.2508788131526671e-05
00453.jpg,2,4,有漂浮物,4,有漂浮物,-3.921875,-9.84375,-6.04296875,-3.52734375,8.1328125,-7.33984375,5.8171340242552105e-06,1.5590908120088898e-08,6.974767643441737e-07,8.630814591015223e-06,0.999984622001648,1.9067954326601466e-07
00454.jpg,2,4,有漂浮物,4,有漂浮物,-3.25,-8.8828125,-5.83984375,-3.640625,7.54296875,-6.92578125,2.0542693164316006e-05,7.351196273930327e-08,1.5413544360853848e-06,1.3899881196266506e-05,0.9999635219573975,5.203384034757619e-07
00458.jpg,2,4,有漂浮物,4,有漂浮物,-2.58984375,-9.75,-6.2265625,-2.61328125,6.4453125,-7.625,0.00011911801266251132,9.254673472014474e-08,3.1374049740406917e-06,0.00011635864939307794,0.9997604489326477,7.748843700028374e-07
00460.jpg,2,4,有漂浮物,4,有漂浮物,-5.12109375,-8.8359375,-6.3984375,-2.64453125,7.515625,-6.93359375,3.2503037346032215e-06,7.917494571074712e-08,9.061092782758351e-07,3.867954728775658e-05,0.9999566078186035,5.305975037117605e-07
00461.jpg,2,4,有漂浮物,4,有漂浮物,-4.5390625,-8.328125,-7.03125,-3.734375,8.8671875,-5.47265625,1.5056955362524604e-06,3.405400761380406e-08,1.2456438014396554e-07,3.366731789355981e-06,0.9999943971633911,5.919466730119893e-07
00462.jpg,2,4,有漂浮物,4,有漂浮物,-5.94921875,-8.265625,-4.93359375,-3.779296875,7.44921875,-6.1171875,1.5174822465269244e-06,1.4966531125537585e-07,4.189902938378509e-06,1.328950202150736e-05,0.9999794960021973,1.2828495528083295e-06
00463.jpg,2,4,有漂浮物,4,有漂浮物,-3.857421875,-9.21875,-5.87890625,-3.162109375,6.9453125,-7.17578125,2.0342484276625328e-05,9.550119273171731e-08,2.6945390345645137e-06,4.077316407347098e-05,0.9999353885650635,7.366460295088473e-07
00464.jpg,2,4,有漂浮物,4,有漂浮物,-6.39453125,-9.375,-5.23046875,-3.212890625,7.9921875,-7.1171875,5.648334422403423e-07,2.8676044649955656e-08,1.8091155880028964e-06,1.3604711966763716e-05,0.9999837875366211,2.742046376624785e-07
00471.jpg,2,4,有漂浮物,4,有漂浮物,-5.421875,-8.765625,-5.5390625,-3.546875,7.6171875,-6.3515625,2.1736959752161056e-06,7.674085367170846e-08,1.9333251657371875e-06,1.4174277566780802e-05,0.9999808073043823,8.579078212278546e-07
00476.jpg,2,4,有漂浮物,4,有漂浮物,-6.26171875,-8.5234375,-4.76953125,-4.0625,8.3828125,-6.7578125,4.364736412298953e-07,4.546802045979348e-08,1.9409164906392107e-06,3.9361043491226155e-06,0.9999934434890747,2.6577080802780984e-07
00480.jpg,2,4,有漂浮物,4,有漂浮物,-5.33984375,-8.703125,-4.5,-3.26171875,6.609375,-5.515625,6.4637724790372886e-06,2.2378530672995112e-07,1.4970129996072501e-05,5.1642145990626886e-05,0.9999213218688965,5.421821697382256e-06
00482.jpg,2,4,有漂浮物,4,有漂浮物,-2.484375,-9.4609375,-4.625,-3.591796875,5.9453125,-7.6015625,0.00021822040434926748,2.0371018649711914e-07,2.5658646336523816e-05,7.210213516373187e-05,0.9996825456619263,1.3077630001134821e-06
00485.jpg,2,4,有漂浮物,4,有漂浮物,-4.05859375,-7.6640625,-4.1171875,-2.693359375,5.40625,-5.5703125,7.749345240881667e-05,2.105861540258047e-06,7.308328349608928e-05,0.0003035140107385814,0.9995267391204834,1.7089680113713257e-05
00486.jpg,2,4,有漂浮物,4,有漂浮物,-4.52734375,-7.0234375,-4.90234375,-2.705078125,6.58984375,-4.9375,1.4852898857498076e-05,1.2239719353601686e-06,1.0208237654296681e-05,9.187791147269309e-05,0.9998719692230225,9.855589269136544e-06
00487.jpg,2,4,有漂浮物,4,有漂浮物,-5.37890625,-5.84375,-3.544921875,-2.28515625,5.18359375,-3.205078125,2.5842204195214435e-05,1.623493153601885e-05,0.00016174052143469453,0.0005700698820874095,0.9989989399909973,0.00022720146807841957
00491.jpg,2,4,有漂浮物,4,有漂浮物,-6.3984375,-5.6796875,-4.3984375,-3.470703125,7.4921875,-4.73046875,9.276076866626681e-07,1.9033274156754487e-06,6.854144885437563e-06,1.7332580682705157e-05,0.9999680519104004,4.917608748655766e-06
00496.jpg,2,4,有漂浮物,4,有漂浮物,-5.18359375,-5.984375,-4.49609375,-4.28515625,7.828125,-4.6796875,2.233958184660878e-06,1.0029982604464749e-06,4.442756562639261e-06,5.486071586346952e-06,0.9999831914901733,3.6975900457036914e-06
00500.jpg,2,4,有漂浮物,4,有漂浮物,-7.8203125,-4.14453125,-6.953125,-5.23046875,10.28125,-4.12890625,1.3759121841872002e-08,5.432030434349144e-07,3.274956128507256e-08,1.833772955706081e-07,0.9999986886978149,5.517572958524397e-07
00504.jpg,2,4,有漂浮物,4,有漂浮物,-5.18359375,-2.662109375,-4.546875,-3.4296875,6.3359375,-2.91015625,9.931118256645277e-06,0.00012361322296783328,1.877247996162623e-05,5.737331957789138e-05,0.9996938705444336,9.645827958593145e-05
00505.jpg,2,4,有漂浮物,4,有漂浮物,-5.515625,-3.8125,-5.734375,-4.59765625,7.84765625,-3.18359375,1.5717627093181363e-06,8.63067452883115e-06,1.2629467391889193e-06,3.936006123694824e-06,0.999968409538269,1.618733222130686e-05
00509.jpg,2,4,有漂浮物,4,有漂浮物,-7.38671875,-3.53515625,-6.7578125,-5.5,10.0,-3.869140625,2.812178578892599e-08,1.3235953701951075e-06,5.274404202282312e-08,1.8553866709680733e-07,0.9999974966049194,9.477802791479917e-07
00513.jpg,2,4,有漂浮物,4,有漂浮物,-6.52734375,-3.79296875,-6.3984375,-4.84765625,8.734375,-3.041015625,2.354583443775482e-07,3.626085572250304e-06,2.67853494051451e-07,1.2629700449906522e-06,0.9999868869781494,7.69143025536323e-06
00515.jpg,2,4,有漂浮物,4,有漂浮物,-6.734375,-4.2109375,-6.2265625,-4.28125,8.53125,-3.275390625,2.3454020947610843e-07,2.925043190771248e-06,3.8972427773842355e-07,2.72644001597655e-06,0.9999861717224121,7.4547847361827735e-06
00518.jpg,2,4,有漂浮物,4,有漂浮物,-6.40625,-3.61328125,-5.5859375,-4.59375,8.3671875,-3.671875,3.836813675661688e-07,6.2652970882481895e-06,8.714208092897024e-07,2.350333488720935e-06,0.9999841451644897,5.908737875870429e-06
00522.jpg,2,4,有漂浮物,4,有漂浮物,-4.96484375,-3.05078125,-2.716796875,-5.69140625,5.20703125,-2.48828125,3.818731420324184e-05,0.0002589321229606867,0.000361604179488495,1.846617851697374e-05,0.998868465423584,0.000454440014436841
00526.jpg,2,4,有漂浮物,4,有漂浮物,-7.17578125,-5.6796875,-2.25390625,-4.8984375,6.64453125,-1.9443359375,9.948734032150242e-07,4.44133002019953e-06,0.00013655606016982347,9.700756891106721e-06,0.9996621608734131,0.00018610396364238113
00530.jpg,2,4,有漂浮物,4,有漂浮物,-5.7734375,-5.94140625,-3.892578125,-3.294921875,6.171875,-1.783203125,6.486450274678646e-06,5.483516360982321e-06,4.254552914062515e-05,7.73415231378749e-05,0.9995174407958984,0.00035070651210844517
00536.jpg,2,4,有漂浮物,4,有漂浮物,-5.9453125,-7.78125,-3.03515625,-4.5234375,5.55859375,-3.322265625,1.0086789188790135e-05,1.6084791241155472e-06,0.00018519008881412446,4.1808580135693774e-05,0.9996223449707031,0.00013897212920710444
00538.jpg,2,4,有漂浮物,4,有漂浮物,-6.34765625,-7.7890625,-2.96875,-3.265625,5.58203125,-4.90625,6.589318672922673e-06,1.5589986332997796e-06,0.0001933218154590577,0.00014366456889547408,0.9996269941329956,2.7850648621097207e-05
00548.jpg,2,4,有漂浮物,4,有漂浮物,-6.390625,-7.421875,-0.609375,-5.1640625,5.58203125,-3.12109375,6.3004040384839755e-06,2.246478288725484e-06,0.002042365027591586,2.1481160729308613e-05,0.9977619647979736,0.00016569439321756363
00551.jpg,2,4,有漂浮物,4,有漂浮物,-6.14453125,-6.00390625,-2.13671875,-4.61328125,5.88671875,-2.8046875,5.951984803687083e-06,6.850692443549633e-06,0.00032751611433923244,2.7521698939381167e-05,0.9994643330574036,0.00016793356917332858
00555.jpg,2,4,有漂浮物,4,有漂浮物,-6.17578125,-4.1796875,-3.26171875,-4.1328125,7.2265625,-1.2099609375,1.511190475866897e-06,1.1122738214908168e-05,2.7853546271217056e-05,1.1656528840831015e-05,0.9997310042381287,0.00021674424351658672
00561.jpg,2,4,有漂浮物,4,有漂浮物,-5.0546875,-5.125,-3.947265625,-4.50390625,7.22265625,-1.5966796875,4.655214524973417e-06,4.339136921771569e-06,1.408921798429219e-05,8.074970537563786e-06,0.999821126461029,0.0001478200574638322
00565.jpg,2,4,有漂浮物,4,有漂浮物,-6.7421875,-5.8359375,-4.30078125,-4.39453125,8.21875,-4.62890625,3.180846874784038e-07,7.872670835240569e-07,3.65453411177441e-06,3.3274911857006373e-06,0.9999892711639404,2.6322620669816388e-06
00570.jpg,2,4,有漂浮物,4,有漂浮物,-6.55078125,-5.2578125,-4.76953125,-3.91015625,8.078125,-1.5361328125,4.43315570919367e-07,1.6152590660567512e-06,2.632085625009495e-06,6.216154815774644e-06,0.9999222755432129,6.676473276456818e-05
00574.jpg,2,4,有漂浮物,4,有漂浮物,-5.953125,-4.10546875,-3.203125,-4.296875,7.109375,-1.35546875,2.122808155036182e-06,1.3469072655425407e-05,3.3206310035893694e-05,1.1122720025014132e-05,0.999729335308075,0.00021069173817522824
00579.jpg,2,4,有漂浮物,4,有漂浮物,-6.8828125,-5.41796875,-5.0234375,-6.09765625,9.265625,-2.953125,9.701077630097643e-08,4.197527516680566e-07,6.227824087545741e-07,2.1272035155561753e-07,0.9999938011169434,4.936982804792933e-06
00584.jpg,2,4,有漂浮物,4,有漂浮物,-3.119140625,-6.90625,-4.66796875,-2.74609375,5.890625,-5.9140625,0.00012216945469845086,2.768483682302758e-06,2.5960624043364078e-05,0.00017740867042448372,0.9996641874313354,7.466954230039846e-06
00589.jpg,2,4,有漂浮物,4,有漂浮物,-6.13671875,-5.12109375,-4.375,-4.64453125,7.79296875,-5.04296875,8.920865752770624e-07,2.463129931129515e-06,5.19411742061493e-06,3.9669416764809284e-06,0.999984860420227,2.663278564796201e-06
00594.jpg,2,4,有漂浮物,4,有漂浮物,-5.03515625,-5.17578125,-3.490234375,-4.89453125,7.23046875,-4.66796875,4.710727807832882e-06,4.092751169082476e-06,2.2082032955950126e-05,5.422014055511681e-06,0.9999568462371826,6.800729806855088e-06
00598.jpg,2,4,有漂浮物,4,有漂浮物,-5.72265625,-5.4921875,-4.109375,-4.57421875,7.0078125,-5.37109375,2.9594598345283885e-06,3.7265226637828164e-06,1.4854280379950069e-05,9.33195224206429e-06,0.9999649524688721,4.206240646453807e-06
00602.jpg,2,4,有漂浮物,4,有漂浮物,-6.5546875,-5.140625,-5.44140625,-3.806640625,7.7421875,-5.2578125,6.179292313390761e-07,2.541313733672723e-06,1.881181219687278e-06,9.647178558225278e-06,0.9999830722808838,2.2602912395086605e-06
00603.jpg,2,4,有漂浮物,4,有漂浮物,-7.0078125,-5.40234375,-4.9609375,-4.2421875,8.2421875,-4.80078125,2.3823477590667608e-07,1.1864552789120353e-06,1.8448101855028654e-06,3.7853046706004534e-06,0.9999908208847046,2.165243131457828e-06
00607.jpg,2,4,有漂浮物,4,有漂浮物,-5.9453125,-5.59765625,-4.84765625,-3.947265625,7.32421875,-5.375,1.7262547089558211e-06,2.443937319185352e-06,5.1738156798819546e-06,1.2730504749924876e-05,0.9999748468399048,3.0534333745890763e-06
00611.jpg,2,4,有漂浮物,4,有漂浮物,-5.7734375,-5.42578125,-4.72265625,-3.78125,6.87109375,-5.94921875,3.2250097774522146e-06,4.5657925511477515e-06,9.223154847859405e-06,2.3644332031835802e-05,0.9999566078186035,2.7051428332924843e-06
00616.jpg,2,4,有漂浮物,4,有漂浮物,-5.87109375,-3.431640625,-6.328125,-0.26611328125,6.15625,-3.619140625,5.9679787227651104e-06,6.843342998763546e-05,3.778689006139757e-06,0.0016219571698457003,0.9982430934906006,5.673330815625377e-05
00620.jpg,2,4,有漂浮物,4,有漂浮物,-4.62890625,-5.3203125,-5.78515625,-2.755859375,6.85546875,-4.3515625,1.0288598787155934e-05,5.153263373358641e-06,3.237451437598793e-06,6.695918273180723e-05,0.9999008178710938,1.3577039680967573e-05
00626.jpg,2,4,有漂浮物,4,有漂浮物,-4.82421875,-6.015625,-5.01953125,-0.323974609375,4.63671875,-4.21875,7.726828334853053e-05,2.3473621695302427e-05,6.355915684252977e-05,0.0069571672938764095,0.9927369952201843,0.00014156405813992023
00630.jpg,2,4,有漂浮物,4,有漂浮物,-4.40234375,-7.08203125,-4.62109375,-1.3251953125,4.73828125,-5.23046875,0.00010694503725972027,7.334781003009994e-06,8.593275560997427e-05,0.0023203270975500345,0.9974327683448792,4.672082650358789e-05
00631.jpg,2,4,有漂浮物,4,有漂浮物,-5.6171875,-6.59765625,-5.265625,-1.9716796875,7.39453125,-5.44140625,2.233784698546515e-06,8.379713563044788e-07,3.1748486435390078e-06,8.555891690775752e-05,0.9999055862426758,2.663067334651714e-06
00635.jpg,2,4,有漂浮物,4,有漂浮物,-5.578125,-7.16015625,-7.140625,-1.92578125,6.8515625,-7.88671875,3.997474323114147e-06,8.217094773499412e-07,8.379162181881838e-07,0.00015416239330079406,0.9998397827148438,3.9735272139296285e-07
00637.jpg,2,4,有漂浮物,4,有漂浮物,-3.740234375,-7.3671875,-6.40625,-1.9970703125,5.9453125,-7.6796875,6.2149265431799e-05,1.6529902495676652e-06,4.321158030506922e-06,0.00035520782694220543,0.9995754361152649,1.2093535133317346e-06
00643.jpg,2,4,有漂浮物,4,有漂浮物,-5.08984375,-4.07421875,-5.453125,-1.3583984375,5.953125,-5.453125,1.5987254300853238e-05,4.414222712512128e-05,1.1117391295556445e-05,0.0006672983290627599,0.9992503523826599,1.1117391295556445e-05
00648.jpg,2,4,有漂浮物,4,有漂浮物,-6.36328125,-7.22265625,-7.25,-2.72265625,8.1015625,-6.859375,5.223828907219286e-07,2.211908451954514e-07,2.1522460258438514e-07,1.9910965420422144e-05,0.99997878074646,3.1808136213840044e-07
00653.jpg,2,4,有漂浮物,4,有漂浮物,-6.23828125,-7.03125,-6.515625,-3.23046875,7.28515625,-7.734375,1.339160235147574e-06,6.059692054805055e-07,1.0148074807148078e-06,2.710871194722131e-05,0.9999696016311646,2.9997650585755764e-07
00657.jpg,2,4,有漂浮物,4,有漂浮物,-5.80078125,-5.56640625,-4.49609375,-4.9375,6.765625,-1.8359375,3.4864760891650803e-06,4.40731901107938e-06,1.2853023690695409e-05,8.266182703664526e-06,0.9997872710227966,0.00018377925152890384
00661.jpg,2,4,有漂浮物,4,有漂浮物,-5.91796875,-4.13671875,-3.779296875,-4.296875,6.15625,-0.2156982421875,5.694312221748987e-06,3.380868656677194e-05,4.8334215534850955e-05,2.8805361580452882e-05,0.9981776475906372,0.0017057126387953758
00665.jpg,2,4,有漂浮物,4,有漂浮物,-7.08203125,-4.6328125,-3.66015625,-5.1875,7.0234375,-1.46875,7.48113507142989e-07,8.662629625177942e-06,2.2912312488188036e-05,4.974529019818874e-06,0.999757707118988,0.0002050145121756941
00669.jpg,2,4,有漂浮物,4,有漂浮物,-5.98828125,-5.85546875,-2.90625,-5.015625,5.51953125,-1.73046875,1.0041446330433246e-05,1.1467691365396604e-05,0.00021893007215112448,2.6559231628198177e-05,0.9990235567092896,0.0007094809552654624
00675.jpg,2,4,有漂浮物,4,有漂浮物,-7.1015625,-7.75390625,-4.5078125,-5.3671875,7.390625,-5.58984375,5.08296807311126e-07,2.6473301772966806e-07,6.8009362621523906e-06,2.8796976039302535e-06,0.9999872446060181,2.304881036252482e-06
00680.jpg,2,4,有漂浮物,4,有漂浮物,-7.87890625,-6.18359375,-4.11328125,-4.7890625,6.12109375,-4.0546875,8.314475508086616e-07,4.53001575806411e-06,3.5910794395022094e-05,1.8269931388203986e-05,0.9999023675918579,3.807780740316957e-05
00681.jpg,2,4,有漂浮物,4,有漂浮物,-8.5234375,-7.359375,-5.578125,-4.99609375,7.30078125,-5.89453125,1.3416060085091885e-07,4.297054942981049e-07,2.5512788397463737e-06,4.565947165247053e-06,0.9999904632568359,1.8592785409055068e-06
00686.jpg,2,4,有漂浮物,4,有漂浮物,-5.734375,-6.80078125,-6.49609375,-2.548828125,8.078125,-6.30078125,1.0029882560047554e-06,3.452721557550831e-07,4.6825843469378015e-07,2.425276761641726e-05,0.9999732971191406,5.692575086868601e-07
00690.jpg,2,4,有漂浮物,4,有漂浮物,-8.4375,-5.3125,-5.93359375,-3.984375,8.78125,-5.59375,3.326517727941791e-08,7.571119908789115e-07,4.068389500844205e-07,2.857310846593464e-06,0.9999953508377075,5.714981057280966e-07
00694.jpg,2,4,有漂浮物,4,有漂浮物,-6.98046875,-6.09765625,-6.140625,-1.3759765625,7.22265625,-6.04296875,6.785450068491627e-07,1.6405115275119897e-06,1.5715138488303637e-06,0.00018432264914736152,0.9998100399971008,1.7327254226984223e-06
00697.jpg,2,4,有漂浮物,4,有漂浮物,-6.6796875,-7.2265625,-4.8515625,-4.2734375,6.78515625,-6.3984375,1.4199732731867698e-06,8.218175366891955e-07,8.835370863380376e-06,1.575075111759361e-05,0.9999712705612183,1.8811590507539222e-06
00699.jpg,2,4,有漂浮物,4,有漂浮物,-5.1796875,-6.00390625,-6.203125,-3.541015625,5.86328125,-7.66015625,1.5997449736460112e-05,7.016121799097164e-06,5.748804596805712e-06,8.23601076263003e-05,0.9998875856399536,1.339050413662335e-06
00704.jpg,2,4,有漂浮物,4,有漂浮物,-6.98046875,-6.8828125,-6.1796875,-3.359375,7.40234375,-6.3125,5.670393647960736e-07,6.252083721847157e-07,1.2629554930754239e-06,2.1195037334109657e-05,0.999975323677063,1.1058807558583794e-06
00709.jpg,2,4,有漂浮物,4,有漂浮物,-5.1875,-5.89453125,-3.306640625,0.285400390625,2.705078125,-3.60546875,0.00034148289705626667,0.00016838723968248814,0.0022398338187485933,0.08132412284612656,0.914264976978302,0.001661255257204175
00713.jpg,2,4,有漂浮物,4,有漂浮物,-7.22265625,-7.05859375,-6.40625,-4.37109375,10.1796875,-5.140625,2.7685844727898257e-08,3.262189451902486e-08,6.263520901939046e-08,4.793752736986789e-07,0.9999991655349731,2.2206108951650094e-07
00717.jpg,2,4,有漂浮物,4,有漂浮物,-5.828125,-7.20703125,-4.22265625,-6.17578125,9.0625,-4.96484375,3.412575892980385e-07,8.594704326014835e-08,1.6995288660837105e-06,2.410444608358375e-07,0.9999967813491821,8.090970595731051e-07
00721.jpg,2,4,有漂浮物,4,有漂浮物,-8.1328125,-7.85546875,-3.349609375,-5.2890625,7.5234375,-6.03125,1.5869632363774144e-07,2.0941882894476294e-07,1.8962062313221395e-05,2.7264140953775495e-06,0.999976634979248,1.29796762848855e-06
00725.jpg,2,4,有漂浮物,4,有漂浮物,-6.796875,-7.33984375,-5.5,-6.171875,9.984375,-5.5234375,5.152232418481617e-08,2.9935542045222974e-08,1.884608309410396e-07,9.625637886756522e-08,0.9999994039535522,1.8409514268569183e-07
00729.jpg,2,4,有漂浮物,4,有漂浮物,-8.421875,-7.15234375,-6.671875,-5.02734375,10.7890625,-5.92578125,4.537281661498582e-09,1.6149019899103223e-08,2.6110253514843862e-08,1.3521409414352092e-07,0.9999997615814209,5.505990685605866e-08
00733.jpg,2,4,有漂浮物,4,有漂浮物,-7.5078125,-5.80078125,-5.90625,-5.109375,9.7734375,-4.07421875,3.124983649627211e-08,1.7226696513716888e-07,1.5502349981488805e-07,3.439346585309977e-07,0.9999983310699463,9.683639063950977e-07
00738.jpg,2,4,有漂浮物,4,有漂浮物,-7.83984375,-4.6796875,-6.4140625,-4.0859375,10.5390625,-3.068359375,1.0426573382460447e-08,2.4579895807619323e-07,4.338609116416592e-08,4.450843960057682e-07,0.9999980926513672,1.2313199704294675e-06
00740.jpg,2,4,有漂浮物,4,有漂浮物,-6.8046875,-6.83984375,-5.13671875,-4.234375,8.859375,-5.1953125,1.5746438464248058e-07,1.520247110420314e-07,8.347798257091199e-07,2.0580448563123355e-06,0.9999959468841553,7.87272369962011e-07
00745.jpg,2,4,有漂浮物,4,有漂浮物,-8.1796875,-5.4921875,-5.3046875,-3.78125,8.484375,-4.94921875,5.792767510115482e-08,8.512409976901836e-07,1.026792574521096e-06,4.710892881121254e-06,0.9999918937683105,1.4650784123659832e-06
00749.jpg,2,4,有漂浮物,4,有漂浮物,-7.83984375,-6.72265625,-4.55859375,-2.095703125,7.2421875,-5.01171875,2.8178183697491477e-07,8.611947350800619e-07,7.497936621803092e-06,8.801598596619442e-05,0.9998985528945923,4.7659787014708854e-06
00755.jpg,2,4,有漂浮物,4,有漂浮物,-2.447265625,-6.20703125,-2.23046875,-1.951171875,2.66015625,-5.94921875,0.005910808686167002,0.00013765798939857632,0.007341766729950905,0.009707282297313213,0.97672438621521,0.00017814266902860254
00759.jpg,2,4,有漂浮物,4,有漂浮物,-3.947265625,-7.07421875,-5.11328125,-3.85546875,7.3203125,-5.8984375,1.2780227734765504e-05,5.60428361495724e-07,3.982396265200805e-06,1.4008946891408414e-05,0.9999668598175049,1.8161655361836893e-06
00764.jpg,2,4,有漂浮物,4,有漂浮物,-3.912109375,-6.54296875,-5.04296875,-3.984375,6.6640625,-3.435546875,2.551427678554319e-05,1.8374502133156057e-06,8.234879715018906e-06,2.3735517970635556e-05,0.9998995065689087,4.1091476305155084e-05
00768.jpg,2,4,有漂浮物,4,有漂浮物,-6.2890625,-6.78515625,-5.01171875,-4.5703125,8.875,-4.83203125,2.596149215605692e-07,1.580807236223336e-07,9.312644806414028e-07,1.4480158370133722e-06,0.9999961853027344,1.1145776852572453e-06
00773.jpg,2,4,有漂浮物,4,有漂浮物,-5.6484375,-3.962890625,-3.5,-4.4140625,6.328125,-0.8076171875,6.284187747951364e-06,3.390571509953588e-05,5.3864634537603706e-05,2.1593916244455613e-05,0.9990890026092529,0.0007954094326123595
00777.jpg,2,4,有漂浮物,4,有漂浮物,-6.21875,-4.55859375,-4.1796875,-2.322265625,5.74609375,-1.255859375,6.35572223472991e-06,3.343194111948833e-05,4.883357178186998e-05,0.0003128863172605634,0.998689591884613,0.0009089100640267134
00782.jpg,2,4,有漂浮物,4,有漂浮物,-3.505859375,-5.25,-4.375,-1.6728515625,4.23828125,-5.3984375,0.00043177767656743526,7.547263521701097e-05,0.00018104944319929928,0.0026997611857950687,0.9965468049049377,6.506148201879114e-05
00785.jpg,2,4,有漂浮物,4,有漂浮物,-3.666015625,-4.66015625,-4.5,-1.4267578125,4.12890625,-4.54296875,0.0004098618228454143,0.00015166580851655453,0.00017800928617361933,0.003847111715003848,0.9952427744865417,0.0001705224422039464
00787.jpg,2,4,有漂浮物,4,有漂浮物,-5.74609375,-8.4296875,-7.64453125,-1.9775390625,6.85546875,-9.078125,3.366245437064208e-06,2.2997244286671048e-07,5.042719521952677e-07,0.0001458170299883932,0.9998499155044556,1.202438824066121e-07
00791.jpg,2,4,有漂浮物,4,有漂浮物,-4.7578125,-4.12890625,-2.115234375,-3.41796875,4.07421875,-0.84716796875,0.00014449066657107323,0.0002710006374400109,0.002030004281550646,0.0005517299869097769,0.9897881746292114,0.007214582059532404
00795.jpg,2,4,有漂浮物,4,有漂浮物,-6.87890625,-7.3984375,-6.08203125,-2.94921875,8.0234375,-4.9765625,3.3727593518051435e-07,2.006114669939052e-07,7.482793193958059e-07,1.7164333257824183e-05,0.9999792575836182,2.2602825993089937e-06
00800.jpg,2,4,有漂浮物,4,有漂浮物,-7.3515625,-7.2734375,-6.5625,-1.04296875,7.1796875,-5.23828125,4.886962869932177e-07,5.284067015054461e-07,1.0757826203189325e-06,0.00026842718943953514,0.9997254014015198,4.044132765557151e-06
00806.jpg,2,4,有漂浮物,4,有漂浮物,-6.92578125,-7.625,-6.50390625,-2.6796875,8.2578125,-5.4921875,2.545895085859229e-07,1.2652421332859376e-07,3.8820260783722915e-07,1.7778518667910248e-05,0.9999803304672241,1.067683001565456e-06
00810.jpg,2,4,有漂浮物,4,有漂浮物,-7.0703125,-6.42578125,-6.5546875,-2.38671875,7.67578125,-4.37890625,3.943038393572351e-07,7.511857802455779e-07,6.603347060263332e-07,4.264714152668603e-05,0.9999496936798096,5.816930752189364e-06
00813.jpg,2,4,有漂浮物,4,有漂浮物,-5.6875,-4.3828125,-4.4296875,-5.0,7.80078125,-3.791015625,1.3870868542653625e-06,5.11354710397427e-06,4.8793808673508465e-06,2.7585517727857223e-06,0.9999765157699585,9.241370207746513e-06
00815.jpg,2,4,有漂浮物,4,有漂浮物,-7.51953125,-6.49609375,-5.9609375,-2.2890625,7.82421875,-4.25,2.1690678408958775e-07,6.035960495864856e-07,1.0307700222256244e-06,4.0535622247261927e-05,0.9999518394470215,5.704433533537667e-06
00821.jpg,2,4,有漂浮物,4,有漂浮物,-8.359375,-6.4140625,-8.234375,-3.375,8.609375,-5.6328125,4.27132249569695e-08,2.988139442550164e-07,4.8400423224848055e-08,6.240924449230079e-06,0.9999927282333374,6.526696552100475e-07
00827.jpg,2,4,有漂浮物,4,有漂浮物,-7.8203125,-6.5234375,-8.5078125,-3.228515625,8.328125,-5.64453125,9.70103286590529e-08,3.548490496996237e-07,4.877985659845763e-08,9.572162525728345e-06,0.9999891519546509,8.545702598894422e-07
00834.jpg,2,4,有漂浮物,4,有漂浮物,-8.3046875,-7.08203125,-7.70703125,-4.48046875,8.9921875,-6.08984375,3.0765352931894085e-08,1.0448518850125765e-07,5.592688978595106e-08,1.4089609976508655e-06,0.9999982118606567,2.81809917623832e-07
00838.jpg,2,4,有漂浮物,4,有漂浮物,-8.9609375,-5.890625,-8.4921875,-3.953125,9.3359375,-5.91796875,1.1317935921795197e-08,2.4388609176639875e-07,1.808600913477676e-08,1.6929049024838605e-06,0.9999978542327881,2.373076597450563e-07
00841.jpg,2,4,有漂浮物,4,有漂浮物,-7.55078125,-8.390625,-7.04296875,-3.0390625,7.6328125,-8.5234375,2.5458837171754567e-07,1.0992565080414352e-07,4.230373633618001e-07,2.318745646334719e-05,0.9999759197235107,9.62541193416655e-08
00843.jpg,2,4,有漂浮物,4,有漂浮物,-6.7734375,-7.9921875,-6.34765625,-3.21875,7.3671875,-8.3046875,7.224248861348315e-07,2.135483754273082e-07,1.105877686313761e-06,2.5268172976211645e-05,0.9999725818634033,1.5623534466158162e-07
00848.jpg,2,4,有漂浮物,4,有漂浮物,-7.8984375,-7.62109375,-6.85546875,-4.03125,8.1171875,-7.49609375,1.1078981998480231e-07,1.4620044908042473e-07,3.143803724015015e-07,5.296610652294476e-06,0.9999940395355225,1.656668189298216e-07
00853.jpg,2,4,有漂浮物,4,有漂浮物,-8.4453125,-5.09375,-8.2578125,-2.537109375,8.625,-5.203125,3.858783159671475e-08,1.101578618545318e-06,4.6545810761244866e-08,1.4202028978616e-05,0.9999836683273315,9.874486295302631e-07
00858.jpg,2,4,有漂浮物,4,有漂浮物,-8.0546875,-6.4765625,-8.7265625,-3.896484375,9.5546875,-4.79296875,2.250840225315187e-08,1.0907259451187201e-07,1.1496166685276421e-08,1.4395585594684235e-06,0.9999978542327881,5.873421287105884e-07
00862.jpg,2,4,有漂浮物,4,有漂浮物,-7.08984375,-6.0546875,-7.15625,-3.775390625,8.5703125,-5.015625,1.5808029729669215e-07,4.4508237806439865e-07,1.4792374258831842e-07,4.348369657236617e-06,0.9999935626983643,1.2580546808749205e-06
00863.jpg,2,4,有漂浮物,4,有漂浮物,-7.90234375,-6.76171875,-7.73046875,-3.982421875,9.0546875,-5.0078125,4.3216889622499366e-08,1.3521368202873418e-07,5.132132940843803e-08,2.177980150008807e-06,0.9999967813491821,7.811464683982194e-07
00867.jpg,2,4,有漂浮物,4,有漂浮物,-8.984375,-6.31640625,-7.921875,-4.33984375,8.9609375,-6.0078125,1.6086024956507572e-08,2.318103753395917e-07,4.6546460907848086e-08,1.6731816003812128e-06,0.999997615814209,3.156119703362492e-07
00871.jpg,2,4,有漂浮物,4,有漂浮物,-7.55859375,-5.140625,-7.328125,-2.9453125,6.8671875,-5.2265625,5.431670047073567e-07,6.0959846450714394e-06,6.839505317657313e-07,5.475906073115766e-05,0.9999322891235352,5.593990408669924e-06
00876.jpg,2,4,有漂浮物,4,有漂浮物,-7.44921875,-4.99609375,-5.86328125,-3.0234375,6.9765625,-3.873046875,5.431633667285496e-07,6.314066467894008e-06,2.652738203323679e-06,4.539655492408201e-05,0.9999256134033203,1.9410745153436437e-05
00882.jpg,2,4,有漂浮物,4,有漂浮物,-9.5625,-6.6015625,-7.5390625,-5.16015625,10.0703125,-6.0,2.975621304912579e-09,5.747731535166167e-08,2.25084395566455e-08,2.4293566980304604e-07,0.9999995231628418,1.0489426927051682e-07
00886.jpg,2,4,有漂浮物,4,有漂浮物,-8.1328125,-7.72265625,-6.5,-5.96484375,9.0546875,-7.3359375,3.432126405300551e-08,5.172397266051121e-08,1.756647947104284e-07,2.9998540185260936e-07,0.9999992847442627,7.61450493769189e-08
00892.jpg,2,4,有漂浮物,4,有漂浮物,-5.01953125,-5.70703125,-5.58984375,-4.8671875,6.8359375,-6.77734375,7.099451977410354e-06,3.569828550098464e-06,4.013666057289811e-06,8.267741577583365e-06,0.9999758005142212,1.2240990372447413e-06
00893.jpg,2,4,有漂浮物,4,有漂浮物,-5.72265625,-5.8359375,-5.6328125,-4.8125,7.26171875,-7.2890625,2.295894546477939e-06,2.0500031041592592e-06,2.5117162749666022e-06,5.704634077119408e-06,0.999987006187439,4.793694188265363e-07
00894.jpg,2,4,有漂浮物,4,有漂浮物,-5.40234375,-6.79296875,-6.33984375,-5.21875,8.34375,-7.83203125,1.071879523806274e-06,2.6681189524424553e-07,4.1975400222327153e-07,1.287892814616498e-06,0.9999967813491821,9.439435899594173e-08
00895.jpg,2,4,有漂浮物,4,有漂浮物,-4.890625,-5.85546875,-5.36328125,-4.82421875,7.01953125,-6.5546875,6.721641511830967e-06,2.561232577136252e-06,4.189897026662948e-06,7.18315459380392e-06,0.9999780654907227,1.27286443785124e-06
00899.jpg,2,4,有漂浮物,4,有漂浮物,-7.09765625,-6.68359375,-5.8515625,-5.515625,8.53125,-6.44140625,1.630990027479129e-07,2.467609192535747e-07,5.670521545653173e-07,7.934485211080755e-07,0.9999978542327881,3.143815661132976e-07
00903.jpg,2,4,有漂浮物,4,有漂浮物,-6.4296875,-6.1875,-7.01953125,-4.40234375,7.59765625,-5.109375,8.090904088930984e-07,1.0308078799425857e-06,4.4857094394501473e-07,6.144141934782965e-06,0.9999885559082031,3.029713070645812e-06
00909.jpg,2,4,有漂浮物,4,有漂浮物,-5.83203125,-6.59375,-6.8203125,-4.08203125,7.2890625,-5.90625,2.0025065623485716e-06,9.348968319500273e-07,7.453647299371369e-07,1.1523628927534446e-05,0.9999828338623047,1.8592643300507916e-06
00913.jpg,2,4,有漂浮物,4,有漂浮物,-6.61328125,-4.75390625,-6.7890625,-4.953125,8.1875,-4.296875,3.733348421519622e-07,2.3967065772012575e-06,3.1315383353103243e-07,1.963790964509826e-06,0.9999911785125732,3.785306034842506e-06
00917.jpg,2,4,有漂浮物,4,有漂浮物,-6.8671875,-6.03125,-6.6640625,-5.10546875,9.078125,-5.38671875,1.1886063333577113e-07,2.7420861670179875e-07,1.4563109118626016e-07,6.920585065017804e-07,0.9999983310699463,5.223931225373235e-07
00921.jpg,2,4,有漂浮物,4,有漂浮物,-5.32421875,-6.3984375,-3.955078125,-3.591796875,5.65234375,-7.34375,1.7094538634410128e-05,5.838887773279566e-06,6.721521640429273e-05,9.665818652138114e-05,0.9998109936714172,2.2687472664983943e-06
00925.jpg,2,4,有漂浮物,4,有漂浮物,-6.45703125,-6.08984375,-7.8359375,-3.83203125,7.640625,-6.9921875,7.541540867350705e-07,1.0887486041610828e-06,1.8993662820321333e-07,1.0410776667413302e-05,0.9999871253967285,4.4161589585201e-07
00927.jpg,2,4,有漂浮物,4,有漂浮物,-5.93359375,-6.4921875,-7.484375,-3.775390625,7.5546875,-7.265625,1.3870990187569987e-06,7.93438516666356e-07,2.9417904556794383e-07,1.2006133147224318e-05,0.9999852180480957,3.6611174891731935e-07
00928.jpg,2,4,有漂浮物,4,有漂浮物,-7.34765625,-6.16796875,-7.59765625,-4.21484375,9.0625,-6.90234375,7.467215823453444e-08,2.429352434774046e-07,5.8154736137794316e-08,1.7128601257354603e-06,0.9999977350234985,1.1656159415451839e-07
00929.jpg,2,4,有漂浮物,4,有漂浮物,-6.74609375,-6.40625,-8.3359375,-3.65625,8.6953125,-7.57421875,1.9673440476708492e-07,2.763583211162768e-07,4.0125449629613286e-08,4.322971562942257e-06,0.9999949932098389,8.594688694074648e-08
00932.jpg,2,4,有漂浮物,4,有漂浮物,-7.32421875,-4.82421875,-6.58203125,-3.21484375,7.3828125,-6.34765625,4.1001851514010923e-07,4.995048129785573e-06,8.612543069830281e-07,2.497366767784115e-05,0.9999676942825317,1.0887274584092665e-06
00937.jpg,2,4,有漂浮物,4,有漂浮物,-6.78515625,-6.08984375,-6.1328125,-4.24609375,7.01953125,-6.85546875,1.0108630021932186e-06,2.0261081772332545e-06,1.9408928437769646e-06,1.280539800063707e-05,0.9999812841415405,9.422278708370868e-07
00941.jpg,2,4,有漂浮物,4,有漂浮物,-7.765625,-6.9765625,-7.05859375,-3.51171875,8.0703125,-6.8515625,1.325974636756655e-07,2.918909842719586e-07,2.6890259618994605e-07,9.33218325371854e-06,0.9999896287918091,3.307558529286325e-07
00946.jpg,2,4,有漂浮物,4,有漂浮物,-7.328125,-6.1640625,-6.45703125,-2.634765625,7.453125,-5.69921875,3.8068407093305723e-07,1.2193000884508365e-06,9.096533517549688e-07,4.1578114178264514e-05,0.9999539852142334,1.9408398657105863e-06
00948.jpg,2,4,有漂浮物,4,有漂浮物,-7.27734375,-5.3515625,-7.04296875,-2.259765625,7.4921875,-4.62890625,3.8516327549587004e-07,2.642415211084881e-06,4.868920200351567e-07,5.817700730403885e-05,0.9999327659606934,5.443104328151094e-06
00952.jpg,2,4,有漂浮物,4,有漂浮物,-7.78515625,-5.2421875,-6.58984375,-2.474609375,6.83203125,-5.57421875,4.4853010194856324e-07,5.704123395844363e-06,1.4822081766396877e-06,9.080981544684619e-05,0.9998974800109863,4.0925078792497516e-06
00957.jpg,2,4,有漂浮物,4,有漂浮物,-7.57421875,-6.05078125,-7.32421875,-1.6376953125,6.84765625,-6.88671875,5.452146751849796e-07,2.5014282982738223e-06,7.000695063652529e-07,0.00020642719755414873,0.9997888207435608,1.0842887832041015e-06
00961.jpg,2,4,有漂浮物,4,有漂浮物,-6.36328125,-4.63671875,-4.82421875,-3.029296875,5.51171875,-6.4609375,6.960354767215904e-06,3.912622560164891e-05,3.2436779292766005e-05,0.00019523710943758488,0.9997199177742004,6.312767709459877e-06
00962.jpg,2,4,有漂浮物,4,有漂浮物,-6.7890625,-6.11328125,-5.01953125,-3.396484375,6.17578125,-7.1484375,2.3409918412653496e-06,4.601379259838723e-06,1.3737179870076943e-05,6.962702900636941e-05,0.9999079704284668,1.634275804462959e-06
00967.jpg,2,4,有漂浮物,4,有漂浮物,-7.921875,-6.4921875,-5.44140625,-3.58203125,6.79296875,-7.87109375,4.0682513713363733e-07,1.6994687257465557e-06,4.86028420709772e-06,3.120168184977956e-05,0.9999613761901855,4.2801775634870864e-07
00972.jpg,2,4,有漂浮物,4,有漂浮物,-8.40625,-6.5859375,-5.31640625,-3.83203125,7.36328125,-6.81640625,1.417005535131466e-07,8.748290838411776e-07,3.113677166766138e-06,1.373818849970121e-05,0.9999814033508301,6.947553288227937e-07
00976.jpg,2,4,有漂浮物,4,有漂浮物,-7.2109375,-4.796875,-7.390625,-5.65625,9.875,-4.9375,3.79901656799575e-08,4.2470284711271233e-07,3.174196905320059e-08,1.7983049360736914e-07,0.999998927116394,3.689882532853517e-07
00977.jpg,2,4,有漂浮物,4,有漂浮物,-8.015625,-5.37890625,-6.3046875,-4.31640625,8.0703125,-5.46875,1.0326728983045541e-07,1.4423650327444193e-06,5.714964004255307e-07,4.173621618974721e-06,0.9999923706054688,1.3184285307943355e-06
00980.jpg,2,4,有漂浮物,4,有漂浮物,-6.359375,-4.78515625,-5.66015625,-5.06640625,8.484375,-3.857421875,3.5763301298175065e-07,1.7262834717257647e-06,7.196220508376427e-07,1.3030671652813908e-06,0.9999915361404419,4.365379936643876e-06
00983.jpg,2,4,有漂浮物,4,有漂浮物,-4.1953125,-6.60546875,-5.7890625,-6.10546875,8.453125,-5.7421875,3.212558567611268e-06,2.8849183308921056e-07,6.526708489218436e-07,4.756425937557651e-07,0.9999946355819702,6.839931643298769e-07
00989.jpg,2,4,有漂浮物,4,有漂浮物,-7.87109375,-5.0703125,-6.09765625,-2.482421875,8.09375,-5.25,1.1655838250135275e-07,1.9182596133759944e-06,6.866534931759816e-07,2.5516081223031506e-05,0.9999701976776123,1.6027657920858474e-06
00992.jpg,2,4,有漂浮物,4,有漂浮物,-7.26953125,-2.966796875,-5.84765625,-2.2734375,7.7578125,-3.685546875,2.976278494770668e-07,2.1995172573952004e-05,1.2336331565165892e-06,4.3999680201523006e-05,0.9999217987060547,1.0719590136432089e-05
00996.jpg,2,4,有漂浮物,4,有漂浮物,-8.3125,-5.13671875,-6.70703125,-3.326171875,9.53125,-3.896484375,1.7805570351470124e-08,4.2636361285985913e-07,8.867517919952661e-08,2.60669776253053e-06,0.9999954700469971,1.4736932598680141e-06
01003.jpg,2,4,有漂浮物,4,有漂浮物,-7.984375,-4.484375,-6.5,-1.98046875,8.1796875,-5.41015625,9.550319646223215e-08,3.162631401210092e-06,4.213798661112378e-07,3.8679536373820156e-05,0.9999563694000244,1.2531033917184686e-06
01008.jpg,2,4,有漂浮物,4,有漂浮物,-7.33984375,-4.0859375,-6.18359375,-2.40625,8.125,-4.45703125,1.9217111457692226e-07,4.975555839337176e-06,6.107185299697448e-07,2.6688285288400948e-05,0.9999641180038452,3.433030542510096e-06
01010.jpg,2,4,有漂浮物,4,有漂浮物,-6.44921875,-4.484375,-5.4375,-1.685546875,7.28125,-4.5078125,1.0886024028877728e-06,7.765869668219239e-06,2.994009491885663e-06,0.0001275574031751603,0.9998528957366943,7.585973435197957e-06
01013.jpg,2,4,有漂浮物,4,有漂浮物,-7.41796875,-4.53515625,-6.2890625,-3.349609375,9.1953125,-3.33203125,6.0945261282086e-08,1.088753379008267e-06,1.8845935301214922e-07,3.562919118849095e-06,0.9999915361404419,3.6261023979022866e-06
01017.jpg,2,4,有漂浮物,4,有漂浮物,-6.7109375,-4.14453125,-6.1328125,-3.6015625,9.0859375,-3.873046875,1.3787992259040038e-07,1.7950524124898948e-06,2.457975369907217e-07,3.0894802875991445e-06,0.9999923706054688,2.35494781009038e-06
01022.jpg,2,4,有漂浮物,4,有漂浮物,-6.2890625,-3.85546875,-5.06640625,-2.25390625,7.87890625,-4.42578125,7.029190101093263e-07,8.013119440875016e-06,2.3872512429079507e-06,3.975130312028341e-05,0.9999445676803589,4.530207206698833e-06
01027.jpg,2,4,有漂浮物,4,有漂浮物,-6.39453125,-4.13671875,-5.3984375,-3.341796875,8.4765625,-3.107421875,3.4798202364072495e-07,3.3274559427809436e-06,9.422253697266569e-07,7.367878424702212e-06,0.9999786615371704,9.313870577898342e-06
01031.jpg,2,4,有漂浮物,4,有漂浮物,-7.04296875,-4.59375,-5.765625,-1.958984375,8.0546875,-4.078125,2.7742621000470535e-07,3.2124005429068347e-06,9.95155232885736e-07,4.478100890992209e-05,0.9999454021453857,5.37975847691996e-06
01035.jpg,2,4,有漂浮物,4,有漂浮物,-7.1484375,-4.9921875,-6.35546875,-2.2265625,8.40625,-4.94921875,1.7566004828495352e-07,1.5174712189036654e-06,3.881994814491918e-07,2.4111050151987e-05,0.9999722242355347,1.5840962532820413e-06
01040.jpg,2,4,有漂浮物,4,有漂浮物,-7.125,-4.171875,-6.26953125,-1.1806640625,7.8359375,-4.203125,3.180453234108427e-07,6.095577646192396e-06,7.481942247977713e-07,0.00012136159784859046,0.9998655319213867,5.908037110202713e-06
01044.jpg,2,4,有漂浮物,4,有漂浮物,-7.0,-2.849609375,-5.51171875,-2.123046875,7.66015625,-3.130859375,4.296637996503705e-07,2.7265939934295602e-05,1.9031854208151344e-06,5.638486982206814e-05,0.9998934268951416,2.0581412172759883e-05
01048.jpg,2,4,有漂浮物,4,有漂浮物,-6.44921875,-4.67578125,-5.44921875,-3.32421875,8.5078125,-2.998046875,3.1932654565025587e-07,1.8811747395375278e-06,8.680195264787471e-07,7.267838554980699e-06,0.9999796152114868,1.0070705684483983e-05
01054.jpg,2,4,有漂浮物,4,有漂浮物,-9.1640625,-6.5546875,-6.85546875,-3.88671875,9.8515625,-3.591796875,5.515918388709906e-09,7.496439025089785e-08,5.549161841145178e-08,1.0802868928294629e-06,0.9999973773956299,1.4508485719488817e-06
01058.jpg,2,4,有漂浮物,4,有漂浮物,-8.0859375,-9.078125,-7.015625,-3.396484375,8.8515625,-6.4296875,4.406917852861625e-08,1.633929791466926e-08,1.2851853625761578e-07,4.794447249878431e-06,0.9999947547912598,2.3090598233466153e-07
01061.jpg,2,4,有漂浮物,4,有漂浮物,-10.265625,-8.7890625,-7.2109375,-3.25390625,9.8125,-6.1171875,1.9062511569245544e-09,8.345321766967118e-09,4.044026979954651e-08,2.115099960064981e-06,0.9999977350234985,1.2073235211573774e-07
01063.jpg,2,4,有漂浮物,4,有漂浮物,-9.171875,-6.75390625,-7.70703125,-4.50390625,9.9921875,-4.33203125,4.7550257065154256e-09,5.3365841523600466e-08,2.0574365322545418e-08,5.063209869149432e-07,0.9999988079071045,6.012710969116597e-07
01067.jpg,2,4,有漂浮物,4,有漂浮物,-9.7265625,-7.84375,-7.2265625,-3.51953125,9.5,-4.9140625,4.466925940249666e-09,2.9356471031860565e-08,5.4418297423808326e-08,2.2166043436300242e-06,0.9999971389770508,5.496053177012072e-07
01071.jpg,2,4,有漂浮物,4,有漂浮物,-4.71875,-5.11328125,-5.3359375,-4.734375,6.5546875,-3.654296875,1.2704998880508356e-05,8.563117262383457e-06,6.853832928754855e-06,1.2508025974966586e-05,0.999922513961792,3.683500472106971e-05
01076.jpg,2,4,有漂浮物,4,有漂浮物,-5.61328125,-5.64453125,-7.109375,-4.0078125,7.24609375,-5.5390625,2.6015670755441533e-06,2.5215254026988987e-06,5.827600375596376e-07,1.2956307728018146e-05,0.9999784231185913,2.8019981073157396e-06
01077.jpg,2,4,有漂浮物,4,有漂浮物,-4.671875,-7.6171875,-4.015625,-6.07421875,7.12890625,-3.83203125,7.498385457438417e-06,3.943072783840762e-07,1.4453516087087337e-05,1.8447503862262238e-06,0.9999583959579468,1.7366299289278686e-05
01081.jpg,2,4,有漂浮物,4,有漂浮物,-5.20703125,-5.56640625,-5.6640625,-3.845703125,7.15625,-3.85546875,4.272445039532613e-06,2.982647174576414e-06,2.705143742787186e-06,1.6668394891894422e-05,0.9999569654464722,1.6506408428540453e-05
01087.jpg,2,4,有漂浮物,4,有漂浮物,-5.97265625,-8.546875,-1.4619140625,-5.1953125,5.2890625,-8.9453125,1.2840193448937498e-05,9.785939028006396e-07,0.001168320421129465,2.793622115859762e-05,0.9987892508506775,6.569969173142454e-07
01088.jpg,2,4,有漂浮物,4,有漂浮物,-5.2109375,-8.5859375,-2.052734375,-5.2734375,4.7734375,-9.046875,4.606066067935899e-05,1.5761091844979092e-06,0.0010837281588464975,4.326998532633297e-05,0.998824417591095,9.940396239471738e-07
01093.jpg,2,4,有漂浮物,4,有漂浮物,-3.466796875,-4.66796875,-2.025390625,-3.94140625,4.078125,-1.76953125,0.0005255624419078231,0.00015811096818652004,0.0022213608026504517,0.0003269670996814966,0.9938989877700806,0.002869045129045844
01097.jpg,2,4,有漂浮物,4,有漂浮物,-8.75,-7.11328125,-2.630859375,-4.125,6.71484375,-6.80078125,1.9215697477648064e-07,9.873566568785463e-07,8.733033610042185e-05,1.9600545783760026e-05,0.9998905658721924,1.3495566690835403e-06
01098.jpg,2,4,有漂浮物,4,有漂浮物,-6.28515625,-6.3984375,-3.751953125,-4.515625,5.015625,-6.09765625,1.2359966603980865e-05,1.103620797948679e-05,0.00015565872308798134,7.252954674186185e-05,0.9997335076332092,1.490896556788357e-05
01104.jpg,2,4,有漂浮物,4,有漂浮物,-6.77734375,-4.2421875,-4.0859375,-5.21484375,6.5859375,-5.2109375,1.571718712511938e-06,1.983257789106574e-05,2.3186632461147383e-05,7.4982503974752035e-06,0.9999403953552246,7.5275975177646615e-06
01109.jpg,2,4,有漂浮物,4,有漂浮物,-5.59765625,-7.6171875,-2.646484375,-5.1953125,4.890625,-7.58984375,2.7844054784509353e-05,3.6953979360987432e-06,0.0005326109821908176,4.16359216615092e-05,0.9993903636932373,3.7978381897119107e-06
01110.jpg,2,4,有漂浮物,4,有漂浮物,-6.640625,-6.234375,-2.1953125,-5.44140625,5.44140625,-6.5,5.6573617257527076e-06,8.492705092066899e-06,0.0004821571346838027,1.8768432710203342e-05,0.9994783997535706,6.511582796520088e-06
01112.jpg,2,4,有漂浮物,4,有漂浮物,-6.890625,-7.48828125,-3.44140625,-5.828125,7.0,-7.0078125,9.276055834561703e-07,5.102752993479953e-07,2.919712096627336e-05,2.684115770534845e-06,0.9999657869338989,8.250294740719255e-07
01116.jpg,2,4,有漂浮物,4,有漂浮物,-6.60546875,-6.19140625,-3.5,-5.22265625,7.28125,-6.55078125,9.312421411777905e-07,1.408924390489119e-06,2.0785026208614e-05,3.712021225510398e-06,0.9999722242355347,9.835877108343993e-07
01120.jpg,2,4,有漂浮物,4,有漂浮物,-5.91796875,-6.4375,-4.90625,-3.625,5.91796875,-7.0234375,7.238887519633863e-06,4.30568525189301e-06,1.990928649320267e-05,7.169609307311475e-05,0.9998944997787476,2.396474883425981e-06
01123.jpg,2,4,有漂浮物,4,有漂浮物,-6.72265625,-4.43359375,-4.71875,-4.3125,6.57421875,-5.20703125,1.6796382169559365e-06,1.6570780644542538e-05,1.2459517165552825e-05,1.870394953584764e-05,0.9999428987503052,7.64615924708778e-06
01128.jpg,2,4,有漂浮物,4,有漂浮物,-7.03515625,-4.25,-5.4296875,-3.4296875,5.75,-4.81640625,2.8015235784550896e-06,4.53912653028965e-05,1.3952129847893957e-05,0.00010309305798728019,0.9998090863227844,2.5762332370504737e-05
01134.jpg,2,4,有漂浮物,4,有漂浮物,-5.39453125,-6.33984375,-2.9296875,-5.03125,4.8203125,-6.71484375,3.6602730688173324e-05,1.4222288882592693e-05,0.0004305083130020648,5.2636201871791855e-05,0.9994562268257141,9.77482704911381e-06
01138.jpg,2,4,有漂浮物,4,有漂浮物,-5.9296875,-7.33203125,-3.396484375,-5.203125,5.1953125,-7.453125,1.4735696822754107e-05,3.6252713471185416e-06,0.00018557814473751932,3.0472827347693965e-05,0.9997623562812805,3.211812327208463e-06
01139.jpg,2,4,有漂浮物,4,有漂浮物,-5.57421875,-7.01171875,-2.8671875,-5.484375,4.93359375,-7.25390625,2.7309099095873535e-05,6.486479378509102e-06,0.0004092192684765905,2.9876244298066013e-05,0.9995219707489014,5.091295861348044e-06
01143.jpg,2,4,有漂浮物,4,有漂浮物,-4.74609375,-6.8671875,-4.26171875,-4.69921875,4.77734375,-6.76171875,7.309691136470065e-05,8.764350241108332e-06,0.00011864800762850791,7.660491246497259e-05,0.999713122844696,9.739221241034102e-06
01150.jpg,2,4,有漂浮物,4,有漂浮物,-6.703125,-4.83984375,-5.11328125,-3.970703125,6.546875,-1.775390625,1.759832684911089e-06,1.1341855497448705e-05,8.628428986412473e-06,2.7048745323554613e-05,0.9997082352638245,0.0002429736778140068
01155.jpg,2,4,有漂浮物,4,有漂浮物,-6.96875,-4.05859375,-5.25,-3.716796875,6.66796875,-1.4501953125,1.195342974824598e-06,2.1946099877823144e-05,6.667087745881872e-06,3.08885719277896e-05,0.9996414184570312,0.00029796850867569447
01160.jpg,2,4,有漂浮物,4,有漂浮物,-7.80078125,-4.3359375,-5.9375,-3.37109375,6.6796875,-1.525390625,5.141219503457251e-07,1.6437232261523604e-05,3.3134383556898683e-06,4.313750105211511e-05,0.9996634721755981,0.0002731704153120518
01165.jpg,2,4,有漂浮物,4,有漂浮物,-6.015625,-4.21875,-3.322265625,-3.81640625,5.76171875,-1.2919921875,7.668082616874017e-06,4.624445500667207e-05,0.0001133438345277682,6.91505047143437e-05,0.9989004135131836,0.0008632457465864718
01169.jpg,2,4,有漂浮物,4,有漂浮物,-8.03125,-4.8828125,-5.328125,-4.53515625,8.1640625,-2.28125,9.256559962977917e-08,2.156744358217111e-06,1.3816621731166379e-06,3.0534010875271633e-06,0.9999642372131348,2.908324677264318e-05
01173.jpg,2,4,有漂浮物,4,有漂浮物,-7.82421875,-4.81640625,-4.87109375,-3.5234375,7.51171875,-3.419921875,2.1860917343019537e-07,4.425321094458923e-06,4.189809715171577e-06,1.612404412298929e-05,0.9999572038650513,1.7882581232697703e-05
01178.jpg,2,4,有漂浮物,4,有漂浮物,-5.40234375,-4.8046875,-6.0859375,-3.8359375,7.7578125,-3.3984375,1.9257672647654545e-06,3.500761749819503e-06,9.721264859763323e-07,9.223279448633548e-06,0.9999700784683228,1.4285294128058013e-05
01183.jpg,2,4,有漂浮物,4,有漂浮物,-4.51171875,-5.9453125,-5.23828125,-2.1953125,6.984375,-3.947265625,1.0168332664761692e-05,2.4246435259556165e-06,4.917084424960194e-06,0.00010309846402378753,0.999861478805542,1.7880869563668966e-05
01187.jpg,2,4,有漂浮物,4,有漂浮物,-3.046875,-3.642578125,-5.84765625,-3.77734375,7.34765625,-3.08203125,3.0596504075219855e-05,1.6864023564266972e-05,1.8591223351904773e-06,1.4737819583388045e-05,0.9999064207077026,2.9539532988565043e-05
01191.jpg,2,4,有漂浮物,4,有漂浮物,-3.455078125,-4.44140625,-5.1796875,-3.412109375,6.74609375,-4.51171875,3.712273246492259e-05,1.3844684872310609e-05,6.61685453451355e-06,3.8752616092097014e-05,0.9998908042907715,1.2904663890367374e-05
01195.jpg,2,4,有漂浮物,4,有漂浮物,-3.619140625,-4.25390625,-6.1640625,-2.740234375,7.1484375,-3.892578125,2.1069610738777556e-05,1.1168152013851795e-05,1.6535259419470094e-06,5.074119326309301e-05,0.9998993873596191,1.6028914615162648e-05
01201.jpg,2,4,有漂浮物,4,有漂浮物,-2.81640625,-3.470703125,-3.779296875,-3.0234375,7.02734375,-3.54296875,5.306888488121331e-05,2.7585600037127733e-05,2.026104812102858e-05,4.314469697419554e-05,0.9998302459716797,2.5662437110440806e-05
01205.jpg,2,4,有漂浮物,4,有漂浮物,-3.66015625,-3.23828125,-5.21875,-3.341796875,7.27734375,-3.044921875,1.7776983440853655e-05,2.7106663765152916e-05,3.7408424304885557e-06,2.4441047571599483e-05,0.9998940229415894,3.288902371423319e-05
01209.jpg,2,4,有漂浮物,4,有漂浮物,-6.66015625,-6.234375,-9.3828125,-0.7685546875,7.3515625,-5.65625,8.215931757149519e-07,1.2576831522892462e-06,5.3978673975052516e-08,0.0002974040398839861,0.999698281288147,2.2420626919483766e-06
01210.jpg,2,4,有漂浮物,4,有漂浮物,-5.625,-6.77734375,-9.125,-0.50048828125,6.421875,-6.3671875,5.857014457433252e-06,1.8502045122659183e-06,1.7686650721771002e-07,0.0009845175081864,0.9990049004554749,2.788356823657523e-06
01211.jpg,2,4,有漂浮物,4,有漂浮物,-5.2421875,-6.828125,-8.7265625,-0.90283203125,6.46875,-5.70703125,8.198318937502336e-06,1.678653006820241e-06,2.5146641746687237e-07,0.0006284677074290812,0.9993563294410706,5.1504571274563204e-06
01215.jpg,2,4,有漂浮物,4,有漂浮物,-7.12109375,-7.1484375,-8.25,-3.20703125,7.609375,-6.1484375,4.005245273219771e-07,3.8972109450696735e-07,1.2952433792179363e-07,2.006711292779073e-05,0.9999779462814331,1.0593716979201417e-06
01216.jpg,2,4,有漂浮物,4,有漂浮物,-7.41796875,-6.7109375,-8.34375,-2.56640625,7.421875,-5.6875,3.5901811656913196e-07,7.280750082827581e-07,1.422507835968645e-07,4.593282574205659e-05,0.9999507665634155,2.026046331593534e-06
01219.jpg,2,4,有漂浮物,4,有漂浮物,-5.421875,-4.68359375,-8.5703125,-2.076171875,6.37109375,-4.3984375,7.555552201665705e-06,1.5808756870683283e-05,3.2427777796328883e-07,0.00021443051809910685,0.9997408986091614,2.102516737068072e-05
01223.jpg,2,4,有漂浮物,4,有漂浮物,-4.91796875,-7.3671875,-3.490234375,-5.421875,5.47265625,-6.1484375,3.0713326850673184e-05,2.652434432093287e-06,0.0001280513097299263,1.8555949282017536e-05,0.9998111128807068,8.973070180218201e-06
01230.jpg,2,4,有漂浮物,4,有漂浮物,-4.3984375,-5.00390625,-2.65625,-5.0,4.34765625,-3.416015625,0.00015881689614616334,8.668519876664504e-05,0.0009068158688023686,8.70244693942368e-05,0.9983364939689636,0.00042418675730004907
01235.jpg,2,4,有漂浮物,4,有漂浮物,-5.9140625,-7.78125,-2.994140625,-5.10546875,5.1484375,-6.48828125,1.568425795994699e-05,2.4241232949862024e-06,0.00029078361694701016,3.5207223845645785e-05,0.9996470212936401,8.832505955069792e-06
01241.jpg,2,4,有漂浮物,4,有漂浮物,-4.15234375,-7.5234375,-3.1328125,-4.5703125,4.203125,-6.1484375,0.0002348532434552908,8.067689122981392e-06,0.0006509885424748063,0.0001546233397675678,0.9989196062088013,3.190833012922667e-05
02044.jpg,2,3,乱占,4,有漂浮物,-5.09375,-1.2939453125,-5.0703125,1.6982421875,2.861328125,-4.1640625,0.0002638559089973569,0.011792369186878204,0.00027011308702640235,0.23501282930374146,0.7519922852516174,0.0006685362895950675
02045.jpg,2,3,乱占,3,乱占,-0.5869140625,-5.8984375,-0.85107421875,2.794921875,-1.048828125,-6.9453125,0.03141755238175392,0.00015502687892876565,0.024123985320329666,0.9244534373283386,0.019795460626482964,5.441955727292225e-05
02047.jpg,2,3,乱占,3,乱占,1.0966796875,-6.03515625,-3.734375,6.69921875,-3.263671875,-5.35546875,0.0036746191326528788,2.9369416552071925e-06,2.931648850790225e-05,0.9962403774261475,4.693920345744118e-05,5.7953529903898016e-06
02050.jpg,2,3,乱占,3,乱占,-2.50390625,-4.44921875,-1.26171875,6.19140625,-2.115234375,-4.64453125,0.00016719505947548896,2.3899287043605e-05,0.000579026760533452,0.9989635944366455,0.00024661613861098886,1.9659017198137008e-05
02057.jpg,2,0,乱采,0,乱采,5.51171875,-4.484375,-0.765625,-0.6123046875,-2.568359375,-5.2734375,0.9955756664276123,4.5375971239991486e-05,0.0018700729124248028,0.0021799406968057156,0.0003082768525928259,2.0612962543964386e-05
02061.jpg,2,2,乱堆,2,乱堆,-0.348876953125,-4.359375,0.99169921875,-3.498046875,-0.3701171875,-4.8828125,0.17030034959316254,0.003086585784330964,0.6507592797279358,0.007303792517632246,0.16672128438949585,0.0018287416314706206
02065.jpg,2,0,乱采,0,乱采,5.109375,-5.38671875,-3.619140625,0.43603515625,-1.2490234375,-6.98828125,0.9888573288917542,2.733619294303935e-05,0.00016009857063181698,0.009236936457455158,0.001712838071398437,5.510465598490555e-06
02069.jpg,2,0,乱采,0,乱采,6.80859375,-3.916015625,-2.09765625,2.25,-2.98828125,-5.7265625,0.9894194602966309,2.1764153643744066e-05,0.00013410508108790964,0.010365932248532772,5.503661304828711e-05,3.559846390999155e-06
02073.jpg,2,3,乱占,3,乱占,-2.982421875,-2.759765625,-0.9091796875,1.880859375,-1.1796875,-1.484375,0.006658350117504597,0.008318883366882801,0.05293760448694229,0.8619118332862854,0.04039096087217331,0.029782429337501526
02077.jpg,2,3,乱占,3,乱占,-5.453125,-4.52734375,-5.34765625,3.8671875,1.1474609375,-4.47265625,8.399623038712889e-05,0.00021199298498686403,9.333924390375614e-05,0.9376053810119629,0.061781417578458786,0.0002239092136733234
02081.jpg,2,3,乱占,3,乱占,-4.14453125,-4.31640625,-4.6875,5.76171875,-0.82373046875,-4.453125,4.9785510782385245e-05,4.192360211163759e-05,2.8926417144248262e-05,0.9984645843505859,0.0013781877933070064,3.656641274574213e-05
02083.jpg,2,3,乱占,3,乱占,-2.46484375,-2.650390625,-0.74365234375,5.0390625,-2.8515625,-4.94921875,0.0005484551656991243,0.0004555742198135704,0.003066514851525426,0.9955112934112549,0.00037255577626638114,4.572889884002507e-05
02088.jpg,2,3,乱占,3,乱占,-3.59375,-2.37109375,-3.30078125,3.138671875,0.26953125,-0.64306640625,0.0010969071881845593,0.003725313115864992,0.0014702954795211554,0.9204995632171631,0.05223621055483818,0.020971791818737984
02092.jpg,2,0,乱采,0,乱采,3.666015625,-3.724609375,-1.0625,0.720703125,-2.15234375,-3.76171875,0.9384303092956543,0.0005790210561826825,0.0082953330129385,0.04934794455766678,0.002789463382214308,0.0005579277640208602
02096.jpg,2,0,乱采,0,乱采,5.92578125,-7.328125,-0.931640625,0.3720703125,-2.0,-4.9765625,0.9947217702865601,1.7442281432522577e-06,0.0010460709454491735,0.003852614900097251,0.00035940040834248066,1.8317823560209945e-05
02102.jpg,2,2,乱堆,2,乱堆,-3.29296875,-4.78515625,6.3515625,-1.83984375,-0.80029296875,-4.765625,6.470414518844336e-05,1.4550679225067142e-05,0.9988465309143066,0.0002767045225482434,0.0007825054926797748,1.4837665730738081e-05
02106.jpg,2,2,乱堆,2,乱堆,-0.267578125,-3.572265625,7.484375,-2.841796875,-2.55859375,-3.9609375,0.00042967317858710885,1.5773593986523338e-05,0.9994675517082214,3.27468296745792e-05,4.346731293480843e-05,1.0693814147089142e-05
02111.jpg,2,2,乱堆,2,乱堆,-2.033203125,-6.62109375,4.9140625,-1.3642578125,-1.140625,-4.25,0.0009561928454786539,9.728590157465078e-06,0.9947286248207092,0.0018666578689590096,0.002334464341402054,0.00010418442980153486
02112.jpg,2,3,乱占,3,乱占,-0.9462890625,-5.14453125,-4.2421875,6.8671875,-2.572265625,-6.82421875,0.00040404577157460153,6.069559276511427e-06,1.4963737157813739e-05,0.9994943141937256,7.948367419885471e-05,1.1315614756313153e-06
02116.jpg,2,3,乱占,3,乱占,-0.71435546875,-6.42578125,-3.033203125,7.2578125,-3.12109375,-6.36328125,0.0003447882190812379,1.140543076871836e-06,3.392264261492528e-05,0.9995878338813782,3.10684263240546e-05,1.2141018714828533e-06
02121.jpg,2,3,乱占,3,乱占,-0.51220703125,-5.80078125,-3.62890625,7.65625,-4.375,-5.0703125,0.0002833682228811085,1.4307131550594931e-06,1.2554108252516016e-05,0.999693751335144,5.9533508647291455e-06,2.9702368919970468e-06
02125.jpg,2,0,乱采,0,乱采,6.90625,-3.7421875,0.50439453125,-3.603515625,-2.4609375,-2.416015625,0.9981191754341125,2.369325557083357e-05,0.0016553577734157443,2.721755845414009e-05,8.532269566785544e-05,8.924293797463179e-05
02131.jpg,2,3,乱占,3,乱占,-3.0390625,-2.93359375,-4.03125,7.68359375,-2.662109375,-1.21875,2.2034986614016816e-05,2.4485965695930645e-05,8.169796274160035e-06,0.9997771382331848,3.212339652236551e-05,0.00013603930710814893
02136.jpg,2,3,乱占,3,乱占,-4.05078125,-0.296875,-2.37109375,3.4609375,0.28076171875,-2.458984375,0.0005103653529658914,0.021786225959658623,0.0027375381905585527,0.9336394667625427,0.03881918266415596,0.002507204655557871
02140.jpg,2,2,乱堆,2,乱堆,-2.94921875,-4.33984375,6.125,-6.25390625,1.7265625,-2.90625,0.0001131604440161027,2.8167864002170973e-05,0.9875925183296204,4.154197085881606e-06,0.012143968604505062,0.00011812879529315978
02144.jpg,2,3,乱占,3,乱占,-2.470703125,-4.7109375,-0.7587890625,5.32421875,-1.3955078125,-3.279296875,0.0004101282393094152,4.36514092143625e-05,0.0022719278931617737,0.9958897233009338,0.0012019076384603977,0.00018270561122335494
02148.jpg,2,3,乱占,3,乱占,-1.974609375,-4.3359375,-1.42578125,5.96484375,-2.279296875,-2.998046875,0.00035590387415140867,3.355992157594301e-05,0.0006161489873193204,0.9986042380332947,0.00026242705644108355,0.00012789673928637058
02487.jpg,2,1,乱建,4,有漂浮物,-3.60546875,-2.103515625,-4.859375,-0.77294921875,2.96484375,-2.4609375,0.001352268853224814,0.0060722967609763145,0.00038592107011936605,0.022972626611590385,0.9649693369865417,0.0042474339716136456
02488.jpg,2,1,乱建,4,有漂浮物,-6.71875,-0.5361328125,-3.47265625,-2.728515625,4.6015625,-4.265625,1.2039959983667359e-05,0.00583044346421957,0.0003093040722887963,0.0006509711965918541,0.9930572509765625,0.00013995991321280599
00005.jpg,3,4,有漂浮物,4,有漂浮物,-5.75390625,-5.5625,-3.302734375,-4.23828125,8.2421875,-2.814453125,8.347572588718322e-07,1.0108503829542315e-06,9.684799806564115e-06,3.8000366657797713e-06,0.9999688863754272,1.5781506590428762e-05
00010.jpg,3,4,有漂浮物,4,有漂浮物,-5.37890625,-4.7421875,-4.6015625,-5.36328125,8.8125,-3.63671875,6.866683861517231e-07,1.2979874099983135e-06,1.4939743095965241e-06,6.974818802518712e-07,0.9999918937683105,3.92075298805139e-06
00013.jpg,3,4,有漂浮物,4,有漂浮物,-5.98828125,-5.10546875,-4.75,-5.38671875,9.34375,-3.814453125,2.194733355054268e-07,5.306184789333201e-07,7.571126161565189e-07,4.005318317013007e-07,0.9999961853027344,1.929582595039392e-06
00016.jpg,3,4,有漂浮物,4,有漂浮物,-2.865234375,-3.32421875,-3.181640625,-4.11328125,6.71875,-2.1953125,6.88003929099068e-05,4.347669892013073e-05,5.013920599594712e-05,1.975018130906392e-05,0.9996833801269531,0.00013444179785437882
00020.jpg,3,4,有漂浮物,4,有漂浮物,-1.595703125,-2.224609375,-0.143310546875,0.71923828125,0.8115234375,-1.5419921875,0.03560095652937889,0.018981527537107468,0.152134507894516,0.36043581366539,0.3952818512916565,0.03756539896130562
00024.jpg,3,4,有漂浮物,4,有漂浮物,-7.3203125,-6.21875,-4.1015625,-4.97265625,6.76171875,-1.8720703125,7.658806566723797e-07,2.3044303816277534e-06,1.914460699481424e-05,8.01189526100643e-06,0.9997918009757996,0.00017795189341995865
00029.jpg,3,4,有漂浮物,4,有漂浮物,-4.53515625,-3.78125,-5.32421875,-2.94140625,6.328125,-3.30078125,1.914421773108188e-05,4.0686933061806485e-05,8.696652912476566e-06,9.423113806406036e-05,0.9997714161872864,6.578394095413387e-05
00030.jpg,3,4,有漂浮物,4,有漂浮物,-6.67578125,-2.68359375,-4.23828125,-2.931640625,6.5078125,-1.7490234375,1.8803400507749757e-06,0.00010186415602220222,2.151935223082546e-05,7.948698475956917e-05,0.9995359182357788,0.0002593582612462342
00034.jpg,3,4,有漂浮物,4,有漂浮物,-4.87890625,-3.85546875,-4.96484375,-4.4375,8.296875,-2.587890625,1.8959096905746264e-06,5.2758314268430695e-06,1.7397845795130706e-06,2.947935172414873e-06,0.999969482421875,1.8741015082923695e-05
00038.jpg,3,4,有漂浮物,4,有漂浮物,-5.59765625,-3.373046875,-4.9375,-3.080078125,7.03515625,-2.416015625,3.2626483061903855e-06,3.0179069653968327e-05,6.3135335039987694e-06,4.045205423608422e-05,0.9998412132263184,7.858492608647794e-05
00042.jpg,3,4,有漂浮物,4,有漂浮物,-5.3984375,-4.08203125,-4.12890625,-2.94140625,5.78125,-1.564453125,1.394191258441424e-05,5.200322993914597e-05,4.962182720191777e-05,0.00016270371270366013,0.9990769624710083,0.0006447637570090592
00047.jpg,3,4,有漂浮物,4,有漂浮物,-2.693359375,-4.31640625,-3.6796875,-3.62109375,5.93359375,-2.912109375,0.00017912093608174473,3.533996277838014e-05,6.680201477138326e-05,7.083313539624214e-05,0.9995039701461792,0.00014392772573046386
00051.jpg,3,4,有漂浮物,4,有漂浮物,-4.87890625,-4.90234375,-6.1796875,-5.921875,9.5859375,-3.23046875,5.223918719821086e-07,5.102907039145066e-07,1.4225720690319577e-07,1.8409450319722964e-07,0.9999959468841553,2.7158371267432813e-06
00055.jpg,3,4,有漂浮物,4,有漂浮物,-2.232421875,-4.1015625,-1.2646484375,-4.609375,5.95703125,-1.3818359375,0.0002770872670225799,4.274241655366495e-05,0.0007293150993064046,2.5722840291564353e-05,0.9982764720916748,0.0006486662896350026
00059.jpg,3,4,有漂浮物,4,有漂浮物,-4.63671875,-2.85546875,-3.892578125,-5.9609375,8.5859375,-3.173828125,1.809100240279804e-06,1.0741123332991265e-05,3.8074904296081513e-06,4.812400220544077e-07,0.999975323677063,7.812463081791066e-06
00060.jpg,3,4,有漂浮物,4,有漂浮物,-6.2890625,-7.07421875,-4.97265625,-7.2578125,9.546875,-3.04296875,1.3259828790523898e-07,6.047123690677836e-08,4.945906653119891e-07,5.0328633705021275e-08,0.9999958276748657,3.406422365515027e-06
00065.jpg,3,4,有漂浮物,4,有漂浮物,-4.48828125,-5.90625,-4.84765625,-4.9765625,6.828125,-3.1875,1.2170664376753848e-05,2.9478017040673876e-06,8.496493137499783e-06,7.468896455975482e-06,0.9999241828918457,4.4692682422464713e-05
00070.jpg,3,4,有漂浮物,4,有漂浮物,-5.86328125,-4.4765625,-2.501953125,-4.79296875,6.4921875,0.77490234375,4.2913479774142615e-06,1.717267878120765e-05,0.00012370862532407045,1.2514818081399426e-05,0.996565043926239,0.003277330659329891
00076.jpg,3,4,有漂浮物,4,有漂浮物,-6.87109375,-5.53515625,-4.890625,-4.8203125,9.125,-1.7734375,1.1297328228465631e-07,4.2970066260750173e-07,8.186200943782751e-07,8.78251171343436e-07,0.9999792575836182,1.848671308835037e-05
00080.jpg,3,4,有漂浮物,4,有漂浮物,-5.59765625,-5.10546875,-3.5078125,-3.99609375,6.98828125,-1.3798828125,3.4187921755801653e-06,5.592770776274847e-06,2.7636326194624417e-05,1.6959867934929207e-05,0.9997143149375916,0.0002320750500075519
00085.jpg,3,4,有漂浮物,4,有漂浮物,-3.826171875,-3.14453125,-2.822265625,-1.9375,3.947265625,-2.240234375,0.00041774107376113534,0.0008259236929006875,0.0011399822542443871,0.0027615120634436607,0.9928146600723267,0.0020401920191943645
00089.jpg,3,4,有漂浮物,4,有漂浮物,-4.703125,-3.720703125,-2.712890625,-5.60546875,7.453125,-1.04296875,5.254035841062432e-06,1.4033093975740485e-05,3.844509046757594e-05,2.131130941052106e-06,0.9997360110282898,0.00020421079534571618
00093.jpg,3,4,有漂浮物,4,有漂浮物,-7.0390625,-8.34375,-4.92578125,-6.09375,7.99609375,-3.14453125,2.9532944267884886e-07,8.011026153553757e-08,2.44395437221101e-06,7.600650064887304e-07,0.9999818801879883,1.4510425899061374e-05
00099.jpg,3,4,有漂浮物,4,有漂浮物,-5.58203125,-3.900390625,-5.21484375,-4.5703125,8.3984375,-1.59765625,8.478829158775625e-07,4.556833573587937e-06,1.224061975335644e-06,2.3319528281717794e-06,0.9999455213546753,4.557513602776453e-05
00103.jpg,3,4,有漂浮物,4,有漂浮物,-5.0234375,-1.6953125,-2.82421875,-3.341796875,4.31640625,-0.9755859375,8.7083870312199e-05,0.0024284215178340673,0.0007853193674236536,0.00046802061842754483,0.9912434816360474,0.004987665917724371
00107.jpg,3,4,有漂浮物,4,有漂浮物,-7.32421875,-3.767578125,-3.490234375,-0.0894775390625,5.59375,-2.12109375,2.443666062390548e-06,8.563893788959831e-05,0.00011301083577563986,0.003388832090422511,0.9959657192230225,0.0004443552461452782
00110.jpg,3,4,有漂浮物,4,有漂浮物,-4.43359375,-3.419921875,-2.896484375,-5.4453125,7.76953125,-2.21484375,5.0143080443376675e-06,1.3817933904647361e-05,2.332217809453141e-05,1.8231698959425557e-06,0.9999098777770996,4.611071926774457e-05
00111.jpg,3,4,有漂浮物,4,有漂浮物,-3.8984375,-3.87890625,-2.376953125,-7.47265625,8.65625,-2.798828125,3.5282043882034486e-06,3.5977918741991743e-06,1.6155707271536812e-05,9.892139729572591e-08,0.999966025352478,1.0595172170724254e-05
00114.jpg,3,5,正常,4,有漂浮物,-4.72265625,-1.306640625,-1.939453125,1.1142578125,3.978515625,-0.51025390625,0.00015461190196219832,0.004707600921392441,0.002500188071280718,0.05298860743641853,0.9292099475860596,0.010439170524477959
00119.jpg,3,4,有漂浮物,4,有漂浮物,-2.8828125,-1.1982421875,-4.9609375,-2.62109375,5.62890625,-2.541015625,0.00020072566985618323,0.0010819383896887302,2.512376340746414e-05,0.00026077497750520706,0.998149037361145,0.0002825162373483181
00123.jpg,3,4,有漂浮物,4,有漂浮物,-5.54296875,-3.138671875,0.399169921875,-2.177734375,5.609375,-1.4013671875,1.4242636098060757e-05,0.00015767513832543045,0.005422860383987427,0.0004121858801227063,0.9930971264839172,0.0008959114202298224
00129.jpg,3,4,有漂浮物,4,有漂浮物,-5.859375,-4.96484375,-3.267578125,-5.39453125,7.68359375,-2.73828125,1.3132274716554093e-06,3.2124023618962383e-06,1.7536503946757875e-05,2.09035010811931e-06,0.9999459981918335,2.977239273604937e-05
00135.jpg,3,4,有漂浮物,4,有漂浮物,-4.84765625,-4.33203125,-2.57421875,-4.4921875,7.1640625,-1.4091796875,6.070972631277982e-06,1.0166965694224928e-05,5.896572474739514e-05,8.662364052725025e-06,0.9997270703315735,0.00018904694297816604
00140.jpg,3,4,有漂浮物,4,有漂浮物,-2.640625,-4.26171875,-4.578125,-4.95703125,6.296875,-3.673828125,0.00013133807806298137,2.5963219741242938e-05,1.8921042283182032e-05,1.2953531040693633e-05,0.9997641444206238,4.6738652599742636e-05
00145.jpg,3,4,有漂浮物,4,有漂浮物,-7.6953125,-5.01953125,-4.5390625,-3.87109375,8.140625,-1.8251953125,1.3259112563446251e-07,1.925712695083348e-06,3.1135539302340476e-06,6.0722768466803245e-06,0.9999418258666992,4.6975776058388874e-05
00149.jpg,3,4,有漂浮物,4,有漂浮物,-6.484375,-7.2109375,-5.3671875,-6.4375,9.203125,-2.962890625,1.5381641560452408e-07,7.43807504477445e-08,4.7010084358589665e-07,1.6119821566462633e-07,0.9999939203262329,5.204318767937366e-06
00150.jpg,3,4,有漂浮物,4,有漂浮物,-6.58203125,-2.263671875,-5.32421875,-2.15234375,6.3515625,-1.7119140625,2.4138121261785273e-06,0.00018119369633495808,8.49110983835999e-06,0.00020253135880921036,0.9992907047271729,0.0003146070521324873
00154.jpg,3,4,有漂浮物,4,有漂浮物,-7.8046875,-1.099609375,-4.4609375,-5.42578125,7.8984375,-1.9345703125,1.5140487619191845e-07,0.0001236284151673317,4.288565378374187e-06,1.6341266473318683e-06,0.9998167157173157,5.364130629459396e-05
00161.jpg,3,4,有漂浮物,4,有漂浮物,-6.05078125,-6.046875,-4.0234375,-4.640625,5.83203125,-1.62109375,6.903469511598814e-06,6.9304887801990844e-06,5.2424173190956935e-05,2.8280719561735168e-05,0.999326229095459,0.0005792369483970106
00166.jpg,3,4,有漂浮物,4,有漂浮物,-5.046875,-4.66796875,-4.50390625,-4.5859375,7.12890625,-2.111328125,5.153121492185164e-06,7.527092293457827e-06,8.869082193996292e-06,8.170581168087665e-06,0.9998732805252075,9.7042546258308e-05
00171.jpg,3,4,有漂浮物,4,有漂浮物,-5.2734375,-5.45703125,-4.69921875,-4.62890625,7.890625,-3.033203125,1.918261887112749e-06,1.5965190414135577e-06,3.406339146749815e-06,3.6544686281558825e-06,0.9999713897705078,1.802309270715341e-05
00176.jpg,3,4,有漂浮物,4,有漂浮物,-5.24609375,-3.56640625,-2.80078125,-6.890625,8.734375,-1.29296875,8.478785957777291e-07,4.547918706521159e-06,9.77956187853124e-06,1.6372796096675302e-07,0.9999403953552246,4.41727097495459e-05
00181.jpg,3,4,有漂浮物,4,有漂浮物,-5.3359375,-4.828125,-3.78515625,-3.712890625,7.15625,-1.302734375,3.754910267161904e-06,6.239356025616871e-06,1.7704975107335486e-05,1.903180054796394e-05,0.9997413754463196,0.0002119324344675988
00185.jpg,3,4,有漂浮物,4,有漂浮物,-6.79296875,-4.69921875,-5.8515625,-4.86328125,10.03125,-1.6552734375,4.9354930808931385e-08,4.005295863862557e-07,1.2652550651637284e-07,3.39925037451394e-07,0.9999905824661255,8.406268534599803e-06
00190.jpg,3,4,有漂浮物,4,有漂浮物,-5.3515625,-4.82421875,-5.8671875,-3.6328125,7.73046875,-2.537109375,2.082202399833477e-06,3.5281366308481665e-06,1.2433398524080985e-06,1.1613591595960315e-05,0.9999468326568604,3.473956530797295e-05
00194.jpg,3,4,有漂浮物,4,有漂浮物,-4.9453125,-3.33203125,-3.21484375,-3.45703125,6.81640625,-1.0458984375,7.79343372414587e-06,3.911721796612255e-05,4.398067176225595e-05,3.452082455623895e-05,0.9994897842407227,0.00038478916394524276
00198.jpg,3,4,有漂浮物,4,有漂浮物,-7.19140625,-2.744140625,-4.08203125,-2.80859375,8.3203125,-1.0712890625,1.833558798125523e-07,1.56573314598063e-05,4.108461780560901e-06,1.4680002095701639e-05,0.9998818635940552,8.34118909551762e-05
00199.jpg,3,4,有漂浮物,4,有漂浮物,-4.609375,-4.82421875,-3.6875,-3.140625,4.74609375,-3.44140625,8.640235319035128e-05,6.96979695931077e-05,0.00021721547818742692,0.0003753146738745272,0.9989736080169678,0.0002778228372335434
00203.jpg,3,4,有漂浮物,4,有漂浮物,-3.166015625,-2.955078125,-2.166015625,-3.67578125,4.44140625,-2.916015625,0.0004950692527927458,0.0006113289855420589,0.0013457377208396792,0.00029735660064034164,0.9966147541999817,0.000635681499261409
00206.jpg,3,4,有漂浮物,4,有漂浮物,-2.40625,-1.2744140625,-1.7099609375,-4.92578125,4.46484375,-1.8466796875,0.0010288696503266692,0.003190879710018635,0.002064214553683996,8.282125781988725e-05,0.9918327331542969,0.0018004400189965963
00210.jpg,3,4,有漂浮物,4,有漂浮物,-3.09765625,-2.693359375,-3.828125,-5.44921875,6.921875,-2.990234375,4.451351924217306e-05,6.669231515843421e-05,2.144141217286233e-05,4.238588644511765e-06,0.9998136162757874,4.956152042723261e-05
00215.jpg,3,4,有漂浮物,4,有漂浮物,-2.578125,-4.10546875,-4.125,-3.9765625,4.19921875,-1.1865234375,0.0011319485493004322,0.0002457591472193599,0.00024100574955809861,0.0002795715699903667,0.9935498833656311,0.0045518879778683186
00221.jpg,3,4,有漂浮物,4,有漂浮物,-5.01171875,-3.80859375,-4.171875,-3.8203125,6.4296875,-4.09375,1.0739952813310083e-05,3.5769502574112266e-05,2.487378333171364e-05,3.535277573973872e-05,0.9998663663864136,2.6894973416347057e-05
00222.jpg,3,4,有漂浮物,4,有漂浮物,-5.41015625,-2.544921875,-4.87890625,-3.26953125,7.14453125,-2.68359375,3.527776243572589e-06,6.192364526214078e-05,6.000949724693783e-06,3.0002860512468033e-05,0.9998446702957153,5.3905376262264326e-05
00226.jpg,3,4,有漂浮物,4,有漂浮物,-5.15625,-2.638671875,-2.0390625,-4.265625,6.82421875,-1.2646484375,6.261966973397648e-06,7.763919711578637e-05,0.00014141258725430816,1.5258234270731919e-05,0.9994526505470276,0.0003067692450713366
00230.jpg,3,4,有漂浮物,4,有漂浮物,-4.5703125,-4.140625,-2.578125,-5.57421875,7.53515625,-1.78125,5.528383098862832e-06,8.495891961501911e-06,4.0531635022489354e-05,2.0258491986169247e-06,0.9998534917831421,8.992336370283738e-05
00443.jpg,3,4,有漂浮物,4,有漂浮物,-5.7109375,-8.3203125,-3.810546875,-4.4765625,7.4609375,-4.18359375,1.9033308262805804e-06,1.4004807269429875e-07,1.2730441085295752e-05,6.540282811329234e-06,0.9999698400497437,8.766600331000518e-06
00445.jpg,3,4,有漂浮物,4,有漂浮物,-5.59765625,-9.1328125,-3.826171875,-4.359375,7.09765625,-4.1875,3.065325927309459e-06,8.936712703189187e-08,1.802281076379586e-05,1.0574391126283444e-05,0.9999557733535767,1.255739880434703e-05
00455.jpg,3,4,有漂浮物,4,有漂浮物,-5.00390625,-7.8125,-5.62109375,-3.9609375,8.703125,-5.2421875,1.1145755252073286e-06,6.719744050087684e-08,6.012683684275544e-07,3.1627512271370506e-06,0.9999942779541016,8.782643590166117e-07
00465.jpg,3,4,有漂浮物,4,有漂浮物,-5.70703125,-9.96875,-6.125,-4.71875,8.984375,-5.6171875,4.164878646406578e-07,5.871666708401335e-09,2.7420844617154216e-07,1.1189416682100273e-06,0.9999977350234985,4.556391104415525e-07
00466.jpg,3,4,有漂浮物,4,有漂浮物,-5.84375,-10.203125,-6.48828125,-4.16015625,8.59375,-5.67578125,5.368729603105749e-07,6.864660395677902e-09,2.8180920708109625e-07,2.890992846005247e-06,0.9999957084655762,6.350668400045834e-07
00467.jpg,3,4,有漂浮物,4,有漂浮物,-5.55859375,-9.515625,-7.125,-3.732421875,8.296875,-5.0390625,9.608211257727817e-07,1.837070051635692e-08,2.0061385441749735e-07,5.9667645473382436e-06,0.9999911785125732,1.6153703654708806e-06
00468.jpg,3,4,有漂浮物,4,有漂浮物,-6.8828125,-9.6796875,-6.55859375,-3.712890625,8.421875,-5.3984375,2.2555666134849162e-07,1.3759044570349488e-08,3.1193354743663804e-07,5.369517111830646e-06,0.999993085861206,9.95202640297066e-07
00472.jpg,3,4,有漂浮物,4,有漂浮物,-5.58203125,-8.4765625,-5.96484375,-4.79296875,8.546875,-4.5390625,7.309570264624199e-07,4.044016321813615e-08,4.984693759979564e-07,1.6090789358713664e-06,0.9999951124191284,2.0741845219163224e-06
00473.jpg,3,4,有漂浮物,4,有漂浮物,-5.94140625,-8.40625,-5.1171875,-4.734375,8.375,-4.05078125,6.059827342141944e-07,5.152193693902518e-08,1.3817003718941123e-06,2.0261297777324216e-06,0.9999918937683105,4.013730631413637e-06
00481.jpg,3,4,有漂浮物,4,有漂浮物,-3.375,-9.96875,-3.5390625,-5.3984375,6.125,-5.24609375,7.483985245926306e-05,1.0244804826697873e-07,6.351575575536117e-05,9.893847163766623e-06,0.9998400211334229,1.1521983651618939e-05
00488.jpg,3,4,有漂浮物,4,有漂浮物,-4.51953125,-6.8984375,-3.525390625,-4.5625,7.41015625,-4.74609375,6.591536475752946e-06,6.107181320658128e-07,1.7812975784181617e-05,6.314305210253224e-06,0.9999634027481079,5.255230917100562e-06
00492.jpg,3,4,有漂浮物,4,有漂浮物,-5.08984375,-8.5859375,-6.46484375,-4.796875,9.0234375,-5.5546875,7.424698083013936e-07,2.2508396924081353e-08,1.8772577448089578e-07,9.952071877705748e-07,0.999997615814209,4.664442201374186e-07
00493.jpg,3,4,有漂浮物,4,有漂浮物,-5.203125,-9.1875,-6.37109375,-4.5234375,8.2734375,-5.421875,1.403462306370784e-06,2.611011140629671e-08,4.364740107121179e-07,2.76939772447804e-06,0.9999942779541016,1.1277137446086272e-06
00497.jpg,3,4,有漂浮物,4,有漂浮物,-2.130859375,-7.33984375,-1.4853515625,-5.9375,3.830078125,-5.22265625,0.0025578471831977367,1.3984322322357912e-05,0.004877700004726648,5.6842291087377816e-05,0.9923774003982544,0.00011617810378083959
00501.jpg,3,4,有漂浮物,4,有漂浮物,-6.8125,-4.46484375,-6.87109375,-5.66015625,9.9296875,-4.66015625,5.357470200806347e-08,5.604462103292462e-07,5.052575602348952e-08,1.6959627657797682e-07,0.9999986886978149,4.610105008850951e-07
00506.jpg,3,4,有漂浮物,4,有漂浮物,-5.875,-3.794921875,-6.65625,-5.90234375,9.421875,-4.5859375,2.2732658067070588e-07,1.8197705458078417e-06,1.0407769224229924e-07,2.2119482423477166e-07,0.9999967813491821,8.250550536104129e-07
00510.jpg,3,4,有漂浮物,4,有漂浮物,-6.53125,-3.32421875,-6.515625,-4.9765625,9.171875,-3.759765625,1.5143154996621888e-07,3.7412121400848264e-06,1.5381625928512221e-07,7.168174533944693e-07,0.999992847442627,2.420230430288939e-06
00514.jpg,3,4,有漂浮物,4,有漂浮物,-6.23046875,-3.017578125,-6.2421875,-4.82421875,9.0859375,-3.794921875,2.2292829271464143e-07,5.5399500524799805e-06,2.203311026960364e-07,9.096866051550023e-07,0.9999905824661255,2.5463011752435705e-06
00519.jpg,3,4,有漂浮物,4,有漂浮物,-5.73828125,-3.80859375,-5.6484375,-4.59765625,8.2421875,-4.38671875,8.479177040499053e-07,5.839912773808464e-06,9.276247965317452e-07,2.652899866006919e-06,0.9999865293502808,3.2758941870270064e-06
00523.jpg,3,4,有漂浮物,4,有漂浮物,-3.240234375,-4.8984375,-4.49609375,-0.8212890625,5.21484375,-4.8515625,0.00021223390649538487,4.042651562485844e-05,6.045078771421686e-05,0.002384236780926585,0.997260332107544,4.23666242568288e-05
00527.jpg,3,4,有漂浮物,4,有漂浮物,-7.1796875,-7.38671875,-3.626953125,-5.08203125,8.265625,-5.390625,1.9596642175656598e-07,1.5931958330384077e-07,6.8409212872211356e-06,1.596548713678203e-06,0.9999899864196777,1.1726317552529508e-06
00531.jpg,3,4,有漂浮物,4,有漂浮物,-5.2578125,-7.82421875,-3.490234375,-4.0078125,7.03515625,-4.26953125,4.583585905493237e-06,3.5207028759032255e-07,2.6844469175557606e-05,1.5998288290575147e-05,0.9999399185180664,1.2314321793382987e-05
00532.jpg,3,4,有漂浮物,4,有漂浮物,-5.91796875,-7.7109375,-3.1953125,-4.0703125,7.19140625,-4.3828125,2.0260338260413846e-06,3.37264225436229e-07,3.0837651138426736e-05,1.285504549741745e-05,0.9999445676803589,9.404952834302094e-06
00533.jpg,3,4,有漂浮物,4,有漂浮物,-5.69921875,-8.03125,-3.509765625,-4.03125,7.0859375,-4.5234375,2.8019128421874484e-06,2.7206101549381856e-07,2.5022000045282766e-05,1.4854028449917678e-05,0.9999480247497559,9.080084964807611e-06
00534.jpg,3,4,有漂浮物,4,有漂浮物,-6.01953125,-7.8203125,-3.60546875,-3.833984375,7.39453125,-4.44921875,1.4939283801140846e-06,2.467518811499758e-07,1.670105120865628e-05,1.3289258276927285e-05,0.9999611377716064,7.183032721513882e-06
00539.jpg,3,4,有漂浮物,4,有漂浮物,-7.3046875,-8.4296875,-4.38671875,-4.8984375,7.61328125,-5.83203125,3.320499786241271e-07,1.0780083670169915e-07,6.1441405705409124e-06,3.6831934266956523e-06,0.999988317489624,1.4480044683296e-06
00540.jpg,3,4,有漂浮物,4,有漂浮物,-6.65234375,-8.65625,-4.6640625,-4.484375,7.73046875,-5.90234375,5.670471523444576e-07,7.644229071956943e-08,4.1411285565118305e-06,4.956281827617204e-06,0.9999890327453613,1.2004386462649563e-06
00541.jpg,3,4,有漂浮物,4,有漂浮物,-6.3515625,-9.171875,-4.6953125,-4.73046875,7.4296875,-6.12890625,1.0348406931370846e-06,6.16633784034093e-08,5.42217730981065e-06,5.234865511738462e-06,0.9999868869781494,1.2929206150147365e-06
00542.jpg,3,4,有漂浮物,4,有漂浮物,-6.171875,-7.98828125,-3.2734375,-4.84765625,6.9453125,-5.5234375,2.0102777398278704e-06,3.268894204211392e-07,3.6478038964560255e-05,7.557131084467983e-06,0.9999498128890991,3.844756975013297e-06
00543.jpg,3,4,有漂浮物,4,有漂浮物,-5.90625,-8.484375,-3.259765625,-4.68359375,6.68359375,-5.765625,3.4062077247654088e-06,2.5858639673970174e-07,4.80423987028189e-05,1.1568152331165038e-05,0.9999327659606934,3.920521066902438e-06
00544.jpg,3,4,有漂浮物,4,有漂浮物,-6.33203125,-8.453125,-3.1640625,-5.171875,7.44140625,-5.671875,1.042937924466969e-06,1.2504870028351434e-07,2.4779345039860345e-05,3.3274225188506534e-06,0.9999686479568481,2.018183749896707e-06
00545.jpg,3,4,有漂浮物,4,有漂浮物,-6.24609375,-6.53515625,-3.078125,-3.947265625,6.26953125,-4.01953125,3.66827453035512e-06,2.7474106900626794e-06,8.715516742086038e-05,3.6545188777381554e-05,0.9998358488082886,3.39973958034534e-05
00550.jpg,3,4,有漂浮物,4,有漂浮物,-6.54296875,-8.0234375,-2.859375,-4.640625,7.28515625,-5.3359375,9.874149782262975e-07,2.2466753080152557e-07,3.928838123101741e-05,6.617243343498558e-06,0.99994957447052,3.3014653126883786e-06
00552.jpg,3,4,有漂浮物,4,有漂浮物,-7.12109375,-6.328125,-3.552734375,-4.3828125,7.625,-4.3125,3.94312678508868e-07,8.714102932572132e-07,1.398168478772277e-05,6.096227480156813e-06,0.9999721050262451,6.540297817991814e-06
00556.jpg,3,4,有漂浮物,4,有漂浮物,-5.01171875,-4.7578125,-2.919921875,-4.08984375,7.76171875,-4.53125,2.8349716103548417e-06,3.6544229260471184e-06,2.2961727154324763e-05,7.1271178967435844e-06,0.999958872795105,4.583672762237256e-06
00562.jpg,3,4,有漂浮物,4,有漂浮物,-4.22265625,-4.73828125,-2.634765625,-3.939453125,6.8828125,-4.33984375,1.5027936569822486e-05,8.973590411187615e-06,7.353794353548437e-05,1.994770354940556e-05,0.9998691082000732,1.3366123312152922e-05
00566.jpg,3,4,有漂浮物,4,有漂浮物,-4.70703125,-4.2890625,-2.853515625,-4.5234375,7.578125,-4.29296875,4.619565061148023e-06,7.016533345449716e-06,2.9483069738489576e-05,5.550535206566565e-06,0.9999462366104126,6.989178928051842e-06
00571.jpg,3,4,有漂浮物,4,有漂浮物,-4.70703125,-3.900390625,-2.90234375,-3.59375,7.0390625,-3.953125,7.919294148450717e-06,1.7742142517818138e-05,4.813404302694835e-05,2.4108954676194116e-05,0.9998853206634521,1.6830763343023136e-05
00575.jpg,3,4,有漂浮物,4,有漂浮物,-5.17578125,-4.29296875,-3.224609375,-4.69921875,7.89453125,-4.23828125,2.1067937723273644e-06,5.093574145575985e-06,1.4825359357928392e-05,3.3930518839042634e-06,0.9999692440032959,5.37988671567291e-06
00581.jpg,3,4,有漂浮物,4,有漂浮物,-5.18359375,-4.453125,-2.365234375,-4.85546875,7.71875,-4.46484375,2.4920580017351313e-06,5.173646059120074e-06,4.174034620518796e-05,3.4598797356011346e-06,0.9999420642852783,5.113371116749477e-06
00585.jpg,3,4,有漂浮物,4,有漂浮物,-3.947265625,-5.65625,-3.93359375,-3.669921875,6.53125,-3.302734375,2.813016362779308e-05,5.092954324936727e-06,2.8517397367977537e-05,3.712112447828986e-05,0.9998475313186646,5.359060378395952e-05
00590.jpg,3,4,有漂浮物,4,有漂浮物,-5.6171875,-4.3359375,-4.7734375,-4.8359375,7.66015625,-5.12890625,1.712832499833894e-06,6.16814713794156e-06,3.982454927609069e-06,3.741170303328545e-06,0.9999816417694092,2.7910830340260873e-06
00595.jpg,3,4,有漂浮物,4,有漂浮物,-6.890625,-4.65625,-4.9765625,-4.8046875,8.46875,-5.57421875,2.1355290868996235e-07,1.9947215150750708e-06,1.4480124264082406e-06,1.719557303658803e-06,0.9999938011169434,7.965507506924041e-07
00599.jpg,3,4,有漂浮物,4,有漂浮物,-6.19921875,-3.92578125,-5.48828125,-3.7109375,8.34375,-5.71875,4.831293267670844e-07,4.6925047172408085e-06,9.836024901233031e-07,5.817149485665141e-06,0.9999872446060181,7.811390219103487e-07
00604.jpg,3,4,有漂浮物,4,有漂浮物,-6.1640625,-4.5625,-4.83203125,-3.060546875,8.015625,-5.046875,6.947512360966357e-07,3.4465065255062655e-06,2.6322259145672433e-06,1.5476367480005138e-05,0.9999755620956421,2.1233311144897016e-06
00608.jpg,3,4,有漂浮物,4,有漂浮物,-5.24609375,-5.328125,-3.25390625,-4.31640625,6.5,-4.91796875,7.919376912468579e-06,7.295671366591705e-06,5.806133776786737e-05,2.006546128541231e-05,0.9998956918716431,1.0994966032740194e-05
00612.jpg,3,4,有漂浮物,4,有漂浮物,-6.38671875,-4.54296875,-5.30859375,-2.68359375,7.18359375,-5.5703125,1.2777877600456122e-06,8.075867299339734e-06,3.755626948986901e-06,5.184482870390639e-05,0.9999321699142456,2.8908093554491643e-06
00617.jpg,3,4,有漂浮物,4,有漂浮物,-5.23046875,-5.53125,-3.197265625,-3.720703125,7.77734375,-4.234375,2.2426556824939325e-06,1.660102725509205e-06,1.7130558262579143e-05,1.014951976685552e-05,0.9999626874923706,6.072403721191222e-06
00621.jpg,3,4,有漂浮物,4,有漂浮物,-4.76953125,-3.771484375,-2.4609375,-3.720703125,7.4609375,-2.921875,4.878947947872803e-06,1.3236477570899297e-05,4.9083519115811214e-05,1.3926001884101424e-05,0.9998878240585327,3.0956587579566985e-05
00622.jpg,3,4,有漂浮物,4,有漂浮物,-4.61328125,-4.46875,-4.30859375,-3.095703125,7.16796875,-3.474609375,7.645940968359355e-06,8.834867912810296e-06,1.0369434676249512e-05,3.487439971650019e-05,0.9999144077301025,2.387535641901195e-05
00627.jpg,3,4,有漂浮物,4,有漂浮物,-5.55859375,-5.54296875,-4.640625,-3.712890625,6.15625,-4.9296875,8.170766705006827e-06,8.299437467940152e-06,2.0461220628931187e-05,5.1741793868131936e-05,0.9998959302902222,1.5324747437261976e-05
00632.jpg,3,4,有漂浮物,4,有漂浮物,-4.6953125,-4.83203125,-3.900390625,-4.828125,7.9765625,-4.78515625,3.138098691124469e-06,2.737098384386627e-06,6.948591362743173e-06,2.747811095105135e-06,0.9999815225601196,2.8684544304269366e-06
00636.jpg,3,4,有漂浮物,4,有漂浮物,-4.72265625,-7.05078125,-6.5078125,-4.2890625,8.484375,-6.58984375,1.8376249499851838e-06,1.7912864791469474e-07,3.0829988872937975e-07,2.8350730190140894e-06,0.9999946355819702,2.8401916551956674e-07
00638.jpg,3,4,有漂浮物,4,有漂浮物,-4.734375,-8.46875,-7.20703125,-4.2890625,8.1015625,-7.01171875,2.663299028426991e-06,6.362115101410382e-08,2.246771941827319e-07,4.157351213507354e-06,0.9999926090240479,2.7313799932926486e-07
00645.jpg,3,4,有漂浮物,4,有漂浮物,-6.0234375,-6.640625,-7.98828125,-4.19921875,9.4921875,-6.2578125,1.8266233325903158e-07,9.853894056277568e-08,2.560520329097926e-08,1.1321322972435155e-06,0.9999984502792358,1.4449778973357752e-07
00650.jpg,3,4,有漂浮物,4,有漂浮物,-3.58203125,-6.3515625,-6.9296875,-1.5234375,6.62890625,-7.22265625,3.675387779367156e-05,2.3041513941279845e-06,1.2925117971462896e-06,0.00028796456172131,0.9996707439422607,9.642725444791722e-07
00654.jpg,3,4,有漂浮物,4,有漂浮物,-6.15625,-5.14453125,-7.20703125,-3.697265625,7.04296875,-5.46875,1.8519865534472046e-06,5.093563231639564e-06,6.475739269262704e-07,2.1655148884747177e-05,0.999967098236084,3.6831152101513e-06
00658.jpg,3,4,有漂浮物,4,有漂浮物,-5.24609375,-4.63671875,-3.123046875,-4.77734375,7.04296875,-4.8515625,4.6015002226340584e-06,8.463453923468478e-06,3.84527156711556e-05,7.353176442848053e-06,0.9999343156814575,6.827193374192575e-06
00662.jpg,3,4,有漂浮物,4,有漂浮物,-4.8359375,-5.4765625,-2.5625,-5.10546875,6.9609375,-4.43359375,7.527281923103146e-06,3.96659879697836e-06,7.311045919777825e-05,5.748866897192784e-06,0.9998984336853027,1.1255734534643125e-05
00666.jpg,3,4,有漂浮物,4,有漂浮物,-5.984375,-4.31640625,-3.095703125,-5.046875,7.4375,-4.72265625,1.4822933280811412e-06,7.85821339377435e-06,2.6635963877197355e-05,3.7851689285162138e-06,0.9999549388885498,5.234698164713336e-06
00670.jpg,3,4,有漂浮物,4,有漂浮物,-5.6796875,-5.30859375,-2.486328125,-5.2890625,7.23046875,-4.73046875,2.4726189167267876e-06,3.5836135339195607e-06,6.0258116718614474e-05,3.654294005173142e-06,0.999923586845398,6.38848177914042e-06
00676.jpg,3,4,有漂浮物,4,有漂浮物,-7.75390625,-5.65234375,-2.443359375,-5.19921875,6.46484375,-5.69921875,6.680484148091637e-07,5.463927209348185e-06,0.0001352536928607151,8.595964573032688e-06,0.9998447895050049,5.213715667196084e-06
00682.jpg,3,4,有漂浮物,4,有漂浮物,-6.7578125,-7.11328125,-3.810546875,-6.640625,8.6875,-5.91015625,1.9596744493810547e-07,1.3734278070387518e-07,3.7339211758080637e-06,2.203321258775759e-07,0.999995231628418,4.5742129373138596e-07
00687.jpg,3,4,有漂浮物,4,有漂浮物,-6.2109375,-6.4375,-5.93359375,-2.76171875,8.6796875,-5.68359375,3.4125446291000117e-07,2.720717873216927e-07,4.503262118760176e-07,1.0741255209723022e-05,0.9999876022338867,5.782302991974575e-07
00688.jpg,3,4,有漂浮物,4,有漂浮物,-6.578125,-4.2890625,-5.6484375,-4.7109375,9.5546875,-5.5390625,9.853887661392946e-08,9.7215354344371e-07,2.496696538401011e-07,6.375538532665814e-07,0.9999978542327881,2.7852664175043174e-07
00695.jpg,3,4,有漂浮物,4,有漂浮物,-5.76171875,-7.8125,-5.625,-5.2890625,8.6796875,-5.9375,5.347808382794028e-07,6.879120206804146e-08,6.131293162070506e-07,8.579221457694075e-07,0.9999974966049194,4.485749514060444e-07
00700.jpg,3,4,有漂浮物,4,有漂浮物,-5.7265625,-7.12890625,-4.875,-4.2578125,6.51171875,-6.59375,4.841327154281316e-06,1.1910617558896774e-06,1.1344707672833465e-05,2.1029767594882287e-05,0.9999595880508423,2.0339939510449767e-06
00701.jpg,3,4,有漂浮物,4,有漂浮物,-7.0390625,-7.9765625,-4.93359375,-5.4921875,7.76171875,-6.25,3.733358369117923e-07,1.462004064478606e-07,3.065442342631286e-06,1.7534724747747532e-06,0.9999938011169434,8.218360108003253e-07
00705.jpg,3,4,有漂浮物,4,有漂浮物,-7.21484375,-5.75390625,-5.0703125,-3.5703125,7.33984375,-6.1328125,4.774942112817371e-07,2.0579991542035714e-06,4.0768636608845554e-06,1.8271233784616925e-05,0.9999736547470093,1.4089263231653604e-06
00710.jpg,3,4,有漂浮物,4,有漂浮物,-5.80859375,-5.32421875,-6.34375,-6.25,9.9765625,-4.65234375,1.395061133280251e-07,2.264407896745979e-07,8.16916880808094e-08,8.972076415147967e-08,0.999998927116394,4.4334953486213635e-07
00714.jpg,3,4,有漂浮物,4,有漂浮物,-7.1640625,-6.21484375,-7.6328125,-4.8984375,10.703125,-5.23046875,1.739317667670548e-08,4.493858085652391e-08,1.0884372514397e-08,1.6762058407948643e-07,0.9999996423721313,1.2026188755953626e-07
00718.jpg,3,4,有漂浮物,4,有漂浮物,-7.44921875,-6.35546875,-7.11328125,-5.74609375,10.828125,-6.015625,1.1541184896657342e-08,3.4455613473483027e-08,1.6149021675460062e-08,6.337357660868292e-08,0.9999998807907104,4.84007678380749e-08
00722.jpg,3,4,有漂浮物,4,有漂浮物,-6.73046875,-5.90625,-7.10546875,-5.8515625,10.2734375,-5.46875,4.123796060184759e-08,9.402662470847645e-08,2.8342407532022662e-08,9.931191158329966e-08,0.9999996423721313,1.4563127592737146e-07
00726.jpg,3,4,有漂浮物,4,有漂浮物,-6.97265625,-7.17578125,-5.859375,-6.4453125,9.828125,-5.9296875,5.0525798656053666e-08,4.123795349642023e-08,1.538172824666617e-07,8.56121999959214e-08,0.9999995231628418,1.4337345533022017e-07
00730.jpg,3,4,有漂浮物,4,有漂浮物,-7.64453125,-5.5625,-6.203125,-5.52734375,10.34375,-5.0625,1.5409497677865147e-08,1.2359564038888493e-07,6.513032957400355e-08,1.2801808679796522e-07,0.9999994039535522,2.037747464100903e-07
00734.jpg,3,4,有漂浮物,4,有漂浮物,-5.62890625,-6.46484375,-5.37109375,-6.75390625,9.9140625,-4.79296875,1.7773544414012576e-07,7.704261406615842e-08,2.3000674786999298e-07,5.770224831280757e-08,0.9999990463256836,4.1003136175277177e-07
00735.jpg,3,4,有漂浮物,4,有漂浮物,-5.67578125,-5.640625,-6.6015625,-5.2265625,10.0234375,-4.42578125,1.520251657893823e-07,1.5746485360068618e-07,6.023567777901917e-08,2.3823670858291734e-07,0.999998927116394,5.306199568622105e-07
00739.jpg,3,4,有漂浮物,4,有漂浮物,-6.6640625,-4.6875,-7.046875,-4.84765625,9.609375,-4.44921875,8.561205788737425e-08,6.179383831295127e-07,5.8382354950481385e-08,5.264900551082974e-07,0.9999978542327881,7.842045306460932e-07
00742.jpg,3,4,有漂浮物,4,有漂浮物,-5.828125,-7.4453125,-2.828125,-6.12890625,6.75,-4.42578125,3.446280516072875e-06,6.839352977294766e-07,6.922039756318554e-05,2.5510735213174485e-06,0.9999099969863892,1.400815017404966e-05
00746.jpg,3,4,有漂浮物,4,有漂浮物,-8.296875,-3.318359375,-6.5703125,-5.703125,10.71875,-4.1484375,5.515925938226474e-09,8.01235728431493e-07,3.100666035038557e-08,7.380226918485278e-08,0.9999986886978149,3.4935095527544036e-07
00750.jpg,3,4,有漂浮物,4,有漂浮物,-6.8046875,-6.359375,-5.17578125,-2.376953125,6.28515625,-4.35546875,2.0656689230236225e-06,3.2244636258838e-06,1.053139021678362e-05,0.00017298215243499726,0.9997872710227966,2.3918992155813612e-05
00756.jpg,3,4,有漂浮物,4,有漂浮物,-4.9453125,-1.09765625,-2.021484375,-1.4453125,3.767578125,-4.56640625,0.00016176345525309443,0.00758396415039897,0.0030108061619102955,0.005356869660317898,0.983650267124176,0.0002362856175750494
00760.jpg,3,4,有漂浮物,4,有漂浮物,-4.2890625,-5.734375,-3.2734375,-3.68359375,7.49609375,-5.14453125,7.616421953571262e-06,1.7949806760952924e-06,2.1029616618761793e-05,1.3954129826743156e-05,0.9999524354934692,3.2376185572502436e-06
00765.jpg,3,4,有漂浮物,4,有漂浮物,-5.71875,-4.37890625,-4.5234375,-3.724609375,7.953125,-5.984375,1.1544416338438168e-06,4.408174390846398e-06,3.814956926362356e-06,8.48039871925721e-06,0.9999812841415405,8.851411621435545e-07
00769.jpg,3,4,有漂浮物,4,有漂浮物,-5.078125,-3.59765625,-4.99609375,-5.37109375,9.0,-4.19140625,7.690325674047926e-07,3.379902182132355e-06,8.347769835381769e-07,5.737332458011224e-07,0.9999924898147583,1.8665593870537123e-06
00770.jpg,3,4,有漂浮物,4,有漂浮物,-5.59765625,-3.673828125,-2.958984375,-5.40625,7.7734375,-4.50390625,1.5595169315929525e-06,1.0678199942049105e-05,2.1824824216309935e-05,1.8884991277445806e-06,0.9999593496322632,4.655857992474921e-06
00774.jpg,3,4,有漂浮物,4,有漂浮物,-5.69921875,-4.87109375,-3.9140625,-5.09765625,8.1953125,-4.06640625,9.240069402949302e-07,2.1150729025976034e-06,5.507553396455478e-06,1.6862830989339272e-06,0.9999849796295166,4.729298325401032e-06
00778.jpg,3,4,有漂浮物,4,有漂浮物,-5.95703125,-3.712890625,-3.751953125,-4.43359375,7.36328125,-3.91796875,1.6407375369453803e-06,1.54759381985059e-05,1.488306497776648e-05,7.5276534516888205e-06,0.9999477863311768,1.2606446944118943e-05
00783.jpg,3,4,有漂浮物,4,有漂浮物,-4.08984375,-6.09375,-5.9296875,-2.3515625,5.9296875,-4.39453125,4.450652704690583e-05,5.9998205870215315e-06,7.069516414048849e-06,0.0002531335048843175,0.9996565580368042,3.2817053579492494e-05
00788.jpg,3,4,有漂浮物,4,有漂浮物,-6.7578125,-7.109375,-6.69921875,-4.1953125,8.578125,-5.77734375,2.1861764309960563e-07,1.5381672824332782e-07,2.318099916465144e-07,2.8350766569928965e-06,0.9999959468841553,5.827702125316137e-07
00792.jpg,3,4,有漂浮物,4,有漂浮物,-4.6875,-5.41015625,-1.8544921875,-4.3515625,6.4609375,-4.5859375,1.4393416677194182e-05,6.987443157413509e-06,0.0002446378057356924,2.0140010747127235e-05,0.9996979236602783,1.5932058886392042e-05
00796.jpg,3,4,有漂浮物,4,有漂浮物,-7.24609375,-7.015625,-5.7734375,-4.0234375,8.6015625,-4.03125,1.3105305640692677e-07,1.6502070820934023e-07,5.714965709557873e-07,3.288735570095014e-06,0.9999926090240479,3.2631423891871236e-06
00801.jpg,3,4,有漂浮物,4,有漂浮物,-6.296875,-7.640625,-6.9375,-3.6015625,8.5703125,-4.0390625,3.493481983696256e-07,9.113292520623872e-08,1.8409356528081844e-07,5.173898443899816e-06,0.9999908208847046,3.3405196973035345e-06
00804.jpg,3,4,有漂浮物,4,有漂浮物,-4.421875,-3.7109375,-5.80859375,-4.15234375,7.05078125,-3.92578125,1.0410235518065747e-05,2.1194186047068797e-05,2.601454525574809e-06,1.3630647117679473e-05,0.9999351501464844,1.7096661395044066e-05
00807.jpg,3,4,有漂浮物,4,有漂浮物,-6.5546875,-6.48046875,-6.37890625,-3.578125,8.1171875,-3.916015625,4.246966227583471e-07,4.574162915105262e-07,5.063136541139102e-07,8.332656761922408e-06,0.9999842643737793,5.943461474089418e-06
00811.jpg,3,4,有漂浮物,4,有漂浮物,-5.5703125,-4.94921875,-5.90234375,-3.734375,7.2890625,-3.947265625,2.6015220555564156e-06,4.8413344302389305e-06,1.8665008383322856e-06,1.6314172171405517e-05,0.9999611377716064,1.3185840543883387e-05
00818.jpg,3,4,有漂浮物,4,有漂浮物,-6.4609375,-4.56640625,-5.87109375,-3.958984375,6.73828125,-3.75,1.8519214108891902e-06,1.2314223567955196e-05,3.340323019074276e-06,2.260513065266423e-05,0.9999319314956665,2.7859143301611766e-05
00822.jpg,3,4,有漂浮物,4,有漂浮物,-8.1875,-5.62109375,-7.78515625,-4.421875,9.078125,-6.1484375,3.174193707877748e-08,4.1324679500576167e-07,4.7464517649586924e-08,1.3709561699215556e-06,0.9999978542327881,2.4388609176639875e-07
00826.jpg,3,4,有漂浮物,4,有漂浮物,-7.56640625,-5.8828125,-7.51171875,-4.609375,9.3515625,-6.09765625,4.493853467124609e-08,2.419883173843118e-07,4.746455317672371e-08,8.646518381283386e-07,0.9999985694885254,1.9520409466622368e-07
00828.jpg,3,4,有漂浮物,4,有漂浮物,-8.34375,-5.96484375,-8.4921875,-4.109375,9.390625,-5.5234375,1.9863596989466714e-08,2.1438962960473873e-07,1.7123490181347734e-08,1.370956397295231e-06,0.9999979734420776,3.3335277294099797e-07
00835.jpg,3,4,有漂浮物,4,有漂浮物,-8.0703125,-7.15234375,-8.2734375,-5.1171875,10.03125,-5.890625,1.3759133388191458e-08,3.445559926262831e-08,1.1229877472374028e-08,2.6370418026999687e-07,0.9999995231628418,1.2167947716079652e-07
00839.jpg,3,4,有漂浮物,4,有漂浮物,-8.828125,-5.421875,-7.67578125,-4.55859375,9.59375,-6.23828125,9.988053051301904e-09,3.011593605606322e-07,3.1618213824913255e-08,7.140270668060111e-07,0.9999988079071045,1.3311766622337018e-07
00845.jpg,3,4,有漂浮物,4,有漂浮物,-6.421875,-9.0,-7.125,-4.484375,7.7421875,-7.1171875,7.057047923808568e-07,5.357443555453756e-08,3.4934919312945567e-07,4.898562110611238e-06,0.9999936819076538,3.520892164488032e-07
00849.jpg,3,4,有漂浮物,4,有漂浮物,-8.7734375,-7.2578125,-7.39453125,-4.66015625,9.4296875,-6.67578125,1.2430335871727038e-08,5.6586184626894465e-08,4.9355350029145484e-08,7.600780236316496e-07,0.9999990463256836,1.0127059368869595e-07
00854.jpg,3,4,有漂浮物,4,有漂浮物,-8.3203125,-5.34765625,-8.6015625,-4.13671875,10.328125,-5.51953125,7.963173231928522e-09,1.5563037436550076e-07,6.01091842966639e-09,5.223935204412555e-07,0.9999991655349731,1.3105390905820968e-07
00859.jpg,3,4,有漂浮物,4,有漂浮物,-7.93359375,-6.125,-8.8203125,-3.57421875,9.4375,-5.5703125,2.8564629772631633e-08,1.7429739784802223e-07,1.1768782393062338e-08,2.2339893348544138e-06,0.9999971389770508,3.0352089197549503e-07
00864.jpg,3,4,有漂浮物,4,有漂浮物,-7.35546875,-6.2109375,-5.7890625,-4.76953125,8.7109375,-6.11328125,1.0530457217328149e-07,3.3075838246077183e-07,5.043463033871376e-07,1.3979949926579138e-06,0.9999972581863403,3.6468878761297674e-07
00868.jpg,3,4,有漂浮物,4,有漂浮物,-8.859375,-5.34375,-7.79296875,-5.18359375,10.09375,-5.7421875,5.871676478363952e-09,1.9750527258111106e-07,1.7056757783961984e-08,2.3181078745437844e-07,0.9999994039535522,1.3259875686344458e-07
00872.jpg,3,4,有漂浮物,4,有漂浮物,-7.98046875,-5.625,-5.70703125,-4.953125,8.671875,-6.4140625,5.861082286173769e-08,6.179379852255806e-07,5.692711511073867e-07,1.209863853546267e-06,0.9999972581863403,2.8071099222870544e-07
00874.jpg,3,4,有漂浮物,4,有漂浮物,-8.234375,-6.30078125,-7.30078125,-4.71484375,9.609375,-6.42578125,1.7805632523959503e-08,1.2311373609463772e-07,4.52910136061746e-08,6.012712674419163e-07,0.9999990463256836,1.0864749100392146e-07
00877.jpg,3,4,有漂浮物,4,有漂浮物,-8.1875,-4.95703125,-6.4609375,-5.3359375,10.0859375,-5.05078125,1.1586347881120673e-08,2.930362086317473e-07,6.513030825772148e-08,2.0061546024408017e-07,0.9999991655349731,2.66812520521853e-07
00878.jpg,3,4,有漂浮物,4,有漂浮物,-8.0,-5.29296875,-6.7265625,-3.638671875,8.828125,-5.6640625,4.916271834076724e-08,7.366897420979512e-07,1.7566399890256434e-07,3.852446752716787e-06,0.9999947547912598,5.083006158201897e-07
00879.jpg,3,4,有漂浮物,4,有漂浮物,-7.9375,-5.234375,-7.4921875,-5.41796875,9.65625,-5.33984375,2.286288136588155e-08,3.412583282624837e-07,3.5688454858018304e-08,2.8402038765307225e-07,0.999998927116394,3.0709924203620176e-07
00883.jpg,3,4,有漂浮物,4,有漂浮物,-7.8359375,-7.84765625,-6.91796875,-6.19140625,9.6171875,-6.71875,2.631503726036044e-08,2.6008455833448352e-08,6.58980781054197e-08,1.3627457917664287e-07,0.9999996423721313,8.042523091944531e-08
00887.jpg,3,4,有漂浮物,4,有漂浮物,-8.140625,-6.77734375,-6.5234375,-6.53515625,10.015625,-5.9375,1.3026887124567565e-08,5.092208610335547e-08,6.564116716845092e-08,6.487642423280704e-08,0.9999996423721313,1.179358051217605e-07
00896.jpg,3,4,有漂浮物,4,有漂浮物,-7.16015625,-6.47265625,-6.99609375,-5.33984375,9.0,-5.28515625,9.588102045654523e-08,1.9068217227413697e-07,1.1297544944000038e-07,5.919490604355815e-07,0.9999984502792358,6.252228104131063e-07
00900.jpg,3,4,有漂浮物,4,有漂浮物,-5.5,-6.5625,-6.6875,-4.61328125,7.23046875,-5.43359375,2.9595182695629774e-06,1.022782271320466e-06,9.02602153018961e-07,7.183202342275763e-06,0.9999847412109375,3.162721213811892e-06
00904.jpg,3,4,有漂浮物,4,有漂浮物,-5.7109375,-6.1953125,-7.2421875,-4.97265625,7.90625,-4.38671875,1.2193448810648988e-06,7.512165893786005e-07,2.637018496898236e-07,2.5512795218674e-06,0.999990701675415,4.583818736136891e-06
00907.jpg,3,4,有漂浮物,4,有漂浮物,-6.30859375,-6.5546875,-6.89453125,-4.6171875,8.25,-5.39453125,4.7564282112944056e-07,3.718808159192122e-07,2.647350925144565e-07,2.5813646971073467e-06,0.9999951124191284,1.1864603948197328e-06
00908.jpg,3,4,有漂浮物,4,有漂浮物,-6.421875,-6.76171875,-6.58203125,-4.3125,7.66796875,-5.60546875,7.600712592648051e-07,5.410806807049084e-07,6.475888199020119e-07,6.265334377530962e-06,0.9999901056289673,1.7195509371958906e-06
00910.jpg,3,4,有漂浮物,4,有漂浮物,-6.2265625,-6.60546875,-5.5859375,-5.05859375,7.1640625,-5.3515625,1.5293938986360445e-06,1.0470379265825613e-06,2.9022794478805736e-06,4.917696514894487e-06,0.999985933303833,3.6688252293970436e-06
00914.jpg,3,4,有漂浮物,4,有漂浮物,-5.53515625,-5.484375,-6.37109375,-5.23828125,7.58203125,-4.2421875,2.0103484530409332e-06,2.1150729025976034e-06,8.714215482541476e-07,2.7052194582211087e-06,0.9999849796295166,7.3248802436864935e-06
00918.jpg,3,4,有漂浮物,4,有漂浮物,-7.9140625,-6.12109375,-6.5703125,-4.4765625,7.90625,-5.23046875,1.3468594772803044e-07,8.090934784377168e-07,5.163039986655349e-07,4.189957053313265e-06,0.9999923706054688,1.9714793779712636e-06
00922.jpg,3,4,有漂浮物,4,有漂浮物,-7.2578125,-5.67578125,-6.7109375,-4.1015625,7.53125,-5.3203125,3.7773355643366813e-07,1.8376085790805519e-06,6.526650508931198e-07,8.870079000189435e-06,0.9999856948852539,2.6219904611934908e-06
00926.jpg,3,4,有漂浮物,4,有漂浮物,-6.48828125,-6.5234375,-9.125,-4.76953125,8.8671875,-5.2734375,2.1438955855046515e-07,2.069833584528169e-07,1.53493928678472e-08,1.195768959405541e-06,0.999997615814209,7.224429623420292e-07
00933.jpg,3,4,有漂浮物,4,有漂浮物,-7.578125,-5.0390625,-7.6484375,-4.93359375,8.8828125,-5.6640625,7.097487042528883e-08,8.990946298581548e-07,6.61558559045261e-08,9.991022125177551e-07,0.9999974966049194,4.812507086171536e-07
00938.jpg,3,4,有漂浮物,4,有漂浮物,-7.04296875,-5.3828125,-6.78125,-5.203125,7.8203125,-5.53125,3.507164763050241e-07,1.8448153014105628e-06,4.5563720618702064e-07,2.207954594268813e-06,0.9999935626983643,1.5903301573416684e-06
00942.jpg,3,4,有漂浮物,4,有漂浮物,-8.0078125,-5.953125,-6.515625,-4.82421875,7.859375,-5.58984375,1.2851840835992334e-07,1.003008833322383e-06,5.714972530768136e-07,3.1015767945064e-06,0.9999938011169434,1.4423670791074983e-06
00949.jpg,3,4,有漂浮物,4,有漂浮物,-7.0546875,-3.931640625,-7.21484375,-4.08984375,7.62109375,-2.28515625,4.23018605033576e-07,9.609072549210396e-06,3.604163509862701e-07,8.203038305509835e-06,0.9999315738677979,4.985865598428063e-05
00954.jpg,3,4,有漂浮物,4,有漂浮物,-6.98046875,-4.43359375,-7.5390625,-2.306640625,7.05859375,-3.28125,7.995698183549393e-07,1.0208223102381453e-05,4.5736425136055914e-07,8.563950541429222e-05,0.9998705387115479,3.231518712709658e-05
00958.jpg,3,4,有漂浮物,4,有漂浮物,-6.1875,-7.02734375,-6.95703125,-3.62109375,6.6875,-5.15234375,2.5611727778596105e-06,1.1058579048039974e-06,1.1864124189742142e-06,3.334378925501369e-05,0.9999547004699707,7.211100182757946e-06
00963.jpg,3,4,有漂浮物,4,有漂浮物,-7.89453125,-6.44921875,-7.21875,-4.90234375,8.3359375,-4.44140625,8.937060869129709e-08,3.792153790982411e-07,1.7566399890256434e-07,1.781087348717847e-06,0.9999947547912598,2.824020384650794e-06
00968.jpg,3,4,有漂浮物,4,有漂浮物,-8.0234375,-7.07421875,-8.1328125,-4.69921875,8.796875,-5.13671875,4.954845067572933e-08,1.2801785942428978e-07,4.441493928197815e-08,1.3763216202278272e-06,0.999997615814209,8.886200362212548e-07
00970.jpg,3,4,有漂浮物,4,有漂浮物,-8.875,-5.625,-8.703125,-3.873046875,8.5859375,-5.6953125,2.6110123840794586e-08,6.733889676979743e-07,3.1006536005406815e-08,3.8826615309517365e-06,0.9999947547912598,6.27667532171472e-07
00973.jpg,3,4,有漂浮物,4,有漂浮物,-7.296875,-3.640625,-5.14453125,-4.4140625,7.671875,-4.7421875,3.156048364871822e-07,1.2218920346640516e-05,2.7157802833244205e-06,5.63810544917942e-06,0.9999750852584839,4.060975243191933e-06
00978.jpg,3,4,有漂浮物,4,有漂浮物,-5.99609375,-3.62890625,-5.35546875,-3.857421875,6.76171875,-4.60546875,2.879518206100329e-06,3.07168229483068e-05,5.464364676299738e-06,2.4441802452201955e-05,0.999924898147583,1.156806138169486e-05
00985.jpg,3,4,有漂浮物,4,有漂浮物,-7.1328125,-4.703125,-5.5546875,-3.40625,9.21875,-4.828125,7.917795130651939e-08,8.990919582174683e-07,3.8368534660548903e-07,3.2887419365579262e-06,0.9999945163726807,7.93445849467389e-07
00991.jpg,3,4,有漂浮物,4,有漂浮物,-7.03515625,-3.353515625,-5.359375,-3.435546875,8.84375,-4.515625,1.2702037111012032e-07,5.044168574386276e-06,6.786657422708231e-07,4.646906290872721e-06,0.9999879598617554,1.5779452269271133e-06
00997.jpg,3,4,有漂浮物,4,有漂浮物,-6.4140625,-2.806640625,-5.51171875,-3.037109375,7.80078125,-4.17578125,6.707315947096504e-07,2.473045969964005e-05,1.6536046132387128e-06,1.9639972379081883e-05,0.9999469518661499,6.289584234764334e-06
00998.jpg,3,4,有漂浮物,4,有漂浮物,-6.8203125,-3.73828125,-5.83984375,-2.98046875,8.9921875,-4.15625,1.3574174317909637e-07,2.959528956125723e-06,3.618474977429287e-07,6.3144625528366305e-06,0.999988317489624,1.9485030406940496e-06
00999.jpg,3,4,有漂浮物,4,有漂浮物,-7.44921875,-2.185546875,-6.0546875,-4.33984375,9.375,-4.6796875,4.935482067480734e-08,9.534835953672882e-06,1.9905210990600608e-07,1.1058950803999323e-06,0.999988317489624,7.872663445596118e-07
01000.jpg,3,4,有漂浮物,4,有漂浮物,-6.78125,-2.337890625,-5.2265625,-2.431640625,7.7109375,-4.3671875,5.082569600745046e-07,4.323244502302259e-05,2.405888835710357e-06,3.936358916689642e-05,0.9999088048934937,5.681949005520437e-06
01005.jpg,3,4,有漂浮物,4,有漂浮物,-6.39453125,-4.8203125,-4.37109375,-2.21484375,8.0390625,-5.375,5.389528610066918e-07,2.60150886788324e-06,4.076791810803115e-06,3.52181050402578e-05,0.9999560117721558,1.4939207630959572e-06
01009.jpg,3,4,有漂浮物,4,有漂浮物,-7.125,-4.625,-5.4296875,-2.36328125,8.5234375,-4.671875,1.5994095292626298e-07,1.9484798485791543e-06,8.71414044922858e-07,1.870457526820246e-05,0.999976396560669,1.8592523929328308e-06
01014.jpg,3,4,有漂浮物,4,有漂浮物,-5.0703125,-3.236328125,-3.9375,-2.833984375,7.65234375,-3.861328125,2.9825705496477894e-06,1.8667235053726472e-05,9.259018042939715e-06,2.79135892924387e-05,0.9999312162399292,9.991850674850866e-06
01018.jpg,3,4,有漂浮物,4,有漂浮物,-6.33984375,-3.267578125,-5.64453125,-4.07421875,9.6015625,-4.4453125,1.1932546328807803e-07,2.5763279154489283e-06,2.3916823010949884e-07,1.1499569154693745e-06,0.9999951124191284,7.934463610581588e-07
01021.jpg,3,4,有漂浮物,4,有漂浮物,-7.3203125,-4.140625,-5.7109375,-3.06640625,9.2109375,-4.85546875,6.61555219494403e-08,1.5903284520391026e-06,3.3075681926675315e-07,4.6560121518268716e-06,0.9999924898147583,7.7809767162762e-07
01023.jpg,3,4,有漂浮物,4,有漂浮物,-8.6328125,-3.576171875,-6.25390625,-3.376953125,9.84375,-4.6328125,9.456472049862441e-09,1.4852524827801972e-06,1.02064568352489e-07,1.8126746681446093e-06,0.9999960660934448,5.163058744983573e-07
01028.jpg,3,4,有漂浮物,4,有漂浮物,-6.12890625,-2.365234375,-4.984375,-2.830078125,8.3125,-3.7734375,5.347579872250208e-07,2.3051501557347365e-05,1.6796581121525378e-06,1.4481719517789315e-05,0.9999547004699707,5.637990398099646e-06
01032.jpg,3,4,有漂浮物,4,有漂浮物,-7.04296875,-3.97265625,-5.29296875,-3.330078125,9.0078125,-4.96875,1.0696228969209187e-07,2.3048914954415523e-06,6.155254936857091e-07,4.382466613606084e-06,0.999991774559021,8.512408840033459e-07
01036.jpg,3,4,有漂浮物,4,有漂浮物,-7.33984375,-4.18359375,-6.2109375,-3.248046875,9.46875,-4.70703125,5.013237469597698e-08,1.1772269772336585e-06,1.5502295980240888e-07,3.0002888706803787e-06,0.9999948740005493,6.974839266149502e-07
01038.jpg,3,4,有漂浮物,4,有漂浮物,-6.7890625,-5.18359375,-6.03515625,-2.2421875,9.28125,-5.04296875,1.048931324021396e-07,5.223880634730449e-07,2.2292786638899997e-07,9.895318726194091e-06,0.9999886751174927,6.012650146658416e-07
01041.jpg,3,4,有漂浮物,4,有漂浮物,-6.5390625,-2.8828125,-5.7890625,-3.0546875,8.84375,-4.37109375,2.086036516857348e-07,8.07627566246083e-06,4.416139347540593e-07,6.80090533933253e-06,0.9999827146530151,1.8233026821690146e-06
01045.jpg,3,4,有漂浮物,4,有漂浮物,-6.640625,-2.8125,-5.43359375,-2.75390625,8.4453125,-4.125,2.807030057283555e-07,1.2905670701002236e-05,9.385427119923406e-07,1.3684455552720465e-05,0.9999687671661377,3.473514198049088e-06
01049.jpg,3,4,有漂浮物,4,有漂浮物,-7.69140625,-4.18359375,-6.36328125,-3.119140625,9.9765625,-4.67578125,2.1227419821912008e-08,7.084689741532202e-07,8.011144103647894e-08,2.0540308014460607e-06,0.9999966621398926,4.3307838382133923e-07
01055.jpg,3,4,有漂浮物,4,有漂浮物,-8.953125,-7.49609375,-6.03125,-4.2734375,9.75,-5.23828125,7.539377122611768e-09,3.236801759953778e-08,1.4005210857703787e-07,8.122652843667311e-07,0.9999986886978149,3.095078113801719e-07
01059.jpg,3,4,有漂浮物,4,有漂浮物,-7.8984375,-6.71875,-6.875,-5.109375,9.90625,-5.53515625,1.8514933586288862e-08,6.023569909530124e-08,5.152232063210249e-08,3.0115950266917935e-07,0.9999992847442627,1.9673524320751312e-07
01064.jpg,3,4,有漂浮物,4,有漂浮物,-7.75,-8.6484375,-6.25,-2.083984375,8.6015625,-5.7109375,7.917648758848372e-08,3.224109690336263e-08,3.5484438853927713e-07,2.2872600311529823e-05,0.9999760389328003,6.083448624849552e-07
01068.jpg,3,4,有漂浮物,4,有漂浮物,-7.8125,-7.9453125,-7.01171875,-4.76953125,10.8203125,-6.3515625,8.088579583898081e-09,7.08259673132261e-09,1.8015533953530394e-08,1.6959646131908812e-07,0.9999997615814209,3.486176325395718e-08
01072.jpg,3,4,有漂浮物,4,有漂浮物,-5.92578125,-5.109375,-5.40234375,-4.6875,8.4609375,-6.11328125,5.648396381729981e-07,1.2778676818925305e-06,9.533473530609626e-07,1.948515546246199e-06,0.9999947547912598,4.682684959789185e-07
01078.jpg,3,4,有漂浮物,4,有漂浮物,-4.48046875,-7.265625,-4.90234375,-6.13671875,7.8125,-6.36328125,4.58381828138954e-06,2.82910718851781e-07,3.0061414690862875e-06,8.74837098763237e-07,0.9999905824661255,6.974809139137506e-07
01082.jpg,3,4,有漂浮物,4,有漂浮物,-5.54296875,-5.78125,-5.70703125,-3.5859375,7.8515625,-3.416015625,1.5234107877404313e-06,1.200418751068355e-06,1.2929019703733502e-06,1.0783131983771455e-05,0.9999724626541138,1.2780299584846944e-05
01086.jpg,3,5,正常,4,有漂浮物,-5.38671875,-3.21875,-2.759765625,-3.5703125,6.57421875,-4.46875,6.387655048456509e-06,5.583137317444198e-05,8.835124754114076e-05,3.928227670257911e-05,0.9997941851615906,1.59959563461598e-05
01089.jpg,3,4,有漂浮物,4,有漂浮物,-5.765625,-9.4296875,-3.412109375,-5.62890625,6.08984375,-6.3984375,7.098956757545238e-06,1.819333874664153e-07,7.469876436516643e-05,8.138994417095091e-06,0.999906063079834,3.7702275221818127e-06
01090.jpg,3,4,有漂浮物,4,有漂浮物,-5.1796875,-8.796875,-4.09765625,-6.2734375,5.515625,-5.578125,2.2648308004136197e-05,6.082907475501997e-07,6.682761886622757e-05,7.586233095935313e-06,0.9998871088027954,1.5205354429781437e-05
01094.jpg,3,4,有漂浮物,4,有漂浮物,-3.66015625,-5.7109375,-1.9169921875,-4.34375,5.76953125,-5.109375,8.025542047107592e-05,1.0323605238227174e-05,0.0004586917348206043,4.0512906707590446e-05,0.9993914365768433,1.884025004983414e-05
01099.jpg,3,4,有漂浮物,4,有漂浮物,-6.56640625,-6.2578125,-3.689453125,-5.73046875,7.7109375,-6.4921875,6.301180519585614e-07,8.579115160500805e-07,1.1190945770067628e-05,1.453667096029676e-06,0.9999850988388062,6.786638095945818e-07
01105.jpg,3,4,有漂浮物,4,有漂浮物,-7.52734375,-6.15234375,-4.08984375,-6.16796875,7.375,-6.27734375,3.3727798154359334e-07,1.3339601991901873e-06,1.0492410183360334e-05,1.3132791991665727e-06,0.9999853372573853,1.177215722236724e-06
01111.jpg,3,4,有漂浮物,4,有漂浮物,-6.11328125,-6.3828125,-5.16015625,-4.453125,5.87890625,-5.44140625,6.191957709233975e-06,4.729030024464009e-06,1.606071600690484e-05,3.25705150316935e-05,0.9999282360076904,1.2123264241381548e-05
01117.jpg,3,4,有漂浮物,4,有漂浮物,-6.53515625,-7.18359375,-5.35546875,-6.89453125,8.078125,-4.21484375,4.503286277213192e-07,2.3545976546301972e-07,1.4650798902948736e-06,3.1438003134098835e-07,0.9999929666519165,4.583829195325961e-06
01124.jpg,3,4,有漂浮物,4,有漂浮物,-7.68359375,-3.13671875,-4.35546875,-3.71484375,7.2734375,-4.85546875,3.193133863987896e-07,3.0123110263957642e-05,8.90437513589859e-06,1.6897532987059094e-05,0.9999383687973022,5.400775989983231e-06
01130.jpg,3,4,有漂浮物,4,有漂浮物,-6.75,-4.5078125,-5.4375,-4.99609375,6.78515625,-4.4765625,1.3235467122285627e-06,1.2459739991754759e-05,4.917572823615046e-06,7.646295671293046e-06,0.9999607801437378,1.2855254681198858e-05
01131.jpg,3,4,有漂浮物,4,有漂浮物,-6.109375,-5.29296875,-5.39453125,-4.609375,5.921875,-4.546875,5.954658718110295e-06,1.3471551028487738e-05,1.2170532500022091e-05,2.6686928322305903e-05,0.9999133348464966,2.8408087018760853e-05
01135.jpg,3,4,有漂浮物,4,有漂浮物,-6.65234375,-7.5234375,-3.982421875,-5.77734375,5.77734375,-5.46484375,3.997770818386925e-06,1.6730415381971397e-06,5.772318036179058e-05,9.590154149918817e-06,0.9999139308929443,1.310818606725661e-05
01140.jpg,3,4,有漂浮物,4,有漂浮物,-6.15625,-7.4296875,-3.8359375,-6.1796875,5.34765625,-5.234375,1.0089077477459796e-05,2.823609065671917e-06,0.00010269525228068233,9.855363714450505e-06,0.9998490810394287,2.5363937311340123e-05
01144.jpg,3,4,有漂浮物,4,有漂浮物,-5.69921875,-6.1484375,-3.6953125,-4.109375,7.93359375,-6.41796875,1.2004309155599913e-06,7.660268011022708e-07,8.904768947104458e-06,5.885692644369556e-06,0.9999825954437256,5.850433240084385e-07
01151.jpg,3,4,有漂浮物,4,有漂浮物,-6.16015625,-5.62890625,-3.869140625,-4.2265625,7.55859375,-5.91015625,1.1015713425877038e-06,1.873836026788922e-06,1.0889001714531332e-05,7.616610218974529e-06,0.9999771118164062,1.4144455917630694e-06
01152.jpg,3,4,有漂浮物,4,有漂浮物,-5.33203125,-4.609375,-3.982421875,-4.28125,7.69921875,-5.55859375,2.1907353584538214e-06,4.5126903387426864e-06,8.447298569080885e-06,6.265250704018399e-06,0.9999767541885376,1.7466065855842317e-06
01156.jpg,3,4,有漂浮物,4,有漂浮物,-6.1171875,-5.13671875,-3.880859375,-4.09375,7.6484375,-5.6953125,1.051126332640706e-06,2.8019935598422308e-06,9.837390280154068e-06,7.951017323648557e-06,0.9999767541885376,1.6027762512749177e-06
01158.jpg,3,4,有漂浮物,4,有漂浮物,-5.99609375,-5.3125,-3.82421875,-3.94140625,7.85546875,-5.3203125,9.645701766203274e-07,1.9107983462163247e-06,8.463834092253819e-06,7.527890375058632e-06,0.9999792575836182,1.895928221529175e-06
01162.jpg,3,4,有漂浮物,4,有漂浮物,-5.0625,-6.3125,-3.740234375,-4.2265625,7.65234375,-5.72265625,3.0060989502089797e-06,8.612617534708988e-07,1.1278619240329135e-05,6.934997600183124e-06,0.999976396560669,1.5534634485447896e-06
01166.jpg,3,4,有漂浮物,4,有漂浮物,-5.1953125,-5.296875,-3.35546875,-3.619140625,7.09765625,-5.28515625,4.583568625093903e-06,4.140909368288703e-06,2.88561059278436e-05,2.2168000214151107e-05,0.9999361038208008,4.1897210394381545e-06
01170.jpg,3,4,有漂浮物,4,有漂浮物,-5.546875,-5.0625,-3.673828125,-4.40234375,7.59765625,-5.03515625,1.9560989130695816e-06,3.1750619200465735e-06,1.2730479284073226e-05,6.144045528344577e-06,0.9999728202819824,3.2630778150632977e-06
01175.jpg,3,4,有漂浮物,4,有漂浮物,-4.94140625,-4.10546875,-4.984375,-2.80859375,8.0,-3.4453125,2.3966290427779313e-06,5.528965630219318e-06,2.295829972354113e-06,2.0224115360178985e-05,0.999958872795105,1.069907102646539e-05
01179.jpg,3,4,有漂浮物,4,有漂浮物,-4.953125,-5.3515625,-5.29296875,-3.6953125,8.7890625,-4.203125,1.0760688837763155e-06,7.224384717119392e-07,7.660335654691153e-07,3.785306944337208e-06,0.9999914169311523,2.2780377548770048e-06
01184.jpg,3,4,有漂浮物,4,有漂浮物,-4.84375,-4.9765625,-6.45703125,-2.892578125,8.578125,-4.37109375,1.4823366427663132e-06,1.297977405556594e-06,2.9533009637816576e-07,1.0431098417029716e-05,0.9999841451644897,2.3780385163263418e-06
01188.jpg,3,4,有漂浮物,4,有漂浮物,-2.923828125,-4.1171875,-3.908203125,-2.84375,6.62890625,-4.44921875,7.09918313077651e-05,2.1524792828131467e-05,2.6527706722845323e-05,7.691053906455636e-05,0.9997885823249817,1.5443283700733446e-05
01192.jpg,3,4,有漂浮物,4,有漂浮物,-3.103515625,-4.90234375,-4.00390625,-2.087890625,7.5,-4.13671875,2.482568015693687e-05,4.1084690565185156e-06,1.0089425813930575e-05,6.854590174043551e-05,0.9998836517333984,8.834596883389167e-06
01196.jpg,3,4,有漂浮物,4,有漂浮物,-1.7509765625,-4.64453125,-5.23828125,-2.482421875,6.86328125,-3.779296875,0.0001814435381675139,1.0048162948805839e-05,5.549123216042062e-06,8.731298294151202e-05,0.9996918439865112,2.3870043150964193e-05
01198.jpg,3,4,有漂浮物,4,有漂浮物,-3.033203125,-5.0703125,-6.08984375,-3.685546875,7.9921875,-5.484375,1.6282499927910976e-05,2.123321110047982e-06,7.660178766855097e-07,8.48031140776584e-06,0.9999709129333496,1.4034295645615202e-06
01202.jpg,3,4,有漂浮物,4,有漂浮物,-3.669921875,-4.7421875,-5.37890625,-2.361328125,7.94140625,-4.22265625,9.062362551048864e-06,3.1014330943435198e-06,1.6407369685111917e-06,3.353949068696238e-05,0.9999474287033081,5.214250904828077e-06
01206.jpg,3,4,有漂浮物,4,有漂浮物,-3.349609375,-3.212890625,-5.22265625,-2.017578125,7.56640625,-3.552734375,1.8162691048928536e-05,2.0823626982746646e-05,2.790784265016555e-06,6.881355511723086e-05,0.9998745918273926,1.4823956007603556e-05
01212.jpg,3,4,有漂浮物,4,有漂浮物,-4.84375,-3.845703125,-8.1796875,-4.65625,8.8671875,-4.6640625,1.1102290500275558e-06,3.0120265819277847e-06,3.9503291304754384e-08,1.3391918400884606e-06,0.9999932050704956,1.32877016767452e-06
01218.jpg,3,4,有漂浮物,4,有漂浮物,-6.93359375,-6.19921875,-8.1484375,-4.59375,9.375,-6.3671875,8.265462270173884e-08,1.7226702198058774e-07,2.452828695709286e-08,8.57923168950947e-07,0.9999986886978149,1.4563114802967903e-07
01224.jpg,3,4,有漂浮物,4,有漂浮物,-4.33203125,-6.51953125,-2.91796875,-5.45703125,6.65234375,-6.6484375,1.6963087546173483e-05,1.9032057707590866e-06,6.976289296289906e-05,5.50710819879896e-06,0.9999041557312012,1.6730251672925078e-06
01231.jpg,3,4,有漂浮物,4,有漂浮物,-5.66796875,-6.48828125,-4.11328125,-5.26171875,7.17578125,-6.52734375,2.642536401253892e-06,1.1634930388026987e-06,1.2508729014371056e-05,3.9669171201239806e-06,0.9999786615371704,1.1189202950845356e-06
01233.jpg,3,4,有漂浮物,4,有漂浮物,-4.62109375,-6.40625,-3.423828125,-5.30859375,6.91015625,-6.1796875,9.81792345555732e-06,1.6471612980240025e-06,3.2507643481949344e-05,4.936761797580402e-06,0.9999490976333618,2.066003162326524e-06
01238.jpg,3,4,有漂浮物,4,有漂浮物,-5.71484375,-4.64453125,-3.859375,-3.716796875,7.22265625,-5.9296875,2.406001158306026e-06,7.0165988290682435e-06,1.5385643564513884e-05,1.7743388525559567e-05,0.9999555349349976,1.940842821568367e-06
01242.jpg,3,4,有漂浮物,4,有漂浮物,-3.982421875,-4.03515625,-3.197265625,-5.80078125,6.0078125,-5.28515625,4.583584450301714e-05,4.348134825704619e-05,0.00010050652781501412,7.438781267410377e-06,0.9997902512550354,1.2457614502636716e-05
02046.jpg,3,3,乱占,3,乱占,-1.8359375,-3.796875,-2.07421875,3.3671875,-0.50439453125,-4.55078125,0.0053298817947506905,0.0007500552455894649,0.0041998461820185184,0.969183623790741,0.020183634012937546,0.00035291974199935794
02051.jpg,3,3,乱占,3,乱占,-0.56298828125,-5.36328125,-3.470703125,7.23046875,-2.95703125,-3.2109375,0.00041221638093702495,3.3914427604031516e-06,2.2507161702378653e-05,0.9994950294494629,3.761885818676092e-05,2.9183374863350764e-05
02052.jpg,3,0,乱采,0,乱采,6.41015625,-6.5,0.5029296875,-2.97265625,-0.314208984375,-4.3828125,0.9959879517555237,2.4628868686704664e-06,0.00270880782045424,8.382053056266159e-05,0.0011964632431045175,2.0461020540096797e-05
02058.jpg,3,3,乱占,3,乱占,-2.876953125,-6.4765625,-2.7421875,1.7353515625,0.1680908203125,-3.57421875,0.008038811385631561,0.00021973605907987803,0.009198558516800404,0.8096368908882141,0.16890309751033783,0.004002885892987251
02062.jpg,3,3,乱占,4,有漂浮物,-3.845703125,-0.548828125,-3.85546875,0.66845703125,3.15234375,-2.40625,0.0008203237666748464,0.0221717469394207,0.0008123518200591207,0.07489626109600067,0.8978389501571655,0.003460444277152419
02066.jpg,3,0,乱采,0,乱采,6.46484375,-4.74609375,-1.1552734375,-2.81640625,-1.6357421875,-3.703125,0.9990621209144592,1.3512763871403877e-05,0.0004900243366137147,9.306723950430751e-05,0.00030307681299746037,3.834420567727648e-05
02070.jpg,3,0,乱采,0,乱采,7.41015625,-4.87890625,-2.568359375,0.85205078125,-2.84375,-3.630859375,0.9984815716743469,4.5948149818286765e-06,4.631543924915604e-05,0.0014164167223498225,3.516617653076537e-05,1.6006186342565343e-05
02074.jpg,3,3,乱占,3,乱占,-6.0,-4.8125,-4.83984375,3.509765625,1.84765625,-5.44140625,6.226736877579242e-05,0.00020416683400981128,0.0001986597926588729,0.8400385975837708,0.1593875288963318,0.00010885657684411854
02078.jpg,3,3,乱占,3,乱占,-1.5458984375,-8.8671875,-5.875,3.544921875,1.0224609375,-5.34765625,0.005662395618855953,3.7445943235070445e-06,7.46268779039383e-05,0.9202702045440674,0.07386258244514465,0.00012644968228414655
02082.jpg,3,3,乱占,3,乱占,-5.34375,-4.75,-4.58984375,3.271484375,2.125,-3.37109375,0.00013737053086515516,0.0002487458987161517,0.00029195164097473025,0.7576041221618652,0.2407301664352417,0.000987659557722509
02084.jpg,3,3,乱占,3,乱占,-2.50390625,-3.45703125,0.0272216796875,4.12109375,-1.580078125,-4.1015625,0.0012980629689991474,0.0005004478734917939,0.01631363108754158,0.9783555269241333,0.0032697098795324564,0.00026268934016115963
02089.jpg,3,3,乱占,4,有漂浮物,-1.4541015625,-1.802734375,-5.703125,0.2315673828125,3.541015625,-4.6796875,0.006458029616624117,0.004557122942060232,9.22088511288166e-05,0.034847911447286606,0.9537880420684814,0.00025659363018348813
02093.jpg,3,0,乱采,0,乱采,2.646484375,-3.435546875,-1.0322265625,-1.1943359375,-1.095703125,-3.32421875,0.9299992322921753,0.0021236843895167112,0.023487603291869164,0.01997264288365841,0.022043026983737946,0.002373772906139493
02097.jpg,3,2,乱堆,2,乱堆,-2.126953125,-4.67578125,7.71484375,-3.296875,-1.556640625,-2.05859375,5.316970782587305e-05,4.156447630521143e-06,0.999775230884552,1.6503408915014006e-05,9.404763113707304e-05,5.693147249985486e-05
02103.jpg,3,2,乱堆,2,乱堆,-2.02734375,-6.2734375,6.484375,-2.71484375,-1.859375,-1.0859375,0.00020088526071049273,2.876689677577815e-06,0.9989426732063293,0.00010101145744556561,0.00023762711498420686,0.0005149862845428288
02107.jpg,3,2,乱堆,2,乱堆,-0.52587890625,-5.75,7.17578125,-2.904296875,-2.677734375,-0.744140625,0.0004516638582572341,2.432250994388596e-06,0.9990882873535156,4.186793739791028e-05,5.251415495877154e-05,0.00036309935967437923
02109.jpg,3,2,乱堆,2,乱堆,-1.83984375,-5.18359375,7.4296875,-3.7265625,-2.328125,-0.6962890625,9.420882997801527e-05,3.325978696011589e-06,0.9995347261428833,1.427907500328729e-05,5.781410072813742e-05,0.0002956181706395
02113.jpg,3,3,乱占,3,乱占,-1.6845703125,-4.49609375,-4.01171875,6.6953125,-2.484375,-4.14453125,0.0002293477882631123,1.3786862837150693e-05,2.2378288122126833e-05,0.9996119141578674,0.00010307272896170616,1.9595083358581178e-05
02117.jpg,3,3,乱占,3,乱占,-1.4326171875,-5.28125,-4.171875,5.5859375,-0.0167388916015625,-3.849609375,0.0008908955496735871,1.898395930766128e-05,5.756814425694756e-05,0.9952824711799622,0.0036705820821225643,7.945850666146725e-05
02122.jpg,3,2,乱堆,2,乱堆,-1.0166015625,-7.28125,0.0521240234375,-2.591796875,-0.18310546875,-4.35546875,0.15486197173595428,0.00029460666701197624,0.4509064257144928,0.032051339745521545,0.35639166831970215,0.0054940576665103436
02126.jpg,3,0,乱采,0,乱采,4.8828125,-5.2265625,-0.272216796875,-5.15625,-0.493896484375,-3.943359375,0.9894871711730957,4.026840178994462e-05,0.005709648597985506,4.320168955018744e-05,0.004574410151690245,0.00014529559121001512
02128.jpg,3,3,乱占,3,乱占,-3.923828125,-4.375,-2.08984375,2.041015625,0.806640625,-4.71875,0.001956226769834757,0.001245884457603097,0.012243582867085934,0.7619350552558899,0.22173573076725006,0.0008834644104354084
02133.jpg,3,3,乱占,3,乱占,-2.63671875,-3.125,-2.46484375,5.65625,-1.5810546875,-4.0234375,0.0002498998073861003,0.00015335857460740954,0.00029676337726414204,0.9985193610191345,0.0007181827677413821,6.24484455329366e-05
02137.jpg,3,3,乱占,3,乱占,-1.8759765625,-6.828125,-5.578125,3.220703125,0.8134765625,-4.6875,0.005577441304922104,3.9422509871656075e-05,0.00013759807916358113,0.9117900729179382,0.0821201279759407,0.00033527862979099154
02141.jpg,3,2,乱堆,2,乱堆,-2.51953125,-4.08984375,6.6953125,-5.90234375,0.5478515625,-3.591796875,9.932256944011897e-05,2.0657125787693076e-05,0.9977086782455444,3.3721830732247327e-06,0.0021340048406273127,3.399138950044289e-05
02145.jpg,3,3,乱占,3,乱占,-2.845703125,-3.33984375,0.591796875,4.40625,-1.51953125,-2.359375,0.0006901454762555659,0.0004210543120279908,0.02146979793906212,0.9736971259117126,0.002599499886855483,0.0011224068002775311
02149.jpg,3,3,乱占,3,乱占,-1.310546875,-3.482421875,-1.4892578125,4.6484375,-0.88037109375,-3.388671875,0.0025586592964828014,0.0002915943623520434,0.002139928750693798,0.9907554984092712,0.003934009931981564,0.00032025377731770277
02489.jpg,3,1,乱建,4,有漂浮物,-4.8203125,0.125732421875,-2.9296875,-0.98876953125,2.5546875,-2.607421875,0.0005558307748287916,0.0781596451997757,0.003681548871099949,0.025642510503530502,0.886879026889801,0.005081463139504194
