filename,relative_path,split,label,frame_id,sequence_id_provisional,camera_group,camera_group_size,camera_group_confidence,grouping_method,camera_group_v1,camera_group_v2_manual_merge,camera_group_v2_merge_reason,enabled_for_cv
00000.jpg,训练集/00000.jpg,train,有漂浮物,0,file_block_0000,camera_group_v2_0001,1,low,top75_gray32_cosine_with_frame_gap,camera_group_0001,no,,yes
00002.jpg,训练集/00002.jpg,train,有漂浮物,2,file_block_0001,camera_group_v2_0002,1,low,top75_gray32_cosine_with_frame_gap,camera_group_0002,no,,yes
00003.jpg,训练集/00003.jpg,train,有漂浮物,3,file_block_0001,camera_group_v2_0003,1,low,top75_gray32_cosine_with_frame_gap,camera_group_0003,no,,yes
00004.jpg,训练集/00004.jpg,train,有漂浮物,4,file_block_0001,camera_group_v2_0004,1,low,top75_gray32_cosine_with_frame_gap,camera_group_0004,no,,yes
00005.jpg,训练集/00005.jpg,train,有漂浮物,5,file_block_0001,camera_group_v2_0005,24,medium,top75_gray32_cosine_with_frame_gap,camera_group_0005,no,,yes
00006.jpg,训练集/00006.jpg,train,有漂浮物,6,file_block_0001,camera_group_v2_0006,1,low,top75_gray32_cosine_with_frame_gap,camera_group_0006,no,,yes
00007.jpg,训练集/00007.jpg,train,有漂浮物,7,file_block_0001,camera_group_v2_0007,1,low,top75_gray32_cosine_with_frame_gap,camera_group_0007,no,,yes
00008.jpg,训练集/00008.jpg,train,有漂浮物,8,file_block_0001,camera_group_v2_0008,1,low,top75_gray32_cosine_with_frame_gap,camera_group_0008,no,,yes
00009.jpg,训练集/00009.jpg,train,有漂浮物,9,file_block_0001,camera_group_v2_0009,1,low,top75_gray32_cosine_with_frame_gap,camera_group_0009,no,,yes
00010.jpg,训练集/00010.jpg,train,有漂浮物,10,file_block_0001,camera_group_v2_0005,24,medium,top75_gray32_cosine_with_frame_gap,camera_group_0005,no,,yes
00011.jpg,训练集/00011.jpg,train,有漂浮物,11,file_block_0001,camera_group_v2_0010,1,low,top75_gray32_cosine_with_frame_gap,camera_group_0010,no,,yes
00012.jpg,训练集/00012.jpg,train,有漂浮物,12,file_block_0001,camera_group_v2_0011,1,low,top75_gray32_cosine_with_frame_gap,camera_group_0011,no,,yes
00013.jpg,训练集/00013.jpg,train,有漂浮物,13,file_block_0001,camera_group_v2_0012,1,low,top75_gray32_cosine_with_frame_gap,camera_group_0012,no,,yes
00014.jpg,训练集/00014.jpg,train,有漂浮物,14,file_block_0001,camera_group_v2_0013,1,low,top75_gray32_cosine_with_frame_gap,camera_group_0013,no,,yes
00015.jpg,训练集/00015.jpg,train,有漂浮物,15,file_block_0001,camera_group_v2_0014,1,low,top75_gray32_cosine_with_frame_gap,camera_group_0014,no,,yes
00016.jpg,训练集/00016.jpg,train,有漂浮物,16,file_block_0001,camera_group_v2_0015,1,low,top75_gray32_cosine_with_frame_gap,camera_group_0015,no,,yes
00017.jpg,训练集/00017.jpg,train,有漂浮物,17,file_block_0001,camera_group_v2_0016,1,low,top75_gray32_cosine_with_frame_gap,camera_group_0016,no,,yes
00018.jpg,训练集/00018.jpg,train,有漂浮物,18,file_block_0001,camera_group_v2_0017,1,low,top75_gray32_cosine_with_frame_gap,camera_group_0017,no,,yes
00019.jpg,训练集/00019.jpg,train,有漂浮物,19,file_block_0001,camera_group_v2_0018,1,low,top75_gray32_cosine_with_frame_gap,camera_group_0018,no,,yes
00020.jpg,训练集/00020.jpg,train,有漂浮物,20,file_block_0001,camera_group_v2_0019,1,low,top75_gray32_cosine_with_frame_gap,camera_group_0019,no,,yes
00021.jpg,训练集/00021.jpg,train,有漂浮物,21,file_block_0001,camera_group_v2_0005,24,medium,top75_gray32_cosine_with_frame_gap,camera_group_0005,no,,yes
00022.jpg,训练集/00022.jpg,train,有漂浮物,22,file_block_0001,camera_group_v2_0020,1,low,top75_gray32_cosine_with_frame_gap,camera_group_0020,no,,yes
00023.jpg,训练集/00023.jpg,train,有漂浮物,23,file_block_0001,camera_group_v2_0021,1,low,top75_gray32_cosine_with_frame_gap,camera_group_0021,no,,yes
00024.jpg,训练集/00024.jpg,train,有漂浮物,24,file_block_0001,camera_group_v2_0022,1,low,top75_gray32_cosine_with_frame_gap,camera_group_0022,no,,yes
00025.jpg,训练集/00025.jpg,train,有漂浮物,25,file_block_0001,camera_group_v2_0023,1,low,top75_gray32_cosine_with_frame_gap,camera_group_0023,no,,yes
00026.jpg,训练集/00026.jpg,train,有漂浮物,26,file_block_0001,camera_group_v2_0024,1,low,top75_gray32_cosine_with_frame_gap,camera_group_0024,no,,yes
00027.jpg,训练集/00027.jpg,train,有漂浮物,27,file_block_0001,camera_group_v2_0025,1,low,top75_gray32_cosine_with_frame_gap,camera_group_0025,no,,yes
00028.jpg,训练集/00028.jpg,train,有漂浮物,28,file_block_0001,camera_group_v2_0026,1,low,top75_gray32_cosine_with_frame_gap,camera_group_0026,no,,yes
00029.jpg,训练集/00029.jpg,train,有漂浮物,29,file_block_0001,camera_group_v2_0005,24,medium,top75_gray32_cosine_with_frame_gap,camera_group_0005,no,,yes
00030.jpg,训练集/00030.jpg,train,有漂浮物,30,file_block_0001,camera_group_v2_0027,1,low,top75_gray32_cosine_with_frame_gap,camera_group_0027,no,,yes
00031.jpg,训练集/00031.jpg,train,有漂浮物,31,file_block_0001,camera_group_v2_0028,1,low,top75_gray32_cosine_with_frame_gap,camera_group_0028,no,,yes
00032.jpg,训练集/00032.jpg,train,有漂浮物,32,file_block_0001,camera_group_v2_0029,1,low,top75_gray32_cosine_with_frame_gap,camera_group_0029,no,,yes
00033.jpg,训练集/00033.jpg,train,正常,33,file_block_0001,camera_group_v2_0030,1,low,top75_gray32_cosine_with_frame_gap,camera_group_0030,no,,yes
00034.jpg,训练集/00034.jpg,train,有漂浮物,34,file_block_0001,camera_group_v2_0031,1,low,top75_gray32_cosine_with_frame_gap,camera_group_0031,no,,yes
00035.jpg,训练集/00035.jpg,train,有漂浮物,35,file_block_0001,camera_group_v2_0005,24,medium,top75_gray32_cosine_with_frame_gap,camera_group_0005,no,,yes
00036.jpg,训练集/00036.jpg,train,有漂浮物,36,file_block_0001,camera_group_v2_0005,24,medium,top75_gray32_cosine_with_frame_gap,camera_group_0005,no,,yes
00037.jpg,训练集/00037.jpg,train,有漂浮物,37,file_block_0001,camera_group_v2_0032,1,low,top75_gray32_cosine_with_frame_gap,camera_group_0032,no,,yes
00038.jpg,训练集/00038.jpg,train,有漂浮物,38,file_block_0001,camera_group_v2_0005,24,medium,top75_gray32_cosine_with_frame_gap,camera_group_0005,no,,yes
00039.jpg,训练集/00039.jpg,train,有漂浮物,39,file_block_0001,camera_group_v2_0005,24,medium,top75_gray32_cosine_with_frame_gap,camera_group_0005,no,,yes
00040.jpg,训练集/00040.jpg,train,有漂浮物,40,file_block_0001,camera_group_v2_0033,1,low,top75_gray32_cosine_with_frame_gap,camera_group_0033,no,,yes
00041.jpg,训练集/00041.jpg,train,有漂浮物,41,file_block_0001,camera_group_v2_0005,24,medium,top75_gray32_cosine_with_frame_gap,camera_group_0005,no,,yes
00042.jpg,训练集/00042.jpg,train,有漂浮物,42,file_block_0001,camera_group_v2_0034,1,low,top75_gray32_cosine_with_frame_gap,camera_group_0034,no,,yes
00043.jpg,训练集/00043.jpg,train,有漂浮物,43,file_block_0001,camera_group_v2_0005,24,medium,top75_gray32_cosine_with_frame_gap,camera_group_0005,no,,yes
00044.jpg,训练集/00044.jpg,train,有漂浮物,44,file_block_0001,camera_group_v2_0035,1,low,top75_gray32_cosine_with_frame_gap,camera_group_0035,no,,yes
00045.jpg,训练集/00045.jpg,train,有漂浮物,45,file_block_0001,camera_group_v2_0005,24,medium,top75_gray32_cosine_with_frame_gap,camera_group_0005,no,,yes
00046.jpg,训练集/00046.jpg,train,有漂浮物,46,file_block_0001,camera_group_v2_0005,24,medium,top75_gray32_cosine_with_frame_gap,camera_group_0005,no,,yes
00047.jpg,训练集/00047.jpg,train,有漂浮物,47,file_block_0001,camera_group_v2_0005,24,medium,top75_gray32_cosine_with_frame_gap,camera_group_0005,no,,yes
00048.jpg,训练集/00048.jpg,train,有漂浮物,48,file_block_0001,camera_group_v2_0005,24,medium,top75_gray32_cosine_with_frame_gap,camera_group_0005,no,,yes
00049.jpg,训练集/00049.jpg,train,有漂浮物,49,file_block_0001,camera_group_v2_0036,1,low,top75_gray32_cosine_with_frame_gap,camera_group_0036,no,,yes
00050.jpg,训练集/00050.jpg,train,有漂浮物,50,file_block_0001,camera_group_v2_0005,24,medium,top75_gray32_cosine_with_frame_gap,camera_group_0005,no,,yes
00051.jpg,训练集/00051.jpg,train,有漂浮物,51,file_block_0001,camera_group_v2_0037,1,low,top75_gray32_cosine_with_frame_gap,camera_group_0037,no,,yes
00052.jpg,训练集/00052.jpg,train,有漂浮物,52,file_block_0001,camera_group_v2_0038,1,low,top75_gray32_cosine_with_frame_gap,camera_group_0038,no,,yes
00053.jpg,训练集/00053.jpg,train,有漂浮物,53,file_block_0001,camera_group_v2_0039,1,low,top75_gray32_cosine_with_frame_gap,camera_group_0039,no,,yes
00054.jpg,训练集/00054.jpg,train,有漂浮物,54,file_block_0001,camera_group_v2_0005,24,medium,top75_gray32_cosine_with_frame_gap,camera_group_0005,no,,yes
00055.jpg,训练集/00055.jpg,train,有漂浮物,55,file_block_0001,camera_group_v2_0040,1,low,top75_gray32_cosine_with_frame_gap,camera_group_0040,no,,yes
00056.jpg,训练集/00056.jpg,train,有漂浮物,56,file_block_0001,camera_group_v2_0041,1,low,top75_gray32_cosine_with_frame_gap,camera_group_0041,no,,yes
00057.jpg,训练集/00057.jpg,train,有漂浮物,57,file_block_0001,camera_group_v2_0042,1,low,top75_gray32_cosine_with_frame_gap,camera_group_0042,no,,yes
00058.jpg,训练集/00058.jpg,train,有漂浮物,58,file_block_0001,camera_group_v2_0005,24,medium,top75_gray32_cosine_with_frame_gap,camera_group_0005,no,,yes
00059.jpg,训练集/00059.jpg,train,有漂浮物,59,file_block_0001,camera_group_v2_0043,1,low,top75_gray32_cosine_with_frame_gap,camera_group_0043,no,,yes
00060.jpg,训练集/00060.jpg,train,有漂浮物,60,file_block_0001,camera_group_v2_0044,1,low,top75_gray32_cosine_with_frame_gap,camera_group_0044,no,,yes
00061.jpg,训练集/00061.jpg,train,有漂浮物,61,file_block_0001,camera_group_v2_0045,1,low,top75_gray32_cosine_with_frame_gap,camera_group_0045,no,,yes
00062.jpg,初赛测试集/00062.jpg,test,,62,file_block_0001,camera_group_v2_0046,1,low,top75_gray32_cosine_with_frame_gap,camera_group_0046,no,,yes
00063.jpg,训练集/00063.jpg,train,有漂浮物,63,file_block_0001,camera_group_v2_0047,1,low,top75_gray32_cosine_with_frame_gap,camera_group_0047,no,,yes
00064.jpg,训练集/00064.jpg,train,正常,64,file_block_0001,camera_group_v2_0005,24,medium,top75_gray32_cosine_with_frame_gap,camera_group_0005,no,,yes
00065.jpg,训练集/00065.jpg,train,有漂浮物,65,file_block_0001,camera_group_v2_0048,1,low,top75_gray32_cosine_with_frame_gap,camera_group_0048,no,,yes
00066.jpg,训练集/00066.jpg,train,有漂浮物,66,file_block_0001,camera_group_v2_0049,1,low,top75_gray32_cosine_with_frame_gap,camera_group_0049,no,,yes
00067.jpg,训练集/00067.jpg,train,有漂浮物,67,file_block_0001,camera_group_v2_0050,1,low,top75_gray32_cosine_with_frame_gap,camera_group_0050,no,,yes
00068.jpg,训练集/00068.jpg,train,有漂浮物,68,file_block_0001,camera_group_v2_0051,1,low,top75_gray32_cosine_with_frame_gap,camera_group_0051,no,,yes
00069.jpg,训练集/00069.jpg,train,有漂浮物,69,file_block_0001,camera_group_v2_0052,1,low,top75_gray32_cosine_with_frame_gap,camera_group_0052,no,,yes
00070.jpg,训练集/00070.jpg,train,有漂浮物,70,file_block_0001,camera_group_v2_0053,1,low,top75_gray32_cosine_with_frame_gap,camera_group_0053,no,,yes
00071.jpg,训练集/00071.jpg,train,有漂浮物,71,file_block_0001,camera_group_v2_0054,1,low,top75_gray32_cosine_with_frame_gap,camera_group_0054,no,,yes
00072.jpg,训练集/00072.jpg,train,有漂浮物,72,file_block_0001,camera_group_v2_0005,24,medium,top75_gray32_cosine_with_frame_gap,camera_group_0005,no,,yes
00073.jpg,训练集/00073.jpg,train,有漂浮物,73,file_block_0001,camera_group_v2_0055,1,low,top75_gray32_cosine_with_frame_gap,camera_group_0055,no,,yes
00074.jpg,训练集/00074.jpg,train,有漂浮物,74,file_block_0001,camera_group_v2_0005,24,medium,top75_gray32_cosine_with_frame_gap,camera_group_0005,no,,yes
00075.jpg,训练集/00075.jpg,train,有漂浮物,75,file_block_0001,camera_group_v2_0005,24,medium,top75_gray32_cosine_with_frame_gap,camera_group_0005,no,,yes
00076.jpg,训练集/00076.jpg,train,有漂浮物,76,file_block_0001,camera_group_v2_0056,1,low,top75_gray32_cosine_with_frame_gap,camera_group_0056,no,,yes
00077.jpg,训练集/00077.jpg,train,有漂浮物,77,file_block_0001,camera_group_v2_0057,1,low,top75_gray32_cosine_with_frame_gap,camera_group_0057,no,,yes
00078.jpg,训练集/00078.jpg,train,有漂浮物,78,file_block_0001,camera_group_v2_0058,1,low,top75_gray32_cosine_with_frame_gap,camera_group_0058,no,,yes
00079.jpg,训练集/00079.jpg,train,有漂浮物,79,file_block_0001,camera_group_v2_0059,1,low,top75_gray32_cosine_with_frame_gap,camera_group_0059,no,,yes
00080.jpg,训练集/00080.jpg,train,有漂浮物,80,file_block_0001,camera_group_v2_0060,1,low,top75_gray32_cosine_with_frame_gap,camera_group_0060,no,,yes
00081.jpg,训练集/00081.jpg,train,有漂浮物,81,file_block_0001,camera_group_v2_0061,1,low,top75_gray32_cosine_with_frame_gap,camera_group_0061,no,,yes
00082.jpg,训练集/00082.jpg,train,有漂浮物,82,file_block_0001,camera_group_v2_0062,1,low,top75_gray32_cosine_with_frame_gap,camera_group_0062,no,,yes
00083.jpg,训练集/00083.jpg,train,有漂浮物,83,file_block_0001,camera_group_v2_0063,1,low,top75_gray32_cosine_with_frame_gap,camera_group_0063,no,,yes
00084.jpg,训练集/00084.jpg,train,有漂浮物,84,file_block_0001,camera_group_v2_0064,1,low,top75_gray32_cosine_with_frame_gap,camera_group_0064,no,,yes
00085.jpg,训练集/00085.jpg,train,有漂浮物,85,file_block_0001,camera_group_v2_0065,1,low,top75_gray32_cosine_with_frame_gap,camera_group_0065,no,,yes
00086.jpg,训练集/00086.jpg,train,有漂浮物,86,file_block_0001,camera_group_v2_0066,1,low,top75_gray32_cosine_with_frame_gap,camera_group_0066,no,,yes
00087.jpg,训练集/00087.jpg,train,有漂浮物,87,file_block_0001,camera_group_v2_0067,1,low,top75_gray32_cosine_with_frame_gap,camera_group_0067,no,,yes
00088.jpg,训练集/00088.jpg,train,有漂浮物,88,file_block_0001,camera_group_v2_0068,1,low,top75_gray32_cosine_with_frame_gap,camera_group_0068,no,,yes
00089.jpg,训练集/00089.jpg,train,有漂浮物,89,file_block_0001,camera_group_v2_0069,1,low,top75_gray32_cosine_with_frame_gap,camera_group_0069,no,,yes
00090.jpg,训练集/00090.jpg,train,有漂浮物,90,file_block_0001,camera_group_v2_0070,1,low,top75_gray32_cosine_with_frame_gap,camera_group_0070,no,,yes
00091.jpg,训练集/00091.jpg,train,有漂浮物,91,file_block_0001,camera_group_v2_0071,1,low,top75_gray32_cosine_with_frame_gap,camera_group_0071,no,,yes
00092.jpg,训练集/00092.jpg,train,有漂浮物,92,file_block_0001,camera_group_v2_0005,24,medium,top75_gray32_cosine_with_frame_gap,camera_group_0005,no,,yes
00093.jpg,训练集/00093.jpg,train,有漂浮物,93,file_block_0001,camera_group_v2_0072,2,medium,top75_gray32_cosine_with_frame_gap,camera_group_0072,no,,yes
00094.jpg,训练集/00094.jpg,train,有漂浮物,94,file_block_0001,camera_group_v2_0073,1,low,top75_gray32_cosine_with_frame_gap,camera_group_0073,no,,yes
00095.jpg,训练集/00095.jpg,train,有漂浮物,95,file_block_0001,camera_group_v2_0074,1,low,top75_gray32_cosine_with_frame_gap,camera_group_0074,no,,yes
00096.jpg,训练集/00096.jpg,train,正常,96,file_block_0001,camera_group_v2_0005,24,medium,top75_gray32_cosine_with_frame_gap,camera_group_0005,no,,yes
00097.jpg,训练集/00097.jpg,train,有漂浮物,97,file_block_0001,camera_group_v2_0075,1,low,top75_gray32_cosine_with_frame_gap,camera_group_0075,no,,yes
00098.jpg,训练集/00098.jpg,train,有漂浮物,98,file_block_0001,camera_group_v2_0005,24,medium,top75_gray32_cosine_with_frame_gap,camera_group_0005,no,,yes
00099.jpg,训练集/00099.jpg,train,有漂浮物,99,file_block_0001,camera_group_v2_0076,1,low,top75_gray32_cosine_with_frame_gap,camera_group_0076,no,,yes
00100.jpg,训练集/00100.jpg,train,正常,100,file_block_0001,camera_group_v2_0077,1,low,top75_gray32_cosine_with_frame_gap,camera_group_0077,no,,yes
00101.jpg,训练集/00101.jpg,train,有漂浮物,101,file_block_0001,camera_group_v2_0078,1,low,top75_gray32_cosine_with_frame_gap,camera_group_0078,no,,yes
00102.jpg,训练集/00102.jpg,train,有漂浮物,102,file_block_0001,camera_group_v2_0079,1,low,top75_gray32_cosine_with_frame_gap,camera_group_0079,no,,yes
00103.jpg,训练集/00103.jpg,train,有漂浮物,103,file_block_0001,camera_group_v2_0080,1,low,top75_gray32_cosine_with_frame_gap,camera_group_0080,no,,yes
00104.jpg,训练集/00104.jpg,train,有漂浮物,104,file_block_0001,camera_group_v2_0081,1,low,top75_gray32_cosine_with_frame_gap,camera_group_0081,no,,yes
00105.jpg,训练集/00105.jpg,train,有漂浮物,105,file_block_0001,camera_group_v2_0082,1,low,top75_gray32_cosine_with_frame_gap,camera_group_0082,no,,yes
00106.jpg,训练集/00106.jpg,train,有漂浮物,106,file_block_0001,camera_group_v2_0083,1,low,top75_gray32_cosine_with_frame_gap,camera_group_0083,no,,yes
00107.jpg,训练集/00107.jpg,train,有漂浮物,107,file_block_0001,camera_group_v2_0084,1,low,top75_gray32_cosine_with_frame_gap,camera_group_0084,no,,yes
00108.jpg,训练集/00108.jpg,train,有漂浮物,108,file_block_0001,camera_group_v2_0085,1,low,top75_gray32_cosine_with_frame_gap,camera_group_0085,no,,yes
00109.jpg,训练集/00109.jpg,train,有漂浮物,109,file_block_0001,camera_group_v2_0086,1,low,top75_gray32_cosine_with_frame_gap,camera_group_0086,no,,yes
00110.jpg,训练集/00110.jpg,train,有漂浮物,110,file_block_0001,camera_group_v2_0087,1,low,top75_gray32_cosine_with_frame_gap,camera_group_0087,no,,yes
00111.jpg,训练集/00111.jpg,train,有漂浮物,111,file_block_0001,camera_group_v2_0088,1,low,top75_gray32_cosine_with_frame_gap,camera_group_0088,no,,yes
00112.jpg,训练集/00112.jpg,train,有漂浮物,112,file_block_0001,camera_group_v2_0089,1,low,top75_gray32_cosine_with_frame_gap,camera_group_0089,no,,yes
00113.jpg,训练集/00113.jpg,train,有漂浮物,113,file_block_0001,camera_group_v2_0072,2,medium,top75_gray32_cosine_with_frame_gap,camera_group_0072,no,,yes
00114.jpg,训练集/00114.jpg,train,正常,114,file_block_0001,camera_group_v2_0090,1,low,top75_gray32_cosine_with_frame_gap,camera_group_0090,no,,yes
00115.jpg,训练集/00115.jpg,train,有漂浮物,115,file_block_0001,camera_group_v2_0091,1,low,top75_gray32_cosine_with_frame_gap,camera_group_0091,no,,yes
00116.jpg,训练集/00116.jpg,train,有漂浮物,116,file_block_0001,camera_group_v2_0092,1,low,top75_gray32_cosine_with_frame_gap,camera_group_0092,no,,yes
00117.jpg,训练集/00117.jpg,train,有漂浮物,117,file_block_0001,camera_group_v2_0093,1,low,top75_gray32_cosine_with_frame_gap,camera_group_0093,no,,yes
00118.jpg,训练集/00118.jpg,train,有漂浮物,118,file_block_0001,camera_group_v2_0094,1,low,top75_gray32_cosine_with_frame_gap,camera_group_0094,no,,yes
00119.jpg,训练集/00119.jpg,train,有漂浮物,119,file_block_0001,camera_group_v2_0095,1,low,top75_gray32_cosine_with_frame_gap,camera_group_0095,no,,yes
00120.jpg,训练集/00120.jpg,train,有漂浮物,120,file_block_0001,camera_group_v2_0096,1,low,top75_gray32_cosine_with_frame_gap,camera_group_0096,no,,yes
00121.jpg,训练集/00121.jpg,train,有漂浮物,121,file_block_0001,camera_group_v2_0097,1,low,top75_gray32_cosine_with_frame_gap,camera_group_0097,no,,yes
00122.jpg,训练集/00122.jpg,train,有漂浮物,122,file_block_0001,camera_group_v2_0098,1,low,top75_gray32_cosine_with_frame_gap,camera_group_0098,no,,yes
00123.jpg,训练集/00123.jpg,train,有漂浮物,123,file_block_0001,camera_group_v2_0099,1,low,top75_gray32_cosine_with_frame_gap,camera_group_0099,no,,yes
00124.jpg,训练集/00124.jpg,train,有漂浮物,124,file_block_0001,camera_group_v2_0100,8,medium,top75_gray32_cosine_with_frame_gap,camera_group_0100,no,,yes
00125.jpg,训练集/00125.jpg,train,有漂浮物,125,file_block_0001,camera_group_v2_0101,1,low,top75_gray32_cosine_with_frame_gap,camera_group_0101,no,,yes
00126.jpg,训练集/00126.jpg,train,有漂浮物,126,file_block_0001,camera_group_v2_0102,1,low,top75_gray32_cosine_with_frame_gap,camera_group_0102,no,,yes
00127.jpg,训练集/00127.jpg,train,有漂浮物,127,file_block_0001,camera_group_v2_0103,3,medium,top75_gray32_cosine_with_frame_gap,camera_group_0103,no,,yes
00129.jpg,训练集/00129.jpg,train,有漂浮物,129,file_block_0001,camera_group_v2_0104,1,low,top75_gray32_cosine_with_frame_gap,camera_group_0104,no,,yes
00130.jpg,训练集/00130.jpg,train,有漂浮物,130,file_block_0001,camera_group_v2_0105,1,low,top75_gray32_cosine_with_frame_gap,camera_group_0105,no,,yes
00131.jpg,训练集/00131.jpg,train,有漂浮物,131,file_block_0001,camera_group_v2_0106,1,low,top75_gray32_cosine_with_frame_gap,camera_group_0106,no,,yes
00132.jpg,训练集/00132.jpg,train,有漂浮物,132,file_block_0001,camera_group_v2_0107,1,low,top75_gray32_cosine_with_frame_gap,camera_group_0107,no,,yes
00133.jpg,训练集/00133.jpg,train,有漂浮物,133,file_block_0001,camera_group_v2_0100,8,medium,top75_gray32_cosine_with_frame_gap,camera_group_0100,no,,yes
00134.jpg,训练集/00134.jpg,train,有漂浮物,134,file_block_0001,camera_group_v2_0108,1,low,top75_gray32_cosine_with_frame_gap,camera_group_0108,no,,yes
00135.jpg,训练集/00135.jpg,train,有漂浮物,135,file_block_0001,camera_group_v2_0109,1,low,top75_gray32_cosine_with_frame_gap,camera_group_0109,no,,yes
00136.jpg,训练集/00136.jpg,train,有漂浮物,136,file_block_0001,camera_group_v2_0110,1,low,top75_gray32_cosine_with_frame_gap,camera_group_0110,no,,yes
00137.jpg,训练集/00137.jpg,train,有漂浮物,137,file_block_0001,camera_group_v2_0100,8,medium,top75_gray32_cosine_with_frame_gap,camera_group_0100,no,,yes
00138.jpg,训练集/00138.jpg,train,有漂浮物,138,file_block_0001,camera_group_v2_0100,8,medium,top75_gray32_cosine_with_frame_gap,camera_group_0100,no,,yes
00139.jpg,训练集/00139.jpg,train,有漂浮物,139,file_block_0001,camera_group_v2_0100,8,medium,top75_gray32_cosine_with_frame_gap,camera_group_0100,no,,yes
00140.jpg,训练集/00140.jpg,train,有漂浮物,140,file_block_0001,camera_group_v2_0100,8,medium,top75_gray32_cosine_with_frame_gap,camera_group_0100,no,,yes
00141.jpg,训练集/00141.jpg,train,有漂浮物,141,file_block_0001,camera_group_v2_0111,1,low,top75_gray32_cosine_with_frame_gap,camera_group_0111,no,,yes
00142.jpg,训练集/00142.jpg,train,有漂浮物,142,file_block_0001,camera_group_v2_0112,1,low,top75_gray32_cosine_with_frame_gap,camera_group_0112,no,,yes
00143.jpg,训练集/00143.jpg,train,有漂浮物,143,file_block_0001,camera_group_v2_0113,2,low,top75_gray32_cosine_with_frame_gap,camera_group_0113,yes,几乎像素级重复/同一画面,yes
00144.jpg,训练集/00144.jpg,train,有漂浮物,144,file_block_0001,camera_group_v2_0100,8,medium,top75_gray32_cosine_with_frame_gap,camera_group_0100,no,,yes
00145.jpg,训练集/00145.jpg,train,有漂浮物,145,file_block_0001,camera_group_v2_0114,1,low,top75_gray32_cosine_with_frame_gap,camera_group_0114,no,,yes
00146.jpg,训练集/00146.jpg,train,有漂浮物,146,file_block_0001,camera_group_v2_0115,1,low,top75_gray32_cosine_with_frame_gap,camera_group_0115,no,,yes
00147.jpg,训练集/00147.jpg,train,有漂浮物,147,file_block_0001,camera_group_v2_0116,1,low,top75_gray32_cosine_with_frame_gap,camera_group_0116,no,,yes
00148.jpg,训练集/00148.jpg,train,有漂浮物,148,file_block_0001,camera_group_v2_0117,1,low,top75_gray32_cosine_with_frame_gap,camera_group_0117,no,,yes
00149.jpg,训练集/00149.jpg,train,有漂浮物,149,file_block_0001,camera_group_v2_0103,3,medium,top75_gray32_cosine_with_frame_gap,camera_group_0103,no,,yes
00150.jpg,训练集/00150.jpg,train,有漂浮物,150,file_block_0001,camera_group_v2_0118,1,low,top75_gray32_cosine_with_frame_gap,camera_group_0118,no,,yes
00151.jpg,训练集/00151.jpg,train,有漂浮物,151,file_block_0001,camera_group_v2_0119,1,low,top75_gray32_cosine_with_frame_gap,camera_group_0119,no,,yes
00152.jpg,训练集/00152.jpg,train,有漂浮物,152,file_block_0001,camera_group_v2_0120,1,low,top75_gray32_cosine_with_frame_gap,camera_group_0120,no,,yes
00153.jpg,训练集/00153.jpg,train,有漂浮物,153,file_block_0001,camera_group_v2_0121,1,low,top75_gray32_cosine_with_frame_gap,camera_group_0121,no,,yes
00154.jpg,训练集/00154.jpg,train,有漂浮物,154,file_block_0001,camera_group_v2_0122,2,medium,top75_gray32_cosine_with_frame_gap,camera_group_0122,no,,yes
00156.jpg,训练集/00156.jpg,train,有漂浮物,156,file_block_0001,camera_group_v2_0123,1,low,top75_gray32_cosine_with_frame_gap,camera_group_0123,no,,yes
00157.jpg,训练集/00157.jpg,train,有漂浮物,157,file_block_0001,camera_group_v2_0124,2,medium,top75_gray32_cosine_with_frame_gap,camera_group_0124,no,,yes
00158.jpg,训练集/00158.jpg,train,有漂浮物,158,file_block_0001,camera_group_v2_0124,2,medium,top75_gray32_cosine_with_frame_gap,camera_group_0124,no,,yes
00159.jpg,训练集/00159.jpg,train,有漂浮物,159,file_block_0001,camera_group_v2_0125,1,low,top75_gray32_cosine_with_frame_gap,camera_group_0125,no,,yes
00160.jpg,训练集/00160.jpg,train,有漂浮物,160,file_block_0001,camera_group_v2_0126,1,low,top75_gray32_cosine_with_frame_gap,camera_group_0126,no,,yes
00161.jpg,训练集/00161.jpg,train,有漂浮物,161,file_block_0001,camera_group_v2_0127,2,medium,top75_gray32_cosine_with_frame_gap,camera_group_0127,no,,yes
00163.jpg,训练集/00163.jpg,train,有漂浮物,163,file_block_0001,camera_group_v2_0128,1,low,top75_gray32_cosine_with_frame_gap,camera_group_0128,no,,yes
00164.jpg,训练集/00164.jpg,train,有漂浮物,164,file_block_0001,camera_group_v2_0129,1,low,top75_gray32_cosine_with_frame_gap,camera_group_0129,no,,yes
00165.jpg,训练集/00165.jpg,train,有漂浮物,165,file_block_0001,camera_group_v2_0130,1,low,top75_gray32_cosine_with_frame_gap,camera_group_0130,no,,yes
00166.jpg,训练集/00166.jpg,train,有漂浮物,166,file_block_0001,camera_group_v2_0131,1,low,top75_gray32_cosine_with_frame_gap,camera_group_0131,no,,yes
00167.jpg,初赛测试集/00167.jpg,test,,167,file_block_0001,camera_group_v2_0132,1,low,top75_gray32_cosine_with_frame_gap,camera_group_0132,no,,yes
00168.jpg,训练集/00168.jpg,train,有漂浮物,168,file_block_0001,camera_group_v2_0133,1,low,top75_gray32_cosine_with_frame_gap,camera_group_0133,no,,yes
00169.jpg,训练集/00169.jpg,train,有漂浮物,169,file_block_0001,camera_group_v2_0134,1,low,top75_gray32_cosine_with_frame_gap,camera_group_0134,no,,yes
00170.jpg,训练集/00170.jpg,train,有漂浮物,170,file_block_0001,camera_group_v2_0135,1,low,top75_gray32_cosine_with_frame_gap,camera_group_0135,no,,yes
00171.jpg,训练集/00171.jpg,train,有漂浮物,171,file_block_0001,camera_group_v2_0100,8,medium,top75_gray32_cosine_with_frame_gap,camera_group_0100,no,,yes
00172.jpg,训练集/00172.jpg,train,有漂浮物,172,file_block_0001,camera_group_v2_0136,1,low,top75_gray32_cosine_with_frame_gap,camera_group_0136,no,,yes
00173.jpg,训练集/00173.jpg,train,有漂浮物,173,file_block_0001,camera_group_v2_0137,1,low,top75_gray32_cosine_with_frame_gap,camera_group_0137,no,,yes
00174.jpg,训练集/00174.jpg,train,有漂浮物,174,file_block_0001,camera_group_v2_0138,1,low,top75_gray32_cosine_with_frame_gap,camera_group_0138,no,,yes
00175.jpg,训练集/00175.jpg,train,有漂浮物,175,file_block_0001,camera_group_v2_0139,1,low,top75_gray32_cosine_with_frame_gap,camera_group_0139,no,,yes
00176.jpg,训练集/00176.jpg,train,有漂浮物,176,file_block_0001,camera_group_v2_0140,2,medium,top75_gray32_cosine_with_frame_gap,camera_group_0140,no,,yes
00178.jpg,训练集/00178.jpg,train,有漂浮物,178,file_block_0001,camera_group_v2_0141,1,low,top75_gray32_cosine_with_frame_gap,camera_group_0141,no,,yes
00179.jpg,训练集/00179.jpg,train,有漂浮物,179,file_block_0001,camera_group_v2_0142,1,low,top75_gray32_cosine_with_frame_gap,camera_group_0142,no,,yes
00180.jpg,训练集/00180.jpg,train,有漂浮物,180,file_block_0001,camera_group_v2_0143,1,low,top75_gray32_cosine_with_frame_gap,camera_group_0143,no,,yes
00181.jpg,训练集/00181.jpg,train,有漂浮物,181,file_block_0001,camera_group_v2_0144,1,low,top75_gray32_cosine_with_frame_gap,camera_group_0144,no,,yes
00182.jpg,训练集/00182.jpg,train,有漂浮物,182,file_block_0001,camera_group_v2_0145,1,low,top75_gray32_cosine_with_frame_gap,camera_group_0145,no,,yes
00183.jpg,训练集/00183.jpg,train,有漂浮物,183,file_block_0001,camera_group_v2_0146,1,low,top75_gray32_cosine_with_frame_gap,camera_group_0146,no,,yes
00184.jpg,训练集/00184.jpg,train,有漂浮物,184,file_block_0001,camera_group_v2_0147,1,low,top75_gray32_cosine_with_frame_gap,camera_group_0147,no,,yes
00185.jpg,训练集/00185.jpg,train,有漂浮物,185,file_block_0001,camera_group_v2_0148,1,low,top75_gray32_cosine_with_frame_gap,camera_group_0148,no,,yes
00186.jpg,训练集/00186.jpg,train,有漂浮物,186,file_block_0001,camera_group_v2_0149,1,low,top75_gray32_cosine_with_frame_gap,camera_group_0149,no,,yes
00187.jpg,训练集/00187.jpg,train,有漂浮物,187,file_block_0001,camera_group_v2_0150,1,low,top75_gray32_cosine_with_frame_gap,camera_group_0150,no,,yes
00188.jpg,训练集/00188.jpg,train,有漂浮物,188,file_block_0001,camera_group_v2_0151,1,low,top75_gray32_cosine_with_frame_gap,camera_group_0151,no,,yes
00189.jpg,训练集/00189.jpg,train,有漂浮物,189,file_block_0001,camera_group_v2_0152,1,low,top75_gray32_cosine_with_frame_gap,camera_group_0152,no,,yes
00190.jpg,训练集/00190.jpg,train,有漂浮物,190,file_block_0001,camera_group_v2_0153,1,low,top75_gray32_cosine_with_frame_gap,camera_group_0153,no,,yes
00191.jpg,训练集/00191.jpg,train,有漂浮物,191,file_block_0001,camera_group_v2_0154,1,low,top75_gray32_cosine_with_frame_gap,camera_group_0154,no,,yes
00192.jpg,训练集/00192.jpg,train,有漂浮物,192,file_block_0001,camera_group_v2_0155,1,low,top75_gray32_cosine_with_frame_gap,camera_group_0155,no,,yes
00193.jpg,训练集/00193.jpg,train,有漂浮物,193,file_block_0001,camera_group_v2_0156,1,low,top75_gray32_cosine_with_frame_gap,camera_group_0156,no,,yes
00194.jpg,训练集/00194.jpg,train,有漂浮物,194,file_block_0001,camera_group_v2_0157,1,low,top75_gray32_cosine_with_frame_gap,camera_group_0157,no,,yes
00195.jpg,训练集/00195.jpg,train,有漂浮物,195,file_block_0001,camera_group_v2_0158,1,low,top75_gray32_cosine_with_frame_gap,camera_group_0158,no,,yes
00196.jpg,训练集/00196.jpg,train,有漂浮物,196,file_block_0001,camera_group_v2_0159,1,low,top75_gray32_cosine_with_frame_gap,camera_group_0159,no,,yes
00197.jpg,训练集/00197.jpg,train,有漂浮物,197,file_block_0001,camera_group_v2_0160,1,low,top75_gray32_cosine_with_frame_gap,camera_group_0160,no,,yes
00198.jpg,训练集/00198.jpg,train,有漂浮物,198,file_block_0001,camera_group_v2_0161,1,low,top75_gray32_cosine_with_frame_gap,camera_group_0161,no,,yes
00199.jpg,训练集/00199.jpg,train,有漂浮物,199,file_block_0001,camera_group_v2_0162,1,low,top75_gray32_cosine_with_frame_gap,camera_group_0162,no,,yes
00200.jpg,训练集/00200.jpg,train,有漂浮物,200,file_block_0001,camera_group_v2_0163,1,low,top75_gray32_cosine_with_frame_gap,camera_group_0163,no,,yes
00201.jpg,训练集/00201.jpg,train,有漂浮物,201,file_block_0001,camera_group_v2_0164,1,low,top75_gray32_cosine_with_frame_gap,camera_group_0164,no,,yes
00202.jpg,训练集/00202.jpg,train,有漂浮物,202,file_block_0001,camera_group_v2_0165,1,low,top75_gray32_cosine_with_frame_gap,camera_group_0165,no,,yes
00203.jpg,训练集/00203.jpg,train,有漂浮物,203,file_block_0001,camera_group_v2_0166,1,low,top75_gray32_cosine_with_frame_gap,camera_group_0166,no,,yes
00204.jpg,训练集/00204.jpg,train,有漂浮物,204,file_block_0001,camera_group_v2_0167,1,low,top75_gray32_cosine_with_frame_gap,camera_group_0167,no,,yes
00205.jpg,训练集/00205.jpg,train,有漂浮物,205,file_block_0001,camera_group_v2_0168,1,low,top75_gray32_cosine_with_frame_gap,camera_group_0168,no,,yes
00206.jpg,训练集/00206.jpg,train,有漂浮物,206,file_block_0001,camera_group_v2_0169,1,low,top75_gray32_cosine_with_frame_gap,camera_group_0169,no,,yes
00207.jpg,训练集/00207.jpg,train,有漂浮物,207,file_block_0001,camera_group_v2_0170,1,low,top75_gray32_cosine_with_frame_gap,camera_group_0170,no,,yes
00208.jpg,训练集/00208.jpg,train,有漂浮物,208,file_block_0001,camera_group_v2_0171,1,low,top75_gray32_cosine_with_frame_gap,camera_group_0171,no,,yes
00209.jpg,训练集/00209.jpg,train,有漂浮物,209,file_block_0001,camera_group_v2_0172,1,low,top75_gray32_cosine_with_frame_gap,camera_group_0172,no,,yes
00210.jpg,训练集/00210.jpg,train,有漂浮物,210,file_block_0001,camera_group_v2_0173,1,low,top75_gray32_cosine_with_frame_gap,camera_group_0173,no,,yes
00211.jpg,训练集/00211.jpg,train,有漂浮物,211,file_block_0001,camera_group_v2_0174,1,low,top75_gray32_cosine_with_frame_gap,camera_group_0174,no,,yes
00212.jpg,训练集/00212.jpg,train,有漂浮物,212,file_block_0001,camera_group_v2_0175,1,low,top75_gray32_cosine_with_frame_gap,camera_group_0175,no,,yes
00213.jpg,训练集/00213.jpg,train,有漂浮物,213,file_block_0001,camera_group_v2_0176,1,low,top75_gray32_cosine_with_frame_gap,camera_group_0176,no,,yes
00214.jpg,训练集/00214.jpg,train,有漂浮物,214,file_block_0001,camera_group_v2_0113,2,low,top75_gray32_cosine_with_frame_gap,camera_group_0177,yes,几乎像素级重复/同一画面,yes
00215.jpg,训练集/00215.jpg,train,有漂浮物,215,file_block_0001,camera_group_v2_0177,2,medium,top75_gray32_cosine_with_frame_gap,camera_group_0178,no,,yes
00217.jpg,训练集/00217.jpg,train,有漂浮物,217,file_block_0001,camera_group_v2_0178,1,low,top75_gray32_cosine_with_frame_gap,camera_group_0179,no,,yes
00218.jpg,训练集/00218.jpg,train,有漂浮物,218,file_block_0001,camera_group_v2_0179,1,low,top75_gray32_cosine_with_frame_gap,camera_group_0180,no,,yes
00219.jpg,训练集/00219.jpg,train,有漂浮物,219,file_block_0001,camera_group_v2_0180,1,low,top75_gray32_cosine_with_frame_gap,camera_group_0181,no,,yes
00220.jpg,训练集/00220.jpg,train,有漂浮物,220,file_block_0001,camera_group_v2_0181,1,low,top75_gray32_cosine_with_frame_gap,camera_group_0182,no,,yes
00221.jpg,训练集/00221.jpg,train,有漂浮物,221,file_block_0001,camera_group_v2_0182,2,medium,top75_gray32_cosine_with_frame_gap,camera_group_0183,no,,yes
00222.jpg,训练集/00222.jpg,train,有漂浮物,222,file_block_0001,camera_group_v2_0183,2,medium,top75_gray32_cosine_with_frame_gap,camera_group_0184,no,,yes
00223.jpg,训练集/00223.jpg,train,有漂浮物,223,file_block_0001,camera_group_v2_0184,1,low,top75_gray32_cosine_with_frame_gap,camera_group_0185,no,,yes
00224.jpg,训练集/00224.jpg,train,有漂浮物,224,file_block_0001,camera_group_v2_0185,1,low,top75_gray32_cosine_with_frame_gap,camera_group_0186,no,,yes
00225.jpg,训练集/00225.jpg,train,有漂浮物,225,file_block_0001,camera_group_v2_0186,1,low,top75_gray32_cosine_with_frame_gap,camera_group_0187,no,,yes
00226.jpg,训练集/00226.jpg,train,有漂浮物,226,file_block_0001,camera_group_v2_0187,1,low,top75_gray32_cosine_with_frame_gap,camera_group_0188,no,,yes
00227.jpg,训练集/00227.jpg,train,有漂浮物,227,file_block_0001,camera_group_v2_0188,1,low,top75_gray32_cosine_with_frame_gap,camera_group_0189,no,,yes
00228.jpg,训练集/00228.jpg,train,有漂浮物,228,file_block_0001,camera_group_v2_0189,1,low,top75_gray32_cosine_with_frame_gap,camera_group_0190,no,,yes
00229.jpg,训练集/00229.jpg,train,有漂浮物,229,file_block_0001,camera_group_v2_0190,1,low,top75_gray32_cosine_with_frame_gap,camera_group_0191,no,,yes
00230.jpg,训练集/00230.jpg,train,有漂浮物,230,file_block_0001,camera_group_v2_0191,1,low,top75_gray32_cosine_with_frame_gap,camera_group_0192,no,,yes
00231.jpg,训练集/00231.jpg,train,有漂浮物,231,file_block_0001,camera_group_v2_0192,1,low,top75_gray32_cosine_with_frame_gap,camera_group_0193,no,,yes
00232.jpg,训练集/00232.jpg,train,有漂浮物,232,file_block_0001,camera_group_v2_0193,1,low,top75_gray32_cosine_with_frame_gap,camera_group_0194,no,,yes
00233.jpg,训练集/00233.jpg,train,有漂浮物,233,file_block_0001,camera_group_v2_0194,1,low,top75_gray32_cosine_with_frame_gap,camera_group_0195,no,,yes
00234.jpg,初赛测试集/00234.jpg,test,,234,file_block_0001,camera_group_v2_0195,1,low,top75_gray32_cosine_with_frame_gap,camera_group_0196,no,,yes
00235.jpg,初赛测试集/00235.jpg,test,,235,file_block_0001,camera_group_v2_0196,1,low,top75_gray32_cosine_with_frame_gap,camera_group_0197,no,,yes
00236.jpg,初赛测试集/00236.jpg,test,,236,file_block_0001,camera_group_v2_0197,1,low,top75_gray32_cosine_with_frame_gap,camera_group_0198,no,,yes
00237.jpg,初赛测试集/00237.jpg,test,,237,file_block_0001,camera_group_v2_0198,1,low,top75_gray32_cosine_with_frame_gap,camera_group_0199,no,,yes
00238.jpg,初赛测试集/00238.jpg,test,,238,file_block_0001,camera_group_v2_0199,2,medium,top75_gray32_cosine_with_frame_gap,camera_group_0200,no,,yes
00239.jpg,初赛测试集/00239.jpg,test,,239,file_block_0001,camera_group_v2_0199,2,medium,top75_gray32_cosine_with_frame_gap,camera_group_0200,no,,yes
00240.jpg,初赛测试集/00240.jpg,test,,240,file_block_0001,camera_group_v2_0200,1,low,top75_gray32_cosine_with_frame_gap,camera_group_0201,no,,yes
00241.jpg,初赛测试集/00241.jpg,test,,241,file_block_0001,camera_group_v2_0201,1,low,top75_gray32_cosine_with_frame_gap,camera_group_0202,no,,yes
00242.jpg,初赛测试集/00242.jpg,test,,242,file_block_0001,camera_group_v2_0202,1,low,top75_gray32_cosine_with_frame_gap,camera_group_0203,no,,yes
00243.jpg,初赛测试集/00243.jpg,test,,243,file_block_0001,camera_group_v2_0183,2,medium,top75_gray32_cosine_with_frame_gap,camera_group_0184,no,,yes
00244.jpg,初赛测试集/00244.jpg,test,,244,file_block_0001,camera_group_v2_0203,1,low,top75_gray32_cosine_with_frame_gap,camera_group_0204,no,,yes
00245.jpg,初赛测试集/00245.jpg,test,,245,file_block_0001,camera_group_v2_0204,1,low,top75_gray32_cosine_with_frame_gap,camera_group_0205,no,,yes
00246.jpg,初赛测试集/00246.jpg,test,,246,file_block_0001,camera_group_v2_0182,2,medium,top75_gray32_cosine_with_frame_gap,camera_group_0183,no,,yes
00247.jpg,初赛测试集/00247.jpg,test,,247,file_block_0001,camera_group_v2_0205,17,medium,top75_gray32_cosine_with_frame_gap,camera_group_0206,no,,yes
00248.jpg,初赛测试集/00248.jpg,test,,248,file_block_0001,camera_group_v2_0206,1,low,top75_gray32_cosine_with_frame_gap,camera_group_0207,no,,yes
00249.jpg,初赛测试集/00249.jpg,test,,249,file_block_0001,camera_group_v2_0207,1,low,top75_gray32_cosine_with_frame_gap,camera_group_0208,no,,yes
00250.jpg,初赛测试集/00250.jpg,test,,250,file_block_0001,camera_group_v2_0208,1,low,top75_gray32_cosine_with_frame_gap,camera_group_0209,no,,yes
00251.jpg,初赛测试集/00251.jpg,test,,251,file_block_0001,camera_group_v2_0209,1,low,top75_gray32_cosine_with_frame_gap,camera_group_0210,no,,yes
00252.jpg,初赛测试集/00252.jpg,test,,252,file_block_0001,camera_group_v2_0210,1,low,top75_gray32_cosine_with_frame_gap,camera_group_0211,no,,yes
00253.jpg,初赛测试集/00253.jpg,test,,253,file_block_0001,camera_group_v2_0211,1,low,top75_gray32_cosine_with_frame_gap,camera_group_0212,no,,yes
00254.jpg,初赛测试集/00254.jpg,test,,254,file_block_0001,camera_group_v2_0212,1,low,top75_gray32_cosine_with_frame_gap,camera_group_0213,no,,yes
00255.jpg,初赛测试集/00255.jpg,test,,255,file_block_0001,camera_group_v2_0213,1,low,top75_gray32_cosine_with_frame_gap,camera_group_0214,no,,yes
00256.jpg,初赛测试集/00256.jpg,test,,256,file_block_0001,camera_group_v2_0205,17,medium,top75_gray32_cosine_with_frame_gap,camera_group_0206,no,,yes
00257.jpg,初赛测试集/00257.jpg,test,,257,file_block_0001,camera_group_v2_0214,1,low,top75_gray32_cosine_with_frame_gap,camera_group_0215,no,,yes
00258.jpg,初赛测试集/00258.jpg,test,,258,file_block_0001,camera_group_v2_0205,17,medium,top75_gray32_cosine_with_frame_gap,camera_group_0206,no,,yes
00259.jpg,初赛测试集/00259.jpg,test,,259,file_block_0001,camera_group_v2_0215,1,low,top75_gray32_cosine_with_frame_gap,camera_group_0216,no,,yes
00260.jpg,初赛测试集/00260.jpg,test,,260,file_block_0001,camera_group_v2_0216,1,low,top75_gray32_cosine_with_frame_gap,camera_group_0217,no,,yes
00261.jpg,初赛测试集/00261.jpg,test,,261,file_block_0001,camera_group_v2_0217,1,low,top75_gray32_cosine_with_frame_gap,camera_group_0218,no,,yes
00262.jpg,初赛测试集/00262.jpg,test,,262,file_block_0001,camera_group_v2_0218,1,low,top75_gray32_cosine_with_frame_gap,camera_group_0219,no,,yes
00263.jpg,初赛测试集/00263.jpg,test,,263,file_block_0001,camera_group_v2_0205,17,medium,top75_gray32_cosine_with_frame_gap,camera_group_0206,no,,yes
00264.jpg,初赛测试集/00264.jpg,test,,264,file_block_0001,camera_group_v2_0205,17,medium,top75_gray32_cosine_with_frame_gap,camera_group_0206,no,,yes
00265.jpg,初赛测试集/00265.jpg,test,,265,file_block_0001,camera_group_v2_0219,1,low,top75_gray32_cosine_with_frame_gap,camera_group_0220,no,,yes
00266.jpg,初赛测试集/00266.jpg,test,,266,file_block_0001,camera_group_v2_0220,1,low,top75_gray32_cosine_with_frame_gap,camera_group_0221,no,,yes
00267.jpg,初赛测试集/00267.jpg,test,,267,file_block_0001,camera_group_v2_0221,1,low,top75_gray32_cosine_with_frame_gap,camera_group_0222,no,,yes
00268.jpg,初赛测试集/00268.jpg,test,,268,file_block_0001,camera_group_v2_0222,1,low,top75_gray32_cosine_with_frame_gap,camera_group_0223,no,,yes
00269.jpg,初赛测试集/00269.jpg,test,,269,file_block_0001,camera_group_v2_0223,1,low,top75_gray32_cosine_with_frame_gap,camera_group_0224,no,,yes
00270.jpg,初赛测试集/00270.jpg,test,,270,file_block_0001,camera_group_v2_0224,1,low,top75_gray32_cosine_with_frame_gap,camera_group_0225,no,,yes
00271.jpg,初赛测试集/00271.jpg,test,,271,file_block_0001,camera_group_v2_0225,1,low,top75_gray32_cosine_with_frame_gap,camera_group_0226,no,,yes
00272.jpg,初赛测试集/00272.jpg,test,,272,file_block_0001,camera_group_v2_0226,1,low,top75_gray32_cosine_with_frame_gap,camera_group_0227,no,,yes
00273.jpg,初赛测试集/00273.jpg,test,,273,file_block_0001,camera_group_v2_0227,1,low,top75_gray32_cosine_with_frame_gap,camera_group_0228,no,,yes
00274.jpg,初赛测试集/00274.jpg,test,,274,file_block_0001,camera_group_v2_0205,17,medium,top75_gray32_cosine_with_frame_gap,camera_group_0206,no,,yes
00275.jpg,初赛测试集/00275.jpg,test,,275,file_block_0001,camera_group_v2_0228,1,low,top75_gray32_cosine_with_frame_gap,camera_group_0229,no,,yes
00276.jpg,初赛测试集/00276.jpg,test,,276,file_block_0001,camera_group_v2_0229,2,medium,top75_gray32_cosine_with_frame_gap,camera_group_0230,no,,yes
00277.jpg,初赛测试集/00277.jpg,test,,277,file_block_0001,camera_group_v2_0230,1,low,top75_gray32_cosine_with_frame_gap,camera_group_0231,no,,yes
00278.jpg,初赛测试集/00278.jpg,test,,278,file_block_0001,camera_group_v2_0229,2,medium,top75_gray32_cosine_with_frame_gap,camera_group_0230,no,,yes
00279.jpg,初赛测试集/00279.jpg,test,,279,file_block_0001,camera_group_v2_0231,1,low,top75_gray32_cosine_with_frame_gap,camera_group_0232,no,,yes
00280.jpg,初赛测试集/00280.jpg,test,,280,file_block_0001,camera_group_v2_0232,1,low,top75_gray32_cosine_with_frame_gap,camera_group_0233,no,,yes
00281.jpg,初赛测试集/00281.jpg,test,,281,file_block_0001,camera_group_v2_0233,1,low,top75_gray32_cosine_with_frame_gap,camera_group_0234,no,,yes
00282.jpg,初赛测试集/00282.jpg,test,,282,file_block_0001,camera_group_v2_0234,1,low,top75_gray32_cosine_with_frame_gap,camera_group_0235,no,,yes
00283.jpg,初赛测试集/00283.jpg,test,,283,file_block_0001,camera_group_v2_0235,1,low,top75_gray32_cosine_with_frame_gap,camera_group_0236,no,,yes
00284.jpg,初赛测试集/00284.jpg,test,,284,file_block_0001,camera_group_v2_0236,1,low,top75_gray32_cosine_with_frame_gap,camera_group_0237,no,,yes
00285.jpg,初赛测试集/00285.jpg,test,,285,file_block_0001,camera_group_v2_0237,1,low,top75_gray32_cosine_with_frame_gap,camera_group_0238,no,,yes
00286.jpg,初赛测试集/00286.jpg,test,,286,file_block_0001,camera_group_v2_0238,2,medium,top75_gray32_cosine_with_frame_gap,camera_group_0239,no,,yes
00287.jpg,初赛测试集/00287.jpg,test,,287,file_block_0001,camera_group_v2_0238,2,medium,top75_gray32_cosine_with_frame_gap,camera_group_0239,no,,yes
00288.jpg,初赛测试集/00288.jpg,test,,288,file_block_0001,camera_group_v2_0239,1,low,top75_gray32_cosine_with_frame_gap,camera_group_0240,no,,yes
00289.jpg,初赛测试集/00289.jpg,test,,289,file_block_0001,camera_group_v2_0240,1,low,top75_gray32_cosine_with_frame_gap,camera_group_0241,no,,yes
00290.jpg,初赛测试集/00290.jpg,test,,290,file_block_0001,camera_group_v2_0241,1,low,top75_gray32_cosine_with_frame_gap,camera_group_0242,no,,yes
00291.jpg,初赛测试集/00291.jpg,test,,291,file_block_0001,camera_group_v2_0242,1,low,top75_gray32_cosine_with_frame_gap,camera_group_0243,no,,yes
00292.jpg,初赛测试集/00292.jpg,test,,292,file_block_0001,camera_group_v2_0205,17,medium,top75_gray32_cosine_with_frame_gap,camera_group_0206,no,,yes
00293.jpg,初赛测试集/00293.jpg,test,,293,file_block_0001,camera_group_v2_0205,17,medium,top75_gray32_cosine_with_frame_gap,camera_group_0206,no,,yes
00294.jpg,初赛测试集/00294.jpg,test,,294,file_block_0001,camera_group_v2_0205,17,medium,top75_gray32_cosine_with_frame_gap,camera_group_0206,no,,yes
00295.jpg,初赛测试集/00295.jpg,test,,295,file_block_0001,camera_group_v2_0243,1,low,top75_gray32_cosine_with_frame_gap,camera_group_0244,no,,yes
00296.jpg,初赛测试集/00296.jpg,test,,296,file_block_0001,camera_group_v2_0244,1,low,top75_gray32_cosine_with_frame_gap,camera_group_0245,no,,yes
00297.jpg,初赛测试集/00297.jpg,test,,297,file_block_0001,camera_group_v2_0245,1,low,top75_gray32_cosine_with_frame_gap,camera_group_0246,no,,yes
00298.jpg,初赛测试集/00298.jpg,test,,298,file_block_0001,camera_group_v2_0246,1,low,top75_gray32_cosine_with_frame_gap,camera_group_0247,no,,yes
00299.jpg,初赛测试集/00299.jpg,test,,299,file_block_0001,camera_group_v2_0247,1,low,top75_gray32_cosine_with_frame_gap,camera_group_0248,no,,yes
00300.jpg,初赛测试集/00300.jpg,test,,300,file_block_0001,camera_group_v2_0248,1,low,top75_gray32_cosine_with_frame_gap,camera_group_0249,no,,yes
00301.jpg,初赛测试集/00301.jpg,test,,301,file_block_0001,camera_group_v2_0249,1,low,top75_gray32_cosine_with_frame_gap,camera_group_0250,no,,yes
00302.jpg,初赛测试集/00302.jpg,test,,302,file_block_0001,camera_group_v2_0250,1,low,top75_gray32_cosine_with_frame_gap,camera_group_0251,no,,yes
00303.jpg,初赛测试集/00303.jpg,test,,303,file_block_0001,camera_group_v2_0251,2,medium,top75_gray32_cosine_with_frame_gap,camera_group_0252,no,,yes
00304.jpg,初赛测试集/00304.jpg,test,,304,file_block_0001,camera_group_v2_0251,2,medium,top75_gray32_cosine_with_frame_gap,camera_group_0252,no,,yes
00305.jpg,初赛测试集/00305.jpg,test,,305,file_block_0001,camera_group_v2_0205,17,medium,top75_gray32_cosine_with_frame_gap,camera_group_0206,no,,yes
00306.jpg,初赛测试集/00306.jpg,test,,306,file_block_0001,camera_group_v2_0252,1,low,top75_gray32_cosine_with_frame_gap,camera_group_0253,no,,yes
00307.jpg,初赛测试集/00307.jpg,test,,307,file_block_0001,camera_group_v2_0253,3,high,top75_gray32_cosine_with_frame_gap,camera_group_0254,no,,yes
00308.jpg,初赛测试集/00308.jpg,test,,308,file_block_0001,camera_group_v2_0253,3,high,top75_gray32_cosine_with_frame_gap,camera_group_0254,no,,yes
00309.jpg,初赛测试集/00309.jpg,test,,309,file_block_0001,camera_group_v2_0253,3,high,top75_gray32_cosine_with_frame_gap,camera_group_0254,no,,yes
00310.jpg,初赛测试集/00310.jpg,test,,310,file_block_0001,camera_group_v2_0254,1,low,top75_gray32_cosine_with_frame_gap,camera_group_0255,no,,yes
00311.jpg,初赛测试集/00311.jpg,test,,311,file_block_0001,camera_group_v2_0255,1,low,top75_gray32_cosine_with_frame_gap,camera_group_0256,no,,yes
00312.jpg,初赛测试集/00312.jpg,test,,312,file_block_0001,camera_group_v2_0256,1,low,top75_gray32_cosine_with_frame_gap,camera_group_0257,no,,yes
00313.jpg,初赛测试集/00313.jpg,test,,313,file_block_0001,camera_group_v2_0257,1,low,top75_gray32_cosine_with_frame_gap,camera_group_0258,no,,yes
00314.jpg,初赛测试集/00314.jpg,test,,314,file_block_0001,camera_group_v2_0258,1,low,top75_gray32_cosine_with_frame_gap,camera_group_0259,no,,yes
00315.jpg,初赛测试集/00315.jpg,test,,315,file_block_0001,camera_group_v2_0259,1,low,top75_gray32_cosine_with_frame_gap,camera_group_0260,no,,yes
00316.jpg,初赛测试集/00316.jpg,test,,316,file_block_0001,camera_group_v2_0260,1,low,top75_gray32_cosine_with_frame_gap,camera_group_0261,no,,yes
00317.jpg,初赛测试集/00317.jpg,test,,317,file_block_0001,camera_group_v2_0261,1,low,top75_gray32_cosine_with_frame_gap,camera_group_0262,no,,yes
00318.jpg,初赛测试集/00318.jpg,test,,318,file_block_0001,camera_group_v2_0262,1,low,top75_gray32_cosine_with_frame_gap,camera_group_0263,no,,yes
00319.jpg,初赛测试集/00319.jpg,test,,319,file_block_0001,camera_group_v2_0205,17,medium,top75_gray32_cosine_with_frame_gap,camera_group_0206,no,,yes
00320.jpg,初赛测试集/00320.jpg,test,,320,file_block_0001,camera_group_v2_0263,1,low,top75_gray32_cosine_with_frame_gap,camera_group_0264,no,,yes
00321.jpg,初赛测试集/00321.jpg,test,,321,file_block_0001,camera_group_v2_0264,1,low,top75_gray32_cosine_with_frame_gap,camera_group_0265,no,,yes
00322.jpg,初赛测试集/00322.jpg,test,,322,file_block_0001,camera_group_v2_0265,1,low,top75_gray32_cosine_with_frame_gap,camera_group_0266,no,,yes
00323.jpg,初赛测试集/00323.jpg,test,,323,file_block_0001,camera_group_v2_0205,17,medium,top75_gray32_cosine_with_frame_gap,camera_group_0206,no,,yes
00324.jpg,初赛测试集/00324.jpg,test,,324,file_block_0001,camera_group_v2_0205,17,medium,top75_gray32_cosine_with_frame_gap,camera_group_0206,no,,yes
00325.jpg,初赛测试集/00325.jpg,test,,325,file_block_0001,camera_group_v2_0266,1,low,top75_gray32_cosine_with_frame_gap,camera_group_0267,no,,yes
00326.jpg,初赛测试集/00326.jpg,test,,326,file_block_0001,camera_group_v2_0205,17,medium,top75_gray32_cosine_with_frame_gap,camera_group_0206,no,,yes
00327.jpg,初赛测试集/00327.jpg,test,,327,file_block_0001,camera_group_v2_0267,1,low,top75_gray32_cosine_with_frame_gap,camera_group_0268,no,,yes
00328.jpg,初赛测试集/00328.jpg,test,,328,file_block_0001,camera_group_v2_0268,1,low,top75_gray32_cosine_with_frame_gap,camera_group_0269,no,,yes
00329.jpg,初赛测试集/00329.jpg,test,,329,file_block_0001,camera_group_v2_0205,17,medium,top75_gray32_cosine_with_frame_gap,camera_group_0206,no,,yes
00330.jpg,初赛测试集/00330.jpg,test,,330,file_block_0001,camera_group_v2_0269,1,low,top75_gray32_cosine_with_frame_gap,camera_group_0270,no,,yes
00331.jpg,初赛测试集/00331.jpg,test,,331,file_block_0001,camera_group_v2_0270,1,low,top75_gray32_cosine_with_frame_gap,camera_group_0271,no,,yes
00332.jpg,初赛测试集/00332.jpg,test,,332,file_block_0001,camera_group_v2_0205,17,medium,top75_gray32_cosine_with_frame_gap,camera_group_0206,no,,yes
00333.jpg,初赛测试集/00333.jpg,test,,333,file_block_0001,camera_group_v2_0271,1,low,top75_gray32_cosine_with_frame_gap,camera_group_0272,no,,yes
00334.jpg,初赛测试集/00334.jpg,test,,334,file_block_0001,camera_group_v2_0272,1,low,top75_gray32_cosine_with_frame_gap,camera_group_0273,no,,yes
00335.jpg,初赛测试集/00335.jpg,test,,335,file_block_0001,camera_group_v2_0273,1,low,top75_gray32_cosine_with_frame_gap,camera_group_0274,no,,yes
00336.jpg,初赛测试集/00336.jpg,test,,336,file_block_0001,camera_group_v2_0205,17,medium,top75_gray32_cosine_with_frame_gap,camera_group_0206,no,,yes
00337.jpg,初赛测试集/00337.jpg,test,,337,file_block_0001,camera_group_v2_0274,1,low,top75_gray32_cosine_with_frame_gap,camera_group_0275,no,,yes
00338.jpg,初赛测试集/00338.jpg,test,,338,file_block_0001,camera_group_v2_0275,1,low,top75_gray32_cosine_with_frame_gap,camera_group_0276,no,,yes
00339.jpg,初赛测试集/00339.jpg,test,,339,file_block_0001,camera_group_v2_0276,1,low,top75_gray32_cosine_with_frame_gap,camera_group_0277,no,,yes
00340.jpg,初赛测试集/00340.jpg,test,,340,file_block_0001,camera_group_v2_0277,1,low,top75_gray32_cosine_with_frame_gap,camera_group_0278,no,,yes
00341.jpg,初赛测试集/00341.jpg,test,,341,file_block_0001,camera_group_v2_0278,1,low,top75_gray32_cosine_with_frame_gap,camera_group_0279,no,,yes
00431.jpg,初赛测试集/00431.jpg,test,,431,file_block_0002,camera_group_v2_0279,1,low,top75_gray32_cosine_with_frame_gap,camera_group_0280,no,,yes
00437.png,初赛测试集/00437.png,test,,437,file_block_0003,camera_group_v2_0280,1,low,top75_gray32_cosine_with_frame_gap,camera_group_0281,no,,yes
00438.png,初赛测试集/00438.png,test,,438,file_block_0003,camera_group_v2_0281,1,low,top75_gray32_cosine_with_frame_gap,camera_group_0282,no,,yes
00441.jpg,初赛测试集/00441.jpg,test,,441,file_block_0004,camera_group_v2_0282,1,low,top75_gray32_cosine_with_frame_gap,camera_group_0283,no,,yes
00443.jpg,训练集/00443.jpg,train,有漂浮物,443,file_block_0005,camera_group_v2_0283,51,medium,top75_gray32_cosine_with_frame_gap,camera_group_0284,no,,yes
00444.jpg,训练集/00444.jpg,train,有漂浮物,444,file_block_0005,camera_group_v2_0283,51,medium,top75_gray32_cosine_with_frame_gap,camera_group_0284,no,,yes
00445.jpg,训练集/00445.jpg,train,有漂浮物,445,file_block_0005,camera_group_v2_0283,51,medium,top75_gray32_cosine_with_frame_gap,camera_group_0284,no,,yes
00446.jpg,训练集/00446.jpg,train,有漂浮物,446,file_block_0005,camera_group_v2_0283,51,medium,top75_gray32_cosine_with_frame_gap,camera_group_0284,no,,yes
00447.jpg,训练集/00447.jpg,train,有漂浮物,447,file_block_0005,camera_group_v2_0283,51,medium,top75_gray32_cosine_with_frame_gap,camera_group_0284,no,,yes
00448.jpg,训练集/00448.jpg,train,有漂浮物,448,file_block_0005,camera_group_v2_0283,51,medium,top75_gray32_cosine_with_frame_gap,camera_group_0284,no,,yes
00449.jpg,训练集/00449.jpg,train,有漂浮物,449,file_block_0005,camera_group_v2_0283,51,medium,top75_gray32_cosine_with_frame_gap,camera_group_0284,no,,yes
00450.jpg,训练集/00450.jpg,train,有漂浮物,450,file_block_0005,camera_group_v2_0283,51,medium,top75_gray32_cosine_with_frame_gap,camera_group_0284,no,,yes
00451.jpg,训练集/00451.jpg,train,有漂浮物,451,file_block_0005,camera_group_v2_0283,51,medium,top75_gray32_cosine_with_frame_gap,camera_group_0284,no,,yes
00452.jpg,训练集/00452.jpg,train,有漂浮物,452,file_block_0005,camera_group_v2_0283,51,medium,top75_gray32_cosine_with_frame_gap,camera_group_0284,no,,yes
00453.jpg,训练集/00453.jpg,train,有漂浮物,453,file_block_0005,camera_group_v2_0283,51,medium,top75_gray32_cosine_with_frame_gap,camera_group_0284,no,,yes
00454.jpg,训练集/00454.jpg,train,有漂浮物,454,file_block_0005,camera_group_v2_0283,51,medium,top75_gray32_cosine_with_frame_gap,camera_group_0284,no,,yes
00455.jpg,训练集/00455.jpg,train,有漂浮物,455,file_block_0005,camera_group_v2_0283,51,medium,top75_gray32_cosine_with_frame_gap,camera_group_0284,no,,yes
00456.jpg,训练集/00456.jpg,train,有漂浮物,456,file_block_0005,camera_group_v2_0283,51,medium,top75_gray32_cosine_with_frame_gap,camera_group_0284,no,,yes
00457.jpg,训练集/00457.jpg,train,有漂浮物,457,file_block_0005,camera_group_v2_0283,51,medium,top75_gray32_cosine_with_frame_gap,camera_group_0284,no,,yes
00458.jpg,训练集/00458.jpg,train,有漂浮物,458,file_block_0005,camera_group_v2_0283,51,medium,top75_gray32_cosine_with_frame_gap,camera_group_0284,no,,yes
00459.jpg,训练集/00459.jpg,train,有漂浮物,459,file_block_0005,camera_group_v2_0283,51,medium,top75_gray32_cosine_with_frame_gap,camera_group_0284,no,,yes
00460.jpg,训练集/00460.jpg,train,有漂浮物,460,file_block_0005,camera_group_v2_0283,51,medium,top75_gray32_cosine_with_frame_gap,camera_group_0284,no,,yes
00461.jpg,训练集/00461.jpg,train,有漂浮物,461,file_block_0005,camera_group_v2_0283,51,medium,top75_gray32_cosine_with_frame_gap,camera_group_0284,no,,yes
00462.jpg,训练集/00462.jpg,train,有漂浮物,462,file_block_0005,camera_group_v2_0283,51,medium,top75_gray32_cosine_with_frame_gap,camera_group_0284,no,,yes
00463.jpg,训练集/00463.jpg,train,有漂浮物,463,file_block_0005,camera_group_v2_0283,51,medium,top75_gray32_cosine_with_frame_gap,camera_group_0284,no,,yes
00464.jpg,训练集/00464.jpg,train,有漂浮物,464,file_block_0005,camera_group_v2_0283,51,medium,top75_gray32_cosine_with_frame_gap,camera_group_0284,no,,yes
00465.jpg,训练集/00465.jpg,train,有漂浮物,465,file_block_0005,camera_group_v2_0283,51,medium,top75_gray32_cosine_with_frame_gap,camera_group_0284,no,,yes
00466.jpg,训练集/00466.jpg,train,有漂浮物,466,file_block_0005,camera_group_v2_0283,51,medium,top75_gray32_cosine_with_frame_gap,camera_group_0284,no,,yes
00467.jpg,训练集/00467.jpg,train,有漂浮物,467,file_block_0005,camera_group_v2_0283,51,medium,top75_gray32_cosine_with_frame_gap,camera_group_0284,no,,yes
00468.jpg,训练集/00468.jpg,train,有漂浮物,468,file_block_0005,camera_group_v2_0283,51,medium,top75_gray32_cosine_with_frame_gap,camera_group_0284,no,,yes
00469.jpg,训练集/00469.jpg,train,有漂浮物,469,file_block_0005,camera_group_v2_0283,51,medium,top75_gray32_cosine_with_frame_gap,camera_group_0284,no,,yes
00470.jpg,训练集/00470.jpg,train,有漂浮物,470,file_block_0005,camera_group_v2_0283,51,medium,top75_gray32_cosine_with_frame_gap,camera_group_0284,no,,yes
00471.jpg,训练集/00471.jpg,train,有漂浮物,471,file_block_0005,camera_group_v2_0283,51,medium,top75_gray32_cosine_with_frame_gap,camera_group_0284,no,,yes
00472.jpg,训练集/00472.jpg,train,有漂浮物,472,file_block_0005,camera_group_v2_0283,51,medium,top75_gray32_cosine_with_frame_gap,camera_group_0284,no,,yes
00473.jpg,训练集/00473.jpg,train,有漂浮物,473,file_block_0005,camera_group_v2_0283,51,medium,top75_gray32_cosine_with_frame_gap,camera_group_0284,no,,yes
00474.jpg,训练集/00474.jpg,train,有漂浮物,474,file_block_0005,camera_group_v2_0283,51,medium,top75_gray32_cosine_with_frame_gap,camera_group_0284,no,,yes
00475.jpg,训练集/00475.jpg,train,有漂浮物,475,file_block_0005,camera_group_v2_0283,51,medium,top75_gray32_cosine_with_frame_gap,camera_group_0284,no,,yes
00476.jpg,训练集/00476.jpg,train,有漂浮物,476,file_block_0005,camera_group_v2_0283,51,medium,top75_gray32_cosine_with_frame_gap,camera_group_0284,no,,yes
00477.jpg,训练集/00477.jpg,train,有漂浮物,477,file_block_0005,camera_group_v2_0283,51,medium,top75_gray32_cosine_with_frame_gap,camera_group_0284,no,,yes
00478.jpg,训练集/00478.jpg,train,有漂浮物,478,file_block_0005,camera_group_v2_0283,51,medium,top75_gray32_cosine_with_frame_gap,camera_group_0284,no,,yes
00479.jpg,训练集/00479.jpg,train,有漂浮物,479,file_block_0005,camera_group_v2_0283,51,medium,top75_gray32_cosine_with_frame_gap,camera_group_0284,no,,yes
00480.jpg,训练集/00480.jpg,train,有漂浮物,480,file_block_0005,camera_group_v2_0283,51,medium,top75_gray32_cosine_with_frame_gap,camera_group_0284,no,,yes
00481.jpg,训练集/00481.jpg,train,有漂浮物,481,file_block_0005,camera_group_v2_0283,51,medium,top75_gray32_cosine_with_frame_gap,camera_group_0284,no,,yes
00482.jpg,训练集/00482.jpg,train,有漂浮物,482,file_block_0005,camera_group_v2_0283,51,medium,top75_gray32_cosine_with_frame_gap,camera_group_0284,no,,yes
00483.jpg,训练集/00483.jpg,train,有漂浮物,483,file_block_0005,camera_group_v2_0283,51,medium,top75_gray32_cosine_with_frame_gap,camera_group_0284,no,,yes
00484.jpg,训练集/00484.jpg,train,有漂浮物,484,file_block_0005,camera_group_v2_0283,51,medium,top75_gray32_cosine_with_frame_gap,camera_group_0284,no,,yes
00485.jpg,训练集/00485.jpg,train,有漂浮物,485,file_block_0005,camera_group_v2_0283,51,medium,top75_gray32_cosine_with_frame_gap,camera_group_0284,no,,yes
00486.jpg,训练集/00486.jpg,train,有漂浮物,486,file_block_0005,camera_group_v2_0283,51,medium,top75_gray32_cosine_with_frame_gap,camera_group_0284,no,,yes
00487.jpg,训练集/00487.jpg,train,有漂浮物,487,file_block_0005,camera_group_v2_0283,51,medium,top75_gray32_cosine_with_frame_gap,camera_group_0284,no,,yes
00488.jpg,训练集/00488.jpg,train,有漂浮物,488,file_block_0005,camera_group_v2_0283,51,medium,top75_gray32_cosine_with_frame_gap,camera_group_0284,no,,yes
00489.jpg,训练集/00489.jpg,train,有漂浮物,489,file_block_0005,camera_group_v2_0283,51,medium,top75_gray32_cosine_with_frame_gap,camera_group_0284,no,,yes
00490.jpg,训练集/00490.jpg,train,有漂浮物,490,file_block_0005,camera_group_v2_0283,51,medium,top75_gray32_cosine_with_frame_gap,camera_group_0284,no,,yes
00491.jpg,训练集/00491.jpg,train,有漂浮物,491,file_block_0005,camera_group_v2_0283,51,medium,top75_gray32_cosine_with_frame_gap,camera_group_0284,no,,yes
00492.jpg,训练集/00492.jpg,train,有漂浮物,492,file_block_0005,camera_group_v2_0283,51,medium,top75_gray32_cosine_with_frame_gap,camera_group_0284,no,,yes
00493.jpg,训练集/00493.jpg,train,有漂浮物,493,file_block_0005,camera_group_v2_0283,51,medium,top75_gray32_cosine_with_frame_gap,camera_group_0284,no,,yes
00494.jpg,训练集/00494.jpg,train,有漂浮物,494,file_block_0005,camera_group_v2_0284,1,low,top75_gray32_cosine_with_frame_gap,camera_group_0285,no,,yes
00495.jpg,训练集/00495.jpg,train,有漂浮物,495,file_block_0005,camera_group_v2_0285,1,low,top75_gray32_cosine_with_frame_gap,camera_group_0286,no,,yes
00496.jpg,训练集/00496.jpg,train,有漂浮物,496,file_block_0005,camera_group_v2_0286,3,medium,top75_gray32_cosine_with_frame_gap,camera_group_0287,no,,yes
00497.jpg,训练集/00497.jpg,train,有漂浮物,497,file_block_0005,camera_group_v2_0287,2,medium,top75_gray32_cosine_with_frame_gap,camera_group_0288,no,,yes
00498.jpg,训练集/00498.jpg,train,有漂浮物,498,file_block_0005,camera_group_v2_0287,2,medium,top75_gray32_cosine_with_frame_gap,camera_group_0288,no,,yes
00499.jpg,训练集/00499.jpg,train,有漂浮物,499,file_block_0005,camera_group_v2_0286,3,medium,top75_gray32_cosine_with_frame_gap,camera_group_0287,no,,yes
00500.jpg,训练集/00500.jpg,train,有漂浮物,500,file_block_0005,camera_group_v2_0288,21,medium,top75_gray32_cosine_with_frame_gap,camera_group_0289,no,,yes
00501.jpg,训练集/00501.jpg,train,有漂浮物,501,file_block_0005,camera_group_v2_0288,21,medium,top75_gray32_cosine_with_frame_gap,camera_group_0289,no,,yes
00502.jpg,训练集/00502.jpg,train,有漂浮物,502,file_block_0005,camera_group_v2_0288,21,medium,top75_gray32_cosine_with_frame_gap,camera_group_0289,no,,yes
00503.jpg,训练集/00503.jpg,train,有漂浮物,503,file_block_0005,camera_group_v2_0288,21,medium,top75_gray32_cosine_with_frame_gap,camera_group_0289,no,,yes
00504.jpg,训练集/00504.jpg,train,有漂浮物,504,file_block_0005,camera_group_v2_0288,21,medium,top75_gray32_cosine_with_frame_gap,camera_group_0289,no,,yes
00505.jpg,训练集/00505.jpg,train,有漂浮物,505,file_block_0005,camera_group_v2_0288,21,medium,top75_gray32_cosine_with_frame_gap,camera_group_0289,no,,yes
00506.jpg,训练集/00506.jpg,train,有漂浮物,506,file_block_0005,camera_group_v2_0288,21,medium,top75_gray32_cosine_with_frame_gap,camera_group_0289,no,,yes
00507.jpg,训练集/00507.jpg,train,有漂浮物,507,file_block_0005,camera_group_v2_0288,21,medium,top75_gray32_cosine_with_frame_gap,camera_group_0289,no,,yes
00508.jpg,训练集/00508.jpg,train,有漂浮物,508,file_block_0005,camera_group_v2_0288,21,medium,top75_gray32_cosine_with_frame_gap,camera_group_0289,no,,yes
00509.jpg,训练集/00509.jpg,train,有漂浮物,509,file_block_0005,camera_group_v2_0288,21,medium,top75_gray32_cosine_with_frame_gap,camera_group_0289,no,,yes
00510.jpg,训练集/00510.jpg,train,有漂浮物,510,file_block_0005,camera_group_v2_0288,21,medium,top75_gray32_cosine_with_frame_gap,camera_group_0289,no,,yes
00511.jpg,训练集/00511.jpg,train,有漂浮物,511,file_block_0005,camera_group_v2_0288,21,medium,top75_gray32_cosine_with_frame_gap,camera_group_0289,no,,yes
00512.jpg,训练集/00512.jpg,train,有漂浮物,512,file_block_0005,camera_group_v2_0288,21,medium,top75_gray32_cosine_with_frame_gap,camera_group_0289,no,,yes
00513.jpg,训练集/00513.jpg,train,有漂浮物,513,file_block_0005,camera_group_v2_0288,21,medium,top75_gray32_cosine_with_frame_gap,camera_group_0289,no,,yes
00514.jpg,训练集/00514.jpg,train,有漂浮物,514,file_block_0005,camera_group_v2_0288,21,medium,top75_gray32_cosine_with_frame_gap,camera_group_0289,no,,yes
00515.jpg,训练集/00515.jpg,train,有漂浮物,515,file_block_0005,camera_group_v2_0288,21,medium,top75_gray32_cosine_with_frame_gap,camera_group_0289,no,,yes
00516.jpg,训练集/00516.jpg,train,有漂浮物,516,file_block_0005,camera_group_v2_0288,21,medium,top75_gray32_cosine_with_frame_gap,camera_group_0289,no,,yes
00517.jpg,训练集/00517.jpg,train,有漂浮物,517,file_block_0005,camera_group_v2_0288,21,medium,top75_gray32_cosine_with_frame_gap,camera_group_0289,no,,yes
00518.jpg,训练集/00518.jpg,train,有漂浮物,518,file_block_0005,camera_group_v2_0288,21,medium,top75_gray32_cosine_with_frame_gap,camera_group_0289,no,,yes
00519.jpg,训练集/00519.jpg,train,有漂浮物,519,file_block_0005,camera_group_v2_0288,21,medium,top75_gray32_cosine_with_frame_gap,camera_group_0289,no,,yes
00520.jpg,训练集/00520.jpg,train,有漂浮物,520,file_block_0005,camera_group_v2_0288,21,medium,top75_gray32_cosine_with_frame_gap,camera_group_0289,no,,yes
00521.jpg,训练集/00521.jpg,train,有漂浮物,521,file_block_0005,camera_group_v2_0289,2,medium,top75_gray32_cosine_with_frame_gap,camera_group_0290,no,,yes
00522.jpg,训练集/00522.jpg,train,有漂浮物,522,file_block_0005,camera_group_v2_0289,2,medium,top75_gray32_cosine_with_frame_gap,camera_group_0290,no,,yes
00523.jpg,训练集/00523.jpg,train,有漂浮物,523,file_block_0005,camera_group_v2_0290,1,low,top75_gray32_cosine_with_frame_gap,camera_group_0291,no,,yes
00524.jpg,训练集/00524.jpg,train,有漂浮物,524,file_block_0005,camera_group_v2_0286,3,medium,top75_gray32_cosine_with_frame_gap,camera_group_0287,no,,yes
00525.jpg,训练集/00525.jpg,train,有漂浮物,525,file_block_0005,camera_group_v2_0291,28,medium,top75_gray32_cosine_with_frame_gap,camera_group_0292,no,,yes
00526.jpg,训练集/00526.jpg,train,有漂浮物,526,file_block_0005,camera_group_v2_0291,28,medium,top75_gray32_cosine_with_frame_gap,camera_group_0292,no,,yes
00527.jpg,训练集/00527.jpg,train,有漂浮物,527,file_block_0005,camera_group_v2_0291,28,medium,top75_gray32_cosine_with_frame_gap,camera_group_0292,no,,yes
00528.jpg,训练集/00528.jpg,train,有漂浮物,528,file_block_0005,camera_group_v2_0291,28,medium,top75_gray32_cosine_with_frame_gap,camera_group_0292,no,,yes
00529.jpg,训练集/00529.jpg,train,有漂浮物,529,file_block_0005,camera_group_v2_0291,28,medium,top75_gray32_cosine_with_frame_gap,camera_group_0292,no,,yes
00530.jpg,训练集/00530.jpg,train,有漂浮物,530,file_block_0005,camera_group_v2_0291,28,medium,top75_gray32_cosine_with_frame_gap,camera_group_0292,no,,yes
00531.jpg,训练集/00531.jpg,train,有漂浮物,531,file_block_0005,camera_group_v2_0291,28,medium,top75_gray32_cosine_with_frame_gap,camera_group_0292,no,,yes
00532.jpg,训练集/00532.jpg,train,有漂浮物,532,file_block_0005,camera_group_v2_0291,28,medium,top75_gray32_cosine_with_frame_gap,camera_group_0292,no,,yes
00533.jpg,训练集/00533.jpg,train,有漂浮物,533,file_block_0005,camera_group_v2_0291,28,medium,top75_gray32_cosine_with_frame_gap,camera_group_0292,no,,yes
00534.jpg,训练集/00534.jpg,train,有漂浮物,534,file_block_0005,camera_group_v2_0291,28,medium,top75_gray32_cosine_with_frame_gap,camera_group_0292,no,,yes
00535.jpg,训练集/00535.jpg,train,有漂浮物,535,file_block_0005,camera_group_v2_0291,28,medium,top75_gray32_cosine_with_frame_gap,camera_group_0292,no,,yes
00536.jpg,训练集/00536.jpg,train,有漂浮物,536,file_block_0005,camera_group_v2_0291,28,medium,top75_gray32_cosine_with_frame_gap,camera_group_0292,no,,yes
00537.jpg,训练集/00537.jpg,train,有漂浮物,537,file_block_0005,camera_group_v2_0291,28,medium,top75_gray32_cosine_with_frame_gap,camera_group_0292,no,,yes
00538.jpg,训练集/00538.jpg,train,有漂浮物,538,file_block_0005,camera_group_v2_0291,28,medium,top75_gray32_cosine_with_frame_gap,camera_group_0292,no,,yes
00539.jpg,训练集/00539.jpg,train,有漂浮物,539,file_block_0005,camera_group_v2_0291,28,medium,top75_gray32_cosine_with_frame_gap,camera_group_0292,no,,yes
00540.jpg,训练集/00540.jpg,train,有漂浮物,540,file_block_0005,camera_group_v2_0291,28,medium,top75_gray32_cosine_with_frame_gap,camera_group_0292,no,,yes
00541.jpg,训练集/00541.jpg,train,有漂浮物,541,file_block_0005,camera_group_v2_0291,28,medium,top75_gray32_cosine_with_frame_gap,camera_group_0292,no,,yes
00542.jpg,训练集/00542.jpg,train,有漂浮物,542,file_block_0005,camera_group_v2_0291,28,medium,top75_gray32_cosine_with_frame_gap,camera_group_0292,no,,yes
00543.jpg,训练集/00543.jpg,train,有漂浮物,543,file_block_0005,camera_group_v2_0291,28,medium,top75_gray32_cosine_with_frame_gap,camera_group_0292,no,,yes
00544.jpg,训练集/00544.jpg,train,有漂浮物,544,file_block_0005,camera_group_v2_0291,28,medium,top75_gray32_cosine_with_frame_gap,camera_group_0292,no,,yes
00545.jpg,训练集/00545.jpg,train,有漂浮物,545,file_block_0005,camera_group_v2_0291,28,medium,top75_gray32_cosine_with_frame_gap,camera_group_0292,no,,yes
00546.jpg,训练集/00546.jpg,train,有漂浮物,546,file_block_0005,camera_group_v2_0291,28,medium,top75_gray32_cosine_with_frame_gap,camera_group_0292,no,,yes
00547.jpg,训练集/00547.jpg,train,有漂浮物,547,file_block_0005,camera_group_v2_0291,28,medium,top75_gray32_cosine_with_frame_gap,camera_group_0292,no,,yes
00548.jpg,训练集/00548.jpg,train,有漂浮物,548,file_block_0005,camera_group_v2_0291,28,medium,top75_gray32_cosine_with_frame_gap,camera_group_0292,no,,yes
00549.jpg,训练集/00549.jpg,train,有漂浮物,549,file_block_0005,camera_group_v2_0291,28,medium,top75_gray32_cosine_with_frame_gap,camera_group_0292,no,,yes
00550.jpg,训练集/00550.jpg,train,有漂浮物,550,file_block_0005,camera_group_v2_0291,28,medium,top75_gray32_cosine_with_frame_gap,camera_group_0292,no,,yes
00551.jpg,训练集/00551.jpg,train,有漂浮物,551,file_block_0005,camera_group_v2_0291,28,medium,top75_gray32_cosine_with_frame_gap,camera_group_0292,no,,yes
00552.jpg,训练集/00552.jpg,train,有漂浮物,552,file_block_0005,camera_group_v2_0291,28,medium,top75_gray32_cosine_with_frame_gap,camera_group_0292,no,,yes
00553.jpg,训练集/00553.jpg,train,有漂浮物,553,file_block_0005,camera_group_v2_0292,29,medium,top75_gray32_cosine_with_frame_gap,camera_group_0293,no,,yes
00554.jpg,训练集/00554.jpg,train,有漂浮物,554,file_block_0005,camera_group_v2_0292,29,medium,top75_gray32_cosine_with_frame_gap,camera_group_0293,no,,yes
00555.jpg,训练集/00555.jpg,train,有漂浮物,555,file_block_0005,camera_group_v2_0292,29,medium,top75_gray32_cosine_with_frame_gap,camera_group_0293,no,,yes
00556.jpg,训练集/00556.jpg,train,有漂浮物,556,file_block_0005,camera_group_v2_0292,29,medium,top75_gray32_cosine_with_frame_gap,camera_group_0293,no,,yes
00557.jpg,训练集/00557.jpg,train,有漂浮物,557,file_block_0005,camera_group_v2_0292,29,medium,top75_gray32_cosine_with_frame_gap,camera_group_0293,no,,yes
00558.jpg,训练集/00558.jpg,train,有漂浮物,558,file_block_0005,camera_group_v2_0292,29,medium,top75_gray32_cosine_with_frame_gap,camera_group_0293,no,,yes
00559.jpg,训练集/00559.jpg,train,有漂浮物,559,file_block_0005,camera_group_v2_0292,29,medium,top75_gray32_cosine_with_frame_gap,camera_group_0293,no,,yes
00560.jpg,训练集/00560.jpg,train,有漂浮物,560,file_block_0005,camera_group_v2_0292,29,medium,top75_gray32_cosine_with_frame_gap,camera_group_0293,no,,yes
00561.jpg,训练集/00561.jpg,train,有漂浮物,561,file_block_0005,camera_group_v2_0292,29,medium,top75_gray32_cosine_with_frame_gap,camera_group_0293,no,,yes
00562.jpg,训练集/00562.jpg,train,有漂浮物,562,file_block_0005,camera_group_v2_0292,29,medium,top75_gray32_cosine_with_frame_gap,camera_group_0293,no,,yes
00563.jpg,训练集/00563.jpg,train,有漂浮物,563,file_block_0005,camera_group_v2_0292,29,medium,top75_gray32_cosine_with_frame_gap,camera_group_0293,no,,yes
00564.jpg,训练集/00564.jpg,train,有漂浮物,564,file_block_0005,camera_group_v2_0292,29,medium,top75_gray32_cosine_with_frame_gap,camera_group_0293,no,,yes
00565.jpg,训练集/00565.jpg,train,有漂浮物,565,file_block_0005,camera_group_v2_0292,29,medium,top75_gray32_cosine_with_frame_gap,camera_group_0293,no,,yes
00566.jpg,训练集/00566.jpg,train,有漂浮物,566,file_block_0005,camera_group_v2_0292,29,medium,top75_gray32_cosine_with_frame_gap,camera_group_0293,no,,yes
00567.jpg,训练集/00567.jpg,train,有漂浮物,567,file_block_0005,camera_group_v2_0292,29,medium,top75_gray32_cosine_with_frame_gap,camera_group_0293,no,,yes
00568.jpg,训练集/00568.jpg,train,有漂浮物,568,file_block_0005,camera_group_v2_0292,29,medium,top75_gray32_cosine_with_frame_gap,camera_group_0293,no,,yes
00569.jpg,训练集/00569.jpg,train,有漂浮物,569,file_block_0005,camera_group_v2_0292,29,medium,top75_gray32_cosine_with_frame_gap,camera_group_0293,no,,yes
00570.jpg,训练集/00570.jpg,train,有漂浮物,570,file_block_0005,camera_group_v2_0292,29,medium,top75_gray32_cosine_with_frame_gap,camera_group_0293,no,,yes
00571.jpg,训练集/00571.jpg,train,有漂浮物,571,file_block_0005,camera_group_v2_0292,29,medium,top75_gray32_cosine_with_frame_gap,camera_group_0293,no,,yes
00572.jpg,训练集/00572.jpg,train,有漂浮物,572,file_block_0005,camera_group_v2_0292,29,medium,top75_gray32_cosine_with_frame_gap,camera_group_0293,no,,yes
00573.jpg,训练集/00573.jpg,train,有漂浮物,573,file_block_0005,camera_group_v2_0292,29,medium,top75_gray32_cosine_with_frame_gap,camera_group_0293,no,,yes
00574.jpg,训练集/00574.jpg,train,有漂浮物,574,file_block_0005,camera_group_v2_0292,29,medium,top75_gray32_cosine_with_frame_gap,camera_group_0293,no,,yes
00575.jpg,训练集/00575.jpg,train,有漂浮物,575,file_block_0005,camera_group_v2_0292,29,medium,top75_gray32_cosine_with_frame_gap,camera_group_0293,no,,yes
00576.jpg,训练集/00576.jpg,train,有漂浮物,576,file_block_0005,camera_group_v2_0292,29,medium,top75_gray32_cosine_with_frame_gap,camera_group_0293,no,,yes
00577.jpg,训练集/00577.jpg,train,有漂浮物,577,file_block_0005,camera_group_v2_0292,29,medium,top75_gray32_cosine_with_frame_gap,camera_group_0293,no,,yes
00578.jpg,训练集/00578.jpg,train,有漂浮物,578,file_block_0005,camera_group_v2_0292,29,medium,top75_gray32_cosine_with_frame_gap,camera_group_0293,no,,yes
00579.jpg,训练集/00579.jpg,train,有漂浮物,579,file_block_0005,camera_group_v2_0292,29,medium,top75_gray32_cosine_with_frame_gap,camera_group_0293,no,,yes
00580.jpg,训练集/00580.jpg,train,有漂浮物,580,file_block_0005,camera_group_v2_0292,29,medium,top75_gray32_cosine_with_frame_gap,camera_group_0293,no,,yes
00581.jpg,训练集/00581.jpg,train,有漂浮物,581,file_block_0005,camera_group_v2_0292,29,medium,top75_gray32_cosine_with_frame_gap,camera_group_0293,no,,yes
00582.jpg,训练集/00582.jpg,train,有漂浮物,582,file_block_0005,camera_group_v2_0293,1,low,top75_gray32_cosine_with_frame_gap,camera_group_0294,no,,yes
00583.jpg,训练集/00583.jpg,train,有漂浮物,583,file_block_0005,camera_group_v2_0294,1,low,top75_gray32_cosine_with_frame_gap,camera_group_0295,no,,yes
00584.jpg,训练集/00584.jpg,train,有漂浮物,584,file_block_0005,camera_group_v2_0295,1,low,top75_gray32_cosine_with_frame_gap,camera_group_0296,no,,yes
00585.jpg,训练集/00585.jpg,train,有漂浮物,585,file_block_0005,camera_group_v2_0296,1,low,top75_gray32_cosine_with_frame_gap,camera_group_0297,no,,yes
00586.jpg,训练集/00586.jpg,train,有漂浮物,586,file_block_0005,camera_group_v2_0297,1,low,top75_gray32_cosine_with_frame_gap,camera_group_0298,no,,yes
00587.jpg,训练集/00587.jpg,train,有漂浮物,587,file_block_0005,camera_group_v2_0298,29,medium,top75_gray32_cosine_with_frame_gap,camera_group_0299,no,,yes
00588.jpg,训练集/00588.jpg,train,有漂浮物,588,file_block_0005,camera_group_v2_0298,29,medium,top75_gray32_cosine_with_frame_gap,camera_group_0299,no,,yes
00589.jpg,训练集/00589.jpg,train,有漂浮物,589,file_block_0005,camera_group_v2_0298,29,medium,top75_gray32_cosine_with_frame_gap,camera_group_0299,no,,yes
00590.jpg,训练集/00590.jpg,train,有漂浮物,590,file_block_0005,camera_group_v2_0298,29,medium,top75_gray32_cosine_with_frame_gap,camera_group_0299,no,,yes
00591.jpg,训练集/00591.jpg,train,有漂浮物,591,file_block_0005,camera_group_v2_0298,29,medium,top75_gray32_cosine_with_frame_gap,camera_group_0299,no,,yes
00592.jpg,训练集/00592.jpg,train,有漂浮物,592,file_block_0005,camera_group_v2_0298,29,medium,top75_gray32_cosine_with_frame_gap,camera_group_0299,no,,yes
00593.jpg,训练集/00593.jpg,train,有漂浮物,593,file_block_0005,camera_group_v2_0298,29,medium,top75_gray32_cosine_with_frame_gap,camera_group_0299,no,,yes
00594.jpg,训练集/00594.jpg,train,有漂浮物,594,file_block_0005,camera_group_v2_0298,29,medium,top75_gray32_cosine_with_frame_gap,camera_group_0299,no,,yes
00595.jpg,训练集/00595.jpg,train,有漂浮物,595,file_block_0005,camera_group_v2_0298,29,medium,top75_gray32_cosine_with_frame_gap,camera_group_0299,no,,yes
00596.jpg,训练集/00596.jpg,train,有漂浮物,596,file_block_0005,camera_group_v2_0298,29,medium,top75_gray32_cosine_with_frame_gap,camera_group_0299,no,,yes
00597.jpg,训练集/00597.jpg,train,有漂浮物,597,file_block_0005,camera_group_v2_0298,29,medium,top75_gray32_cosine_with_frame_gap,camera_group_0299,no,,yes
00598.jpg,训练集/00598.jpg,train,有漂浮物,598,file_block_0005,camera_group_v2_0298,29,medium,top75_gray32_cosine_with_frame_gap,camera_group_0299,no,,yes
00599.jpg,训练集/00599.jpg,train,有漂浮物,599,file_block_0005,camera_group_v2_0298,29,medium,top75_gray32_cosine_with_frame_gap,camera_group_0299,no,,yes
00600.jpg,训练集/00600.jpg,train,有漂浮物,600,file_block_0005,camera_group_v2_0298,29,medium,top75_gray32_cosine_with_frame_gap,camera_group_0299,no,,yes
00601.jpg,训练集/00601.jpg,train,有漂浮物,601,file_block_0005,camera_group_v2_0298,29,medium,top75_gray32_cosine_with_frame_gap,camera_group_0299,no,,yes
00602.jpg,训练集/00602.jpg,train,有漂浮物,602,file_block_0005,camera_group_v2_0298,29,medium,top75_gray32_cosine_with_frame_gap,camera_group_0299,no,,yes
00603.jpg,训练集/00603.jpg,train,有漂浮物,603,file_block_0005,camera_group_v2_0298,29,medium,top75_gray32_cosine_with_frame_gap,camera_group_0299,no,,yes
00604.jpg,训练集/00604.jpg,train,有漂浮物,604,file_block_0005,camera_group_v2_0298,29,medium,top75_gray32_cosine_with_frame_gap,camera_group_0299,no,,yes
00605.jpg,训练集/00605.jpg,train,有漂浮物,605,file_block_0005,camera_group_v2_0298,29,medium,top75_gray32_cosine_with_frame_gap,camera_group_0299,no,,yes
00606.jpg,训练集/00606.jpg,train,有漂浮物,606,file_block_0005,camera_group_v2_0298,29,medium,top75_gray32_cosine_with_frame_gap,camera_group_0299,no,,yes
00607.jpg,训练集/00607.jpg,train,有漂浮物,607,file_block_0005,camera_group_v2_0298,29,medium,top75_gray32_cosine_with_frame_gap,camera_group_0299,no,,yes
00608.jpg,训练集/00608.jpg,train,有漂浮物,608,file_block_0005,camera_group_v2_0298,29,medium,top75_gray32_cosine_with_frame_gap,camera_group_0299,no,,yes
00609.jpg,训练集/00609.jpg,train,有漂浮物,609,file_block_0005,camera_group_v2_0298,29,medium,top75_gray32_cosine_with_frame_gap,camera_group_0299,no,,yes
00610.jpg,训练集/00610.jpg,train,有漂浮物,610,file_block_0005,camera_group_v2_0298,29,medium,top75_gray32_cosine_with_frame_gap,camera_group_0299,no,,yes
00611.jpg,训练集/00611.jpg,train,有漂浮物,611,file_block_0005,camera_group_v2_0298,29,medium,top75_gray32_cosine_with_frame_gap,camera_group_0299,no,,yes
00612.jpg,训练集/00612.jpg,train,有漂浮物,612,file_block_0005,camera_group_v2_0298,29,medium,top75_gray32_cosine_with_frame_gap,camera_group_0299,no,,yes
00613.jpg,训练集/00613.jpg,train,有漂浮物,613,file_block_0005,camera_group_v2_0298,29,medium,top75_gray32_cosine_with_frame_gap,camera_group_0299,no,,yes
00614.jpg,训练集/00614.jpg,train,有漂浮物,614,file_block_0005,camera_group_v2_0298,29,medium,top75_gray32_cosine_with_frame_gap,camera_group_0299,no,,yes
00615.jpg,训练集/00615.jpg,train,有漂浮物,615,file_block_0005,camera_group_v2_0298,29,medium,top75_gray32_cosine_with_frame_gap,camera_group_0299,no,,yes
00616.jpg,训练集/00616.jpg,train,有漂浮物,616,file_block_0005,camera_group_v2_0299,6,high,top75_gray32_cosine_with_frame_gap,camera_group_0300,no,,yes
00617.jpg,训练集/00617.jpg,train,有漂浮物,617,file_block_0005,camera_group_v2_0300,12,medium,top75_gray32_cosine_with_frame_gap,camera_group_0301,no,,yes
00618.jpg,训练集/00618.jpg,train,有漂浮物,618,file_block_0005,camera_group_v2_0300,12,medium,top75_gray32_cosine_with_frame_gap,camera_group_0301,no,,yes
00619.jpg,训练集/00619.jpg,train,有漂浮物,619,file_block_0005,camera_group_v2_0299,6,high,top75_gray32_cosine_with_frame_gap,camera_group_0300,no,,yes
00620.jpg,训练集/00620.jpg,train,有漂浮物,620,file_block_0005,camera_group_v2_0299,6,high,top75_gray32_cosine_with_frame_gap,camera_group_0300,no,,yes
00621.jpg,训练集/00621.jpg,train,有漂浮物,621,file_block_0005,camera_group_v2_0300,12,medium,top75_gray32_cosine_with_frame_gap,camera_group_0301,no,,yes
00622.jpg,训练集/00622.jpg,train,有漂浮物,622,file_block_0005,camera_group_v2_0300,12,medium,top75_gray32_cosine_with_frame_gap,camera_group_0301,no,,yes
00623.jpg,训练集/00623.jpg,train,有漂浮物,623,file_block_0005,camera_group_v2_0300,12,medium,top75_gray32_cosine_with_frame_gap,camera_group_0301,no,,yes
00624.jpg,训练集/00624.jpg,train,有漂浮物,624,file_block_0005,camera_group_v2_0300,12,medium,top75_gray32_cosine_with_frame_gap,camera_group_0301,no,,yes
00625.jpg,训练集/00625.jpg,train,有漂浮物,625,file_block_0005,camera_group_v2_0300,12,medium,top75_gray32_cosine_with_frame_gap,camera_group_0301,no,,yes
00626.jpg,训练集/00626.jpg,train,有漂浮物,626,file_block_0005,camera_group_v2_0300,12,medium,top75_gray32_cosine_with_frame_gap,camera_group_0301,no,,yes
00627.jpg,训练集/00627.jpg,train,有漂浮物,627,file_block_0005,camera_group_v2_0299,6,high,top75_gray32_cosine_with_frame_gap,camera_group_0300,no,,yes
00628.jpg,训练集/00628.jpg,train,有漂浮物,628,file_block_0005,camera_group_v2_0300,12,medium,top75_gray32_cosine_with_frame_gap,camera_group_0301,no,,yes
00629.jpg,训练集/00629.jpg,train,有漂浮物,629,file_block_0005,camera_group_v2_0299,6,high,top75_gray32_cosine_with_frame_gap,camera_group_0300,no,,yes
00630.jpg,训练集/00630.jpg,train,有漂浮物,630,file_block_0005,camera_group_v2_0300,12,medium,top75_gray32_cosine_with_frame_gap,camera_group_0301,no,,yes
00631.jpg,训练集/00631.jpg,train,有漂浮物,631,file_block_0005,camera_group_v2_0300,12,medium,top75_gray32_cosine_with_frame_gap,camera_group_0301,no,,yes
00632.jpg,训练集/00632.jpg,train,有漂浮物,632,file_block_0005,camera_group_v2_0300,12,medium,top75_gray32_cosine_with_frame_gap,camera_group_0301,no,,yes
00633.jpg,训练集/00633.jpg,train,有漂浮物,633,file_block_0005,camera_group_v2_0299,6,high,top75_gray32_cosine_with_frame_gap,camera_group_0300,no,,yes
00634.jpg,训练集/00634.jpg,train,有漂浮物,634,file_block_0005,camera_group_v2_0301,12,low,top75_gray32_cosine_with_frame_gap,camera_group_0302,yes,同一固定机位/高度近似画面 || 同一坝体/水尺固定监控系列，当前拆成多个组 || 同一坝体/水尺固定监控系列，人工复核建议整体合并,yes
00635.jpg,训练集/00635.jpg,train,有漂浮物,635,file_block_0005,camera_group_v2_0302,20,medium,top75_gray32_cosine_with_frame_gap,camera_group_0303,no,,yes
00636.jpg,训练集/00636.jpg,train,有漂浮物,636,file_block_0005,camera_group_v2_0302,20,medium,top75_gray32_cosine_with_frame_gap,camera_group_0303,no,,yes
00637.jpg,训练集/00637.jpg,train,有漂浮物,637,file_block_0005,camera_group_v2_0302,20,medium,top75_gray32_cosine_with_frame_gap,camera_group_0303,no,,yes
00638.jpg,训练集/00638.jpg,train,有漂浮物,638,file_block_0005,camera_group_v2_0302,20,medium,top75_gray32_cosine_with_frame_gap,camera_group_0303,no,,yes
00639.jpg,训练集/00639.jpg,train,有漂浮物,639,file_block_0005,camera_group_v2_0302,20,medium,top75_gray32_cosine_with_frame_gap,camera_group_0303,no,,yes
00640.jpg,训练集/00640.jpg,train,有漂浮物,640,file_block_0005,camera_group_v2_0302,20,medium,top75_gray32_cosine_with_frame_gap,camera_group_0303,no,,yes
00641.jpg,训练集/00641.jpg,train,有漂浮物,641,file_block_0005,camera_group_v2_0302,20,medium,top75_gray32_cosine_with_frame_gap,camera_group_0303,no,,yes
00642.jpg,训练集/00642.jpg,train,有漂浮物,642,file_block_0005,camera_group_v2_0302,20,medium,top75_gray32_cosine_with_frame_gap,camera_group_0303,no,,yes
00643.jpg,训练集/00643.jpg,train,有漂浮物,643,file_block_0005,camera_group_v2_0302,20,medium,top75_gray32_cosine_with_frame_gap,camera_group_0303,no,,yes
00644.jpg,训练集/00644.jpg,train,有漂浮物,644,file_block_0005,camera_group_v2_0302,20,medium,top75_gray32_cosine_with_frame_gap,camera_group_0303,no,,yes
00645.jpg,训练集/00645.jpg,train,有漂浮物,645,file_block_0005,camera_group_v2_0302,20,medium,top75_gray32_cosine_with_frame_gap,camera_group_0303,no,,yes
00646.jpg,训练集/00646.jpg,train,有漂浮物,646,file_block_0005,camera_group_v2_0302,20,medium,top75_gray32_cosine_with_frame_gap,camera_group_0303,no,,yes
00647.jpg,训练集/00647.jpg,train,有漂浮物,647,file_block_0005,camera_group_v2_0302,20,medium,top75_gray32_cosine_with_frame_gap,camera_group_0303,no,,yes
00648.jpg,训练集/00648.jpg,train,有漂浮物,648,file_block_0005,camera_group_v2_0302,20,medium,top75_gray32_cosine_with_frame_gap,camera_group_0303,no,,yes
00649.jpg,训练集/00649.jpg,train,有漂浮物,649,file_block_0005,camera_group_v2_0302,20,medium,top75_gray32_cosine_with_frame_gap,camera_group_0303,no,,yes
00650.jpg,训练集/00650.jpg,train,有漂浮物,650,file_block_0005,camera_group_v2_0302,20,medium,top75_gray32_cosine_with_frame_gap,camera_group_0303,no,,yes
00651.jpg,训练集/00651.jpg,train,有漂浮物,651,file_block_0005,camera_group_v2_0302,20,medium,top75_gray32_cosine_with_frame_gap,camera_group_0303,no,,yes
00652.jpg,训练集/00652.jpg,train,有漂浮物,652,file_block_0005,camera_group_v2_0302,20,medium,top75_gray32_cosine_with_frame_gap,camera_group_0303,no,,yes
00653.jpg,训练集/00653.jpg,train,有漂浮物,653,file_block_0005,camera_group_v2_0302,20,medium,top75_gray32_cosine_with_frame_gap,camera_group_0303,no,,yes
00654.jpg,训练集/00654.jpg,train,有漂浮物,654,file_block_0005,camera_group_v2_0302,20,medium,top75_gray32_cosine_with_frame_gap,camera_group_0303,no,,yes
00655.jpg,训练集/00655.jpg,train,有漂浮物,655,file_block_0005,camera_group_v2_0303,28,medium,top75_gray32_cosine_with_frame_gap,camera_group_0304,no,,yes
00656.jpg,训练集/00656.jpg,train,有漂浮物,656,file_block_0005,camera_group_v2_0303,28,medium,top75_gray32_cosine_with_frame_gap,camera_group_0304,no,,yes
00657.jpg,训练集/00657.jpg,train,有漂浮物,657,file_block_0005,camera_group_v2_0303,28,medium,top75_gray32_cosine_with_frame_gap,camera_group_0304,no,,yes
00658.jpg,训练集/00658.jpg,train,有漂浮物,658,file_block_0005,camera_group_v2_0303,28,medium,top75_gray32_cosine_with_frame_gap,camera_group_0304,no,,yes
00659.jpg,训练集/00659.jpg,train,有漂浮物,659,file_block_0005,camera_group_v2_0303,28,medium,top75_gray32_cosine_with_frame_gap,camera_group_0304,no,,yes
00660.jpg,训练集/00660.jpg,train,有漂浮物,660,file_block_0005,camera_group_v2_0303,28,medium,top75_gray32_cosine_with_frame_gap,camera_group_0304,no,,yes
00661.jpg,训练集/00661.jpg,train,有漂浮物,661,file_block_0005,camera_group_v2_0303,28,medium,top75_gray32_cosine_with_frame_gap,camera_group_0304,no,,yes
00662.jpg,训练集/00662.jpg,train,有漂浮物,662,file_block_0005,camera_group_v2_0303,28,medium,top75_gray32_cosine_with_frame_gap,camera_group_0304,no,,yes
00663.jpg,训练集/00663.jpg,train,有漂浮物,663,file_block_0005,camera_group_v2_0303,28,medium,top75_gray32_cosine_with_frame_gap,camera_group_0304,no,,yes
00664.jpg,训练集/00664.jpg,train,有漂浮物,664,file_block_0005,camera_group_v2_0303,28,medium,top75_gray32_cosine_with_frame_gap,camera_group_0304,no,,yes
00665.jpg,训练集/00665.jpg,train,有漂浮物,665,file_block_0005,camera_group_v2_0303,28,medium,top75_gray32_cosine_with_frame_gap,camera_group_0304,no,,yes
00666.jpg,训练集/00666.jpg,train,有漂浮物,666,file_block_0005,camera_group_v2_0303,28,medium,top75_gray32_cosine_with_frame_gap,camera_group_0304,no,,yes
00667.jpg,训练集/00667.jpg,train,有漂浮物,667,file_block_0005,camera_group_v2_0303,28,medium,top75_gray32_cosine_with_frame_gap,camera_group_0304,no,,yes
00668.jpg,训练集/00668.jpg,train,有漂浮物,668,file_block_0005,camera_group_v2_0303,28,medium,top75_gray32_cosine_with_frame_gap,camera_group_0304,no,,yes
00669.jpg,训练集/00669.jpg,train,有漂浮物,669,file_block_0005,camera_group_v2_0303,28,medium,top75_gray32_cosine_with_frame_gap,camera_group_0304,no,,yes
00670.jpg,训练集/00670.jpg,train,有漂浮物,670,file_block_0005,camera_group_v2_0303,28,medium,top75_gray32_cosine_with_frame_gap,camera_group_0304,no,,yes
00671.jpg,训练集/00671.jpg,train,有漂浮物,671,file_block_0005,camera_group_v2_0303,28,medium,top75_gray32_cosine_with_frame_gap,camera_group_0304,no,,yes
00672.jpg,训练集/00672.jpg,train,有漂浮物,672,file_block_0005,camera_group_v2_0303,28,medium,top75_gray32_cosine_with_frame_gap,camera_group_0304,no,,yes
00673.jpg,训练集/00673.jpg,train,有漂浮物,673,file_block_0005,camera_group_v2_0303,28,medium,top75_gray32_cosine_with_frame_gap,camera_group_0304,no,,yes
00674.jpg,训练集/00674.jpg,train,有漂浮物,674,file_block_0005,camera_group_v2_0303,28,medium,top75_gray32_cosine_with_frame_gap,camera_group_0304,no,,yes
00675.jpg,训练集/00675.jpg,train,有漂浮物,675,file_block_0005,camera_group_v2_0303,28,medium,top75_gray32_cosine_with_frame_gap,camera_group_0304,no,,yes
00676.jpg,训练集/00676.jpg,train,有漂浮物,676,file_block_0005,camera_group_v2_0303,28,medium,top75_gray32_cosine_with_frame_gap,camera_group_0304,no,,yes
00677.jpg,训练集/00677.jpg,train,有漂浮物,677,file_block_0005,camera_group_v2_0303,28,medium,top75_gray32_cosine_with_frame_gap,camera_group_0304,no,,yes
00678.jpg,训练集/00678.jpg,train,有漂浮物,678,file_block_0005,camera_group_v2_0303,28,medium,top75_gray32_cosine_with_frame_gap,camera_group_0304,no,,yes
00679.jpg,训练集/00679.jpg,train,有漂浮物,679,file_block_0005,camera_group_v2_0303,28,medium,top75_gray32_cosine_with_frame_gap,camera_group_0304,no,,yes
00680.jpg,训练集/00680.jpg,train,有漂浮物,680,file_block_0005,camera_group_v2_0303,28,medium,top75_gray32_cosine_with_frame_gap,camera_group_0304,no,,yes
00681.jpg,训练集/00681.jpg,train,有漂浮物,681,file_block_0005,camera_group_v2_0303,28,medium,top75_gray32_cosine_with_frame_gap,camera_group_0304,no,,yes
00682.jpg,训练集/00682.jpg,train,有漂浮物,682,file_block_0005,camera_group_v2_0303,28,medium,top75_gray32_cosine_with_frame_gap,camera_group_0304,no,,yes
00683.jpg,训练集/00683.jpg,train,有漂浮物,683,file_block_0005,camera_group_v2_0304,10,medium,top75_gray32_cosine_with_frame_gap,camera_group_0305,no,,yes
00684.jpg,训练集/00684.jpg,train,有漂浮物,684,file_block_0005,camera_group_v2_0304,10,medium,top75_gray32_cosine_with_frame_gap,camera_group_0305,no,,yes
00685.jpg,训练集/00685.jpg,train,有漂浮物,685,file_block_0005,camera_group_v2_0304,10,medium,top75_gray32_cosine_with_frame_gap,camera_group_0305,no,,yes
00686.jpg,训练集/00686.jpg,train,有漂浮物,686,file_block_0005,camera_group_v2_0304,10,medium,top75_gray32_cosine_with_frame_gap,camera_group_0305,no,,yes
00687.jpg,训练集/00687.jpg,train,有漂浮物,687,file_block_0005,camera_group_v2_0304,10,medium,top75_gray32_cosine_with_frame_gap,camera_group_0305,no,,yes
00688.jpg,训练集/00688.jpg,train,有漂浮物,688,file_block_0005,camera_group_v2_0304,10,medium,top75_gray32_cosine_with_frame_gap,camera_group_0305,no,,yes
00689.jpg,训练集/00689.jpg,train,有漂浮物,689,file_block_0005,camera_group_v2_0305,2,medium,top75_gray32_cosine_with_frame_gap,camera_group_0306,no,,yes
00690.jpg,训练集/00690.jpg,train,有漂浮物,690,file_block_0005,camera_group_v2_0305,2,medium,top75_gray32_cosine_with_frame_gap,camera_group_0306,no,,yes
00691.jpg,训练集/00691.jpg,train,有漂浮物,691,file_block_0005,camera_group_v2_0304,10,medium,top75_gray32_cosine_with_frame_gap,camera_group_0305,no,,yes
00692.jpg,训练集/00692.jpg,train,有漂浮物,692,file_block_0005,camera_group_v2_0304,10,medium,top75_gray32_cosine_with_frame_gap,camera_group_0305,no,,yes
00693.jpg,训练集/00693.jpg,train,有漂浮物,693,file_block_0005,camera_group_v2_0304,10,medium,top75_gray32_cosine_with_frame_gap,camera_group_0305,no,,yes
00694.jpg,训练集/00694.jpg,train,有漂浮物,694,file_block_0005,camera_group_v2_0304,10,medium,top75_gray32_cosine_with_frame_gap,camera_group_0305,no,,yes
00695.jpg,训练集/00695.jpg,train,有漂浮物,695,file_block_0005,camera_group_v2_0306,14,medium,top75_gray32_cosine_with_frame_gap,camera_group_0307,no,,yes
00696.jpg,训练集/00696.jpg,train,有漂浮物,696,file_block_0005,camera_group_v2_0306,14,medium,top75_gray32_cosine_with_frame_gap,camera_group_0307,no,,yes
00697.jpg,训练集/00697.jpg,train,有漂浮物,697,file_block_0005,camera_group_v2_0306,14,medium,top75_gray32_cosine_with_frame_gap,camera_group_0307,no,,yes
00698.jpg,训练集/00698.jpg,train,有漂浮物,698,file_block_0005,camera_group_v2_0306,14,medium,top75_gray32_cosine_with_frame_gap,camera_group_0307,no,,yes
00699.jpg,训练集/00699.jpg,train,有漂浮物,699,file_block_0005,camera_group_v2_0306,14,medium,top75_gray32_cosine_with_frame_gap,camera_group_0307,no,,yes
00700.jpg,训练集/00700.jpg,train,有漂浮物,700,file_block_0005,camera_group_v2_0306,14,medium,top75_gray32_cosine_with_frame_gap,camera_group_0307,no,,yes
00701.jpg,训练集/00701.jpg,train,有漂浮物,701,file_block_0005,camera_group_v2_0306,14,medium,top75_gray32_cosine_with_frame_gap,camera_group_0307,no,,yes
00702.jpg,训练集/00702.jpg,train,有漂浮物,702,file_block_0005,camera_group_v2_0306,14,medium,top75_gray32_cosine_with_frame_gap,camera_group_0307,no,,yes
00703.jpg,训练集/00703.jpg,train,有漂浮物,703,file_block_0005,camera_group_v2_0306,14,medium,top75_gray32_cosine_with_frame_gap,camera_group_0307,no,,yes
00704.jpg,训练集/00704.jpg,train,有漂浮物,704,file_block_0005,camera_group_v2_0306,14,medium,top75_gray32_cosine_with_frame_gap,camera_group_0307,no,,yes
00705.jpg,训练集/00705.jpg,train,有漂浮物,705,file_block_0005,camera_group_v2_0306,14,medium,top75_gray32_cosine_with_frame_gap,camera_group_0307,no,,yes
00706.jpg,训练集/00706.jpg,train,有漂浮物,706,file_block_0005,camera_group_v2_0306,14,medium,top75_gray32_cosine_with_frame_gap,camera_group_0307,no,,yes
00707.jpg,训练集/00707.jpg,train,有漂浮物,707,file_block_0005,camera_group_v2_0306,14,medium,top75_gray32_cosine_with_frame_gap,camera_group_0307,no,,yes
00708.jpg,训练集/00708.jpg,train,有漂浮物,708,file_block_0005,camera_group_v2_0306,14,medium,top75_gray32_cosine_with_frame_gap,camera_group_0307,no,,yes
00709.jpg,训练集/00709.jpg,train,有漂浮物,709,file_block_0005,camera_group_v2_0307,1,low,top75_gray32_cosine_with_frame_gap,camera_group_0308,no,,yes
00710.jpg,训练集/00710.jpg,train,有漂浮物,710,file_block_0005,camera_group_v2_0308,1,low,top75_gray32_cosine_with_frame_gap,camera_group_0309,no,,yes
00711.jpg,训练集/00711.jpg,train,有漂浮物,711,file_block_0005,camera_group_v2_0309,36,medium,top75_gray32_cosine_with_frame_gap,camera_group_0310,no,,yes
00712.jpg,训练集/00712.jpg,train,有漂浮物,712,file_block_0005,camera_group_v2_0309,36,medium,top75_gray32_cosine_with_frame_gap,camera_group_0310,no,,yes
00713.jpg,训练集/00713.jpg,train,有漂浮物,713,file_block_0005,camera_group_v2_0309,36,medium,top75_gray32_cosine_with_frame_gap,camera_group_0310,no,,yes
00714.jpg,训练集/00714.jpg,train,有漂浮物,714,file_block_0005,camera_group_v2_0309,36,medium,top75_gray32_cosine_with_frame_gap,camera_group_0310,no,,yes
00715.jpg,训练集/00715.jpg,train,有漂浮物,715,file_block_0005,camera_group_v2_0309,36,medium,top75_gray32_cosine_with_frame_gap,camera_group_0310,no,,yes
00716.jpg,训练集/00716.jpg,train,有漂浮物,716,file_block_0005,camera_group_v2_0309,36,medium,top75_gray32_cosine_with_frame_gap,camera_group_0310,no,,yes
00717.jpg,训练集/00717.jpg,train,有漂浮物,717,file_block_0005,camera_group_v2_0309,36,medium,top75_gray32_cosine_with_frame_gap,camera_group_0310,no,,yes
00718.jpg,训练集/00718.jpg,train,有漂浮物,718,file_block_0005,camera_group_v2_0309,36,medium,top75_gray32_cosine_with_frame_gap,camera_group_0310,no,,yes
00719.jpg,训练集/00719.jpg,train,有漂浮物,719,file_block_0005,camera_group_v2_0309,36,medium,top75_gray32_cosine_with_frame_gap,camera_group_0310,no,,yes
00720.jpg,训练集/00720.jpg,train,有漂浮物,720,file_block_0005,camera_group_v2_0309,36,medium,top75_gray32_cosine_with_frame_gap,camera_group_0310,no,,yes
00721.jpg,训练集/00721.jpg,train,有漂浮物,721,file_block_0005,camera_group_v2_0309,36,medium,top75_gray32_cosine_with_frame_gap,camera_group_0310,no,,yes
00722.jpg,训练集/00722.jpg,train,有漂浮物,722,file_block_0005,camera_group_v2_0309,36,medium,top75_gray32_cosine_with_frame_gap,camera_group_0310,no,,yes
00723.jpg,训练集/00723.jpg,train,有漂浮物,723,file_block_0005,camera_group_v2_0309,36,medium,top75_gray32_cosine_with_frame_gap,camera_group_0310,no,,yes
00724.jpg,训练集/00724.jpg,train,有漂浮物,724,file_block_0005,camera_group_v2_0309,36,medium,top75_gray32_cosine_with_frame_gap,camera_group_0310,no,,yes
00725.jpg,训练集/00725.jpg,train,有漂浮物,725,file_block_0005,camera_group_v2_0309,36,medium,top75_gray32_cosine_with_frame_gap,camera_group_0310,no,,yes
00726.jpg,训练集/00726.jpg,train,有漂浮物,726,file_block_0005,camera_group_v2_0309,36,medium,top75_gray32_cosine_with_frame_gap,camera_group_0310,no,,yes
00727.jpg,训练集/00727.jpg,train,有漂浮物,727,file_block_0005,camera_group_v2_0309,36,medium,top75_gray32_cosine_with_frame_gap,camera_group_0310,no,,yes
00728.jpg,训练集/00728.jpg,train,有漂浮物,728,file_block_0005,camera_group_v2_0309,36,medium,top75_gray32_cosine_with_frame_gap,camera_group_0310,no,,yes
00729.jpg,训练集/00729.jpg,train,有漂浮物,729,file_block_0005,camera_group_v2_0309,36,medium,top75_gray32_cosine_with_frame_gap,camera_group_0310,no,,yes
00730.jpg,训练集/00730.jpg,train,有漂浮物,730,file_block_0005,camera_group_v2_0309,36,medium,top75_gray32_cosine_with_frame_gap,camera_group_0310,no,,yes
00731.jpg,训练集/00731.jpg,train,有漂浮物,731,file_block_0005,camera_group_v2_0309,36,medium,top75_gray32_cosine_with_frame_gap,camera_group_0310,no,,yes
00732.jpg,训练集/00732.jpg,train,有漂浮物,732,file_block_0005,camera_group_v2_0309,36,medium,top75_gray32_cosine_with_frame_gap,camera_group_0310,no,,yes
00733.jpg,训练集/00733.jpg,train,有漂浮物,733,file_block_0005,camera_group_v2_0309,36,medium,top75_gray32_cosine_with_frame_gap,camera_group_0310,no,,yes
00734.jpg,训练集/00734.jpg,train,有漂浮物,734,file_block_0005,camera_group_v2_0309,36,medium,top75_gray32_cosine_with_frame_gap,camera_group_0310,no,,yes
00735.jpg,训练集/00735.jpg,train,有漂浮物,735,file_block_0005,camera_group_v2_0309,36,medium,top75_gray32_cosine_with_frame_gap,camera_group_0310,no,,yes
00736.jpg,训练集/00736.jpg,train,有漂浮物,736,file_block_0005,camera_group_v2_0309,36,medium,top75_gray32_cosine_with_frame_gap,camera_group_0310,no,,yes
00737.jpg,训练集/00737.jpg,train,有漂浮物,737,file_block_0005,camera_group_v2_0309,36,medium,top75_gray32_cosine_with_frame_gap,camera_group_0310,no,,yes
00738.jpg,训练集/00738.jpg,train,有漂浮物,738,file_block_0005,camera_group_v2_0309,36,medium,top75_gray32_cosine_with_frame_gap,camera_group_0310,no,,yes
00739.jpg,训练集/00739.jpg,train,有漂浮物,739,file_block_0005,camera_group_v2_0309,36,medium,top75_gray32_cosine_with_frame_gap,camera_group_0310,no,,yes
00740.jpg,训练集/00740.jpg,train,有漂浮物,740,file_block_0005,camera_group_v2_0309,36,medium,top75_gray32_cosine_with_frame_gap,camera_group_0310,no,,yes
00741.jpg,训练集/00741.jpg,train,有漂浮物,741,file_block_0005,camera_group_v2_0309,36,medium,top75_gray32_cosine_with_frame_gap,camera_group_0310,no,,yes
00742.jpg,训练集/00742.jpg,train,有漂浮物,742,file_block_0005,camera_group_v2_0309,36,medium,top75_gray32_cosine_with_frame_gap,camera_group_0310,no,,yes
00743.jpg,训练集/00743.jpg,train,有漂浮物,743,file_block_0005,camera_group_v2_0309,36,medium,top75_gray32_cosine_with_frame_gap,camera_group_0310,no,,yes
00744.jpg,训练集/00744.jpg,train,有漂浮物,744,file_block_0005,camera_group_v2_0309,36,medium,top75_gray32_cosine_with_frame_gap,camera_group_0310,no,,yes
00745.jpg,训练集/00745.jpg,train,有漂浮物,745,file_block_0005,camera_group_v2_0309,36,medium,top75_gray32_cosine_with_frame_gap,camera_group_0310,no,,yes
00746.jpg,训练集/00746.jpg,train,有漂浮物,746,file_block_0005,camera_group_v2_0309,36,medium,top75_gray32_cosine_with_frame_gap,camera_group_0310,no,,yes
00747.jpg,训练集/00747.jpg,train,有漂浮物,747,file_block_0005,camera_group_v2_0310,8,medium,top75_gray32_cosine_with_frame_gap,camera_group_0311,no,,yes
00748.jpg,训练集/00748.jpg,train,有漂浮物,748,file_block_0005,camera_group_v2_0310,8,medium,top75_gray32_cosine_with_frame_gap,camera_group_0311,no,,yes
00749.jpg,训练集/00749.jpg,train,有漂浮物,749,file_block_0005,camera_group_v2_0310,8,medium,top75_gray32_cosine_with_frame_gap,camera_group_0311,no,,yes
00750.jpg,训练集/00750.jpg,train,有漂浮物,750,file_block_0005,camera_group_v2_0310,8,medium,top75_gray32_cosine_with_frame_gap,camera_group_0311,no,,yes
00751.jpg,训练集/00751.jpg,train,有漂浮物,751,file_block_0005,camera_group_v2_0310,8,medium,top75_gray32_cosine_with_frame_gap,camera_group_0311,no,,yes
00752.jpg,训练集/00752.jpg,train,有漂浮物,752,file_block_0005,camera_group_v2_0310,8,medium,top75_gray32_cosine_with_frame_gap,camera_group_0311,no,,yes
00753.jpg,训练集/00753.jpg,train,有漂浮物,753,file_block_0005,camera_group_v2_0310,8,medium,top75_gray32_cosine_with_frame_gap,camera_group_0311,no,,yes
00754.jpg,训练集/00754.jpg,train,有漂浮物,754,file_block_0005,camera_group_v2_0310,8,medium,top75_gray32_cosine_with_frame_gap,camera_group_0311,no,,yes
00755.jpg,训练集/00755.jpg,train,有漂浮物,755,file_block_0005,camera_group_v2_0311,3,medium,top75_gray32_cosine_with_frame_gap,camera_group_0312,no,,yes
00756.jpg,训练集/00756.jpg,train,有漂浮物,756,file_block_0005,camera_group_v2_0312,1,low,top75_gray32_cosine_with_frame_gap,camera_group_0313,no,,yes
00757.jpg,训练集/00757.jpg,train,有漂浮物,757,file_block_0005,camera_group_v2_0311,3,medium,top75_gray32_cosine_with_frame_gap,camera_group_0312,no,,yes
00758.jpg,训练集/00758.jpg,train,有漂浮物,758,file_block_0005,camera_group_v2_0311,3,medium,top75_gray32_cosine_with_frame_gap,camera_group_0312,no,,yes
00759.jpg,训练集/00759.jpg,train,有漂浮物,759,file_block_0005,camera_group_v2_0301,12,low,top75_gray32_cosine_with_frame_gap,camera_group_0314,yes,同一固定机位/高度近似画面 || 同一坝体/水尺固定监控系列，当前拆成多个组 || 同一坝体/水尺固定监控系列，人工复核建议整体合并,yes
00760.jpg,训练集/00760.jpg,train,有漂浮物,760,file_block_0005,camera_group_v2_0301,12,low,top75_gray32_cosine_with_frame_gap,camera_group_0315,yes,同一固定机位/高度近似画面 || 同一坝体/水尺固定监控系列，当前拆成多个组 || 同一坝体/水尺固定监控系列，人工复核建议整体合并,yes
00761.jpg,训练集/00761.jpg,train,有漂浮物,761,file_block_0005,camera_group_v2_0301,12,high,top75_gray32_cosine_with_frame_gap,camera_group_0316,yes,同一固定机位/高度近似画面 || 同一坝体/水尺固定监控系列，当前拆成多个组 || 同一坝体/水尺固定监控系列，人工复核建议整体合并,yes
00762.jpg,训练集/00762.jpg,train,有漂浮物,762,file_block_0005,camera_group_v2_0301,12,high,top75_gray32_cosine_with_frame_gap,camera_group_0316,yes,同一固定机位/高度近似画面 || 同一坝体/水尺固定监控系列，当前拆成多个组 || 同一坝体/水尺固定监控系列，人工复核建议整体合并,yes
00763.jpg,训练集/00763.jpg,train,有漂浮物,763,file_block_0005,camera_group_v2_0301,12,high,top75_gray32_cosine_with_frame_gap,camera_group_0316,yes,同一固定机位/高度近似画面 || 同一坝体/水尺固定监控系列，当前拆成多个组 || 同一坝体/水尺固定监控系列，人工复核建议整体合并,yes
00764.jpg,训练集/00764.jpg,train,有漂浮物,764,file_block_0005,camera_group_v2_0301,12,low,top75_gray32_cosine_with_frame_gap,camera_group_0317,yes,同一固定机位/高度近似画面 || 同一坝体/水尺固定监控系列，当前拆成多个组 || 同一坝体/水尺固定监控系列，人工复核建议整体合并,yes
00765.jpg,训练集/00765.jpg,train,有漂浮物,765,file_block_0005,camera_group_v2_0301,12,medium,top75_gray32_cosine_with_frame_gap,camera_group_0318,yes,同一固定机位/高度近似画面 || 同一坝体/水尺固定监控系列，当前拆成多个组 || 同一坝体/水尺固定监控系列，人工复核建议整体合并,yes
00766.jpg,训练集/00766.jpg,train,有漂浮物,766,file_block_0005,camera_group_v2_0301,12,medium,top75_gray32_cosine_with_frame_gap,camera_group_0318,yes,同一固定机位/高度近似画面 || 同一坝体/水尺固定监控系列，当前拆成多个组 || 同一坝体/水尺固定监控系列，人工复核建议整体合并,yes
00767.jpg,训练集/00767.jpg,train,有漂浮物,767,file_block_0005,camera_group_v2_0301,12,low,top75_gray32_cosine_with_frame_gap,camera_group_0319,yes,同一固定机位/高度近似画面 || 同一坝体/水尺固定监控系列，当前拆成多个组 || 同一坝体/水尺固定监控系列，人工复核建议整体合并,yes
00768.jpg,训练集/00768.jpg,train,有漂浮物,768,file_block_0005,camera_group_v2_0301,12,medium,top75_gray32_cosine_with_frame_gap,camera_group_0320,yes,同一固定机位/高度近似画面 || 同一坝体/水尺固定监控系列，当前拆成多个组 || 同一坝体/水尺固定监控系列，人工复核建议整体合并,yes
00769.jpg,训练集/00769.jpg,train,有漂浮物,769,file_block_0005,camera_group_v2_0301,12,medium,top75_gray32_cosine_with_frame_gap,camera_group_0320,yes,同一固定机位/高度近似画面 || 同一坝体/水尺固定监控系列，当前拆成多个组 || 同一坝体/水尺固定监控系列，人工复核建议整体合并,yes
00770.jpg,训练集/00770.jpg,train,有漂浮物,770,file_block_0005,camera_group_v2_0313,3,high,top75_gray32_cosine_with_frame_gap,camera_group_0321,no,,yes
00771.jpg,训练集/00771.jpg,train,有漂浮物,771,file_block_0005,camera_group_v2_0313,3,high,top75_gray32_cosine_with_frame_gap,camera_group_0321,no,,yes
00772.jpg,训练集/00772.jpg,train,有漂浮物,772,file_block_0005,camera_group_v2_0313,3,high,top75_gray32_cosine_with_frame_gap,camera_group_0321,no,,yes
00773.jpg,训练集/00773.jpg,train,有漂浮物,773,file_block_0005,camera_group_v2_0314,3,high,top75_gray32_cosine_with_frame_gap,camera_group_0322,no,,yes
00774.jpg,训练集/00774.jpg,train,有漂浮物,774,file_block_0005,camera_group_v2_0314,3,high,top75_gray32_cosine_with_frame_gap,camera_group_0322,no,,yes
00775.jpg,训练集/00775.jpg,train,有漂浮物,775,file_block_0005,camera_group_v2_0314,3,high,top75_gray32_cosine_with_frame_gap,camera_group_0322,no,,yes
00776.jpg,训练集/00776.jpg,train,有漂浮物,776,file_block_0005,camera_group_v2_0315,2,medium,top75_gray32_cosine_with_frame_gap,camera_group_0323,no,,yes
00777.jpg,训练集/00777.jpg,train,有漂浮物,777,file_block_0005,camera_group_v2_0315,2,medium,top75_gray32_cosine_with_frame_gap,camera_group_0323,no,,yes
00778.jpg,训练集/00778.jpg,train,有漂浮物,778,file_block_0005,camera_group_v2_0316,1,low,top75_gray32_cosine_with_frame_gap,camera_group_0324,no,,yes
00779.jpg,训练集/00779.jpg,train,有漂浮物,779,file_block_0005,camera_group_v2_0317,7,high,top75_gray32_cosine_with_frame_gap,camera_group_0325,no,,yes
00780.jpg,训练集/00780.jpg,train,有漂浮物,780,file_block_0005,camera_group_v2_0317,7,high,top75_gray32_cosine_with_frame_gap,camera_group_0325,no,,yes
00781.jpg,训练集/00781.jpg,train,有漂浮物,781,file_block_0005,camera_group_v2_0317,7,high,top75_gray32_cosine_with_frame_gap,camera_group_0325,no,,yes
00782.jpg,训练集/00782.jpg,train,有漂浮物,782,file_block_0005,camera_group_v2_0317,7,high,top75_gray32_cosine_with_frame_gap,camera_group_0325,no,,yes
00783.jpg,训练集/00783.jpg,train,有漂浮物,783,file_block_0005,camera_group_v2_0317,7,high,top75_gray32_cosine_with_frame_gap,camera_group_0325,no,,yes
00784.jpg,训练集/00784.jpg,train,有漂浮物,784,file_block_0005,camera_group_v2_0317,7,high,top75_gray32_cosine_with_frame_gap,camera_group_0325,no,,yes
00785.jpg,训练集/00785.jpg,train,有漂浮物,785,file_block_0005,camera_group_v2_0317,7,high,top75_gray32_cosine_with_frame_gap,camera_group_0325,no,,yes
00786.jpg,训练集/00786.jpg,train,有漂浮物,786,file_block_0005,camera_group_v2_0318,5,medium,top75_gray32_cosine_with_frame_gap,camera_group_0326,no,,yes
00787.jpg,训练集/00787.jpg,train,有漂浮物,787,file_block_0005,camera_group_v2_0318,5,medium,top75_gray32_cosine_with_frame_gap,camera_group_0326,no,,yes
00788.jpg,训练集/00788.jpg,train,有漂浮物,788,file_block_0005,camera_group_v2_0318,5,medium,top75_gray32_cosine_with_frame_gap,camera_group_0326,no,,yes
00789.jpg,训练集/00789.jpg,train,有漂浮物,789,file_block_0005,camera_group_v2_0318,5,medium,top75_gray32_cosine_with_frame_gap,camera_group_0326,no,,yes
00790.jpg,训练集/00790.jpg,train,有漂浮物,790,file_block_0005,camera_group_v2_0318,5,medium,top75_gray32_cosine_with_frame_gap,camera_group_0326,no,,yes
00791.jpg,训练集/00791.jpg,train,有漂浮物,791,file_block_0005,camera_group_v2_0319,3,high,top75_gray32_cosine_with_frame_gap,camera_group_0327,no,,yes
00792.jpg,训练集/00792.jpg,train,有漂浮物,792,file_block_0005,camera_group_v2_0319,3,high,top75_gray32_cosine_with_frame_gap,camera_group_0327,no,,yes
00793.jpg,训练集/00793.jpg,train,有漂浮物,793,file_block_0005,camera_group_v2_0319,3,high,top75_gray32_cosine_with_frame_gap,camera_group_0327,no,,yes
00794.jpg,训练集/00794.jpg,train,有漂浮物,794,file_block_0005,camera_group_v2_0320,26,medium,top75_gray32_cosine_with_frame_gap,camera_group_0328,no,,yes
00795.jpg,训练集/00795.jpg,train,有漂浮物,795,file_block_0005,camera_group_v2_0320,26,medium,top75_gray32_cosine_with_frame_gap,camera_group_0328,no,,yes
00796.jpg,训练集/00796.jpg,train,有漂浮物,796,file_block_0005,camera_group_v2_0320,26,medium,top75_gray32_cosine_with_frame_gap,camera_group_0328,no,,yes
00797.jpg,训练集/00797.jpg,train,有漂浮物,797,file_block_0005,camera_group_v2_0320,26,medium,top75_gray32_cosine_with_frame_gap,camera_group_0328,no,,yes
00798.jpg,训练集/00798.jpg,train,有漂浮物,798,file_block_0005,camera_group_v2_0320,26,medium,top75_gray32_cosine_with_frame_gap,camera_group_0328,no,,yes
00799.jpg,训练集/00799.jpg,train,有漂浮物,799,file_block_0005,camera_group_v2_0320,26,medium,top75_gray32_cosine_with_frame_gap,camera_group_0328,no,,yes
00800.jpg,训练集/00800.jpg,train,有漂浮物,800,file_block_0005,camera_group_v2_0320,26,medium,top75_gray32_cosine_with_frame_gap,camera_group_0328,no,,yes
00801.jpg,训练集/00801.jpg,train,有漂浮物,801,file_block_0005,camera_group_v2_0320,26,medium,top75_gray32_cosine_with_frame_gap,camera_group_0328,no,,yes
00802.jpg,训练集/00802.jpg,train,有漂浮物,802,file_block_0005,camera_group_v2_0320,26,medium,top75_gray32_cosine_with_frame_gap,camera_group_0328,no,,yes
00803.jpg,训练集/00803.jpg,train,有漂浮物,803,file_block_0005,camera_group_v2_0320,26,medium,top75_gray32_cosine_with_frame_gap,camera_group_0328,no,,yes
00804.jpg,训练集/00804.jpg,train,有漂浮物,804,file_block_0005,camera_group_v2_0320,26,medium,top75_gray32_cosine_with_frame_gap,camera_group_0328,no,,yes
00805.jpg,训练集/00805.jpg,train,有漂浮物,805,file_block_0005,camera_group_v2_0320,26,medium,top75_gray32_cosine_with_frame_gap,camera_group_0328,no,,yes
00806.jpg,训练集/00806.jpg,train,有漂浮物,806,file_block_0005,camera_group_v2_0320,26,medium,top75_gray32_cosine_with_frame_gap,camera_group_0328,no,,yes
00807.jpg,训练集/00807.jpg,train,有漂浮物,807,file_block_0005,camera_group_v2_0320,26,medium,top75_gray32_cosine_with_frame_gap,camera_group_0328,no,,yes
00808.jpg,训练集/00808.jpg,train,有漂浮物,808,file_block_0005,camera_group_v2_0320,26,medium,top75_gray32_cosine_with_frame_gap,camera_group_0328,no,,yes
00809.jpg,训练集/00809.jpg,train,有漂浮物,809,file_block_0005,camera_group_v2_0320,26,medium,top75_gray32_cosine_with_frame_gap,camera_group_0328,no,,yes
00810.jpg,训练集/00810.jpg,train,有漂浮物,810,file_block_0005,camera_group_v2_0320,26,medium,top75_gray32_cosine_with_frame_gap,camera_group_0328,no,,yes
00811.jpg,训练集/00811.jpg,train,有漂浮物,811,file_block_0005,camera_group_v2_0320,26,medium,top75_gray32_cosine_with_frame_gap,camera_group_0328,no,,yes
00812.jpg,训练集/00812.jpg,train,有漂浮物,812,file_block_0005,camera_group_v2_0320,26,medium,top75_gray32_cosine_with_frame_gap,camera_group_0328,no,,yes
00813.jpg,训练集/00813.jpg,train,有漂浮物,813,file_block_0005,camera_group_v2_0320,26,medium,top75_gray32_cosine_with_frame_gap,camera_group_0328,no,,yes
00814.jpg,训练集/00814.jpg,train,有漂浮物,814,file_block_0005,camera_group_v2_0320,26,medium,top75_gray32_cosine_with_frame_gap,camera_group_0328,no,,yes
00815.jpg,训练集/00815.jpg,train,有漂浮物,815,file_block_0005,camera_group_v2_0320,26,medium,top75_gray32_cosine_with_frame_gap,camera_group_0328,no,,yes
00816.jpg,训练集/00816.jpg,train,有漂浮物,816,file_block_0005,camera_group_v2_0320,26,medium,top75_gray32_cosine_with_frame_gap,camera_group_0328,no,,yes
00817.jpg,训练集/00817.jpg,train,有漂浮物,817,file_block_0005,camera_group_v2_0320,26,medium,top75_gray32_cosine_with_frame_gap,camera_group_0328,no,,yes
00818.jpg,训练集/00818.jpg,train,有漂浮物,818,file_block_0005,camera_group_v2_0320,26,medium,top75_gray32_cosine_with_frame_gap,camera_group_0328,no,,yes
00819.jpg,训练集/00819.jpg,train,有漂浮物,819,file_block_0005,camera_group_v2_0320,26,medium,top75_gray32_cosine_with_frame_gap,camera_group_0328,no,,yes
00820.jpg,训练集/00820.jpg,train,有漂浮物,820,file_block_0005,camera_group_v2_0321,140,medium,top75_gray32_cosine_with_frame_gap,camera_group_0329,no,,yes
00821.jpg,训练集/00821.jpg,train,有漂浮物,821,file_block_0005,camera_group_v2_0321,140,medium,top75_gray32_cosine_with_frame_gap,camera_group_0329,no,,yes
00822.jpg,训练集/00822.jpg,train,有漂浮物,822,file_block_0005,camera_group_v2_0321,140,medium,top75_gray32_cosine_with_frame_gap,camera_group_0329,no,,yes
00823.jpg,训练集/00823.jpg,train,有漂浮物,823,file_block_0005,camera_group_v2_0321,140,medium,top75_gray32_cosine_with_frame_gap,camera_group_0329,no,,yes
00824.jpg,训练集/00824.jpg,train,有漂浮物,824,file_block_0005,camera_group_v2_0321,140,medium,top75_gray32_cosine_with_frame_gap,camera_group_0329,no,,yes
00825.jpg,训练集/00825.jpg,train,有漂浮物,825,file_block_0005,camera_group_v2_0321,140,medium,top75_gray32_cosine_with_frame_gap,camera_group_0329,no,,yes
00826.jpg,训练集/00826.jpg,train,有漂浮物,826,file_block_0005,camera_group_v2_0321,140,medium,top75_gray32_cosine_with_frame_gap,camera_group_0329,no,,yes
00827.jpg,训练集/00827.jpg,train,有漂浮物,827,file_block_0005,camera_group_v2_0321,140,medium,top75_gray32_cosine_with_frame_gap,camera_group_0329,no,,yes
00828.jpg,训练集/00828.jpg,train,有漂浮物,828,file_block_0005,camera_group_v2_0321,140,medium,top75_gray32_cosine_with_frame_gap,camera_group_0329,no,,yes
00829.jpg,训练集/00829.jpg,train,有漂浮物,829,file_block_0005,camera_group_v2_0321,140,medium,top75_gray32_cosine_with_frame_gap,camera_group_0329,no,,yes
00830.jpg,训练集/00830.jpg,train,有漂浮物,830,file_block_0005,camera_group_v2_0321,140,medium,top75_gray32_cosine_with_frame_gap,camera_group_0329,no,,yes
00831.jpg,训练集/00831.jpg,train,有漂浮物,831,file_block_0005,camera_group_v2_0321,140,medium,top75_gray32_cosine_with_frame_gap,camera_group_0329,no,,yes
00832.jpg,训练集/00832.jpg,train,有漂浮物,832,file_block_0005,camera_group_v2_0321,140,medium,top75_gray32_cosine_with_frame_gap,camera_group_0329,no,,yes
00833.jpg,训练集/00833.jpg,train,有漂浮物,833,file_block_0005,camera_group_v2_0321,140,medium,top75_gray32_cosine_with_frame_gap,camera_group_0329,no,,yes
00834.jpg,训练集/00834.jpg,train,有漂浮物,834,file_block_0005,camera_group_v2_0321,140,medium,top75_gray32_cosine_with_frame_gap,camera_group_0329,no,,yes
00835.jpg,训练集/00835.jpg,train,有漂浮物,835,file_block_0005,camera_group_v2_0321,140,medium,top75_gray32_cosine_with_frame_gap,camera_group_0329,no,,yes
00836.jpg,训练集/00836.jpg,train,有漂浮物,836,file_block_0005,camera_group_v2_0321,140,medium,top75_gray32_cosine_with_frame_gap,camera_group_0329,no,,yes
00837.jpg,训练集/00837.jpg,train,有漂浮物,837,file_block_0005,camera_group_v2_0321,140,medium,top75_gray32_cosine_with_frame_gap,camera_group_0329,no,,yes
00838.jpg,训练集/00838.jpg,train,有漂浮物,838,file_block_0005,camera_group_v2_0321,140,medium,top75_gray32_cosine_with_frame_gap,camera_group_0329,no,,yes
00839.jpg,训练集/00839.jpg,train,有漂浮物,839,file_block_0005,camera_group_v2_0321,140,medium,top75_gray32_cosine_with_frame_gap,camera_group_0329,no,,yes
00840.jpg,训练集/00840.jpg,train,有漂浮物,840,file_block_0005,camera_group_v2_0321,140,medium,top75_gray32_cosine_with_frame_gap,camera_group_0329,no,,yes
00841.jpg,训练集/00841.jpg,train,有漂浮物,841,file_block_0005,camera_group_v2_0321,140,medium,top75_gray32_cosine_with_frame_gap,camera_group_0329,no,,yes
00842.jpg,训练集/00842.jpg,train,有漂浮物,842,file_block_0005,camera_group_v2_0321,140,medium,top75_gray32_cosine_with_frame_gap,camera_group_0329,no,,yes
00843.jpg,训练集/00843.jpg,train,有漂浮物,843,file_block_0005,camera_group_v2_0321,140,medium,top75_gray32_cosine_with_frame_gap,camera_group_0329,no,,yes
00844.jpg,训练集/00844.jpg,train,有漂浮物,844,file_block_0005,camera_group_v2_0321,140,medium,top75_gray32_cosine_with_frame_gap,camera_group_0329,no,,yes
00845.jpg,训练集/00845.jpg,train,有漂浮物,845,file_block_0005,camera_group_v2_0321,140,medium,top75_gray32_cosine_with_frame_gap,camera_group_0329,no,,yes
00846.jpg,训练集/00846.jpg,train,有漂浮物,846,file_block_0005,camera_group_v2_0321,140,medium,top75_gray32_cosine_with_frame_gap,camera_group_0329,no,,yes
00847.jpg,训练集/00847.jpg,train,有漂浮物,847,file_block_0005,camera_group_v2_0321,140,medium,top75_gray32_cosine_with_frame_gap,camera_group_0329,no,,yes
00848.jpg,训练集/00848.jpg,train,有漂浮物,848,file_block_0005,camera_group_v2_0321,140,medium,top75_gray32_cosine_with_frame_gap,camera_group_0329,no,,yes
00849.jpg,训练集/00849.jpg,train,有漂浮物,849,file_block_0005,camera_group_v2_0321,140,medium,top75_gray32_cosine_with_frame_gap,camera_group_0329,no,,yes
00850.jpg,训练集/00850.jpg,train,有漂浮物,850,file_block_0005,camera_group_v2_0321,140,medium,top75_gray32_cosine_with_frame_gap,camera_group_0329,no,,yes
00851.jpg,训练集/00851.jpg,train,有漂浮物,851,file_block_0005,camera_group_v2_0321,140,medium,top75_gray32_cosine_with_frame_gap,camera_group_0329,no,,yes
00852.jpg,训练集/00852.jpg,train,有漂浮物,852,file_block_0005,camera_group_v2_0321,140,medium,top75_gray32_cosine_with_frame_gap,camera_group_0329,no,,yes
00853.jpg,训练集/00853.jpg,train,有漂浮物,853,file_block_0005,camera_group_v2_0321,140,medium,top75_gray32_cosine_with_frame_gap,camera_group_0329,no,,yes
00854.jpg,训练集/00854.jpg,train,有漂浮物,854,file_block_0005,camera_group_v2_0321,140,medium,top75_gray32_cosine_with_frame_gap,camera_group_0329,no,,yes
00855.jpg,训练集/00855.jpg,train,有漂浮物,855,file_block_0005,camera_group_v2_0321,140,medium,top75_gray32_cosine_with_frame_gap,camera_group_0329,no,,yes
00856.jpg,训练集/00856.jpg,train,有漂浮物,856,file_block_0005,camera_group_v2_0321,140,medium,top75_gray32_cosine_with_frame_gap,camera_group_0329,no,,yes
00857.jpg,训练集/00857.jpg,train,有漂浮物,857,file_block_0005,camera_group_v2_0321,140,medium,top75_gray32_cosine_with_frame_gap,camera_group_0329,no,,yes
00858.jpg,训练集/00858.jpg,train,有漂浮物,858,file_block_0005,camera_group_v2_0321,140,medium,top75_gray32_cosine_with_frame_gap,camera_group_0329,no,,yes
00859.jpg,训练集/00859.jpg,train,有漂浮物,859,file_block_0005,camera_group_v2_0321,140,medium,top75_gray32_cosine_with_frame_gap,camera_group_0329,no,,yes
00860.jpg,训练集/00860.jpg,train,有漂浮物,860,file_block_0005,camera_group_v2_0321,140,medium,top75_gray32_cosine_with_frame_gap,camera_group_0329,no,,yes
00861.jpg,训练集/00861.jpg,train,有漂浮物,861,file_block_0005,camera_group_v2_0321,140,medium,top75_gray32_cosine_with_frame_gap,camera_group_0329,no,,yes
00862.jpg,训练集/00862.jpg,train,有漂浮物,862,file_block_0005,camera_group_v2_0321,140,medium,top75_gray32_cosine_with_frame_gap,camera_group_0329,no,,yes
00863.jpg,训练集/00863.jpg,train,有漂浮物,863,file_block_0005,camera_group_v2_0321,140,medium,top75_gray32_cosine_with_frame_gap,camera_group_0329,no,,yes
00864.jpg,训练集/00864.jpg,train,有漂浮物,864,file_block_0005,camera_group_v2_0321,140,medium,top75_gray32_cosine_with_frame_gap,camera_group_0329,no,,yes
00865.jpg,训练集/00865.jpg,train,有漂浮物,865,file_block_0005,camera_group_v2_0321,140,medium,top75_gray32_cosine_with_frame_gap,camera_group_0329,no,,yes
00866.jpg,训练集/00866.jpg,train,有漂浮物,866,file_block_0005,camera_group_v2_0321,140,medium,top75_gray32_cosine_with_frame_gap,camera_group_0329,no,,yes
00867.jpg,训练集/00867.jpg,train,有漂浮物,867,file_block_0005,camera_group_v2_0321,140,medium,top75_gray32_cosine_with_frame_gap,camera_group_0329,no,,yes
00868.jpg,训练集/00868.jpg,train,有漂浮物,868,file_block_0005,camera_group_v2_0321,140,medium,top75_gray32_cosine_with_frame_gap,camera_group_0329,no,,yes
00869.jpg,训练集/00869.jpg,train,有漂浮物,869,file_block_0005,camera_group_v2_0321,140,medium,top75_gray32_cosine_with_frame_gap,camera_group_0329,no,,yes
00870.jpg,训练集/00870.jpg,train,有漂浮物,870,file_block_0005,camera_group_v2_0321,140,medium,top75_gray32_cosine_with_frame_gap,camera_group_0329,no,,yes
00871.jpg,训练集/00871.jpg,train,有漂浮物,871,file_block_0005,camera_group_v2_0321,140,medium,top75_gray32_cosine_with_frame_gap,camera_group_0329,no,,yes
00872.jpg,训练集/00872.jpg,train,有漂浮物,872,file_block_0005,camera_group_v2_0321,140,medium,top75_gray32_cosine_with_frame_gap,camera_group_0329,no,,yes
00873.jpg,训练集/00873.jpg,train,有漂浮物,873,file_block_0005,camera_group_v2_0321,140,medium,top75_gray32_cosine_with_frame_gap,camera_group_0329,no,,yes
00874.jpg,训练集/00874.jpg,train,有漂浮物,874,file_block_0005,camera_group_v2_0321,140,medium,top75_gray32_cosine_with_frame_gap,camera_group_0329,no,,yes
00875.jpg,训练集/00875.jpg,train,有漂浮物,875,file_block_0005,camera_group_v2_0321,140,medium,top75_gray32_cosine_with_frame_gap,camera_group_0329,no,,yes
00876.jpg,训练集/00876.jpg,train,有漂浮物,876,file_block_0005,camera_group_v2_0321,140,medium,top75_gray32_cosine_with_frame_gap,camera_group_0329,no,,yes
00877.jpg,训练集/00877.jpg,train,有漂浮物,877,file_block_0005,camera_group_v2_0321,140,medium,top75_gray32_cosine_with_frame_gap,camera_group_0329,no,,yes
00878.jpg,训练集/00878.jpg,train,有漂浮物,878,file_block_0005,camera_group_v2_0321,140,medium,top75_gray32_cosine_with_frame_gap,camera_group_0329,no,,yes
00879.jpg,训练集/00879.jpg,train,有漂浮物,879,file_block_0005,camera_group_v2_0321,140,medium,top75_gray32_cosine_with_frame_gap,camera_group_0329,no,,yes
00880.jpg,训练集/00880.jpg,train,有漂浮物,880,file_block_0005,camera_group_v2_0321,140,medium,top75_gray32_cosine_with_frame_gap,camera_group_0329,no,,yes
00881.jpg,训练集/00881.jpg,train,有漂浮物,881,file_block_0005,camera_group_v2_0321,140,medium,top75_gray32_cosine_with_frame_gap,camera_group_0329,no,,yes
00882.jpg,训练集/00882.jpg,train,有漂浮物,882,file_block_0005,camera_group_v2_0321,140,medium,top75_gray32_cosine_with_frame_gap,camera_group_0329,no,,yes
00883.jpg,训练集/00883.jpg,train,有漂浮物,883,file_block_0005,camera_group_v2_0321,140,medium,top75_gray32_cosine_with_frame_gap,camera_group_0329,no,,yes
00884.jpg,训练集/00884.jpg,train,有漂浮物,884,file_block_0005,camera_group_v2_0321,140,medium,top75_gray32_cosine_with_frame_gap,camera_group_0329,no,,yes
00885.jpg,训练集/00885.jpg,train,有漂浮物,885,file_block_0005,camera_group_v2_0321,140,medium,top75_gray32_cosine_with_frame_gap,camera_group_0329,no,,yes
00886.jpg,训练集/00886.jpg,train,有漂浮物,886,file_block_0005,camera_group_v2_0321,140,medium,top75_gray32_cosine_with_frame_gap,camera_group_0329,no,,yes
00887.jpg,训练集/00887.jpg,train,有漂浮物,887,file_block_0005,camera_group_v2_0321,140,medium,top75_gray32_cosine_with_frame_gap,camera_group_0329,no,,yes
00888.jpg,训练集/00888.jpg,train,有漂浮物,888,file_block_0005,camera_group_v2_0321,140,medium,top75_gray32_cosine_with_frame_gap,camera_group_0329,no,,yes
00889.jpg,训练集/00889.jpg,train,有漂浮物,889,file_block_0005,camera_group_v2_0321,140,medium,top75_gray32_cosine_with_frame_gap,camera_group_0329,no,,yes
00890.jpg,训练集/00890.jpg,train,有漂浮物,890,file_block_0005,camera_group_v2_0321,140,medium,top75_gray32_cosine_with_frame_gap,camera_group_0329,no,,yes
00891.jpg,训练集/00891.jpg,train,有漂浮物,891,file_block_0005,camera_group_v2_0321,140,medium,top75_gray32_cosine_with_frame_gap,camera_group_0329,no,,yes
00892.jpg,训练集/00892.jpg,train,有漂浮物,892,file_block_0005,camera_group_v2_0321,140,medium,top75_gray32_cosine_with_frame_gap,camera_group_0329,no,,yes
00893.jpg,训练集/00893.jpg,train,有漂浮物,893,file_block_0005,camera_group_v2_0321,140,medium,top75_gray32_cosine_with_frame_gap,camera_group_0329,no,,yes
00894.jpg,训练集/00894.jpg,train,有漂浮物,894,file_block_0005,camera_group_v2_0321,140,medium,top75_gray32_cosine_with_frame_gap,camera_group_0329,no,,yes
00895.jpg,训练集/00895.jpg,train,有漂浮物,895,file_block_0005,camera_group_v2_0321,140,medium,top75_gray32_cosine_with_frame_gap,camera_group_0329,no,,yes
00896.jpg,训练集/00896.jpg,train,有漂浮物,896,file_block_0005,camera_group_v2_0321,140,medium,top75_gray32_cosine_with_frame_gap,camera_group_0329,no,,yes
00897.jpg,训练集/00897.jpg,train,有漂浮物,897,file_block_0005,camera_group_v2_0321,140,medium,top75_gray32_cosine_with_frame_gap,camera_group_0329,no,,yes
00898.jpg,训练集/00898.jpg,train,有漂浮物,898,file_block_0005,camera_group_v2_0321,140,medium,top75_gray32_cosine_with_frame_gap,camera_group_0329,no,,yes
00899.jpg,训练集/00899.jpg,train,有漂浮物,899,file_block_0005,camera_group_v2_0321,140,medium,top75_gray32_cosine_with_frame_gap,camera_group_0329,no,,yes
00900.jpg,训练集/00900.jpg,train,有漂浮物,900,file_block_0005,camera_group_v2_0322,16,high,top75_gray32_cosine_with_frame_gap,camera_group_0330,no,,yes
00901.jpg,训练集/00901.jpg,train,有漂浮物,901,file_block_0005,camera_group_v2_0322,16,high,top75_gray32_cosine_with_frame_gap,camera_group_0330,no,,yes
00902.jpg,训练集/00902.jpg,train,有漂浮物,902,file_block_0005,camera_group_v2_0322,16,high,top75_gray32_cosine_with_frame_gap,camera_group_0330,no,,yes
00903.jpg,训练集/00903.jpg,train,有漂浮物,903,file_block_0005,camera_group_v2_0322,16,high,top75_gray32_cosine_with_frame_gap,camera_group_0330,no,,yes
00904.jpg,训练集/00904.jpg,train,有漂浮物,904,file_block_0005,camera_group_v2_0322,16,high,top75_gray32_cosine_with_frame_gap,camera_group_0330,no,,yes
00905.jpg,训练集/00905.jpg,train,有漂浮物,905,file_block_0005,camera_group_v2_0322,16,high,top75_gray32_cosine_with_frame_gap,camera_group_0330,no,,yes
00906.jpg,训练集/00906.jpg,train,有漂浮物,906,file_block_0005,camera_group_v2_0322,16,high,top75_gray32_cosine_with_frame_gap,camera_group_0330,no,,yes
00907.jpg,训练集/00907.jpg,train,有漂浮物,907,file_block_0005,camera_group_v2_0322,16,high,top75_gray32_cosine_with_frame_gap,camera_group_0330,no,,yes
00908.jpg,训练集/00908.jpg,train,有漂浮物,908,file_block_0005,camera_group_v2_0322,16,high,top75_gray32_cosine_with_frame_gap,camera_group_0330,no,,yes
00909.jpg,训练集/00909.jpg,train,有漂浮物,909,file_block_0005,camera_group_v2_0322,16,high,top75_gray32_cosine_with_frame_gap,camera_group_0330,no,,yes
00910.jpg,训练集/00910.jpg,train,有漂浮物,910,file_block_0005,camera_group_v2_0322,16,high,top75_gray32_cosine_with_frame_gap,camera_group_0330,no,,yes
00911.jpg,训练集/00911.jpg,train,有漂浮物,911,file_block_0005,camera_group_v2_0322,16,high,top75_gray32_cosine_with_frame_gap,camera_group_0330,no,,yes
00912.jpg,训练集/00912.jpg,train,有漂浮物,912,file_block_0005,camera_group_v2_0322,16,high,top75_gray32_cosine_with_frame_gap,camera_group_0330,no,,yes
00913.jpg,训练集/00913.jpg,train,有漂浮物,913,file_block_0005,camera_group_v2_0322,16,high,top75_gray32_cosine_with_frame_gap,camera_group_0330,no,,yes
00914.jpg,训练集/00914.jpg,train,有漂浮物,914,file_block_0005,camera_group_v2_0322,16,high,top75_gray32_cosine_with_frame_gap,camera_group_0330,no,,yes
00915.jpg,训练集/00915.jpg,train,有漂浮物,915,file_block_0005,camera_group_v2_0322,16,high,top75_gray32_cosine_with_frame_gap,camera_group_0330,no,,yes
00916.jpg,训练集/00916.jpg,train,有漂浮物,916,file_block_0005,camera_group_v2_0323,1,low,top75_gray32_cosine_with_frame_gap,camera_group_0331,no,,yes
00917.jpg,训练集/00917.jpg,train,有漂浮物,917,file_block_0005,camera_group_v2_0324,1,low,top75_gray32_cosine_with_frame_gap,camera_group_0332,no,,yes
00918.jpg,训练集/00918.jpg,train,有漂浮物,918,file_block_0005,camera_group_v2_0321,140,medium,top75_gray32_cosine_with_frame_gap,camera_group_0329,no,,yes
00919.jpg,训练集/00919.jpg,train,有漂浮物,919,file_block_0005,camera_group_v2_0321,140,medium,top75_gray32_cosine_with_frame_gap,camera_group_0329,no,,yes
00920.jpg,训练集/00920.jpg,train,有漂浮物,920,file_block_0005,camera_group_v2_0321,140,medium,top75_gray32_cosine_with_frame_gap,camera_group_0329,no,,yes
00921.jpg,训练集/00921.jpg,train,有漂浮物,921,file_block_0005,camera_group_v2_0321,140,medium,top75_gray32_cosine_with_frame_gap,camera_group_0329,no,,yes
00922.jpg,训练集/00922.jpg,train,有漂浮物,922,file_block_0005,camera_group_v2_0321,140,medium,top75_gray32_cosine_with_frame_gap,camera_group_0329,no,,yes
00923.jpg,训练集/00923.jpg,train,有漂浮物,923,file_block_0005,camera_group_v2_0321,140,medium,top75_gray32_cosine_with_frame_gap,camera_group_0329,no,,yes
00924.jpg,训练集/00924.jpg,train,有漂浮物,924,file_block_0005,camera_group_v2_0321,140,medium,top75_gray32_cosine_with_frame_gap,camera_group_0329,no,,yes
00925.jpg,训练集/00925.jpg,train,有漂浮物,925,file_block_0005,camera_group_v2_0321,140,medium,top75_gray32_cosine_with_frame_gap,camera_group_0329,no,,yes
00926.jpg,训练集/00926.jpg,train,有漂浮物,926,file_block_0005,camera_group_v2_0321,140,medium,top75_gray32_cosine_with_frame_gap,camera_group_0329,no,,yes
00927.jpg,训练集/00927.jpg,train,有漂浮物,927,file_block_0005,camera_group_v2_0321,140,medium,top75_gray32_cosine_with_frame_gap,camera_group_0329,no,,yes
00928.jpg,训练集/00928.jpg,train,有漂浮物,928,file_block_0005,camera_group_v2_0321,140,medium,top75_gray32_cosine_with_frame_gap,camera_group_0329,no,,yes
00929.jpg,训练集/00929.jpg,train,有漂浮物,929,file_block_0005,camera_group_v2_0321,140,medium,top75_gray32_cosine_with_frame_gap,camera_group_0329,no,,yes
00930.jpg,训练集/00930.jpg,train,有漂浮物,930,file_block_0005,camera_group_v2_0321,140,medium,top75_gray32_cosine_with_frame_gap,camera_group_0329,no,,yes
00931.jpg,训练集/00931.jpg,train,有漂浮物,931,file_block_0005,camera_group_v2_0321,140,medium,top75_gray32_cosine_with_frame_gap,camera_group_0329,no,,yes
00932.jpg,训练集/00932.jpg,train,有漂浮物,932,file_block_0005,camera_group_v2_0321,140,medium,top75_gray32_cosine_with_frame_gap,camera_group_0329,no,,yes
00933.jpg,训练集/00933.jpg,train,有漂浮物,933,file_block_0005,camera_group_v2_0321,140,medium,top75_gray32_cosine_with_frame_gap,camera_group_0329,no,,yes
00934.jpg,训练集/00934.jpg,train,有漂浮物,934,file_block_0005,camera_group_v2_0321,140,medium,top75_gray32_cosine_with_frame_gap,camera_group_0329,no,,yes
00935.jpg,训练集/00935.jpg,train,有漂浮物,935,file_block_0005,camera_group_v2_0321,140,medium,top75_gray32_cosine_with_frame_gap,camera_group_0329,no,,yes
00936.jpg,训练集/00936.jpg,train,有漂浮物,936,file_block_0005,camera_group_v2_0321,140,medium,top75_gray32_cosine_with_frame_gap,camera_group_0329,no,,yes
00937.jpg,训练集/00937.jpg,train,有漂浮物,937,file_block_0005,camera_group_v2_0321,140,medium,top75_gray32_cosine_with_frame_gap,camera_group_0329,no,,yes
00938.jpg,训练集/00938.jpg,train,有漂浮物,938,file_block_0005,camera_group_v2_0321,140,medium,top75_gray32_cosine_with_frame_gap,camera_group_0329,no,,yes
00939.jpg,训练集/00939.jpg,train,有漂浮物,939,file_block_0005,camera_group_v2_0321,140,medium,top75_gray32_cosine_with_frame_gap,camera_group_0329,no,,yes
00940.jpg,训练集/00940.jpg,train,有漂浮物,940,file_block_0005,camera_group_v2_0321,140,medium,top75_gray32_cosine_with_frame_gap,camera_group_0329,no,,yes
00941.jpg,训练集/00941.jpg,train,有漂浮物,941,file_block_0005,camera_group_v2_0321,140,medium,top75_gray32_cosine_with_frame_gap,camera_group_0329,no,,yes
00942.jpg,训练集/00942.jpg,train,有漂浮物,942,file_block_0005,camera_group_v2_0321,140,medium,top75_gray32_cosine_with_frame_gap,camera_group_0329,no,,yes
00943.jpg,训练集/00943.jpg,train,有漂浮物,943,file_block_0005,camera_group_v2_0321,140,medium,top75_gray32_cosine_with_frame_gap,camera_group_0329,no,,yes
00944.jpg,训练集/00944.jpg,train,有漂浮物,944,file_block_0005,camera_group_v2_0321,140,medium,top75_gray32_cosine_with_frame_gap,camera_group_0329,no,,yes
00945.jpg,训练集/00945.jpg,train,有漂浮物,945,file_block_0005,camera_group_v2_0321,140,medium,top75_gray32_cosine_with_frame_gap,camera_group_0329,no,,yes
00946.jpg,训练集/00946.jpg,train,有漂浮物,946,file_block_0005,camera_group_v2_0321,140,medium,top75_gray32_cosine_with_frame_gap,camera_group_0329,no,,yes
00947.jpg,训练集/00947.jpg,train,有漂浮物,947,file_block_0005,camera_group_v2_0321,140,medium,top75_gray32_cosine_with_frame_gap,camera_group_0329,no,,yes
00948.jpg,训练集/00948.jpg,train,有漂浮物,948,file_block_0005,camera_group_v2_0321,140,medium,top75_gray32_cosine_with_frame_gap,camera_group_0329,no,,yes
00949.jpg,训练集/00949.jpg,train,有漂浮物,949,file_block_0005,camera_group_v2_0321,140,medium,top75_gray32_cosine_with_frame_gap,camera_group_0329,no,,yes
00950.jpg,训练集/00950.jpg,train,有漂浮物,950,file_block_0005,camera_group_v2_0321,140,medium,top75_gray32_cosine_with_frame_gap,camera_group_0329,no,,yes
00951.jpg,训练集/00951.jpg,train,有漂浮物,951,file_block_0005,camera_group_v2_0321,140,medium,top75_gray32_cosine_with_frame_gap,camera_group_0329,no,,yes
00952.jpg,训练集/00952.jpg,train,有漂浮物,952,file_block_0005,camera_group_v2_0321,140,medium,top75_gray32_cosine_with_frame_gap,camera_group_0329,no,,yes
00953.jpg,训练集/00953.jpg,train,有漂浮物,953,file_block_0005,camera_group_v2_0321,140,medium,top75_gray32_cosine_with_frame_gap,camera_group_0329,no,,yes
00954.jpg,训练集/00954.jpg,train,有漂浮物,954,file_block_0005,camera_group_v2_0321,140,medium,top75_gray32_cosine_with_frame_gap,camera_group_0329,no,,yes
00955.jpg,训练集/00955.jpg,train,有漂浮物,955,file_block_0005,camera_group_v2_0321,140,medium,top75_gray32_cosine_with_frame_gap,camera_group_0329,no,,yes
00956.jpg,训练集/00956.jpg,train,有漂浮物,956,file_block_0005,camera_group_v2_0321,140,medium,top75_gray32_cosine_with_frame_gap,camera_group_0329,no,,yes
00957.jpg,训练集/00957.jpg,train,有漂浮物,957,file_block_0005,camera_group_v2_0321,140,medium,top75_gray32_cosine_with_frame_gap,camera_group_0329,no,,yes
00958.jpg,训练集/00958.jpg,train,有漂浮物,958,file_block_0005,camera_group_v2_0321,140,medium,top75_gray32_cosine_with_frame_gap,camera_group_0329,no,,yes
00959.jpg,训练集/00959.jpg,train,有漂浮物,959,file_block_0005,camera_group_v2_0321,140,medium,top75_gray32_cosine_with_frame_gap,camera_group_0329,no,,yes
00960.jpg,训练集/00960.jpg,train,有漂浮物,960,file_block_0005,camera_group_v2_0321,140,medium,top75_gray32_cosine_with_frame_gap,camera_group_0329,no,,yes
00961.jpg,训练集/00961.jpg,train,有漂浮物,961,file_block_0005,camera_group_v2_0321,140,medium,top75_gray32_cosine_with_frame_gap,camera_group_0329,no,,yes
00962.jpg,训练集/00962.jpg,train,有漂浮物,962,file_block_0005,camera_group_v2_0321,140,medium,top75_gray32_cosine_with_frame_gap,camera_group_0329,no,,yes
00963.jpg,训练集/00963.jpg,train,有漂浮物,963,file_block_0005,camera_group_v2_0321,140,medium,top75_gray32_cosine_with_frame_gap,camera_group_0329,no,,yes
00964.jpg,训练集/00964.jpg,train,有漂浮物,964,file_block_0005,camera_group_v2_0321,140,medium,top75_gray32_cosine_with_frame_gap,camera_group_0329,no,,yes
00965.jpg,训练集/00965.jpg,train,有漂浮物,965,file_block_0005,camera_group_v2_0321,140,medium,top75_gray32_cosine_with_frame_gap,camera_group_0329,no,,yes
00966.jpg,训练集/00966.jpg,train,有漂浮物,966,file_block_0005,camera_group_v2_0321,140,medium,top75_gray32_cosine_with_frame_gap,camera_group_0329,no,,yes
00967.jpg,训练集/00967.jpg,train,有漂浮物,967,file_block_0005,camera_group_v2_0321,140,medium,top75_gray32_cosine_with_frame_gap,camera_group_0329,no,,yes
00968.jpg,训练集/00968.jpg,train,有漂浮物,968,file_block_0005,camera_group_v2_0321,140,medium,top75_gray32_cosine_with_frame_gap,camera_group_0329,no,,yes
00969.jpg,训练集/00969.jpg,train,有漂浮物,969,file_block_0005,camera_group_v2_0321,140,medium,top75_gray32_cosine_with_frame_gap,camera_group_0329,no,,yes
00970.jpg,训练集/00970.jpg,train,有漂浮物,970,file_block_0005,camera_group_v2_0321,140,medium,top75_gray32_cosine_with_frame_gap,camera_group_0329,no,,yes
00971.jpg,训练集/00971.jpg,train,有漂浮物,971,file_block_0005,camera_group_v2_0321,140,medium,top75_gray32_cosine_with_frame_gap,camera_group_0329,no,,yes
00972.jpg,训练集/00972.jpg,train,有漂浮物,972,file_block_0005,camera_group_v2_0321,140,medium,top75_gray32_cosine_with_frame_gap,camera_group_0329,no,,yes
00973.jpg,训练集/00973.jpg,train,有漂浮物,973,file_block_0005,camera_group_v2_0325,1,low,top75_gray32_cosine_with_frame_gap,camera_group_0333,no,,yes
00974.jpg,训练集/00974.jpg,train,有漂浮物,974,file_block_0005,camera_group_v2_0326,4,high,top75_gray32_cosine_with_frame_gap,camera_group_0334,no,,yes
00975.jpg,训练集/00975.jpg,train,有漂浮物,975,file_block_0005,camera_group_v2_0326,4,high,top75_gray32_cosine_with_frame_gap,camera_group_0334,no,,yes
00976.jpg,训练集/00976.jpg,train,有漂浮物,976,file_block_0005,camera_group_v2_0326,4,high,top75_gray32_cosine_with_frame_gap,camera_group_0334,no,,yes
00977.jpg,训练集/00977.jpg,train,有漂浮物,977,file_block_0005,camera_group_v2_0326,4,high,top75_gray32_cosine_with_frame_gap,camera_group_0334,no,,yes
00978.jpg,训练集/00978.jpg,train,有漂浮物,978,file_block_0005,camera_group_v2_0327,1,low,top75_gray32_cosine_with_frame_gap,camera_group_0335,no,,yes
00979.jpg,训练集/00979.jpg,train,有漂浮物,979,file_block_0005,camera_group_v2_0321,140,medium,top75_gray32_cosine_with_frame_gap,camera_group_0329,no,,yes
00980.jpg,训练集/00980.jpg,train,有漂浮物,980,file_block_0005,camera_group_v2_0321,140,medium,top75_gray32_cosine_with_frame_gap,camera_group_0329,no,,yes
00981.jpg,训练集/00981.jpg,train,有漂浮物,981,file_block_0005,camera_group_v2_0321,140,medium,top75_gray32_cosine_with_frame_gap,camera_group_0329,no,,yes
00982.jpg,训练集/00982.jpg,train,有漂浮物,982,file_block_0005,camera_group_v2_0321,140,medium,top75_gray32_cosine_with_frame_gap,camera_group_0329,no,,yes
00983.jpg,训练集/00983.jpg,train,有漂浮物,983,file_block_0005,camera_group_v2_0321,140,medium,top75_gray32_cosine_with_frame_gap,camera_group_0329,no,,yes
00984.jpg,训练集/00984.jpg,train,有漂浮物,984,file_block_0005,camera_group_v2_0328,67,medium,top75_gray32_cosine_with_frame_gap,camera_group_0336,no,,yes
00985.jpg,训练集/00985.jpg,train,有漂浮物,985,file_block_0005,camera_group_v2_0328,67,medium,top75_gray32_cosine_with_frame_gap,camera_group_0336,no,,yes
00986.jpg,训练集/00986.jpg,train,有漂浮物,986,file_block_0005,camera_group_v2_0328,67,medium,top75_gray32_cosine_with_frame_gap,camera_group_0336,no,,yes
00987.jpg,训练集/00987.jpg,train,有漂浮物,987,file_block_0005,camera_group_v2_0328,67,medium,top75_gray32_cosine_with_frame_gap,camera_group_0336,no,,yes
00988.jpg,训练集/00988.jpg,train,有漂浮物,988,file_block_0005,camera_group_v2_0328,67,medium,top75_gray32_cosine_with_frame_gap,camera_group_0336,no,,yes
00989.jpg,训练集/00989.jpg,train,有漂浮物,989,file_block_0005,camera_group_v2_0328,67,medium,top75_gray32_cosine_with_frame_gap,camera_group_0336,no,,yes
00990.jpg,训练集/00990.jpg,train,有漂浮物,990,file_block_0005,camera_group_v2_0328,67,medium,top75_gray32_cosine_with_frame_gap,camera_group_0336,no,,yes
00991.jpg,训练集/00991.jpg,train,有漂浮物,991,file_block_0005,camera_group_v2_0328,67,medium,top75_gray32_cosine_with_frame_gap,camera_group_0336,no,,yes
00992.jpg,训练集/00992.jpg,train,有漂浮物,992,file_block_0005,camera_group_v2_0328,67,medium,top75_gray32_cosine_with_frame_gap,camera_group_0336,no,,yes
00993.jpg,训练集/00993.jpg,train,有漂浮物,993,file_block_0005,camera_group_v2_0328,67,medium,top75_gray32_cosine_with_frame_gap,camera_group_0336,no,,yes
00994.jpg,训练集/00994.jpg,train,有漂浮物,994,file_block_0005,camera_group_v2_0328,67,medium,top75_gray32_cosine_with_frame_gap,camera_group_0336,no,,yes
00995.jpg,训练集/00995.jpg,train,有漂浮物,995,file_block_0005,camera_group_v2_0328,67,medium,top75_gray32_cosine_with_frame_gap,camera_group_0336,no,,yes
00996.jpg,训练集/00996.jpg,train,有漂浮物,996,file_block_0005,camera_group_v2_0328,67,medium,top75_gray32_cosine_with_frame_gap,camera_group_0336,no,,yes
00997.jpg,训练集/00997.jpg,train,有漂浮物,997,file_block_0005,camera_group_v2_0328,67,medium,top75_gray32_cosine_with_frame_gap,camera_group_0336,no,,yes
00998.jpg,训练集/00998.jpg,train,有漂浮物,998,file_block_0005,camera_group_v2_0328,67,medium,top75_gray32_cosine_with_frame_gap,camera_group_0336,no,,yes
00999.jpg,训练集/00999.jpg,train,有漂浮物,999,file_block_0005,camera_group_v2_0328,67,medium,top75_gray32_cosine_with_frame_gap,camera_group_0336,no,,yes
01000.jpg,训练集/01000.jpg,train,有漂浮物,1000,file_block_0005,camera_group_v2_0328,67,medium,top75_gray32_cosine_with_frame_gap,camera_group_0336,no,,yes
01001.jpg,训练集/01001.jpg,train,有漂浮物,1001,file_block_0005,camera_group_v2_0328,67,medium,top75_gray32_cosine_with_frame_gap,camera_group_0336,no,,yes
01002.jpg,训练集/01002.jpg,train,有漂浮物,1002,file_block_0005,camera_group_v2_0328,67,medium,top75_gray32_cosine_with_frame_gap,camera_group_0336,no,,yes
01003.jpg,训练集/01003.jpg,train,有漂浮物,1003,file_block_0005,camera_group_v2_0328,67,medium,top75_gray32_cosine_with_frame_gap,camera_group_0336,no,,yes
01004.jpg,训练集/01004.jpg,train,有漂浮物,1004,file_block_0005,camera_group_v2_0328,67,medium,top75_gray32_cosine_with_frame_gap,camera_group_0336,no,,yes
01005.jpg,训练集/01005.jpg,train,有漂浮物,1005,file_block_0005,camera_group_v2_0328,67,medium,top75_gray32_cosine_with_frame_gap,camera_group_0336,no,,yes
01006.jpg,训练集/01006.jpg,train,有漂浮物,1006,file_block_0005,camera_group_v2_0328,67,medium,top75_gray32_cosine_with_frame_gap,camera_group_0336,no,,yes
01007.jpg,训练集/01007.jpg,train,有漂浮物,1007,file_block_0005,camera_group_v2_0328,67,medium,top75_gray32_cosine_with_frame_gap,camera_group_0336,no,,yes
01008.jpg,训练集/01008.jpg,train,有漂浮物,1008,file_block_0005,camera_group_v2_0328,67,medium,top75_gray32_cosine_with_frame_gap,camera_group_0336,no,,yes
01009.jpg,训练集/01009.jpg,train,有漂浮物,1009,file_block_0005,camera_group_v2_0328,67,medium,top75_gray32_cosine_with_frame_gap,camera_group_0336,no,,yes
01010.jpg,训练集/01010.jpg,train,有漂浮物,1010,file_block_0005,camera_group_v2_0328,67,medium,top75_gray32_cosine_with_frame_gap,camera_group_0336,no,,yes
01011.jpg,训练集/01011.jpg,train,有漂浮物,1011,file_block_0005,camera_group_v2_0328,67,medium,top75_gray32_cosine_with_frame_gap,camera_group_0336,no,,yes
01012.jpg,训练集/01012.jpg,train,有漂浮物,1012,file_block_0005,camera_group_v2_0328,67,medium,top75_gray32_cosine_with_frame_gap,camera_group_0336,no,,yes
01013.jpg,训练集/01013.jpg,train,有漂浮物,1013,file_block_0005,camera_group_v2_0328,67,medium,top75_gray32_cosine_with_frame_gap,camera_group_0336,no,,yes
01014.jpg,训练集/01014.jpg,train,有漂浮物,1014,file_block_0005,camera_group_v2_0328,67,medium,top75_gray32_cosine_with_frame_gap,camera_group_0336,no,,yes
01015.jpg,训练集/01015.jpg,train,有漂浮物,1015,file_block_0005,camera_group_v2_0328,67,medium,top75_gray32_cosine_with_frame_gap,camera_group_0336,no,,yes
01016.jpg,训练集/01016.jpg,train,有漂浮物,1016,file_block_0005,camera_group_v2_0328,67,medium,top75_gray32_cosine_with_frame_gap,camera_group_0336,no,,yes
01017.jpg,训练集/01017.jpg,train,有漂浮物,1017,file_block_0005,camera_group_v2_0328,67,medium,top75_gray32_cosine_with_frame_gap,camera_group_0336,no,,yes
01018.jpg,训练集/01018.jpg,train,有漂浮物,1018,file_block_0005,camera_group_v2_0328,67,medium,top75_gray32_cosine_with_frame_gap,camera_group_0336,no,,yes
01019.jpg,训练集/01019.jpg,train,有漂浮物,1019,file_block_0005,camera_group_v2_0328,67,medium,top75_gray32_cosine_with_frame_gap,camera_group_0336,no,,yes
01020.jpg,训练集/01020.jpg,train,有漂浮物,1020,file_block_0005,camera_group_v2_0328,67,medium,top75_gray32_cosine_with_frame_gap,camera_group_0336,no,,yes
01021.jpg,训练集/01021.jpg,train,有漂浮物,1021,file_block_0005,camera_group_v2_0328,67,medium,top75_gray32_cosine_with_frame_gap,camera_group_0336,no,,yes
01022.jpg,训练集/01022.jpg,train,有漂浮物,1022,file_block_0005,camera_group_v2_0328,67,medium,top75_gray32_cosine_with_frame_gap,camera_group_0336,no,,yes
01023.jpg,训练集/01023.jpg,train,有漂浮物,1023,file_block_0005,camera_group_v2_0328,67,medium,top75_gray32_cosine_with_frame_gap,camera_group_0336,no,,yes
01024.jpg,训练集/01024.jpg,train,有漂浮物,1024,file_block_0005,camera_group_v2_0328,67,medium,top75_gray32_cosine_with_frame_gap,camera_group_0336,no,,yes
01025.jpg,训练集/01025.jpg,train,有漂浮物,1025,file_block_0005,camera_group_v2_0328,67,medium,top75_gray32_cosine_with_frame_gap,camera_group_0336,no,,yes
01026.jpg,训练集/01026.jpg,train,有漂浮物,1026,file_block_0005,camera_group_v2_0328,67,medium,top75_gray32_cosine_with_frame_gap,camera_group_0336,no,,yes
01027.jpg,训练集/01027.jpg,train,有漂浮物,1027,file_block_0005,camera_group_v2_0328,67,medium,top75_gray32_cosine_with_frame_gap,camera_group_0336,no,,yes
01028.jpg,训练集/01028.jpg,train,有漂浮物,1028,file_block_0005,camera_group_v2_0328,67,medium,top75_gray32_cosine_with_frame_gap,camera_group_0336,no,,yes
01029.jpg,训练集/01029.jpg,train,有漂浮物,1029,file_block_0005,camera_group_v2_0328,67,medium,top75_gray32_cosine_with_frame_gap,camera_group_0336,no,,yes
01030.jpg,训练集/01030.jpg,train,有漂浮物,1030,file_block_0005,camera_group_v2_0328,67,medium,top75_gray32_cosine_with_frame_gap,camera_group_0336,no,,yes
01031.jpg,训练集/01031.jpg,train,有漂浮物,1031,file_block_0005,camera_group_v2_0328,67,medium,top75_gray32_cosine_with_frame_gap,camera_group_0336,no,,yes
01032.jpg,训练集/01032.jpg,train,有漂浮物,1032,file_block_0005,camera_group_v2_0328,67,medium,top75_gray32_cosine_with_frame_gap,camera_group_0336,no,,yes
01033.jpg,训练集/01033.jpg,train,有漂浮物,1033,file_block_0005,camera_group_v2_0328,67,medium,top75_gray32_cosine_with_frame_gap,camera_group_0336,no,,yes
01034.jpg,训练集/01034.jpg,train,有漂浮物,1034,file_block_0005,camera_group_v2_0328,67,medium,top75_gray32_cosine_with_frame_gap,camera_group_0336,no,,yes
01035.jpg,训练集/01035.jpg,train,有漂浮物,1035,file_block_0005,camera_group_v2_0328,67,medium,top75_gray32_cosine_with_frame_gap,camera_group_0336,no,,yes
01036.jpg,训练集/01036.jpg,train,有漂浮物,1036,file_block_0005,camera_group_v2_0328,67,medium,top75_gray32_cosine_with_frame_gap,camera_group_0336,no,,yes
01037.jpg,训练集/01037.jpg,train,有漂浮物,1037,file_block_0005,camera_group_v2_0328,67,medium,top75_gray32_cosine_with_frame_gap,camera_group_0336,no,,yes
01038.jpg,训练集/01038.jpg,train,有漂浮物,1038,file_block_0005,camera_group_v2_0328,67,medium,top75_gray32_cosine_with_frame_gap,camera_group_0336,no,,yes
01039.jpg,训练集/01039.jpg,train,有漂浮物,1039,file_block_0005,camera_group_v2_0328,67,medium,top75_gray32_cosine_with_frame_gap,camera_group_0336,no,,yes
01040.jpg,训练集/01040.jpg,train,有漂浮物,1040,file_block_0005,camera_group_v2_0328,67,medium,top75_gray32_cosine_with_frame_gap,camera_group_0336,no,,yes
01041.jpg,训练集/01041.jpg,train,有漂浮物,1041,file_block_0005,camera_group_v2_0328,67,medium,top75_gray32_cosine_with_frame_gap,camera_group_0336,no,,yes
01042.jpg,训练集/01042.jpg,train,有漂浮物,1042,file_block_0005,camera_group_v2_0328,67,medium,top75_gray32_cosine_with_frame_gap,camera_group_0336,no,,yes
01043.jpg,训练集/01043.jpg,train,有漂浮物,1043,file_block_0005,camera_group_v2_0328,67,medium,top75_gray32_cosine_with_frame_gap,camera_group_0336,no,,yes
01044.jpg,训练集/01044.jpg,train,有漂浮物,1044,file_block_0005,camera_group_v2_0328,67,medium,top75_gray32_cosine_with_frame_gap,camera_group_0336,no,,yes
01045.jpg,训练集/01045.jpg,train,有漂浮物,1045,file_block_0005,camera_group_v2_0328,67,medium,top75_gray32_cosine_with_frame_gap,camera_group_0336,no,,yes
01046.jpg,训练集/01046.jpg,train,有漂浮物,1046,file_block_0005,camera_group_v2_0328,67,medium,top75_gray32_cosine_with_frame_gap,camera_group_0336,no,,yes
01047.jpg,训练集/01047.jpg,train,有漂浮物,1047,file_block_0005,camera_group_v2_0328,67,medium,top75_gray32_cosine_with_frame_gap,camera_group_0336,no,,yes
01048.jpg,训练集/01048.jpg,train,有漂浮物,1048,file_block_0005,camera_group_v2_0328,67,medium,top75_gray32_cosine_with_frame_gap,camera_group_0336,no,,yes
01049.jpg,训练集/01049.jpg,train,有漂浮物,1049,file_block_0005,camera_group_v2_0328,67,medium,top75_gray32_cosine_with_frame_gap,camera_group_0336,no,,yes
01050.jpg,训练集/01050.jpg,train,有漂浮物,1050,file_block_0005,camera_group_v2_0328,67,medium,top75_gray32_cosine_with_frame_gap,camera_group_0336,no,,yes
01051.jpg,训练集/01051.jpg,train,有漂浮物,1051,file_block_0005,camera_group_v2_0329,18,medium,top75_gray32_cosine_with_frame_gap,camera_group_0337,no,,yes
01052.jpg,训练集/01052.jpg,train,有漂浮物,1052,file_block_0005,camera_group_v2_0329,18,medium,top75_gray32_cosine_with_frame_gap,camera_group_0337,no,,yes
01053.jpg,训练集/01053.jpg,train,有漂浮物,1053,file_block_0005,camera_group_v2_0329,18,medium,top75_gray32_cosine_with_frame_gap,camera_group_0337,no,,yes
01054.jpg,训练集/01054.jpg,train,有漂浮物,1054,file_block_0005,camera_group_v2_0329,18,medium,top75_gray32_cosine_with_frame_gap,camera_group_0337,no,,yes
01055.jpg,训练集/01055.jpg,train,有漂浮物,1055,file_block_0005,camera_group_v2_0329,18,medium,top75_gray32_cosine_with_frame_gap,camera_group_0337,no,,yes
01056.jpg,训练集/01056.jpg,train,有漂浮物,1056,file_block_0005,camera_group_v2_0329,18,medium,top75_gray32_cosine_with_frame_gap,camera_group_0337,no,,yes
01057.jpg,训练集/01057.jpg,train,有漂浮物,1057,file_block_0005,camera_group_v2_0329,18,medium,top75_gray32_cosine_with_frame_gap,camera_group_0337,no,,yes
01058.jpg,训练集/01058.jpg,train,有漂浮物,1058,file_block_0005,camera_group_v2_0329,18,medium,top75_gray32_cosine_with_frame_gap,camera_group_0337,no,,yes
01059.jpg,训练集/01059.jpg,train,有漂浮物,1059,file_block_0005,camera_group_v2_0329,18,medium,top75_gray32_cosine_with_frame_gap,camera_group_0337,no,,yes
01060.jpg,训练集/01060.jpg,train,有漂浮物,1060,file_block_0005,camera_group_v2_0329,18,medium,top75_gray32_cosine_with_frame_gap,camera_group_0337,no,,yes
01061.jpg,训练集/01061.jpg,train,有漂浮物,1061,file_block_0005,camera_group_v2_0329,18,medium,top75_gray32_cosine_with_frame_gap,camera_group_0337,no,,yes
01062.jpg,训练集/01062.jpg,train,有漂浮物,1062,file_block_0005,camera_group_v2_0329,18,medium,top75_gray32_cosine_with_frame_gap,camera_group_0337,no,,yes
01063.jpg,训练集/01063.jpg,train,有漂浮物,1063,file_block_0005,camera_group_v2_0329,18,medium,top75_gray32_cosine_with_frame_gap,camera_group_0337,no,,yes
01064.jpg,训练集/01064.jpg,train,有漂浮物,1064,file_block_0005,camera_group_v2_0329,18,medium,top75_gray32_cosine_with_frame_gap,camera_group_0337,no,,yes
01065.jpg,训练集/01065.jpg,train,有漂浮物,1065,file_block_0005,camera_group_v2_0329,18,medium,top75_gray32_cosine_with_frame_gap,camera_group_0337,no,,yes
01066.jpg,训练集/01066.jpg,train,有漂浮物,1066,file_block_0005,camera_group_v2_0329,18,medium,top75_gray32_cosine_with_frame_gap,camera_group_0337,no,,yes
01067.jpg,训练集/01067.jpg,train,有漂浮物,1067,file_block_0005,camera_group_v2_0329,18,medium,top75_gray32_cosine_with_frame_gap,camera_group_0337,no,,yes
01068.jpg,训练集/01068.jpg,train,有漂浮物,1068,file_block_0005,camera_group_v2_0329,18,medium,top75_gray32_cosine_with_frame_gap,camera_group_0337,no,,yes
01069.jpg,训练集/01069.jpg,train,有漂浮物,1069,file_block_0005,camera_group_v2_0330,8,medium,top75_gray32_cosine_with_frame_gap,camera_group_0338,no,,yes
01070.jpg,训练集/01070.jpg,train,有漂浮物,1070,file_block_0005,camera_group_v2_0330,8,medium,top75_gray32_cosine_with_frame_gap,camera_group_0338,no,,yes
01071.jpg,训练集/01071.jpg,train,有漂浮物,1071,file_block_0005,camera_group_v2_0330,8,medium,top75_gray32_cosine_with_frame_gap,camera_group_0338,no,,yes
01072.jpg,训练集/01072.jpg,train,有漂浮物,1072,file_block_0005,camera_group_v2_0330,8,medium,top75_gray32_cosine_with_frame_gap,camera_group_0338,no,,yes
01073.jpg,训练集/01073.jpg,train,有漂浮物,1073,file_block_0005,camera_group_v2_0330,8,medium,top75_gray32_cosine_with_frame_gap,camera_group_0338,no,,yes
01074.jpg,训练集/01074.jpg,train,有漂浮物,1074,file_block_0005,camera_group_v2_0330,8,medium,top75_gray32_cosine_with_frame_gap,camera_group_0338,no,,yes
01075.jpg,训练集/01075.jpg,train,有漂浮物,1075,file_block_0005,camera_group_v2_0330,8,medium,top75_gray32_cosine_with_frame_gap,camera_group_0338,no,,yes
01076.jpg,训练集/01076.jpg,train,有漂浮物,1076,file_block_0005,camera_group_v2_0330,8,medium,top75_gray32_cosine_with_frame_gap,camera_group_0338,no,,yes
01077.jpg,训练集/01077.jpg,train,有漂浮物,1077,file_block_0005,camera_group_v2_0331,1,low,top75_gray32_cosine_with_frame_gap,camera_group_0339,no,,yes
01078.jpg,训练集/01078.jpg,train,有漂浮物,1078,file_block_0005,camera_group_v2_0332,8,medium,top75_gray32_cosine_with_frame_gap,camera_group_0340,no,,yes
01079.jpg,训练集/01079.jpg,train,有漂浮物,1079,file_block_0005,camera_group_v2_0332,8,medium,top75_gray32_cosine_with_frame_gap,camera_group_0340,no,,yes
01080.jpg,训练集/01080.jpg,train,有漂浮物,1080,file_block_0005,camera_group_v2_0332,8,medium,top75_gray32_cosine_with_frame_gap,camera_group_0340,no,,yes
01081.jpg,训练集/01081.jpg,train,有漂浮物,1081,file_block_0005,camera_group_v2_0332,8,medium,top75_gray32_cosine_with_frame_gap,camera_group_0340,no,,yes
01082.jpg,训练集/01082.jpg,train,有漂浮物,1082,file_block_0005,camera_group_v2_0332,8,medium,top75_gray32_cosine_with_frame_gap,camera_group_0340,no,,yes
01083.jpg,训练集/01083.jpg,train,有漂浮物,1083,file_block_0005,camera_group_v2_0332,8,medium,top75_gray32_cosine_with_frame_gap,camera_group_0340,no,,yes
01084.jpg,训练集/01084.jpg,train,有漂浮物,1084,file_block_0005,camera_group_v2_0332,8,medium,top75_gray32_cosine_with_frame_gap,camera_group_0340,no,,yes
01085.jpg,训练集/01085.jpg,train,有漂浮物,1085,file_block_0005,camera_group_v2_0332,8,medium,top75_gray32_cosine_with_frame_gap,camera_group_0340,no,,yes
01086.jpg,训练集/01086.jpg,train,正常,1086,file_block_0005,camera_group_v2_0333,1,low,top75_gray32_cosine_with_frame_gap,camera_group_0341,no,,yes
01087.jpg,训练集/01087.jpg,train,有漂浮物,1087,file_block_0005,camera_group_v2_0334,9,medium,top75_gray32_cosine_with_frame_gap,camera_group_0342,no,,yes
01088.jpg,训练集/01088.jpg,train,有漂浮物,1088,file_block_0005,camera_group_v2_0334,9,medium,top75_gray32_cosine_with_frame_gap,camera_group_0342,no,,yes
01089.jpg,训练集/01089.jpg,train,有漂浮物,1089,file_block_0005,camera_group_v2_0334,9,medium,top75_gray32_cosine_with_frame_gap,camera_group_0342,no,,yes
01090.jpg,训练集/01090.jpg,train,有漂浮物,1090,file_block_0005,camera_group_v2_0334,9,medium,top75_gray32_cosine_with_frame_gap,camera_group_0342,no,,yes
01091.jpg,训练集/01091.jpg,train,有漂浮物,1091,file_block_0005,camera_group_v2_0334,9,medium,top75_gray32_cosine_with_frame_gap,camera_group_0342,no,,yes
01092.jpg,训练集/01092.jpg,train,有漂浮物,1092,file_block_0005,camera_group_v2_0334,9,medium,top75_gray32_cosine_with_frame_gap,camera_group_0342,no,,yes
01093.jpg,训练集/01093.jpg,train,有漂浮物,1093,file_block_0005,camera_group_v2_0334,9,medium,top75_gray32_cosine_with_frame_gap,camera_group_0342,no,,yes
01094.jpg,训练集/01094.jpg,train,有漂浮物,1094,file_block_0005,camera_group_v2_0334,9,medium,top75_gray32_cosine_with_frame_gap,camera_group_0342,no,,yes
01095.jpg,训练集/01095.jpg,train,有漂浮物,1095,file_block_0005,camera_group_v2_0334,9,medium,top75_gray32_cosine_with_frame_gap,camera_group_0342,no,,yes
01096.jpg,训练集/01096.jpg,train,有漂浮物,1096,file_block_0005,camera_group_v2_0335,2,medium,top75_gray32_cosine_with_frame_gap,camera_group_0343,no,,yes
01097.jpg,训练集/01097.jpg,train,有漂浮物,1097,file_block_0005,camera_group_v2_0335,2,medium,top75_gray32_cosine_with_frame_gap,camera_group_0343,no,,yes
01098.jpg,训练集/01098.jpg,train,有漂浮物,1098,file_block_0005,camera_group_v2_0336,2,medium,top75_gray32_cosine_with_frame_gap,camera_group_0344,no,,yes
01099.jpg,训练集/01099.jpg,train,有漂浮物,1099,file_block_0005,camera_group_v2_0336,2,medium,top75_gray32_cosine_with_frame_gap,camera_group_0344,no,,yes
01100.jpg,训练集/01100.jpg,train,有漂浮物,1100,file_block_0005,camera_group_v2_0337,2,medium,top75_gray32_cosine_with_frame_gap,camera_group_0345,no,,yes
01101.jpg,训练集/01101.jpg,train,有漂浮物,1101,file_block_0005,camera_group_v2_0338,1,low,top75_gray32_cosine_with_frame_gap,camera_group_0346,no,,yes
01102.jpg,训练集/01102.jpg,train,有漂浮物,1102,file_block_0005,camera_group_v2_0337,2,medium,top75_gray32_cosine_with_frame_gap,camera_group_0345,no,,yes
01103.jpg,训练集/01103.jpg,train,有漂浮物,1103,file_block_0005,camera_group_v2_0339,27,medium,top75_gray32_cosine_with_frame_gap,camera_group_0347,no,,yes
01104.jpg,训练集/01104.jpg,train,有漂浮物,1104,file_block_0005,camera_group_v2_0339,27,medium,top75_gray32_cosine_with_frame_gap,camera_group_0347,no,,yes
01105.jpg,训练集/01105.jpg,train,有漂浮物,1105,file_block_0005,camera_group_v2_0340,1,low,top75_gray32_cosine_with_frame_gap,camera_group_0348,no,,yes
01106.jpg,训练集/01106.jpg,train,有漂浮物,1106,file_block_0005,camera_group_v2_0341,1,low,top75_gray32_cosine_with_frame_gap,camera_group_0349,no,,yes
01107.jpg,训练集/01107.jpg,train,有漂浮物,1107,file_block_0005,camera_group_v2_0342,1,low,top75_gray32_cosine_with_frame_gap,camera_group_0350,no,,yes
01108.jpg,训练集/01108.jpg,train,有漂浮物,1108,file_block_0005,camera_group_v2_0343,1,low,top75_gray32_cosine_with_frame_gap,camera_group_0351,no,,yes
01109.jpg,训练集/01109.jpg,train,有漂浮物,1109,file_block_0005,camera_group_v2_0339,27,medium,top75_gray32_cosine_with_frame_gap,camera_group_0347,no,,yes
01110.jpg,训练集/01110.jpg,train,有漂浮物,1110,file_block_0005,camera_group_v2_0339,27,medium,top75_gray32_cosine_with_frame_gap,camera_group_0347,no,,yes
01111.jpg,训练集/01111.jpg,train,有漂浮物,1111,file_block_0005,camera_group_v2_0339,27,medium,top75_gray32_cosine_with_frame_gap,camera_group_0347,no,,yes
01112.jpg,训练集/01112.jpg,train,有漂浮物,1112,file_block_0005,camera_group_v2_0339,27,medium,top75_gray32_cosine_with_frame_gap,camera_group_0347,no,,yes
01113.jpg,训练集/01113.jpg,train,有漂浮物,1113,file_block_0005,camera_group_v2_0339,27,medium,top75_gray32_cosine_with_frame_gap,camera_group_0347,no,,yes
01114.jpg,训练集/01114.jpg,train,有漂浮物,1114,file_block_0005,camera_group_v2_0339,27,medium,top75_gray32_cosine_with_frame_gap,camera_group_0347,no,,yes
01115.jpg,训练集/01115.jpg,train,有漂浮物,1115,file_block_0005,camera_group_v2_0339,27,medium,top75_gray32_cosine_with_frame_gap,camera_group_0347,no,,yes
01116.jpg,训练集/01116.jpg,train,有漂浮物,1116,file_block_0005,camera_group_v2_0339,27,medium,top75_gray32_cosine_with_frame_gap,camera_group_0347,no,,yes
01117.jpg,训练集/01117.jpg,train,有漂浮物,1117,file_block_0005,camera_group_v2_0339,27,medium,top75_gray32_cosine_with_frame_gap,camera_group_0347,no,,yes
01118.jpg,训练集/01118.jpg,train,有漂浮物,1118,file_block_0005,camera_group_v2_0339,27,medium,top75_gray32_cosine_with_frame_gap,camera_group_0347,no,,yes
01119.jpg,训练集/01119.jpg,train,有漂浮物,1119,file_block_0005,camera_group_v2_0339,27,medium,top75_gray32_cosine_with_frame_gap,camera_group_0347,no,,yes
01120.jpg,训练集/01120.jpg,train,有漂浮物,1120,file_block_0005,camera_group_v2_0339,27,medium,top75_gray32_cosine_with_frame_gap,camera_group_0347,no,,yes
01121.jpg,训练集/01121.jpg,train,有漂浮物,1121,file_block_0005,camera_group_v2_0339,27,medium,top75_gray32_cosine_with_frame_gap,camera_group_0347,no,,yes
01122.jpg,训练集/01122.jpg,train,有漂浮物,1122,file_block_0005,camera_group_v2_0339,27,medium,top75_gray32_cosine_with_frame_gap,camera_group_0347,no,,yes
01123.jpg,训练集/01123.jpg,train,有漂浮物,1123,file_block_0005,camera_group_v2_0339,27,medium,top75_gray32_cosine_with_frame_gap,camera_group_0347,no,,yes
01124.jpg,训练集/01124.jpg,train,有漂浮物,1124,file_block_0005,camera_group_v2_0344,10,high,top75_gray32_cosine_with_frame_gap,camera_group_0352,no,,yes
01125.jpg,训练集/01125.jpg,train,有漂浮物,1125,file_block_0005,camera_group_v2_0344,10,high,top75_gray32_cosine_with_frame_gap,camera_group_0352,no,,yes
01126.jpg,训练集/01126.jpg,train,有漂浮物,1126,file_block_0005,camera_group_v2_0344,10,high,top75_gray32_cosine_with_frame_gap,camera_group_0352,no,,yes
01127.jpg,训练集/01127.jpg,train,有漂浮物,1127,file_block_0005,camera_group_v2_0344,10,high,top75_gray32_cosine_with_frame_gap,camera_group_0352,no,,yes
01128.jpg,训练集/01128.jpg,train,有漂浮物,1128,file_block_0005,camera_group_v2_0344,10,high,top75_gray32_cosine_with_frame_gap,camera_group_0352,no,,yes
01129.jpg,训练集/01129.jpg,train,有漂浮物,1129,file_block_0005,camera_group_v2_0344,10,high,top75_gray32_cosine_with_frame_gap,camera_group_0352,no,,yes
01130.jpg,训练集/01130.jpg,train,有漂浮物,1130,file_block_0005,camera_group_v2_0344,10,high,top75_gray32_cosine_with_frame_gap,camera_group_0352,no,,yes
01131.jpg,训练集/01131.jpg,train,有漂浮物,1131,file_block_0005,camera_group_v2_0344,10,high,top75_gray32_cosine_with_frame_gap,camera_group_0352,no,,yes
01132.jpg,训练集/01132.jpg,train,有漂浮物,1132,file_block_0005,camera_group_v2_0344,10,high,top75_gray32_cosine_with_frame_gap,camera_group_0352,no,,yes
01133.jpg,训练集/01133.jpg,train,有漂浮物,1133,file_block_0005,camera_group_v2_0344,10,high,top75_gray32_cosine_with_frame_gap,camera_group_0352,no,,yes
01134.jpg,训练集/01134.jpg,train,有漂浮物,1134,file_block_0005,camera_group_v2_0339,27,medium,top75_gray32_cosine_with_frame_gap,camera_group_0347,no,,yes
01135.jpg,训练集/01135.jpg,train,有漂浮物,1135,file_block_0005,camera_group_v2_0339,27,medium,top75_gray32_cosine_with_frame_gap,camera_group_0347,no,,yes
01136.jpg,训练集/01136.jpg,train,有漂浮物,1136,file_block_0005,camera_group_v2_0339,27,medium,top75_gray32_cosine_with_frame_gap,camera_group_0347,no,,yes
01137.jpg,训练集/01137.jpg,train,有漂浮物,1137,file_block_0005,camera_group_v2_0339,27,medium,top75_gray32_cosine_with_frame_gap,camera_group_0347,no,,yes
01138.jpg,训练集/01138.jpg,train,有漂浮物,1138,file_block_0005,camera_group_v2_0339,27,medium,top75_gray32_cosine_with_frame_gap,camera_group_0347,no,,yes
01139.jpg,训练集/01139.jpg,train,有漂浮物,1139,file_block_0005,camera_group_v2_0339,27,medium,top75_gray32_cosine_with_frame_gap,camera_group_0347,no,,yes
01140.jpg,训练集/01140.jpg,train,有漂浮物,1140,file_block_0005,camera_group_v2_0339,27,medium,top75_gray32_cosine_with_frame_gap,camera_group_0347,no,,yes
01141.jpg,训练集/01141.jpg,train,有漂浮物,1141,file_block_0005,camera_group_v2_0339,27,medium,top75_gray32_cosine_with_frame_gap,camera_group_0347,no,,yes
01142.jpg,训练集/01142.jpg,train,有漂浮物,1142,file_block_0005,camera_group_v2_0339,27,medium,top75_gray32_cosine_with_frame_gap,camera_group_0347,no,,yes
01143.jpg,训练集/01143.jpg,train,有漂浮物,1143,file_block_0005,camera_group_v2_0339,27,medium,top75_gray32_cosine_with_frame_gap,camera_group_0347,no,,yes
01144.jpg,训练集/01144.jpg,train,有漂浮物,1144,file_block_0005,camera_group_v2_0345,4,high,top75_gray32_cosine_with_frame_gap,camera_group_0353,no,,yes
01145.jpg,训练集/01145.jpg,train,有漂浮物,1145,file_block_0005,camera_group_v2_0345,4,high,top75_gray32_cosine_with_frame_gap,camera_group_0353,no,,yes
01146.jpg,训练集/01146.jpg,train,有漂浮物,1146,file_block_0005,camera_group_v2_0345,4,high,top75_gray32_cosine_with_frame_gap,camera_group_0353,no,,yes
01147.jpg,训练集/01147.jpg,train,有漂浮物,1147,file_block_0005,camera_group_v2_0345,4,high,top75_gray32_cosine_with_frame_gap,camera_group_0353,no,,yes
01148.jpg,训练集/01148.jpg,train,有漂浮物,1148,file_block_0005,camera_group_v2_0346,9,medium,top75_gray32_cosine_with_frame_gap,camera_group_0354,no,,yes
01149.jpg,训练集/01149.jpg,train,有漂浮物,1149,file_block_0005,camera_group_v2_0346,9,medium,top75_gray32_cosine_with_frame_gap,camera_group_0354,no,,yes
01150.jpg,训练集/01150.jpg,train,有漂浮物,1150,file_block_0005,camera_group_v2_0346,9,medium,top75_gray32_cosine_with_frame_gap,camera_group_0354,no,,yes
01151.jpg,训练集/01151.jpg,train,有漂浮物,1151,file_block_0005,camera_group_v2_0346,9,medium,top75_gray32_cosine_with_frame_gap,camera_group_0354,no,,yes
01152.jpg,训练集/01152.jpg,train,有漂浮物,1152,file_block_0005,camera_group_v2_0346,9,medium,top75_gray32_cosine_with_frame_gap,camera_group_0354,no,,yes
01153.jpg,训练集/01153.jpg,train,有漂浮物,1153,file_block_0005,camera_group_v2_0346,9,medium,top75_gray32_cosine_with_frame_gap,camera_group_0354,no,,yes
01154.jpg,训练集/01154.jpg,train,有漂浮物,1154,file_block_0005,camera_group_v2_0346,9,medium,top75_gray32_cosine_with_frame_gap,camera_group_0354,no,,yes
01155.jpg,训练集/01155.jpg,train,有漂浮物,1155,file_block_0005,camera_group_v2_0346,9,medium,top75_gray32_cosine_with_frame_gap,camera_group_0354,no,,yes
01156.jpg,训练集/01156.jpg,train,有漂浮物,1156,file_block_0005,camera_group_v2_0346,9,medium,top75_gray32_cosine_with_frame_gap,camera_group_0354,no,,yes
01157.jpg,训练集/01157.jpg,train,有漂浮物,1157,file_block_0005,camera_group_v2_0347,4,high,top75_gray32_cosine_with_frame_gap,camera_group_0355,no,,yes
01158.jpg,训练集/01158.jpg,train,有漂浮物,1158,file_block_0005,camera_group_v2_0347,4,high,top75_gray32_cosine_with_frame_gap,camera_group_0355,no,,yes
01159.jpg,训练集/01159.jpg,train,有漂浮物,1159,file_block_0005,camera_group_v2_0347,4,high,top75_gray32_cosine_with_frame_gap,camera_group_0355,no,,yes
01160.jpg,训练集/01160.jpg,train,有漂浮物,1160,file_block_0005,camera_group_v2_0347,4,high,top75_gray32_cosine_with_frame_gap,camera_group_0355,no,,yes
01161.jpg,训练集/01161.jpg,train,有漂浮物,1161,file_block_0005,camera_group_v2_0348,7,medium,top75_gray32_cosine_with_frame_gap,camera_group_0356,no,,yes
01162.jpg,训练集/01162.jpg,train,有漂浮物,1162,file_block_0005,camera_group_v2_0348,7,medium,top75_gray32_cosine_with_frame_gap,camera_group_0356,no,,yes
01163.jpg,训练集/01163.jpg,train,有漂浮物,1163,file_block_0005,camera_group_v2_0348,7,medium,top75_gray32_cosine_with_frame_gap,camera_group_0356,no,,yes
01164.jpg,训练集/01164.jpg,train,有漂浮物,1164,file_block_0005,camera_group_v2_0349,1,low,top75_gray32_cosine_with_frame_gap,camera_group_0357,no,,yes
01165.jpg,训练集/01165.jpg,train,有漂浮物,1165,file_block_0005,camera_group_v2_0348,7,medium,top75_gray32_cosine_with_frame_gap,camera_group_0356,no,,yes
01166.jpg,训练集/01166.jpg,train,有漂浮物,1166,file_block_0005,camera_group_v2_0348,7,medium,top75_gray32_cosine_with_frame_gap,camera_group_0356,no,,yes
01167.jpg,训练集/01167.jpg,train,有漂浮物,1167,file_block_0005,camera_group_v2_0348,7,medium,top75_gray32_cosine_with_frame_gap,camera_group_0356,no,,yes
01168.jpg,训练集/01168.jpg,train,有漂浮物,1168,file_block_0005,camera_group_v2_0348,7,medium,top75_gray32_cosine_with_frame_gap,camera_group_0356,no,,yes
01169.jpg,训练集/01169.jpg,train,有漂浮物,1169,file_block_0005,camera_group_v2_0350,2,medium,top75_gray32_cosine_with_frame_gap,camera_group_0358,no,,yes
01170.jpg,训练集/01170.jpg,train,有漂浮物,1170,file_block_0005,camera_group_v2_0350,2,medium,top75_gray32_cosine_with_frame_gap,camera_group_0358,no,,yes
01171.jpg,训练集/01171.jpg,train,有漂浮物,1171,file_block_0005,camera_group_v2_0351,1,low,top75_gray32_cosine_with_frame_gap,camera_group_0359,no,,yes
01172.jpg,训练集/01172.jpg,train,有漂浮物,1172,file_block_0005,camera_group_v2_0352,2,medium,top75_gray32_cosine_with_frame_gap,camera_group_0360,no,,yes
01173.jpg,训练集/01173.jpg,train,有漂浮物,1173,file_block_0005,camera_group_v2_0352,2,medium,top75_gray32_cosine_with_frame_gap,camera_group_0360,no,,yes
01174.jpg,训练集/01174.jpg,train,有漂浮物,1174,file_block_0005,camera_group_v2_0353,1,low,top75_gray32_cosine_with_frame_gap,camera_group_0361,no,,yes
01175.jpg,训练集/01175.jpg,train,有漂浮物,1175,file_block_0005,camera_group_v2_0354,7,medium,top75_gray32_cosine_with_frame_gap,camera_group_0362,no,,yes
01176.jpg,训练集/01176.jpg,train,有漂浮物,1176,file_block_0005,camera_group_v2_0354,7,medium,top75_gray32_cosine_with_frame_gap,camera_group_0362,no,,yes
01177.jpg,训练集/01177.jpg,train,有漂浮物,1177,file_block_0005,camera_group_v2_0354,7,medium,top75_gray32_cosine_with_frame_gap,camera_group_0362,no,,yes
01178.jpg,训练集/01178.jpg,train,有漂浮物,1178,file_block_0005,camera_group_v2_0354,7,medium,top75_gray32_cosine_with_frame_gap,camera_group_0362,no,,yes
01179.jpg,训练集/01179.jpg,train,有漂浮物,1179,file_block_0005,camera_group_v2_0354,7,medium,top75_gray32_cosine_with_frame_gap,camera_group_0362,no,,yes
01180.jpg,训练集/01180.jpg,train,有漂浮物,1180,file_block_0005,camera_group_v2_0354,7,medium,top75_gray32_cosine_with_frame_gap,camera_group_0362,no,,yes
01181.jpg,训练集/01181.jpg,train,有漂浮物,1181,file_block_0005,camera_group_v2_0354,7,medium,top75_gray32_cosine_with_frame_gap,camera_group_0362,no,,yes
01182.jpg,训练集/01182.jpg,train,有漂浮物,1182,file_block_0005,camera_group_v2_0355,1,low,top75_gray32_cosine_with_frame_gap,camera_group_0363,no,,yes
01183.jpg,训练集/01183.jpg,train,有漂浮物,1183,file_block_0005,camera_group_v2_0356,14,medium,top75_gray32_cosine_with_frame_gap,camera_group_0364,no,,yes
01184.jpg,训练集/01184.jpg,train,有漂浮物,1184,file_block_0005,camera_group_v2_0357,1,low,top75_gray32_cosine_with_frame_gap,camera_group_0365,no,,yes
01185.jpg,训练集/01185.jpg,train,有漂浮物,1185,file_block_0005,camera_group_v2_0358,1,low,top75_gray32_cosine_with_frame_gap,camera_group_0366,no,,yes
01186.jpg,训练集/01186.jpg,train,有漂浮物,1186,file_block_0005,camera_group_v2_0359,1,low,top75_gray32_cosine_with_frame_gap,camera_group_0367,no,,yes
01187.jpg,训练集/01187.jpg,train,有漂浮物,1187,file_block_0005,camera_group_v2_0356,14,medium,top75_gray32_cosine_with_frame_gap,camera_group_0364,no,,yes
01188.jpg,训练集/01188.jpg,train,有漂浮物,1188,file_block_0005,camera_group_v2_0356,14,medium,top75_gray32_cosine_with_frame_gap,camera_group_0364,no,,yes
01189.jpg,训练集/01189.jpg,train,有漂浮物,1189,file_block_0005,camera_group_v2_0356,14,medium,top75_gray32_cosine_with_frame_gap,camera_group_0364,no,,yes
01190.jpg,训练集/01190.jpg,train,有漂浮物,1190,file_block_0005,camera_group_v2_0360,1,low,top75_gray32_cosine_with_frame_gap,camera_group_0368,no,,yes
01191.jpg,训练集/01191.jpg,train,有漂浮物,1191,file_block_0005,camera_group_v2_0356,14,medium,top75_gray32_cosine_with_frame_gap,camera_group_0364,no,,yes
01192.jpg,训练集/01192.jpg,train,有漂浮物,1192,file_block_0005,camera_group_v2_0361,1,low,top75_gray32_cosine_with_frame_gap,camera_group_0369,no,,yes
01193.jpg,训练集/01193.jpg,train,有漂浮物,1193,file_block_0005,camera_group_v2_0356,14,medium,top75_gray32_cosine_with_frame_gap,camera_group_0364,no,,yes
01194.jpg,训练集/01194.jpg,train,有漂浮物,1194,file_block_0005,camera_group_v2_0356,14,medium,top75_gray32_cosine_with_frame_gap,camera_group_0364,no,,yes
01195.jpg,训练集/01195.jpg,train,有漂浮物,1195,file_block_0005,camera_group_v2_0356,14,medium,top75_gray32_cosine_with_frame_gap,camera_group_0364,no,,yes
01196.jpg,训练集/01196.jpg,train,有漂浮物,1196,file_block_0005,camera_group_v2_0356,14,medium,top75_gray32_cosine_with_frame_gap,camera_group_0364,no,,yes
01197.jpg,训练集/01197.jpg,train,有漂浮物,1197,file_block_0005,camera_group_v2_0362,1,low,top75_gray32_cosine_with_frame_gap,camera_group_0370,no,,yes
01198.jpg,训练集/01198.jpg,train,有漂浮物,1198,file_block_0005,camera_group_v2_0363,1,low,top75_gray32_cosine_with_frame_gap,camera_group_0371,no,,yes
01199.jpg,训练集/01199.jpg,train,有漂浮物,1199,file_block_0005,camera_group_v2_0356,14,medium,top75_gray32_cosine_with_frame_gap,camera_group_0364,no,,yes
01200.jpg,训练集/01200.jpg,train,有漂浮物,1200,file_block_0005,camera_group_v2_0364,1,low,top75_gray32_cosine_with_frame_gap,camera_group_0372,no,,yes
01201.jpg,训练集/01201.jpg,train,有漂浮物,1201,file_block_0005,camera_group_v2_0365,1,low,top75_gray32_cosine_with_frame_gap,camera_group_0373,no,,yes
01202.jpg,训练集/01202.jpg,train,有漂浮物,1202,file_block_0005,camera_group_v2_0366,1,low,top75_gray32_cosine_with_frame_gap,camera_group_0374,no,,yes
01203.jpg,训练集/01203.jpg,train,有漂浮物,1203,file_block_0005,camera_group_v2_0356,14,medium,top75_gray32_cosine_with_frame_gap,camera_group_0364,no,,yes
01204.jpg,训练集/01204.jpg,train,有漂浮物,1204,file_block_0005,camera_group_v2_0356,14,medium,top75_gray32_cosine_with_frame_gap,camera_group_0364,no,,yes
01205.jpg,训练集/01205.jpg,train,有漂浮物,1205,file_block_0005,camera_group_v2_0356,14,medium,top75_gray32_cosine_with_frame_gap,camera_group_0364,no,,yes
01206.jpg,训练集/01206.jpg,train,有漂浮物,1206,file_block_0005,camera_group_v2_0356,14,medium,top75_gray32_cosine_with_frame_gap,camera_group_0364,no,,yes
01207.jpg,训练集/01207.jpg,train,有漂浮物,1207,file_block_0005,camera_group_v2_0367,6,medium,top75_gray32_cosine_with_frame_gap,camera_group_0375,no,,yes
01208.jpg,训练集/01208.jpg,train,有漂浮物,1208,file_block_0005,camera_group_v2_0367,6,medium,top75_gray32_cosine_with_frame_gap,camera_group_0375,no,,yes
01209.jpg,训练集/01209.jpg,train,有漂浮物,1209,file_block_0005,camera_group_v2_0367,6,medium,top75_gray32_cosine_with_frame_gap,camera_group_0375,no,,yes
01210.jpg,训练集/01210.jpg,train,有漂浮物,1210,file_block_0005,camera_group_v2_0367,6,medium,top75_gray32_cosine_with_frame_gap,camera_group_0375,no,,yes
01211.jpg,训练集/01211.jpg,train,有漂浮物,1211,file_block_0005,camera_group_v2_0367,6,medium,top75_gray32_cosine_with_frame_gap,camera_group_0375,no,,yes
01212.jpg,训练集/01212.jpg,train,有漂浮物,1212,file_block_0005,camera_group_v2_0367,6,medium,top75_gray32_cosine_with_frame_gap,camera_group_0375,no,,yes
01213.jpg,训练集/01213.jpg,train,有漂浮物,1213,file_block_0005,camera_group_v2_0368,2,medium,top75_gray32_cosine_with_frame_gap,camera_group_0376,no,,yes
01214.jpg,训练集/01214.jpg,train,有漂浮物,1214,file_block_0005,camera_group_v2_0368,2,medium,top75_gray32_cosine_with_frame_gap,camera_group_0376,no,,yes
01215.jpg,训练集/01215.jpg,train,有漂浮物,1215,file_block_0005,camera_group_v2_0369,7,medium,top75_gray32_cosine_with_frame_gap,camera_group_0377,no,,yes
01216.jpg,训练集/01216.jpg,train,有漂浮物,1216,file_block_0005,camera_group_v2_0369,7,medium,top75_gray32_cosine_with_frame_gap,camera_group_0377,no,,yes
01217.jpg,训练集/01217.jpg,train,有漂浮物,1217,file_block_0005,camera_group_v2_0369,7,medium,top75_gray32_cosine_with_frame_gap,camera_group_0377,no,,yes
01218.jpg,训练集/01218.jpg,train,有漂浮物,1218,file_block_0005,camera_group_v2_0369,7,medium,top75_gray32_cosine_with_frame_gap,camera_group_0377,no,,yes
01219.jpg,训练集/01219.jpg,train,有漂浮物,1219,file_block_0005,camera_group_v2_0369,7,medium,top75_gray32_cosine_with_frame_gap,camera_group_0377,no,,yes
01220.jpg,训练集/01220.jpg,train,有漂浮物,1220,file_block_0005,camera_group_v2_0369,7,medium,top75_gray32_cosine_with_frame_gap,camera_group_0377,no,,yes
01221.jpg,训练集/01221.jpg,train,有漂浮物,1221,file_block_0005,camera_group_v2_0369,7,medium,top75_gray32_cosine_with_frame_gap,camera_group_0377,no,,yes
01222.jpg,训练集/01222.jpg,train,有漂浮物,1222,file_block_0005,camera_group_v2_0370,25,medium,top75_gray32_cosine_with_frame_gap,camera_group_0378,no,,yes
01223.jpg,训练集/01223.jpg,train,有漂浮物,1223,file_block_0005,camera_group_v2_0370,25,medium,top75_gray32_cosine_with_frame_gap,camera_group_0378,no,,yes
01224.jpg,训练集/01224.jpg,train,有漂浮物,1224,file_block_0005,camera_group_v2_0370,25,medium,top75_gray32_cosine_with_frame_gap,camera_group_0378,no,,yes
01225.jpg,训练集/01225.jpg,train,有漂浮物,1225,file_block_0005,camera_group_v2_0370,25,medium,top75_gray32_cosine_with_frame_gap,camera_group_0378,no,,yes
01226.jpg,训练集/01226.jpg,train,有漂浮物,1226,file_block_0005,camera_group_v2_0370,25,medium,top75_gray32_cosine_with_frame_gap,camera_group_0378,no,,yes
01227.jpg,训练集/01227.jpg,train,有漂浮物,1227,file_block_0005,camera_group_v2_0370,25,medium,top75_gray32_cosine_with_frame_gap,camera_group_0378,no,,yes
01228.jpg,训练集/01228.jpg,train,有漂浮物,1228,file_block_0005,camera_group_v2_0370,25,medium,top75_gray32_cosine_with_frame_gap,camera_group_0378,no,,yes
01229.jpg,训练集/01229.jpg,train,有漂浮物,1229,file_block_0005,camera_group_v2_0370,25,medium,top75_gray32_cosine_with_frame_gap,camera_group_0378,no,,yes
01230.jpg,训练集/01230.jpg,train,有漂浮物,1230,file_block_0005,camera_group_v2_0370,25,medium,top75_gray32_cosine_with_frame_gap,camera_group_0378,no,,yes
01231.jpg,训练集/01231.jpg,train,有漂浮物,1231,file_block_0005,camera_group_v2_0370,25,medium,top75_gray32_cosine_with_frame_gap,camera_group_0378,no,,yes
01232.jpg,训练集/01232.jpg,train,有漂浮物,1232,file_block_0005,camera_group_v2_0370,25,medium,top75_gray32_cosine_with_frame_gap,camera_group_0378,no,,yes
01233.jpg,训练集/01233.jpg,train,有漂浮物,1233,file_block_0005,camera_group_v2_0370,25,medium,top75_gray32_cosine_with_frame_gap,camera_group_0378,no,,yes
01234.jpg,训练集/01234.jpg,train,有漂浮物,1234,file_block_0005,camera_group_v2_0370,25,medium,top75_gray32_cosine_with_frame_gap,camera_group_0378,no,,yes
01235.jpg,训练集/01235.jpg,train,有漂浮物,1235,file_block_0005,camera_group_v2_0370,25,medium,top75_gray32_cosine_with_frame_gap,camera_group_0378,no,,yes
01236.jpg,训练集/01236.jpg,train,有漂浮物,1236,file_block_0005,camera_group_v2_0370,25,medium,top75_gray32_cosine_with_frame_gap,camera_group_0378,no,,yes
01237.jpg,训练集/01237.jpg,train,有漂浮物,1237,file_block_0005,camera_group_v2_0370,25,medium,top75_gray32_cosine_with_frame_gap,camera_group_0378,no,,yes
01238.jpg,训练集/01238.jpg,train,有漂浮物,1238,file_block_0005,camera_group_v2_0370,25,medium,top75_gray32_cosine_with_frame_gap,camera_group_0378,no,,yes
01239.jpg,训练集/01239.jpg,train,有漂浮物,1239,file_block_0005,camera_group_v2_0370,25,medium,top75_gray32_cosine_with_frame_gap,camera_group_0378,no,,yes
01240.jpg,训练集/01240.jpg,train,有漂浮物,1240,file_block_0005,camera_group_v2_0370,25,medium,top75_gray32_cosine_with_frame_gap,camera_group_0378,no,,yes
01241.jpg,训练集/01241.jpg,train,有漂浮物,1241,file_block_0005,camera_group_v2_0370,25,medium,top75_gray32_cosine_with_frame_gap,camera_group_0378,no,,yes
01242.jpg,训练集/01242.jpg,train,有漂浮物,1242,file_block_0005,camera_group_v2_0370,25,medium,top75_gray32_cosine_with_frame_gap,camera_group_0378,no,,yes
01243.jpg,训练集/01243.jpg,train,有漂浮物,1243,file_block_0005,camera_group_v2_0371,1,low,top75_gray32_cosine_with_frame_gap,camera_group_0379,no,,yes
01244.jpg,初赛测试集/01244.jpg,test,,1244,file_block_0005,camera_group_v2_0372,1,low,top75_gray32_cosine_with_frame_gap,camera_group_0380,no,,yes
01245.jpg,初赛测试集/01245.jpg,test,,1245,file_block_0005,camera_group_v2_0370,25,medium,top75_gray32_cosine_with_frame_gap,camera_group_0378,no,,yes
01246.jpg,初赛测试集/01246.jpg,test,,1246,file_block_0005,camera_group_v2_0370,25,medium,top75_gray32_cosine_with_frame_gap,camera_group_0378,no,,yes
01247.jpg,初赛测试集/01247.jpg,test,,1247,file_block_0005,camera_group_v2_0370,25,medium,top75_gray32_cosine_with_frame_gap,camera_group_0378,no,,yes
01248.jpg,初赛测试集/01248.jpg,test,,1248,file_block_0005,camera_group_v2_0370,25,medium,top75_gray32_cosine_with_frame_gap,camera_group_0378,no,,yes
01249.jpg,初赛测试集/01249.jpg,test,,1249,file_block_0005,camera_group_v2_0373,46,medium,top75_gray32_cosine_with_frame_gap,camera_group_0381,no,,yes
01250.jpg,初赛测试集/01250.jpg,test,,1250,file_block_0005,camera_group_v2_0373,46,medium,top75_gray32_cosine_with_frame_gap,camera_group_0381,no,,yes
01251.jpg,初赛测试集/01251.jpg,test,,1251,file_block_0005,camera_group_v2_0373,46,medium,top75_gray32_cosine_with_frame_gap,camera_group_0381,no,,yes
01252.jpg,初赛测试集/01252.jpg,test,,1252,file_block_0005,camera_group_v2_0373,46,medium,top75_gray32_cosine_with_frame_gap,camera_group_0381,no,,yes
01253.jpg,初赛测试集/01253.jpg,test,,1253,file_block_0005,camera_group_v2_0373,46,medium,top75_gray32_cosine_with_frame_gap,camera_group_0381,no,,yes
01254.jpg,初赛测试集/01254.jpg,test,,1254,file_block_0005,camera_group_v2_0373,46,medium,top75_gray32_cosine_with_frame_gap,camera_group_0381,no,,yes
01255.jpg,初赛测试集/01255.jpg,test,,1255,file_block_0005,camera_group_v2_0373,46,medium,top75_gray32_cosine_with_frame_gap,camera_group_0381,no,,yes
01256.jpg,初赛测试集/01256.jpg,test,,1256,file_block_0005,camera_group_v2_0373,46,medium,top75_gray32_cosine_with_frame_gap,camera_group_0381,no,,yes
01257.jpg,初赛测试集/01257.jpg,test,,1257,file_block_0005,camera_group_v2_0373,46,medium,top75_gray32_cosine_with_frame_gap,camera_group_0381,no,,yes
01258.jpg,初赛测试集/01258.jpg,test,,1258,file_block_0005,camera_group_v2_0373,46,medium,top75_gray32_cosine_with_frame_gap,camera_group_0381,no,,yes
01259.jpg,初赛测试集/01259.jpg,test,,1259,file_block_0005,camera_group_v2_0373,46,medium,top75_gray32_cosine_with_frame_gap,camera_group_0381,no,,yes
01260.jpg,初赛测试集/01260.jpg,test,,1260,file_block_0005,camera_group_v2_0373,46,medium,top75_gray32_cosine_with_frame_gap,camera_group_0381,no,,yes
01261.jpg,初赛测试集/01261.jpg,test,,1261,file_block_0005,camera_group_v2_0373,46,medium,top75_gray32_cosine_with_frame_gap,camera_group_0381,no,,yes
01262.jpg,初赛测试集/01262.jpg,test,,1262,file_block_0005,camera_group_v2_0373,46,medium,top75_gray32_cosine_with_frame_gap,camera_group_0381,no,,yes
01263.jpg,初赛测试集/01263.jpg,test,,1263,file_block_0005,camera_group_v2_0373,46,medium,top75_gray32_cosine_with_frame_gap,camera_group_0381,no,,yes
01264.jpg,初赛测试集/01264.jpg,test,,1264,file_block_0005,camera_group_v2_0373,46,medium,top75_gray32_cosine_with_frame_gap,camera_group_0381,no,,yes
01265.jpg,初赛测试集/01265.jpg,test,,1265,file_block_0005,camera_group_v2_0373,46,medium,top75_gray32_cosine_with_frame_gap,camera_group_0381,no,,yes
01266.jpg,初赛测试集/01266.jpg,test,,1266,file_block_0005,camera_group_v2_0373,46,medium,top75_gray32_cosine_with_frame_gap,camera_group_0381,no,,yes
01267.jpg,初赛测试集/01267.jpg,test,,1267,file_block_0005,camera_group_v2_0373,46,medium,top75_gray32_cosine_with_frame_gap,camera_group_0381,no,,yes
01268.jpg,初赛测试集/01268.jpg,test,,1268,file_block_0005,camera_group_v2_0373,46,medium,top75_gray32_cosine_with_frame_gap,camera_group_0381,no,,yes
01269.jpg,初赛测试集/01269.jpg,test,,1269,file_block_0005,camera_group_v2_0373,46,medium,top75_gray32_cosine_with_frame_gap,camera_group_0381,no,,yes
01270.jpg,初赛测试集/01270.jpg,test,,1270,file_block_0005,camera_group_v2_0373,46,medium,top75_gray32_cosine_with_frame_gap,camera_group_0381,no,,yes
01271.jpg,初赛测试集/01271.jpg,test,,1271,file_block_0005,camera_group_v2_0373,46,medium,top75_gray32_cosine_with_frame_gap,camera_group_0381,no,,yes
01272.jpg,初赛测试集/01272.jpg,test,,1272,file_block_0005,camera_group_v2_0373,46,medium,top75_gray32_cosine_with_frame_gap,camera_group_0381,no,,yes
01273.jpg,初赛测试集/01273.jpg,test,,1273,file_block_0005,camera_group_v2_0373,46,medium,top75_gray32_cosine_with_frame_gap,camera_group_0381,no,,yes
01274.jpg,初赛测试集/01274.jpg,test,,1274,file_block_0005,camera_group_v2_0373,46,medium,top75_gray32_cosine_with_frame_gap,camera_group_0381,no,,yes
01275.jpg,初赛测试集/01275.jpg,test,,1275,file_block_0005,camera_group_v2_0373,46,medium,top75_gray32_cosine_with_frame_gap,camera_group_0381,no,,yes
01276.jpg,初赛测试集/01276.jpg,test,,1276,file_block_0005,camera_group_v2_0373,46,medium,top75_gray32_cosine_with_frame_gap,camera_group_0381,no,,yes
01277.jpg,初赛测试集/01277.jpg,test,,1277,file_block_0005,camera_group_v2_0373,46,medium,top75_gray32_cosine_with_frame_gap,camera_group_0381,no,,yes
01278.jpg,初赛测试集/01278.jpg,test,,1278,file_block_0005,camera_group_v2_0373,46,medium,top75_gray32_cosine_with_frame_gap,camera_group_0381,no,,yes
01279.jpg,初赛测试集/01279.jpg,test,,1279,file_block_0005,camera_group_v2_0373,46,medium,top75_gray32_cosine_with_frame_gap,camera_group_0381,no,,yes
01280.jpg,初赛测试集/01280.jpg,test,,1280,file_block_0005,camera_group_v2_0373,46,medium,top75_gray32_cosine_with_frame_gap,camera_group_0381,no,,yes
01281.jpg,初赛测试集/01281.jpg,test,,1281,file_block_0005,camera_group_v2_0373,46,medium,top75_gray32_cosine_with_frame_gap,camera_group_0381,no,,yes
01282.jpg,初赛测试集/01282.jpg,test,,1282,file_block_0005,camera_group_v2_0373,46,medium,top75_gray32_cosine_with_frame_gap,camera_group_0381,no,,yes
01283.jpg,初赛测试集/01283.jpg,test,,1283,file_block_0005,camera_group_v2_0373,46,medium,top75_gray32_cosine_with_frame_gap,camera_group_0381,no,,yes
01284.jpg,初赛测试集/01284.jpg,test,,1284,file_block_0005,camera_group_v2_0373,46,medium,top75_gray32_cosine_with_frame_gap,camera_group_0381,no,,yes
01285.jpg,初赛测试集/01285.jpg,test,,1285,file_block_0005,camera_group_v2_0373,46,medium,top75_gray32_cosine_with_frame_gap,camera_group_0381,no,,yes
01286.jpg,初赛测试集/01286.jpg,test,,1286,file_block_0005,camera_group_v2_0373,46,medium,top75_gray32_cosine_with_frame_gap,camera_group_0381,no,,yes
01287.jpg,初赛测试集/01287.jpg,test,,1287,file_block_0005,camera_group_v2_0373,46,medium,top75_gray32_cosine_with_frame_gap,camera_group_0381,no,,yes
01288.jpg,初赛测试集/01288.jpg,test,,1288,file_block_0005,camera_group_v2_0374,1,low,top75_gray32_cosine_with_frame_gap,camera_group_0382,no,,yes
01289.jpg,初赛测试集/01289.jpg,test,,1289,file_block_0005,camera_group_v2_0373,46,medium,top75_gray32_cosine_with_frame_gap,camera_group_0381,no,,yes
01290.jpg,初赛测试集/01290.jpg,test,,1290,file_block_0005,camera_group_v2_0373,46,medium,top75_gray32_cosine_with_frame_gap,camera_group_0381,no,,yes
01291.jpg,初赛测试集/01291.jpg,test,,1291,file_block_0005,camera_group_v2_0373,46,medium,top75_gray32_cosine_with_frame_gap,camera_group_0381,no,,yes
01292.jpg,初赛测试集/01292.jpg,test,,1292,file_block_0005,camera_group_v2_0373,46,medium,top75_gray32_cosine_with_frame_gap,camera_group_0381,no,,yes
01293.jpg,初赛测试集/01293.jpg,test,,1293,file_block_0005,camera_group_v2_0373,46,medium,top75_gray32_cosine_with_frame_gap,camera_group_0381,no,,yes
01294.jpg,初赛测试集/01294.jpg,test,,1294,file_block_0005,camera_group_v2_0373,46,medium,top75_gray32_cosine_with_frame_gap,camera_group_0381,no,,yes
01295.jpg,初赛测试集/01295.jpg,test,,1295,file_block_0005,camera_group_v2_0373,46,medium,top75_gray32_cosine_with_frame_gap,camera_group_0381,no,,yes
01296.jpg,初赛测试集/01296.jpg,test,,1296,file_block_0005,camera_group_v2_0375,1,low,top75_gray32_cosine_with_frame_gap,camera_group_0383,no,,yes
01297.jpg,初赛测试集/01297.jpg,test,,1297,file_block_0005,camera_group_v2_0376,1,low,top75_gray32_cosine_with_frame_gap,camera_group_0384,no,,yes
01298.jpg,初赛测试集/01298.jpg,test,,1298,file_block_0005,camera_group_v2_0377,2,medium,top75_gray32_cosine_with_frame_gap,camera_group_0385,no,,yes
01299.jpg,初赛测试集/01299.jpg,test,,1299,file_block_0005,camera_group_v2_0377,2,medium,top75_gray32_cosine_with_frame_gap,camera_group_0385,no,,yes
01300.jpg,初赛测试集/01300.jpg,test,,1300,file_block_0005,camera_group_v2_0378,16,medium,top75_gray32_cosine_with_frame_gap,camera_group_0386,no,,yes
01301.jpg,初赛测试集/01301.jpg,test,,1301,file_block_0005,camera_group_v2_0378,16,medium,top75_gray32_cosine_with_frame_gap,camera_group_0386,no,,yes
01302.jpg,初赛测试集/01302.jpg,test,,1302,file_block_0005,camera_group_v2_0378,16,medium,top75_gray32_cosine_with_frame_gap,camera_group_0386,no,,yes
01303.jpg,初赛测试集/01303.jpg,test,,1303,file_block_0005,camera_group_v2_0378,16,medium,top75_gray32_cosine_with_frame_gap,camera_group_0386,no,,yes
01304.jpg,初赛测试集/01304.jpg,test,,1304,file_block_0005,camera_group_v2_0378,16,medium,top75_gray32_cosine_with_frame_gap,camera_group_0386,no,,yes
01305.jpg,初赛测试集/01305.jpg,test,,1305,file_block_0005,camera_group_v2_0378,16,medium,top75_gray32_cosine_with_frame_gap,camera_group_0386,no,,yes
01306.jpg,初赛测试集/01306.jpg,test,,1306,file_block_0005,camera_group_v2_0378,16,medium,top75_gray32_cosine_with_frame_gap,camera_group_0386,no,,yes
01307.jpg,初赛测试集/01307.jpg,test,,1307,file_block_0005,camera_group_v2_0378,16,medium,top75_gray32_cosine_with_frame_gap,camera_group_0386,no,,yes
01308.jpg,初赛测试集/01308.jpg,test,,1308,file_block_0005,camera_group_v2_0378,16,medium,top75_gray32_cosine_with_frame_gap,camera_group_0386,no,,yes
01309.jpg,初赛测试集/01309.jpg,test,,1309,file_block_0005,camera_group_v2_0378,16,medium,top75_gray32_cosine_with_frame_gap,camera_group_0386,no,,yes
01310.jpg,初赛测试集/01310.jpg,test,,1310,file_block_0005,camera_group_v2_0378,16,medium,top75_gray32_cosine_with_frame_gap,camera_group_0386,no,,yes
01311.jpg,初赛测试集/01311.jpg,test,,1311,file_block_0005,camera_group_v2_0378,16,medium,top75_gray32_cosine_with_frame_gap,camera_group_0386,no,,yes
01312.jpg,初赛测试集/01312.jpg,test,,1312,file_block_0005,camera_group_v2_0378,16,medium,top75_gray32_cosine_with_frame_gap,camera_group_0386,no,,yes
01313.jpg,初赛测试集/01313.jpg,test,,1313,file_block_0005,camera_group_v2_0378,16,medium,top75_gray32_cosine_with_frame_gap,camera_group_0386,no,,yes
01314.jpg,初赛测试集/01314.jpg,test,,1314,file_block_0005,camera_group_v2_0378,16,medium,top75_gray32_cosine_with_frame_gap,camera_group_0386,no,,yes
01315.jpg,初赛测试集/01315.jpg,test,,1315,file_block_0005,camera_group_v2_0378,16,medium,top75_gray32_cosine_with_frame_gap,camera_group_0386,no,,yes
01316.jpg,初赛测试集/01316.jpg,test,,1316,file_block_0005,camera_group_v2_0379,2,medium,top75_gray32_cosine_with_frame_gap,camera_group_0387,no,,yes
01317.jpg,初赛测试集/01317.jpg,test,,1317,file_block_0005,camera_group_v2_0379,2,medium,top75_gray32_cosine_with_frame_gap,camera_group_0387,no,,yes
01318.jpg,初赛测试集/01318.jpg,test,,1318,file_block_0005,camera_group_v2_0380,1,low,top75_gray32_cosine_with_frame_gap,camera_group_0388,no,,yes
01319.jpg,初赛测试集/01319.jpg,test,,1319,file_block_0005,camera_group_v2_0381,5,medium,top75_gray32_cosine_with_frame_gap,camera_group_0389,no,,yes
01320.jpg,初赛测试集/01320.jpg,test,,1320,file_block_0005,camera_group_v2_0381,5,medium,top75_gray32_cosine_with_frame_gap,camera_group_0389,no,,yes
01321.jpg,初赛测试集/01321.jpg,test,,1321,file_block_0005,camera_group_v2_0381,5,medium,top75_gray32_cosine_with_frame_gap,camera_group_0389,no,,yes
01322.jpg,初赛测试集/01322.jpg,test,,1322,file_block_0005,camera_group_v2_0381,5,medium,top75_gray32_cosine_with_frame_gap,camera_group_0389,no,,yes
01323.jpg,初赛测试集/01323.jpg,test,,1323,file_block_0005,camera_group_v2_0381,5,medium,top75_gray32_cosine_with_frame_gap,camera_group_0389,no,,yes
01324.jpg,初赛测试集/01324.jpg,test,,1324,file_block_0005,camera_group_v2_0382,12,high,top75_gray32_cosine_with_frame_gap,camera_group_0390,no,,yes
01325.jpg,初赛测试集/01325.jpg,test,,1325,file_block_0005,camera_group_v2_0382,12,high,top75_gray32_cosine_with_frame_gap,camera_group_0390,no,,yes
01326.jpg,初赛测试集/01326.jpg,test,,1326,file_block_0005,camera_group_v2_0382,12,high,top75_gray32_cosine_with_frame_gap,camera_group_0390,no,,yes
01327.jpg,初赛测试集/01327.jpg,test,,1327,file_block_0005,camera_group_v2_0382,12,high,top75_gray32_cosine_with_frame_gap,camera_group_0390,no,,yes
01328.jpg,初赛测试集/01328.jpg,test,,1328,file_block_0005,camera_group_v2_0383,5,high,top75_gray32_cosine_with_frame_gap,camera_group_0391,no,,yes
01329.jpg,初赛测试集/01329.jpg,test,,1329,file_block_0005,camera_group_v2_0382,12,high,top75_gray32_cosine_with_frame_gap,camera_group_0390,no,,yes
01330.jpg,初赛测试集/01330.jpg,test,,1330,file_block_0005,camera_group_v2_0383,5,high,top75_gray32_cosine_with_frame_gap,camera_group_0391,no,,yes
01331.jpg,初赛测试集/01331.jpg,test,,1331,file_block_0005,camera_group_v2_0382,12,high,top75_gray32_cosine_with_frame_gap,camera_group_0390,no,,yes
01332.jpg,初赛测试集/01332.jpg,test,,1332,file_block_0005,camera_group_v2_0382,12,high,top75_gray32_cosine_with_frame_gap,camera_group_0390,no,,yes
01333.jpg,初赛测试集/01333.jpg,test,,1333,file_block_0005,camera_group_v2_0383,5,high,top75_gray32_cosine_with_frame_gap,camera_group_0391,no,,yes
01334.jpg,初赛测试集/01334.jpg,test,,1334,file_block_0005,camera_group_v2_0382,12,high,top75_gray32_cosine_with_frame_gap,camera_group_0390,no,,yes
01335.jpg,初赛测试集/01335.jpg,test,,1335,file_block_0005,camera_group_v2_0382,12,high,top75_gray32_cosine_with_frame_gap,camera_group_0390,no,,yes
01336.jpg,初赛测试集/01336.jpg,test,,1336,file_block_0005,camera_group_v2_0382,12,high,top75_gray32_cosine_with_frame_gap,camera_group_0390,no,,yes
01337.jpg,初赛测试集/01337.jpg,test,,1337,file_block_0005,camera_group_v2_0382,12,high,top75_gray32_cosine_with_frame_gap,camera_group_0390,no,,yes
01338.jpg,初赛测试集/01338.jpg,test,,1338,file_block_0005,camera_group_v2_0382,12,high,top75_gray32_cosine_with_frame_gap,camera_group_0390,no,,yes
01339.jpg,初赛测试集/01339.jpg,test,,1339,file_block_0005,camera_group_v2_0383,5,high,top75_gray32_cosine_with_frame_gap,camera_group_0391,no,,yes
01340.jpg,初赛测试集/01340.jpg,test,,1340,file_block_0005,camera_group_v2_0384,1,low,top75_gray32_cosine_with_frame_gap,camera_group_0392,no,,yes
01341.jpg,初赛测试集/01341.jpg,test,,1341,file_block_0005,camera_group_v2_0383,5,high,top75_gray32_cosine_with_frame_gap,camera_group_0391,no,,yes
01342.jpg,初赛测试集/01342.jpg,test,,1342,file_block_0005,camera_group_v2_0385,3,high,top75_gray32_cosine_with_frame_gap,camera_group_0393,no,,yes
01343.jpg,初赛测试集/01343.jpg,test,,1343,file_block_0005,camera_group_v2_0385,3,high,top75_gray32_cosine_with_frame_gap,camera_group_0393,no,,yes
01344.jpg,初赛测试集/01344.jpg,test,,1344,file_block_0005,camera_group_v2_0386,1,low,top75_gray32_cosine_with_frame_gap,camera_group_0394,no,,yes
01345.jpg,初赛测试集/01345.jpg,test,,1345,file_block_0005,camera_group_v2_0385,3,high,top75_gray32_cosine_with_frame_gap,camera_group_0393,no,,yes
01346.jpg,初赛测试集/01346.jpg,test,,1346,file_block_0005,camera_group_v2_0387,8,high,top75_gray32_cosine_with_frame_gap,camera_group_0395,no,,yes
01347.jpg,初赛测试集/01347.jpg,test,,1347,file_block_0005,camera_group_v2_0387,8,high,top75_gray32_cosine_with_frame_gap,camera_group_0395,no,,yes
01348.jpg,初赛测试集/01348.jpg,test,,1348,file_block_0005,camera_group_v2_0388,2,medium,top75_gray32_cosine_with_frame_gap,camera_group_0396,no,,yes
01349.jpg,初赛测试集/01349.jpg,test,,1349,file_block_0005,camera_group_v2_0387,8,high,top75_gray32_cosine_with_frame_gap,camera_group_0395,no,,yes
01350.jpg,初赛测试集/01350.jpg,test,,1350,file_block_0005,camera_group_v2_0387,8,high,top75_gray32_cosine_with_frame_gap,camera_group_0395,no,,yes
01351.jpg,初赛测试集/01351.jpg,test,,1351,file_block_0005,camera_group_v2_0387,8,high,top75_gray32_cosine_with_frame_gap,camera_group_0395,no,,yes
01352.jpg,初赛测试集/01352.jpg,test,,1352,file_block_0005,camera_group_v2_0387,8,high,top75_gray32_cosine_with_frame_gap,camera_group_0395,no,,yes
01353.jpg,初赛测试集/01353.jpg,test,,1353,file_block_0005,camera_group_v2_0387,8,high,top75_gray32_cosine_with_frame_gap,camera_group_0395,no,,yes
01354.jpg,初赛测试集/01354.jpg,test,,1354,file_block_0005,camera_group_v2_0387,8,high,top75_gray32_cosine_with_frame_gap,camera_group_0395,no,,yes
01355.jpg,初赛测试集/01355.jpg,test,,1355,file_block_0005,camera_group_v2_0388,2,medium,top75_gray32_cosine_with_frame_gap,camera_group_0396,no,,yes
01356.jpg,初赛测试集/01356.jpg,test,,1356,file_block_0005,camera_group_v2_0389,1,low,top75_gray32_cosine_with_frame_gap,camera_group_0397,no,,yes
01357.jpg,初赛测试集/01357.jpg,test,,1357,file_block_0005,camera_group_v2_0390,1,low,top75_gray32_cosine_with_frame_gap,camera_group_0398,no,,yes
01358.jpg,初赛测试集/01358.jpg,test,,1358,file_block_0005,camera_group_v2_0391,21,medium,top75_gray32_cosine_with_frame_gap,camera_group_0399,no,,yes
01359.jpg,初赛测试集/01359.jpg,test,,1359,file_block_0005,camera_group_v2_0391,21,medium,top75_gray32_cosine_with_frame_gap,camera_group_0399,no,,yes
01360.jpg,初赛测试集/01360.jpg,test,,1360,file_block_0005,camera_group_v2_0392,2,medium,top75_gray32_cosine_with_frame_gap,camera_group_0400,no,,yes
01361.jpg,初赛测试集/01361.jpg,test,,1361,file_block_0005,camera_group_v2_0391,21,medium,top75_gray32_cosine_with_frame_gap,camera_group_0399,no,,yes
01362.jpg,初赛测试集/01362.jpg,test,,1362,file_block_0005,camera_group_v2_0391,21,medium,top75_gray32_cosine_with_frame_gap,camera_group_0399,no,,yes
01363.jpg,初赛测试集/01363.jpg,test,,1363,file_block_0005,camera_group_v2_0391,21,medium,top75_gray32_cosine_with_frame_gap,camera_group_0399,no,,yes
01364.jpg,初赛测试集/01364.jpg,test,,1364,file_block_0005,camera_group_v2_0391,21,medium,top75_gray32_cosine_with_frame_gap,camera_group_0399,no,,yes
01365.jpg,初赛测试集/01365.jpg,test,,1365,file_block_0005,camera_group_v2_0391,21,medium,top75_gray32_cosine_with_frame_gap,camera_group_0399,no,,yes
01366.jpg,初赛测试集/01366.jpg,test,,1366,file_block_0005,camera_group_v2_0391,21,medium,top75_gray32_cosine_with_frame_gap,camera_group_0399,no,,yes
01367.jpg,初赛测试集/01367.jpg,test,,1367,file_block_0005,camera_group_v2_0391,21,medium,top75_gray32_cosine_with_frame_gap,camera_group_0399,no,,yes
01368.jpg,初赛测试集/01368.jpg,test,,1368,file_block_0005,camera_group_v2_0392,2,medium,top75_gray32_cosine_with_frame_gap,camera_group_0400,no,,yes
01369.jpg,初赛测试集/01369.jpg,test,,1369,file_block_0005,camera_group_v2_0391,21,medium,top75_gray32_cosine_with_frame_gap,camera_group_0399,no,,yes
01370.jpg,初赛测试集/01370.jpg,test,,1370,file_block_0005,camera_group_v2_0393,3,high,top75_gray32_cosine_with_frame_gap,camera_group_0401,no,,yes
01371.jpg,初赛测试集/01371.jpg,test,,1371,file_block_0005,camera_group_v2_0393,3,high,top75_gray32_cosine_with_frame_gap,camera_group_0401,no,,yes
01372.jpg,初赛测试集/01372.jpg,test,,1372,file_block_0005,camera_group_v2_0391,21,medium,top75_gray32_cosine_with_frame_gap,camera_group_0399,no,,yes
01373.jpg,初赛测试集/01373.jpg,test,,1373,file_block_0005,camera_group_v2_0391,21,medium,top75_gray32_cosine_with_frame_gap,camera_group_0399,no,,yes
01374.jpg,初赛测试集/01374.jpg,test,,1374,file_block_0005,camera_group_v2_0391,21,medium,top75_gray32_cosine_with_frame_gap,camera_group_0399,no,,yes
01375.jpg,初赛测试集/01375.jpg,test,,1375,file_block_0005,camera_group_v2_0391,21,medium,top75_gray32_cosine_with_frame_gap,camera_group_0399,no,,yes
01376.jpg,初赛测试集/01376.jpg,test,,1376,file_block_0005,camera_group_v2_0391,21,medium,top75_gray32_cosine_with_frame_gap,camera_group_0399,no,,yes
01377.jpg,初赛测试集/01377.jpg,test,,1377,file_block_0005,camera_group_v2_0391,21,medium,top75_gray32_cosine_with_frame_gap,camera_group_0399,no,,yes
01378.jpg,初赛测试集/01378.jpg,test,,1378,file_block_0005,camera_group_v2_0391,21,medium,top75_gray32_cosine_with_frame_gap,camera_group_0399,no,,yes
01379.jpg,初赛测试集/01379.jpg,test,,1379,file_block_0005,camera_group_v2_0393,3,high,top75_gray32_cosine_with_frame_gap,camera_group_0401,no,,yes
01380.jpg,初赛测试集/01380.jpg,test,,1380,file_block_0005,camera_group_v2_0391,21,medium,top75_gray32_cosine_with_frame_gap,camera_group_0399,no,,yes
01381.jpg,初赛测试集/01381.jpg,test,,1381,file_block_0005,camera_group_v2_0391,21,medium,top75_gray32_cosine_with_frame_gap,camera_group_0399,no,,yes
01382.jpg,初赛测试集/01382.jpg,test,,1382,file_block_0005,camera_group_v2_0391,21,medium,top75_gray32_cosine_with_frame_gap,camera_group_0399,no,,yes
01383.jpg,初赛测试集/01383.jpg,test,,1383,file_block_0005,camera_group_v2_0391,21,medium,top75_gray32_cosine_with_frame_gap,camera_group_0399,no,,yes
01384.jpg,初赛测试集/01384.jpg,test,,1384,file_block_0005,camera_group_v2_0394,2,medium,top75_gray32_cosine_with_frame_gap,camera_group_0402,no,,yes
01385.jpg,初赛测试集/01385.jpg,test,,1385,file_block_0005,camera_group_v2_0394,2,medium,top75_gray32_cosine_with_frame_gap,camera_group_0402,no,,yes
01386.jpg,初赛测试集/01386.jpg,test,,1386,file_block_0005,camera_group_v2_0395,5,medium,top75_gray32_cosine_with_frame_gap,camera_group_0403,no,,yes
01387.jpg,初赛测试集/01387.jpg,test,,1387,file_block_0005,camera_group_v2_0395,5,medium,top75_gray32_cosine_with_frame_gap,camera_group_0403,no,,yes
01388.jpg,初赛测试集/01388.jpg,test,,1388,file_block_0005,camera_group_v2_0395,5,medium,top75_gray32_cosine_with_frame_gap,camera_group_0403,no,,yes
01389.jpg,初赛测试集/01389.jpg,test,,1389,file_block_0005,camera_group_v2_0395,5,medium,top75_gray32_cosine_with_frame_gap,camera_group_0403,no,,yes
01390.jpg,初赛测试集/01390.jpg,test,,1390,file_block_0005,camera_group_v2_0396,8,medium,top75_gray32_cosine_with_frame_gap,camera_group_0404,no,,yes
01391.jpg,初赛测试集/01391.jpg,test,,1391,file_block_0005,camera_group_v2_0396,8,medium,top75_gray32_cosine_with_frame_gap,camera_group_0404,no,,yes
01392.jpg,初赛测试集/01392.jpg,test,,1392,file_block_0005,camera_group_v2_0396,8,medium,top75_gray32_cosine_with_frame_gap,camera_group_0404,no,,yes
01393.jpg,初赛测试集/01393.jpg,test,,1393,file_block_0005,camera_group_v2_0396,8,medium,top75_gray32_cosine_with_frame_gap,camera_group_0404,no,,yes
01394.jpg,初赛测试集/01394.jpg,test,,1394,file_block_0005,camera_group_v2_0397,2,medium,top75_gray32_cosine_with_frame_gap,camera_group_0405,no,,yes
01395.jpg,初赛测试集/01395.jpg,test,,1395,file_block_0005,camera_group_v2_0397,2,medium,top75_gray32_cosine_with_frame_gap,camera_group_0405,no,,yes
01396.jpg,初赛测试集/01396.jpg,test,,1396,file_block_0005,camera_group_v2_0398,1,low,top75_gray32_cosine_with_frame_gap,camera_group_0406,no,,yes
01397.jpg,初赛测试集/01397.jpg,test,,1397,file_block_0005,camera_group_v2_0395,5,medium,top75_gray32_cosine_with_frame_gap,camera_group_0403,no,,yes
01398.jpg,初赛测试集/01398.jpg,test,,1398,file_block_0005,camera_group_v2_0396,8,medium,top75_gray32_cosine_with_frame_gap,camera_group_0404,no,,yes
01399.jpg,初赛测试集/01399.jpg,test,,1399,file_block_0005,camera_group_v2_0396,8,medium,top75_gray32_cosine_with_frame_gap,camera_group_0404,no,,yes
01400.jpg,初赛测试集/01400.jpg,test,,1400,file_block_0005,camera_group_v2_0396,8,medium,top75_gray32_cosine_with_frame_gap,camera_group_0404,no,,yes
01401.jpg,初赛测试集/01401.jpg,test,,1401,file_block_0005,camera_group_v2_0399,1,low,top75_gray32_cosine_with_frame_gap,camera_group_0407,no,,yes
01402.jpg,初赛测试集/01402.jpg,test,,1402,file_block_0005,camera_group_v2_0396,8,medium,top75_gray32_cosine_with_frame_gap,camera_group_0404,no,,yes
01403.jpg,初赛测试集/01403.jpg,test,,1403,file_block_0005,camera_group_v2_0400,1,low,top75_gray32_cosine_with_frame_gap,camera_group_0408,no,,yes
01404.jpg,初赛测试集/01404.jpg,test,,1404,file_block_0005,camera_group_v2_0401,20,medium,top75_gray32_cosine_with_frame_gap,camera_group_0409,no,,yes
01405.jpg,初赛测试集/01405.jpg,test,,1405,file_block_0005,camera_group_v2_0401,20,medium,top75_gray32_cosine_with_frame_gap,camera_group_0409,no,,yes
01406.jpg,初赛测试集/01406.jpg,test,,1406,file_block_0005,camera_group_v2_0401,20,medium,top75_gray32_cosine_with_frame_gap,camera_group_0409,no,,yes
01407.jpg,初赛测试集/01407.jpg,test,,1407,file_block_0005,camera_group_v2_0401,20,medium,top75_gray32_cosine_with_frame_gap,camera_group_0409,no,,yes
01408.jpg,初赛测试集/01408.jpg,test,,1408,file_block_0005,camera_group_v2_0401,20,medium,top75_gray32_cosine_with_frame_gap,camera_group_0409,no,,yes
01409.jpg,初赛测试集/01409.jpg,test,,1409,file_block_0005,camera_group_v2_0401,20,medium,top75_gray32_cosine_with_frame_gap,camera_group_0409,no,,yes
01410.jpg,初赛测试集/01410.jpg,test,,1410,file_block_0005,camera_group_v2_0402,1,low,top75_gray32_cosine_with_frame_gap,camera_group_0410,no,,yes
01411.jpg,初赛测试集/01411.jpg,test,,1411,file_block_0005,camera_group_v2_0401,20,medium,top75_gray32_cosine_with_frame_gap,camera_group_0409,no,,yes
01412.jpg,初赛测试集/01412.jpg,test,,1412,file_block_0005,camera_group_v2_0401,20,medium,top75_gray32_cosine_with_frame_gap,camera_group_0409,no,,yes
01413.jpg,初赛测试集/01413.jpg,test,,1413,file_block_0005,camera_group_v2_0401,20,medium,top75_gray32_cosine_with_frame_gap,camera_group_0409,no,,yes
01414.jpg,初赛测试集/01414.jpg,test,,1414,file_block_0005,camera_group_v2_0401,20,medium,top75_gray32_cosine_with_frame_gap,camera_group_0409,no,,yes
01415.jpg,初赛测试集/01415.jpg,test,,1415,file_block_0005,camera_group_v2_0401,20,medium,top75_gray32_cosine_with_frame_gap,camera_group_0409,no,,yes
01416.jpg,初赛测试集/01416.jpg,test,,1416,file_block_0005,camera_group_v2_0401,20,medium,top75_gray32_cosine_with_frame_gap,camera_group_0409,no,,yes
01417.jpg,初赛测试集/01417.jpg,test,,1417,file_block_0005,camera_group_v2_0401,20,medium,top75_gray32_cosine_with_frame_gap,camera_group_0409,no,,yes
01418.jpg,初赛测试集/01418.jpg,test,,1418,file_block_0005,camera_group_v2_0401,20,medium,top75_gray32_cosine_with_frame_gap,camera_group_0409,no,,yes
01419.jpg,初赛测试集/01419.jpg,test,,1419,file_block_0005,camera_group_v2_0401,20,medium,top75_gray32_cosine_with_frame_gap,camera_group_0409,no,,yes
01420.jpg,初赛测试集/01420.jpg,test,,1420,file_block_0005,camera_group_v2_0401,20,medium,top75_gray32_cosine_with_frame_gap,camera_group_0409,no,,yes
01421.jpg,初赛测试集/01421.jpg,test,,1421,file_block_0005,camera_group_v2_0401,20,medium,top75_gray32_cosine_with_frame_gap,camera_group_0409,no,,yes
01422.jpg,初赛测试集/01422.jpg,test,,1422,file_block_0005,camera_group_v2_0401,20,medium,top75_gray32_cosine_with_frame_gap,camera_group_0409,no,,yes
01423.jpg,初赛测试集/01423.jpg,test,,1423,file_block_0005,camera_group_v2_0401,20,medium,top75_gray32_cosine_with_frame_gap,camera_group_0409,no,,yes
01424.jpg,初赛测试集/01424.jpg,test,,1424,file_block_0005,camera_group_v2_0401,20,medium,top75_gray32_cosine_with_frame_gap,camera_group_0409,no,,yes
01425.jpg,初赛测试集/01425.jpg,test,,1425,file_block_0005,camera_group_v2_0403,21,medium,top75_gray32_cosine_with_frame_gap,camera_group_0411,no,,yes
01426.jpg,初赛测试集/01426.jpg,test,,1426,file_block_0005,camera_group_v2_0403,21,medium,top75_gray32_cosine_with_frame_gap,camera_group_0411,no,,yes
01427.jpg,初赛测试集/01427.jpg,test,,1427,file_block_0005,camera_group_v2_0403,21,medium,top75_gray32_cosine_with_frame_gap,camera_group_0411,no,,yes
01428.jpg,初赛测试集/01428.jpg,test,,1428,file_block_0005,camera_group_v2_0403,21,medium,top75_gray32_cosine_with_frame_gap,camera_group_0411,no,,yes
01429.jpg,初赛测试集/01429.jpg,test,,1429,file_block_0005,camera_group_v2_0403,21,medium,top75_gray32_cosine_with_frame_gap,camera_group_0411,no,,yes
01430.jpg,初赛测试集/01430.jpg,test,,1430,file_block_0005,camera_group_v2_0403,21,medium,top75_gray32_cosine_with_frame_gap,camera_group_0411,no,,yes
01431.jpg,初赛测试集/01431.jpg,test,,1431,file_block_0005,camera_group_v2_0403,21,medium,top75_gray32_cosine_with_frame_gap,camera_group_0411,no,,yes
01432.jpg,初赛测试集/01432.jpg,test,,1432,file_block_0005,camera_group_v2_0403,21,medium,top75_gray32_cosine_with_frame_gap,camera_group_0411,no,,yes
01433.jpg,初赛测试集/01433.jpg,test,,1433,file_block_0005,camera_group_v2_0403,21,medium,top75_gray32_cosine_with_frame_gap,camera_group_0411,no,,yes
01434.jpg,初赛测试集/01434.jpg,test,,1434,file_block_0005,camera_group_v2_0403,21,medium,top75_gray32_cosine_with_frame_gap,camera_group_0411,no,,yes
01435.jpg,初赛测试集/01435.jpg,test,,1435,file_block_0005,camera_group_v2_0403,21,medium,top75_gray32_cosine_with_frame_gap,camera_group_0411,no,,yes
01436.jpg,初赛测试集/01436.jpg,test,,1436,file_block_0005,camera_group_v2_0403,21,medium,top75_gray32_cosine_with_frame_gap,camera_group_0411,no,,yes
01437.jpg,初赛测试集/01437.jpg,test,,1437,file_block_0005,camera_group_v2_0403,21,medium,top75_gray32_cosine_with_frame_gap,camera_group_0411,no,,yes
01438.jpg,初赛测试集/01438.jpg,test,,1438,file_block_0005,camera_group_v2_0403,21,medium,top75_gray32_cosine_with_frame_gap,camera_group_0411,no,,yes
01439.jpg,初赛测试集/01439.jpg,test,,1439,file_block_0005,camera_group_v2_0403,21,medium,top75_gray32_cosine_with_frame_gap,camera_group_0411,no,,yes
01440.jpg,初赛测试集/01440.jpg,test,,1440,file_block_0005,camera_group_v2_0403,21,medium,top75_gray32_cosine_with_frame_gap,camera_group_0411,no,,yes
01441.jpg,初赛测试集/01441.jpg,test,,1441,file_block_0005,camera_group_v2_0403,21,medium,top75_gray32_cosine_with_frame_gap,camera_group_0411,no,,yes
01442.jpg,初赛测试集/01442.jpg,test,,1442,file_block_0005,camera_group_v2_0403,21,medium,top75_gray32_cosine_with_frame_gap,camera_group_0411,no,,yes
01443.jpg,初赛测试集/01443.jpg,test,,1443,file_block_0005,camera_group_v2_0403,21,medium,top75_gray32_cosine_with_frame_gap,camera_group_0411,no,,yes
01444.jpg,初赛测试集/01444.jpg,test,,1444,file_block_0005,camera_group_v2_0403,21,medium,top75_gray32_cosine_with_frame_gap,camera_group_0411,no,,yes
01445.jpg,初赛测试集/01445.jpg,test,,1445,file_block_0005,camera_group_v2_0403,21,medium,top75_gray32_cosine_with_frame_gap,camera_group_0411,no,,yes
01446.jpg,初赛测试集/01446.jpg,test,,1446,file_block_0005,camera_group_v2_0404,6,medium,top75_gray32_cosine_with_frame_gap,camera_group_0412,no,,yes
01447.jpg,初赛测试集/01447.jpg,test,,1447,file_block_0005,camera_group_v2_0405,1,low,top75_gray32_cosine_with_frame_gap,camera_group_0413,no,,yes
01448.jpg,初赛测试集/01448.jpg,test,,1448,file_block_0005,camera_group_v2_0404,6,medium,top75_gray32_cosine_with_frame_gap,camera_group_0412,no,,yes
01449.jpg,初赛测试集/01449.jpg,test,,1449,file_block_0005,camera_group_v2_0404,6,medium,top75_gray32_cosine_with_frame_gap,camera_group_0412,no,,yes
01450.jpg,初赛测试集/01450.jpg,test,,1450,file_block_0005,camera_group_v2_0404,6,medium,top75_gray32_cosine_with_frame_gap,camera_group_0412,no,,yes
01451.jpg,初赛测试集/01451.jpg,test,,1451,file_block_0005,camera_group_v2_0404,6,medium,top75_gray32_cosine_with_frame_gap,camera_group_0412,no,,yes
01452.jpg,初赛测试集/01452.jpg,test,,1452,file_block_0005,camera_group_v2_0404,6,medium,top75_gray32_cosine_with_frame_gap,camera_group_0412,no,,yes
01453.jpg,初赛测试集/01453.jpg,test,,1453,file_block_0005,camera_group_v2_0406,7,medium,top75_gray32_cosine_with_frame_gap,camera_group_0414,no,,yes
01454.jpg,初赛测试集/01454.jpg,test,,1454,file_block_0005,camera_group_v2_0406,7,medium,top75_gray32_cosine_with_frame_gap,camera_group_0414,no,,yes
01455.jpg,初赛测试集/01455.jpg,test,,1455,file_block_0005,camera_group_v2_0406,7,medium,top75_gray32_cosine_with_frame_gap,camera_group_0414,no,,yes
01456.jpg,初赛测试集/01456.jpg,test,,1456,file_block_0005,camera_group_v2_0406,7,medium,top75_gray32_cosine_with_frame_gap,camera_group_0414,no,,yes
01457.jpg,初赛测试集/01457.jpg,test,,1457,file_block_0005,camera_group_v2_0406,7,medium,top75_gray32_cosine_with_frame_gap,camera_group_0414,no,,yes
01458.jpg,初赛测试集/01458.jpg,test,,1458,file_block_0005,camera_group_v2_0406,7,medium,top75_gray32_cosine_with_frame_gap,camera_group_0414,no,,yes
01459.jpg,初赛测试集/01459.jpg,test,,1459,file_block_0005,camera_group_v2_0406,7,medium,top75_gray32_cosine_with_frame_gap,camera_group_0414,no,,yes
01460.jpg,初赛测试集/01460.jpg,test,,1460,file_block_0005,camera_group_v2_0407,16,medium,top75_gray32_cosine_with_frame_gap,camera_group_0415,no,,yes
01461.jpg,初赛测试集/01461.jpg,test,,1461,file_block_0005,camera_group_v2_0407,16,medium,top75_gray32_cosine_with_frame_gap,camera_group_0415,no,,yes
01462.jpg,初赛测试集/01462.jpg,test,,1462,file_block_0005,camera_group_v2_0407,16,medium,top75_gray32_cosine_with_frame_gap,camera_group_0415,no,,yes
01463.jpg,初赛测试集/01463.jpg,test,,1463,file_block_0005,camera_group_v2_0407,16,medium,top75_gray32_cosine_with_frame_gap,camera_group_0415,no,,yes
01464.jpg,初赛测试集/01464.jpg,test,,1464,file_block_0005,camera_group_v2_0407,16,medium,top75_gray32_cosine_with_frame_gap,camera_group_0415,no,,yes
01465.jpg,初赛测试集/01465.jpg,test,,1465,file_block_0005,camera_group_v2_0407,16,medium,top75_gray32_cosine_with_frame_gap,camera_group_0415,no,,yes
01466.jpg,初赛测试集/01466.jpg,test,,1466,file_block_0005,camera_group_v2_0407,16,medium,top75_gray32_cosine_with_frame_gap,camera_group_0415,no,,yes
01467.jpg,初赛测试集/01467.jpg,test,,1467,file_block_0005,camera_group_v2_0407,16,medium,top75_gray32_cosine_with_frame_gap,camera_group_0415,no,,yes
01468.jpg,初赛测试集/01468.jpg,test,,1468,file_block_0005,camera_group_v2_0407,16,medium,top75_gray32_cosine_with_frame_gap,camera_group_0415,no,,yes
01469.jpg,初赛测试集/01469.jpg,test,,1469,file_block_0005,camera_group_v2_0407,16,medium,top75_gray32_cosine_with_frame_gap,camera_group_0415,no,,yes
01470.jpg,初赛测试集/01470.jpg,test,,1470,file_block_0005,camera_group_v2_0407,16,medium,top75_gray32_cosine_with_frame_gap,camera_group_0415,no,,yes
01471.jpg,初赛测试集/01471.jpg,test,,1471,file_block_0005,camera_group_v2_0407,16,medium,top75_gray32_cosine_with_frame_gap,camera_group_0415,no,,yes
01472.jpg,初赛测试集/01472.jpg,test,,1472,file_block_0005,camera_group_v2_0407,16,medium,top75_gray32_cosine_with_frame_gap,camera_group_0415,no,,yes
01473.jpg,初赛测试集/01473.jpg,test,,1473,file_block_0005,camera_group_v2_0407,16,medium,top75_gray32_cosine_with_frame_gap,camera_group_0415,no,,yes
01474.jpg,初赛测试集/01474.jpg,test,,1474,file_block_0005,camera_group_v2_0407,16,medium,top75_gray32_cosine_with_frame_gap,camera_group_0415,no,,yes
01475.jpg,初赛测试集/01475.jpg,test,,1475,file_block_0005,camera_group_v2_0407,16,medium,top75_gray32_cosine_with_frame_gap,camera_group_0415,no,,yes
01476.jpg,初赛测试集/01476.jpg,test,,1476,file_block_0005,camera_group_v2_0408,2,medium,top75_gray32_cosine_with_frame_gap,camera_group_0416,no,,yes
01477.jpg,初赛测试集/01477.jpg,test,,1477,file_block_0005,camera_group_v2_0408,2,medium,top75_gray32_cosine_with_frame_gap,camera_group_0416,no,,yes
01478.jpg,初赛测试集/01478.jpg,test,,1478,file_block_0005,camera_group_v2_0409,61,high,top75_gray32_cosine_with_frame_gap,camera_group_0417,no,,yes
01479.jpg,初赛测试集/01479.jpg,test,,1479,file_block_0005,camera_group_v2_0409,61,high,top75_gray32_cosine_with_frame_gap,camera_group_0417,no,,yes
01480.jpg,初赛测试集/01480.jpg,test,,1480,file_block_0005,camera_group_v2_0409,61,high,top75_gray32_cosine_with_frame_gap,camera_group_0417,no,,yes
01481.jpg,初赛测试集/01481.jpg,test,,1481,file_block_0005,camera_group_v2_0409,61,high,top75_gray32_cosine_with_frame_gap,camera_group_0417,no,,yes
01482.jpg,初赛测试集/01482.jpg,test,,1482,file_block_0005,camera_group_v2_0409,61,high,top75_gray32_cosine_with_frame_gap,camera_group_0417,no,,yes
01483.jpg,初赛测试集/01483.jpg,test,,1483,file_block_0005,camera_group_v2_0409,61,high,top75_gray32_cosine_with_frame_gap,camera_group_0417,no,,yes
01484.jpg,初赛测试集/01484.jpg,test,,1484,file_block_0005,camera_group_v2_0409,61,high,top75_gray32_cosine_with_frame_gap,camera_group_0417,no,,yes
01485.jpg,初赛测试集/01485.jpg,test,,1485,file_block_0005,camera_group_v2_0409,61,high,top75_gray32_cosine_with_frame_gap,camera_group_0417,no,,yes
01486.jpg,初赛测试集/01486.jpg,test,,1486,file_block_0005,camera_group_v2_0409,61,high,top75_gray32_cosine_with_frame_gap,camera_group_0417,no,,yes
01487.jpg,初赛测试集/01487.jpg,test,,1487,file_block_0005,camera_group_v2_0409,61,high,top75_gray32_cosine_with_frame_gap,camera_group_0417,no,,yes
01488.jpg,初赛测试集/01488.jpg,test,,1488,file_block_0005,camera_group_v2_0409,61,high,top75_gray32_cosine_with_frame_gap,camera_group_0417,no,,yes
01489.jpg,初赛测试集/01489.jpg,test,,1489,file_block_0005,camera_group_v2_0409,61,high,top75_gray32_cosine_with_frame_gap,camera_group_0417,no,,yes
01490.jpg,初赛测试集/01490.jpg,test,,1490,file_block_0005,camera_group_v2_0409,61,high,top75_gray32_cosine_with_frame_gap,camera_group_0417,no,,yes
01491.jpg,初赛测试集/01491.jpg,test,,1491,file_block_0005,camera_group_v2_0409,61,high,top75_gray32_cosine_with_frame_gap,camera_group_0417,no,,yes
01492.jpg,初赛测试集/01492.jpg,test,,1492,file_block_0005,camera_group_v2_0409,61,high,top75_gray32_cosine_with_frame_gap,camera_group_0417,no,,yes
01493.jpg,初赛测试集/01493.jpg,test,,1493,file_block_0005,camera_group_v2_0409,61,high,top75_gray32_cosine_with_frame_gap,camera_group_0417,no,,yes
01494.jpg,初赛测试集/01494.jpg,test,,1494,file_block_0005,camera_group_v2_0409,61,high,top75_gray32_cosine_with_frame_gap,camera_group_0417,no,,yes
01495.jpg,初赛测试集/01495.jpg,test,,1495,file_block_0005,camera_group_v2_0409,61,high,top75_gray32_cosine_with_frame_gap,camera_group_0417,no,,yes
01496.jpg,初赛测试集/01496.jpg,test,,1496,file_block_0005,camera_group_v2_0409,61,high,top75_gray32_cosine_with_frame_gap,camera_group_0417,no,,yes
01497.jpg,初赛测试集/01497.jpg,test,,1497,file_block_0005,camera_group_v2_0409,61,high,top75_gray32_cosine_with_frame_gap,camera_group_0417,no,,yes
01498.jpg,初赛测试集/01498.jpg,test,,1498,file_block_0005,camera_group_v2_0409,61,high,top75_gray32_cosine_with_frame_gap,camera_group_0417,no,,yes
01499.jpg,初赛测试集/01499.jpg,test,,1499,file_block_0005,camera_group_v2_0409,61,high,top75_gray32_cosine_with_frame_gap,camera_group_0417,no,,yes
01500.jpg,初赛测试集/01500.jpg,test,,1500,file_block_0005,camera_group_v2_0409,61,high,top75_gray32_cosine_with_frame_gap,camera_group_0417,no,,yes
01501.jpg,初赛测试集/01501.jpg,test,,1501,file_block_0005,camera_group_v2_0409,61,high,top75_gray32_cosine_with_frame_gap,camera_group_0417,no,,yes
01502.jpg,初赛测试集/01502.jpg,test,,1502,file_block_0005,camera_group_v2_0409,61,high,top75_gray32_cosine_with_frame_gap,camera_group_0417,no,,yes
01503.jpg,初赛测试集/01503.jpg,test,,1503,file_block_0005,camera_group_v2_0409,61,high,top75_gray32_cosine_with_frame_gap,camera_group_0417,no,,yes
01504.jpg,初赛测试集/01504.jpg,test,,1504,file_block_0005,camera_group_v2_0409,61,high,top75_gray32_cosine_with_frame_gap,camera_group_0417,no,,yes
01505.jpg,初赛测试集/01505.jpg,test,,1505,file_block_0005,camera_group_v2_0409,61,high,top75_gray32_cosine_with_frame_gap,camera_group_0417,no,,yes
01506.jpg,初赛测试集/01506.jpg,test,,1506,file_block_0005,camera_group_v2_0409,61,high,top75_gray32_cosine_with_frame_gap,camera_group_0417,no,,yes
01507.jpg,初赛测试集/01507.jpg,test,,1507,file_block_0005,camera_group_v2_0409,61,high,top75_gray32_cosine_with_frame_gap,camera_group_0417,no,,yes
01508.jpg,初赛测试集/01508.jpg,test,,1508,file_block_0005,camera_group_v2_0409,61,high,top75_gray32_cosine_with_frame_gap,camera_group_0417,no,,yes
01509.jpg,初赛测试集/01509.jpg,test,,1509,file_block_0005,camera_group_v2_0409,61,high,top75_gray32_cosine_with_frame_gap,camera_group_0417,no,,yes
01510.jpg,初赛测试集/01510.jpg,test,,1510,file_block_0005,camera_group_v2_0409,61,high,top75_gray32_cosine_with_frame_gap,camera_group_0417,no,,yes
01511.jpg,初赛测试集/01511.jpg,test,,1511,file_block_0005,camera_group_v2_0409,61,high,top75_gray32_cosine_with_frame_gap,camera_group_0417,no,,yes
01512.jpg,初赛测试集/01512.jpg,test,,1512,file_block_0005,camera_group_v2_0409,61,high,top75_gray32_cosine_with_frame_gap,camera_group_0417,no,,yes
01513.jpg,初赛测试集/01513.jpg,test,,1513,file_block_0005,camera_group_v2_0409,61,high,top75_gray32_cosine_with_frame_gap,camera_group_0417,no,,yes
01514.jpg,初赛测试集/01514.jpg,test,,1514,file_block_0005,camera_group_v2_0409,61,high,top75_gray32_cosine_with_frame_gap,camera_group_0417,no,,yes
01515.jpg,初赛测试集/01515.jpg,test,,1515,file_block_0005,camera_group_v2_0409,61,high,top75_gray32_cosine_with_frame_gap,camera_group_0417,no,,yes
01516.jpg,初赛测试集/01516.jpg,test,,1516,file_block_0005,camera_group_v2_0409,61,high,top75_gray32_cosine_with_frame_gap,camera_group_0417,no,,yes
01517.jpg,初赛测试集/01517.jpg,test,,1517,file_block_0005,camera_group_v2_0409,61,high,top75_gray32_cosine_with_frame_gap,camera_group_0417,no,,yes
01518.jpg,初赛测试集/01518.jpg,test,,1518,file_block_0005,camera_group_v2_0409,61,high,top75_gray32_cosine_with_frame_gap,camera_group_0417,no,,yes
01519.jpg,初赛测试集/01519.jpg,test,,1519,file_block_0005,camera_group_v2_0409,61,high,top75_gray32_cosine_with_frame_gap,camera_group_0417,no,,yes
01520.jpg,初赛测试集/01520.jpg,test,,1520,file_block_0005,camera_group_v2_0409,61,high,top75_gray32_cosine_with_frame_gap,camera_group_0417,no,,yes
01521.jpg,初赛测试集/01521.jpg,test,,1521,file_block_0005,camera_group_v2_0409,61,high,top75_gray32_cosine_with_frame_gap,camera_group_0417,no,,yes
01522.jpg,初赛测试集/01522.jpg,test,,1522,file_block_0005,camera_group_v2_0409,61,high,top75_gray32_cosine_with_frame_gap,camera_group_0417,no,,yes
01523.jpg,初赛测试集/01523.jpg,test,,1523,file_block_0005,camera_group_v2_0409,61,high,top75_gray32_cosine_with_frame_gap,camera_group_0417,no,,yes
01524.jpg,初赛测试集/01524.jpg,test,,1524,file_block_0005,camera_group_v2_0409,61,high,top75_gray32_cosine_with_frame_gap,camera_group_0417,no,,yes
01525.jpg,初赛测试集/01525.jpg,test,,1525,file_block_0005,camera_group_v2_0409,61,high,top75_gray32_cosine_with_frame_gap,camera_group_0417,no,,yes
01526.jpg,初赛测试集/01526.jpg,test,,1526,file_block_0005,camera_group_v2_0409,61,high,top75_gray32_cosine_with_frame_gap,camera_group_0417,no,,yes
01527.jpg,初赛测试集/01527.jpg,test,,1527,file_block_0005,camera_group_v2_0409,61,high,top75_gray32_cosine_with_frame_gap,camera_group_0417,no,,yes
01528.jpg,初赛测试集/01528.jpg,test,,1528,file_block_0005,camera_group_v2_0409,61,high,top75_gray32_cosine_with_frame_gap,camera_group_0417,no,,yes
01529.jpg,初赛测试集/01529.jpg,test,,1529,file_block_0005,camera_group_v2_0409,61,high,top75_gray32_cosine_with_frame_gap,camera_group_0417,no,,yes
01530.jpg,初赛测试集/01530.jpg,test,,1530,file_block_0005,camera_group_v2_0409,61,high,top75_gray32_cosine_with_frame_gap,camera_group_0417,no,,yes
01531.jpg,初赛测试集/01531.jpg,test,,1531,file_block_0005,camera_group_v2_0409,61,high,top75_gray32_cosine_with_frame_gap,camera_group_0417,no,,yes
01532.jpg,初赛测试集/01532.jpg,test,,1532,file_block_0005,camera_group_v2_0409,61,high,top75_gray32_cosine_with_frame_gap,camera_group_0417,no,,yes
01533.jpg,初赛测试集/01533.jpg,test,,1533,file_block_0005,camera_group_v2_0409,61,high,top75_gray32_cosine_with_frame_gap,camera_group_0417,no,,yes
01534.jpg,初赛测试集/01534.jpg,test,,1534,file_block_0005,camera_group_v2_0409,61,high,top75_gray32_cosine_with_frame_gap,camera_group_0417,no,,yes
01535.jpg,初赛测试集/01535.jpg,test,,1535,file_block_0005,camera_group_v2_0409,61,high,top75_gray32_cosine_with_frame_gap,camera_group_0417,no,,yes
01536.jpg,初赛测试集/01536.jpg,test,,1536,file_block_0005,camera_group_v2_0409,61,high,top75_gray32_cosine_with_frame_gap,camera_group_0417,no,,yes
01537.jpg,初赛测试集/01537.jpg,test,,1537,file_block_0005,camera_group_v2_0409,61,high,top75_gray32_cosine_with_frame_gap,camera_group_0417,no,,yes
01538.jpg,初赛测试集/01538.jpg,test,,1538,file_block_0005,camera_group_v2_0409,61,high,top75_gray32_cosine_with_frame_gap,camera_group_0417,no,,yes
01539.jpg,初赛测试集/01539.jpg,test,,1539,file_block_0005,camera_group_v2_0410,10,medium,top75_gray32_cosine_with_frame_gap,camera_group_0418,no,,yes
01540.jpg,初赛测试集/01540.jpg,test,,1540,file_block_0005,camera_group_v2_0410,10,medium,top75_gray32_cosine_with_frame_gap,camera_group_0418,no,,yes
01541.jpg,初赛测试集/01541.jpg,test,,1541,file_block_0005,camera_group_v2_0410,10,medium,top75_gray32_cosine_with_frame_gap,camera_group_0418,no,,yes
01542.jpg,初赛测试集/01542.jpg,test,,1542,file_block_0005,camera_group_v2_0410,10,medium,top75_gray32_cosine_with_frame_gap,camera_group_0418,no,,yes
01543.jpg,初赛测试集/01543.jpg,test,,1543,file_block_0005,camera_group_v2_0410,10,medium,top75_gray32_cosine_with_frame_gap,camera_group_0418,no,,yes
01544.jpg,初赛测试集/01544.jpg,test,,1544,file_block_0005,camera_group_v2_0410,10,medium,top75_gray32_cosine_with_frame_gap,camera_group_0418,no,,yes
01545.jpg,初赛测试集/01545.jpg,test,,1545,file_block_0005,camera_group_v2_0410,10,medium,top75_gray32_cosine_with_frame_gap,camera_group_0418,no,,yes
01546.jpg,初赛测试集/01546.jpg,test,,1546,file_block_0005,camera_group_v2_0410,10,medium,top75_gray32_cosine_with_frame_gap,camera_group_0418,no,,yes
01547.jpg,初赛测试集/01547.jpg,test,,1547,file_block_0005,camera_group_v2_0410,10,medium,top75_gray32_cosine_with_frame_gap,camera_group_0418,no,,yes
01548.jpg,初赛测试集/01548.jpg,test,,1548,file_block_0005,camera_group_v2_0410,10,medium,top75_gray32_cosine_with_frame_gap,camera_group_0418,no,,yes
01549.jpg,初赛测试集/01549.jpg,test,,1549,file_block_0005,camera_group_v2_0411,13,medium,top75_gray32_cosine_with_frame_gap,camera_group_0419,no,,yes
01550.jpg,初赛测试集/01550.jpg,test,,1550,file_block_0005,camera_group_v2_0411,13,medium,top75_gray32_cosine_with_frame_gap,camera_group_0419,no,,yes
01551.jpg,初赛测试集/01551.jpg,test,,1551,file_block_0005,camera_group_v2_0411,13,medium,top75_gray32_cosine_with_frame_gap,camera_group_0419,no,,yes
01552.jpg,初赛测试集/01552.jpg,test,,1552,file_block_0005,camera_group_v2_0411,13,medium,top75_gray32_cosine_with_frame_gap,camera_group_0419,no,,yes
01553.jpg,初赛测试集/01553.jpg,test,,1553,file_block_0005,camera_group_v2_0411,13,medium,top75_gray32_cosine_with_frame_gap,camera_group_0419,no,,yes
01554.jpg,初赛测试集/01554.jpg,test,,1554,file_block_0005,camera_group_v2_0411,13,medium,top75_gray32_cosine_with_frame_gap,camera_group_0419,no,,yes
01555.jpg,初赛测试集/01555.jpg,test,,1555,file_block_0005,camera_group_v2_0411,13,medium,top75_gray32_cosine_with_frame_gap,camera_group_0419,no,,yes
01556.jpg,初赛测试集/01556.jpg,test,,1556,file_block_0005,camera_group_v2_0411,13,medium,top75_gray32_cosine_with_frame_gap,camera_group_0419,no,,yes
01557.jpg,初赛测试集/01557.jpg,test,,1557,file_block_0005,camera_group_v2_0411,13,medium,top75_gray32_cosine_with_frame_gap,camera_group_0419,no,,yes
01558.jpg,初赛测试集/01558.jpg,test,,1558,file_block_0005,camera_group_v2_0411,13,medium,top75_gray32_cosine_with_frame_gap,camera_group_0419,no,,yes
01559.jpg,初赛测试集/01559.jpg,test,,1559,file_block_0005,camera_group_v2_0411,13,medium,top75_gray32_cosine_with_frame_gap,camera_group_0419,no,,yes
01560.jpg,初赛测试集/01560.jpg,test,,1560,file_block_0005,camera_group_v2_0411,13,medium,top75_gray32_cosine_with_frame_gap,camera_group_0419,no,,yes
01561.jpg,初赛测试集/01561.jpg,test,,1561,file_block_0005,camera_group_v2_0411,13,medium,top75_gray32_cosine_with_frame_gap,camera_group_0419,no,,yes
01562.jpg,初赛测试集/01562.jpg,test,,1562,file_block_0005,camera_group_v2_0412,30,medium,top75_gray32_cosine_with_frame_gap,camera_group_0420,no,,yes
01563.jpg,初赛测试集/01563.jpg,test,,1563,file_block_0005,camera_group_v2_0413,1,low,top75_gray32_cosine_with_frame_gap,camera_group_0421,no,,yes
01564.jpg,初赛测试集/01564.jpg,test,,1564,file_block_0005,camera_group_v2_0414,1,low,top75_gray32_cosine_with_frame_gap,camera_group_0422,no,,yes
01565.jpg,初赛测试集/01565.jpg,test,,1565,file_block_0005,camera_group_v2_0412,30,medium,top75_gray32_cosine_with_frame_gap,camera_group_0420,no,,yes
01566.jpg,初赛测试集/01566.jpg,test,,1566,file_block_0005,camera_group_v2_0415,4,high,top75_gray32_cosine_with_frame_gap,camera_group_0423,no,,yes
01567.jpg,初赛测试集/01567.jpg,test,,1567,file_block_0005,camera_group_v2_0415,4,high,top75_gray32_cosine_with_frame_gap,camera_group_0423,no,,yes
01568.jpg,初赛测试集/01568.jpg,test,,1568,file_block_0005,camera_group_v2_0415,4,high,top75_gray32_cosine_with_frame_gap,camera_group_0423,no,,yes
01569.jpg,初赛测试集/01569.jpg,test,,1569,file_block_0005,camera_group_v2_0415,4,high,top75_gray32_cosine_with_frame_gap,camera_group_0423,no,,yes
01570.jpg,初赛测试集/01570.jpg,test,,1570,file_block_0005,camera_group_v2_0416,1,low,top75_gray32_cosine_with_frame_gap,camera_group_0424,no,,yes
01571.jpg,初赛测试集/01571.jpg,test,,1571,file_block_0005,camera_group_v2_0417,1,low,top75_gray32_cosine_with_frame_gap,camera_group_0425,no,,yes
01572.jpg,初赛测试集/01572.jpg,test,,1572,file_block_0005,camera_group_v2_0412,30,medium,top75_gray32_cosine_with_frame_gap,camera_group_0420,no,,yes
01573.jpg,初赛测试集/01573.jpg,test,,1573,file_block_0005,camera_group_v2_0412,30,medium,top75_gray32_cosine_with_frame_gap,camera_group_0420,no,,yes
01574.jpg,初赛测试集/01574.jpg,test,,1574,file_block_0005,camera_group_v2_0412,30,medium,top75_gray32_cosine_with_frame_gap,camera_group_0420,no,,yes
01575.jpg,初赛测试集/01575.jpg,test,,1575,file_block_0005,camera_group_v2_0412,30,medium,top75_gray32_cosine_with_frame_gap,camera_group_0420,no,,yes
01576.jpg,初赛测试集/01576.jpg,test,,1576,file_block_0005,camera_group_v2_0412,30,medium,top75_gray32_cosine_with_frame_gap,camera_group_0420,no,,yes
01577.jpg,初赛测试集/01577.jpg,test,,1577,file_block_0005,camera_group_v2_0412,30,medium,top75_gray32_cosine_with_frame_gap,camera_group_0420,no,,yes
01578.jpg,初赛测试集/01578.jpg,test,,1578,file_block_0005,camera_group_v2_0412,30,medium,top75_gray32_cosine_with_frame_gap,camera_group_0420,no,,yes
01579.jpg,初赛测试集/01579.jpg,test,,1579,file_block_0005,camera_group_v2_0412,30,medium,top75_gray32_cosine_with_frame_gap,camera_group_0420,no,,yes
01580.jpg,初赛测试集/01580.jpg,test,,1580,file_block_0005,camera_group_v2_0412,30,medium,top75_gray32_cosine_with_frame_gap,camera_group_0420,no,,yes
01581.jpg,初赛测试集/01581.jpg,test,,1581,file_block_0005,camera_group_v2_0412,30,medium,top75_gray32_cosine_with_frame_gap,camera_group_0420,no,,yes
01582.jpg,初赛测试集/01582.jpg,test,,1582,file_block_0005,camera_group_v2_0412,30,medium,top75_gray32_cosine_with_frame_gap,camera_group_0420,no,,yes
01583.jpg,初赛测试集/01583.jpg,test,,1583,file_block_0005,camera_group_v2_0412,30,medium,top75_gray32_cosine_with_frame_gap,camera_group_0420,no,,yes
01584.jpg,初赛测试集/01584.jpg,test,,1584,file_block_0005,camera_group_v2_0412,30,medium,top75_gray32_cosine_with_frame_gap,camera_group_0420,no,,yes
01585.jpg,初赛测试集/01585.jpg,test,,1585,file_block_0005,camera_group_v2_0412,30,medium,top75_gray32_cosine_with_frame_gap,camera_group_0420,no,,yes
01586.jpg,初赛测试集/01586.jpg,test,,1586,file_block_0005,camera_group_v2_0412,30,medium,top75_gray32_cosine_with_frame_gap,camera_group_0420,no,,yes
01587.jpg,初赛测试集/01587.jpg,test,,1587,file_block_0005,camera_group_v2_0412,30,medium,top75_gray32_cosine_with_frame_gap,camera_group_0420,no,,yes
01588.jpg,初赛测试集/01588.jpg,test,,1588,file_block_0005,camera_group_v2_0412,30,medium,top75_gray32_cosine_with_frame_gap,camera_group_0420,no,,yes
01589.jpg,初赛测试集/01589.jpg,test,,1589,file_block_0005,camera_group_v2_0412,30,medium,top75_gray32_cosine_with_frame_gap,camera_group_0420,no,,yes
01590.jpg,初赛测试集/01590.jpg,test,,1590,file_block_0005,camera_group_v2_0412,30,medium,top75_gray32_cosine_with_frame_gap,camera_group_0420,no,,yes
01591.jpg,初赛测试集/01591.jpg,test,,1591,file_block_0005,camera_group_v2_0412,30,medium,top75_gray32_cosine_with_frame_gap,camera_group_0420,no,,yes
01592.jpg,初赛测试集/01592.jpg,test,,1592,file_block_0005,camera_group_v2_0412,30,medium,top75_gray32_cosine_with_frame_gap,camera_group_0420,no,,yes
01593.jpg,初赛测试集/01593.jpg,test,,1593,file_block_0005,camera_group_v2_0412,30,medium,top75_gray32_cosine_with_frame_gap,camera_group_0420,no,,yes
01594.jpg,初赛测试集/01594.jpg,test,,1594,file_block_0005,camera_group_v2_0412,30,medium,top75_gray32_cosine_with_frame_gap,camera_group_0420,no,,yes
01595.jpg,初赛测试集/01595.jpg,test,,1595,file_block_0005,camera_group_v2_0418,1,low,top75_gray32_cosine_with_frame_gap,camera_group_0426,no,,yes
01596.jpg,初赛测试集/01596.jpg,test,,1596,file_block_0005,camera_group_v2_0412,30,medium,top75_gray32_cosine_with_frame_gap,camera_group_0420,no,,yes
01597.jpg,初赛测试集/01597.jpg,test,,1597,file_block_0005,camera_group_v2_0412,30,medium,top75_gray32_cosine_with_frame_gap,camera_group_0420,no,,yes
01598.jpg,初赛测试集/01598.jpg,test,,1598,file_block_0005,camera_group_v2_0412,30,medium,top75_gray32_cosine_with_frame_gap,camera_group_0420,no,,yes
01599.jpg,初赛测试集/01599.jpg,test,,1599,file_block_0005,camera_group_v2_0412,30,medium,top75_gray32_cosine_with_frame_gap,camera_group_0420,no,,yes
01600.jpg,初赛测试集/01600.jpg,test,,1600,file_block_0005,camera_group_v2_0412,30,medium,top75_gray32_cosine_with_frame_gap,camera_group_0420,no,,yes
01601.jpg,初赛测试集/01601.jpg,test,,1601,file_block_0005,camera_group_v2_0419,22,medium,top75_gray32_cosine_with_frame_gap,camera_group_0427,no,,yes
01602.jpg,初赛测试集/01602.jpg,test,,1602,file_block_0005,camera_group_v2_0419,22,medium,top75_gray32_cosine_with_frame_gap,camera_group_0427,no,,yes
01603.jpg,初赛测试集/01603.jpg,test,,1603,file_block_0005,camera_group_v2_0419,22,medium,top75_gray32_cosine_with_frame_gap,camera_group_0427,no,,yes
01604.jpg,初赛测试集/01604.jpg,test,,1604,file_block_0005,camera_group_v2_0419,22,medium,top75_gray32_cosine_with_frame_gap,camera_group_0427,no,,yes
01605.jpg,初赛测试集/01605.jpg,test,,1605,file_block_0005,camera_group_v2_0420,5,medium,top75_gray32_cosine_with_frame_gap,camera_group_0428,no,,yes
01606.jpg,初赛测试集/01606.jpg,test,,1606,file_block_0005,camera_group_v2_0419,22,medium,top75_gray32_cosine_with_frame_gap,camera_group_0427,no,,yes
01607.jpg,初赛测试集/01607.jpg,test,,1607,file_block_0005,camera_group_v2_0419,22,medium,top75_gray32_cosine_with_frame_gap,camera_group_0427,no,,yes
01608.jpg,初赛测试集/01608.jpg,test,,1608,file_block_0005,camera_group_v2_0419,22,medium,top75_gray32_cosine_with_frame_gap,camera_group_0427,no,,yes
01609.jpg,初赛测试集/01609.jpg,test,,1609,file_block_0005,camera_group_v2_0419,22,medium,top75_gray32_cosine_with_frame_gap,camera_group_0427,no,,yes
01610.jpg,初赛测试集/01610.jpg,test,,1610,file_block_0005,camera_group_v2_0419,22,medium,top75_gray32_cosine_with_frame_gap,camera_group_0427,no,,yes
01611.jpg,初赛测试集/01611.jpg,test,,1611,file_block_0005,camera_group_v2_0419,22,medium,top75_gray32_cosine_with_frame_gap,camera_group_0427,no,,yes
01612.jpg,初赛测试集/01612.jpg,test,,1612,file_block_0005,camera_group_v2_0419,22,medium,top75_gray32_cosine_with_frame_gap,camera_group_0427,no,,yes
01613.jpg,初赛测试集/01613.jpg,test,,1613,file_block_0005,camera_group_v2_0420,5,medium,top75_gray32_cosine_with_frame_gap,camera_group_0428,no,,yes
01614.jpg,初赛测试集/01614.jpg,test,,1614,file_block_0005,camera_group_v2_0419,22,medium,top75_gray32_cosine_with_frame_gap,camera_group_0427,no,,yes
01615.jpg,初赛测试集/01615.jpg,test,,1615,file_block_0005,camera_group_v2_0419,22,medium,top75_gray32_cosine_with_frame_gap,camera_group_0427,no,,yes
01616.jpg,初赛测试集/01616.jpg,test,,1616,file_block_0005,camera_group_v2_0419,22,medium,top75_gray32_cosine_with_frame_gap,camera_group_0427,no,,yes
01617.jpg,初赛测试集/01617.jpg,test,,1617,file_block_0005,camera_group_v2_0419,22,medium,top75_gray32_cosine_with_frame_gap,camera_group_0427,no,,yes
01618.jpg,初赛测试集/01618.jpg,test,,1618,file_block_0005,camera_group_v2_0419,22,medium,top75_gray32_cosine_with_frame_gap,camera_group_0427,no,,yes
01619.jpg,初赛测试集/01619.jpg,test,,1619,file_block_0005,camera_group_v2_0419,22,medium,top75_gray32_cosine_with_frame_gap,camera_group_0427,no,,yes
01620.jpg,初赛测试集/01620.jpg,test,,1620,file_block_0005,camera_group_v2_0419,22,medium,top75_gray32_cosine_with_frame_gap,camera_group_0427,no,,yes
01621.jpg,初赛测试集/01621.jpg,test,,1621,file_block_0005,camera_group_v2_0420,5,medium,top75_gray32_cosine_with_frame_gap,camera_group_0428,no,,yes
01622.jpg,初赛测试集/01622.jpg,test,,1622,file_block_0005,camera_group_v2_0420,5,medium,top75_gray32_cosine_with_frame_gap,camera_group_0428,no,,yes
01623.jpg,初赛测试集/01623.jpg,test,,1623,file_block_0005,camera_group_v2_0419,22,medium,top75_gray32_cosine_with_frame_gap,camera_group_0427,no,,yes
01624.jpg,初赛测试集/01624.jpg,test,,1624,file_block_0005,camera_group_v2_0419,22,medium,top75_gray32_cosine_with_frame_gap,camera_group_0427,no,,yes
01625.jpg,初赛测试集/01625.jpg,test,,1625,file_block_0005,camera_group_v2_0419,22,medium,top75_gray32_cosine_with_frame_gap,camera_group_0427,no,,yes
01626.jpg,初赛测试集/01626.jpg,test,,1626,file_block_0005,camera_group_v2_0419,22,medium,top75_gray32_cosine_with_frame_gap,camera_group_0427,no,,yes
01627.jpg,初赛测试集/01627.jpg,test,,1627,file_block_0005,camera_group_v2_0420,5,medium,top75_gray32_cosine_with_frame_gap,camera_group_0428,no,,yes
01628.jpg,初赛测试集/01628.jpg,test,,1628,file_block_0005,camera_group_v2_0421,10,medium,top75_gray32_cosine_with_frame_gap,camera_group_0429,no,,yes
01629.jpg,初赛测试集/01629.jpg,test,,1629,file_block_0005,camera_group_v2_0421,10,medium,top75_gray32_cosine_with_frame_gap,camera_group_0429,no,,yes
01630.jpg,初赛测试集/01630.jpg,test,,1630,file_block_0005,camera_group_v2_0421,10,medium,top75_gray32_cosine_with_frame_gap,camera_group_0429,no,,yes
01631.jpg,初赛测试集/01631.jpg,test,,1631,file_block_0005,camera_group_v2_0421,10,medium,top75_gray32_cosine_with_frame_gap,camera_group_0429,no,,yes
01632.jpg,初赛测试集/01632.jpg,test,,1632,file_block_0005,camera_group_v2_0421,10,medium,top75_gray32_cosine_with_frame_gap,camera_group_0429,no,,yes
01633.jpg,初赛测试集/01633.jpg,test,,1633,file_block_0005,camera_group_v2_0421,10,medium,top75_gray32_cosine_with_frame_gap,camera_group_0429,no,,yes
01634.jpg,初赛测试集/01634.jpg,test,,1634,file_block_0005,camera_group_v2_0421,10,medium,top75_gray32_cosine_with_frame_gap,camera_group_0429,no,,yes
01635.jpg,初赛测试集/01635.jpg,test,,1635,file_block_0005,camera_group_v2_0421,10,medium,top75_gray32_cosine_with_frame_gap,camera_group_0429,no,,yes
01636.jpg,初赛测试集/01636.jpg,test,,1636,file_block_0005,camera_group_v2_0421,10,medium,top75_gray32_cosine_with_frame_gap,camera_group_0429,no,,yes
01637.jpg,初赛测试集/01637.jpg,test,,1637,file_block_0005,camera_group_v2_0421,10,medium,top75_gray32_cosine_with_frame_gap,camera_group_0429,no,,yes
01638.jpg,初赛测试集/01638.jpg,test,,1638,file_block_0005,camera_group_v2_0422,2,medium,top75_gray32_cosine_with_frame_gap,camera_group_0430,no,,yes
01639.jpg,初赛测试集/01639.jpg,test,,1639,file_block_0005,camera_group_v2_0422,2,medium,top75_gray32_cosine_with_frame_gap,camera_group_0430,no,,yes
01640.jpg,初赛测试集/01640.jpg,test,,1640,file_block_0005,camera_group_v2_0423,1,low,top75_gray32_cosine_with_frame_gap,camera_group_0431,no,,yes
01641.jpg,初赛测试集/01641.jpg,test,,1641,file_block_0005,camera_group_v2_0424,1,low,top75_gray32_cosine_with_frame_gap,camera_group_0432,no,,yes
01642.jpg,初赛测试集/01642.jpg,test,,1642,file_block_0005,camera_group_v2_0425,1,low,top75_gray32_cosine_with_frame_gap,camera_group_0433,no,,yes
01643.jpg,初赛测试集/01643.jpg,test,,1643,file_block_0005,camera_group_v2_0426,1,low,top75_gray32_cosine_with_frame_gap,camera_group_0434,no,,yes
01644.jpg,初赛测试集/01644.jpg,test,,1644,file_block_0005,camera_group_v2_0427,5,high,top75_gray32_cosine_with_frame_gap,camera_group_0435,no,,yes
01645.jpg,初赛测试集/01645.jpg,test,,1645,file_block_0005,camera_group_v2_0427,5,high,top75_gray32_cosine_with_frame_gap,camera_group_0435,no,,yes
01646.jpg,初赛测试集/01646.jpg,test,,1646,file_block_0005,camera_group_v2_0427,5,high,top75_gray32_cosine_with_frame_gap,camera_group_0435,no,,yes
01647.jpg,初赛测试集/01647.jpg,test,,1647,file_block_0005,camera_group_v2_0427,5,high,top75_gray32_cosine_with_frame_gap,camera_group_0435,no,,yes
01648.jpg,初赛测试集/01648.jpg,test,,1648,file_block_0005,camera_group_v2_0427,5,high,top75_gray32_cosine_with_frame_gap,camera_group_0435,no,,yes
02043.jpg,训练集/02043.jpg,train,乱占,2043,file_block_0006,camera_group_v2_0428,1,low,top75_gray32_cosine_with_frame_gap,camera_group_0436,no,,yes
02044.jpg,训练集/02044.jpg,train,乱占,2044,file_block_0006,camera_group_v2_0429,1,low,top75_gray32_cosine_with_frame_gap,camera_group_0437,no,,yes
02045.jpg,训练集/02045.jpg,train,乱占,2045,file_block_0006,camera_group_v2_0430,2,medium,top75_gray32_cosine_with_frame_gap,camera_group_0438,no,,yes
02046.jpg,训练集/02046.jpg,train,乱占,2046,file_block_0006,camera_group_v2_0430,2,medium,top75_gray32_cosine_with_frame_gap,camera_group_0438,no,,yes
02047.jpg,训练集/02047.jpg,train,乱占,2047,file_block_0006,camera_group_v2_0431,1,low,top75_gray32_cosine_with_frame_gap,camera_group_0439,no,,yes
02048.jpg,训练集/02048.jpg,train,乱占,2048,file_block_0006,camera_group_v2_0432,3,medium,top75_gray32_cosine_with_frame_gap,camera_group_0440,no,,yes
02049.jpg,训练集/02049.jpg,train,乱占,2049,file_block_0006,camera_group_v2_0433,1,low,top75_gray32_cosine_with_frame_gap,camera_group_0441,no,,yes
02050.jpg,训练集/02050.jpg,train,乱占,2050,file_block_0006,camera_group_v2_0432,3,medium,top75_gray32_cosine_with_frame_gap,camera_group_0440,no,,yes
02051.jpg,训练集/02051.jpg,train,乱占,2051,file_block_0006,camera_group_v2_0432,3,medium,top75_gray32_cosine_with_frame_gap,camera_group_0440,no,,yes
02052.jpg,训练集/02052.jpg,train,乱采,2052,file_block_0006,camera_group_v2_0434,6,high,top75_gray32_cosine_with_frame_gap,camera_group_0442,no,,yes
02053.jpg,训练集/02053.jpg,train,乱采,2053,file_block_0006,camera_group_v2_0434,6,high,top75_gray32_cosine_with_frame_gap,camera_group_0442,no,,yes
02054.jpg,训练集/02054.jpg,train,乱采,2054,file_block_0006,camera_group_v2_0434,6,high,top75_gray32_cosine_with_frame_gap,camera_group_0442,no,,yes
02055.jpg,训练集/02055.jpg,train,乱采,2055,file_block_0006,camera_group_v2_0434,6,high,top75_gray32_cosine_with_frame_gap,camera_group_0442,no,,yes
02056.jpg,训练集/02056.jpg,train,乱采,2056,file_block_0006,camera_group_v2_0434,6,high,top75_gray32_cosine_with_frame_gap,camera_group_0442,no,,yes
02057.jpg,训练集/02057.jpg,train,乱采,2057,file_block_0006,camera_group_v2_0434,6,high,top75_gray32_cosine_with_frame_gap,camera_group_0442,no,,yes
02058.jpg,训练集/02058.jpg,train,乱占,2058,file_block_0006,camera_group_v2_0435,2,medium,top75_gray32_cosine_with_frame_gap,camera_group_0443,no,,yes
02059.jpg,训练集/02059.jpg,train,乱占,2059,file_block_0006,camera_group_v2_0435,2,medium,top75_gray32_cosine_with_frame_gap,camera_group_0443,no,,yes
02060.jpg,训练集/02060.jpg,train,乱堆,2060,file_block_0006,camera_group_v2_0436,2,medium,top75_gray32_cosine_with_frame_gap,camera_group_0444,no,,yes
02061.jpg,训练集/02061.jpg,train,乱堆,2061,file_block_0006,camera_group_v2_0436,2,medium,top75_gray32_cosine_with_frame_gap,camera_group_0444,no,,yes
02062.jpg,训练集/02062.jpg,train,乱占,2062,file_block_0006,camera_group_v2_0437,1,low,top75_gray32_cosine_with_frame_gap,camera_group_0445,no,,yes
02063.jpg,训练集/02063.jpg,train,乱采,2063,file_block_0006,camera_group_v2_0438,15,medium,top75_gray32_cosine_with_frame_gap,camera_group_0446,no,,yes
02064.jpg,训练集/02064.jpg,train,乱采,2064,file_block_0006,camera_group_v2_0438,15,medium,top75_gray32_cosine_with_frame_gap,camera_group_0446,no,,yes
02065.jpg,训练集/02065.jpg,train,乱采,2065,file_block_0006,camera_group_v2_0438,15,medium,top75_gray32_cosine_with_frame_gap,camera_group_0446,no,,yes
02066.jpg,训练集/02066.jpg,train,乱采,2066,file_block_0006,camera_group_v2_0438,15,medium,top75_gray32_cosine_with_frame_gap,camera_group_0446,no,,yes
02067.jpg,训练集/02067.jpg,train,乱采,2067,file_block_0006,camera_group_v2_0438,15,medium,top75_gray32_cosine_with_frame_gap,camera_group_0446,no,,yes
02068.jpg,训练集/02068.jpg,train,乱采,2068,file_block_0006,camera_group_v2_0438,15,medium,top75_gray32_cosine_with_frame_gap,camera_group_0446,no,,yes
02069.jpg,训练集/02069.jpg,train,乱采,2069,file_block_0006,camera_group_v2_0438,15,medium,top75_gray32_cosine_with_frame_gap,camera_group_0446,no,,yes
02070.jpg,训练集/02070.jpg,train,乱采,2070,file_block_0006,camera_group_v2_0438,15,medium,top75_gray32_cosine_with_frame_gap,camera_group_0446,no,,yes
02071.jpg,训练集/02071.jpg,train,乱采,2071,file_block_0006,camera_group_v2_0438,15,medium,top75_gray32_cosine_with_frame_gap,camera_group_0446,no,,yes
02072.jpg,训练集/02072.jpg,train,乱占,2072,file_block_0006,camera_group_v2_0439,3,medium,top75_gray32_cosine_with_frame_gap,camera_group_0447,no,,yes
02073.jpg,训练集/02073.jpg,train,乱占,2073,file_block_0006,camera_group_v2_0440,1,low,top75_gray32_cosine_with_frame_gap,camera_group_0448,no,,yes
02074.jpg,训练集/02074.jpg,train,乱占,2074,file_block_0006,camera_group_v2_0441,2,medium,top75_gray32_cosine_with_frame_gap,camera_group_0449,no,,yes
02075.jpg,训练集/02075.jpg,train,乱占,2075,file_block_0006,camera_group_v2_0439,3,medium,top75_gray32_cosine_with_frame_gap,camera_group_0447,no,,yes
02076.jpg,训练集/02076.jpg,train,乱占,2076,file_block_0006,camera_group_v2_0439,3,medium,top75_gray32_cosine_with_frame_gap,camera_group_0447,no,,yes
02077.jpg,训练集/02077.jpg,train,乱占,2077,file_block_0006,camera_group_v2_0441,2,medium,top75_gray32_cosine_with_frame_gap,camera_group_0449,no,,yes
02078.jpg,训练集/02078.jpg,train,乱占,2078,file_block_0006,camera_group_v2_0438,15,medium,top75_gray32_cosine_with_frame_gap,camera_group_0446,no,,yes
02079.jpg,训练集/02079.jpg,train,乱占,2079,file_block_0006,camera_group_v2_0438,15,medium,top75_gray32_cosine_with_frame_gap,camera_group_0446,no,,yes
02080.jpg,训练集/02080.jpg,train,乱占,2080,file_block_0006,camera_group_v2_0438,15,medium,top75_gray32_cosine_with_frame_gap,camera_group_0446,no,,yes
02081.jpg,训练集/02081.jpg,train,乱占,2081,file_block_0006,camera_group_v2_0442,2,low,top75_gray32_cosine_with_frame_gap,camera_group_0450,yes,人工视觉确认同一固定高点机位,yes
02082.jpg,训练集/02082.jpg,train,乱占,2082,file_block_0006,camera_group_v2_0442,2,low,top75_gray32_cosine_with_frame_gap,camera_group_0451,yes,人工视觉确认同一固定高点机位,yes
02083.jpg,训练集/02083.jpg,train,乱占,2083,file_block_0006,camera_group_v2_0443,2,low,top75_gray32_cosine_with_frame_gap,camera_group_0452,yes,人工视觉确认同一固定高点机位,yes
02084.jpg,训练集/02084.jpg,train,乱占,2084,file_block_0006,camera_group_v2_0443,2,low,top75_gray32_cosine_with_frame_gap,camera_group_0453,yes,人工视觉确认同一固定高点机位,yes
02085.jpg,训练集/02085.jpg,train,乱占,2085,file_block_0006,camera_group_v2_0438,15,medium,top75_gray32_cosine_with_frame_gap,camera_group_0446,no,,yes
02086.jpg,训练集/02086.jpg,train,乱占,2086,file_block_0006,camera_group_v2_0438,15,medium,top75_gray32_cosine_with_frame_gap,camera_group_0446,no,,yes
02087.jpg,训练集/02087.jpg,train,乱占,2087,file_block_0006,camera_group_v2_0438,15,medium,top75_gray32_cosine_with_frame_gap,camera_group_0446,no,,yes
02088.jpg,训练集/02088.jpg,train,乱占,2088,file_block_0006,camera_group_v2_0444,1,low,top75_gray32_cosine_with_frame_gap,camera_group_0454,no,,yes
02089.jpg,训练集/02089.jpg,train,乱占,2089,file_block_0006,camera_group_v2_0445,1,low,top75_gray32_cosine_with_frame_gap,camera_group_0455,no,,yes
02090.jpg,训练集/02090.jpg,train,乱占,2090,file_block_0006,camera_group_v2_0446,2,medium,top75_gray32_cosine_with_frame_gap,camera_group_0456,no,,yes
02091.jpg,训练集/02091.jpg,train,乱占,2091,file_block_0006,camera_group_v2_0446,2,medium,top75_gray32_cosine_with_frame_gap,camera_group_0456,no,,yes
02092.jpg,训练集/02092.jpg,train,乱采,2092,file_block_0006,camera_group_v2_0447,2,medium,top75_gray32_cosine_with_frame_gap,camera_group_0457,no,,yes
02093.jpg,训练集/02093.jpg,train,乱采,2093,file_block_0006,camera_group_v2_0447,2,medium,top75_gray32_cosine_with_frame_gap,camera_group_0457,no,,yes
02094.jpg,训练集/02094.jpg,train,乱采,2094,file_block_0006,camera_group_v2_0448,3,high,top75_gray32_cosine_with_frame_gap,camera_group_0458,no,,yes
02095.jpg,训练集/02095.jpg,train,乱采,2095,file_block_0006,camera_group_v2_0448,3,high,top75_gray32_cosine_with_frame_gap,camera_group_0458,no,,yes
02096.jpg,训练集/02096.jpg,train,乱采,2096,file_block_0006,camera_group_v2_0448,3,high,top75_gray32_cosine_with_frame_gap,camera_group_0458,no,,yes
02097.jpg,训练集/02097.jpg,train,乱堆,2097,file_block_0006,camera_group_v2_0449,15,medium,top75_gray32_cosine_with_frame_gap,camera_group_0459,yes,人工视觉确认02097–02111同一固定机位乱堆序列 || 同一固定机位乱堆序列，人工复核明确应整体合并,yes
02098.jpg,训练集/02098.jpg,train,乱堆,2098,file_block_0006,camera_group_v2_0449,15,medium,top75_gray32_cosine_with_frame_gap,camera_group_0459,yes,人工视觉确认02097–02111同一固定机位乱堆序列 || 同一固定机位乱堆序列，人工复核明确应整体合并,yes
02099.jpg,训练集/02099.jpg,train,乱堆,2099,file_block_0006,camera_group_v2_0449,15,medium,top75_gray32_cosine_with_frame_gap,camera_group_0460,yes,人工视觉确认02097–02111同一固定机位乱堆序列 || 同一固定机位乱堆序列，人工复核明确应整体合并,yes
02100.jpg,训练集/02100.jpg,train,乱堆,2100,file_block_0006,camera_group_v2_0449,15,medium,top75_gray32_cosine_with_frame_gap,camera_group_0460,yes,人工视觉确认02097–02111同一固定机位乱堆序列 || 同一固定机位乱堆序列，人工复核明确应整体合并,yes
02101.jpg,训练集/02101.jpg,train,乱堆,2101,file_block_0006,camera_group_v2_0449,15,medium,top75_gray32_cosine_with_frame_gap,camera_group_0460,yes,人工视觉确认02097–02111同一固定机位乱堆序列 || 同一固定机位乱堆序列，人工复核明确应整体合并,yes
02102.jpg,训练集/02102.jpg,train,乱堆,2102,file_block_0006,camera_group_v2_0449,15,medium,top75_gray32_cosine_with_frame_gap,camera_group_0460,yes,人工视觉确认02097–02111同一固定机位乱堆序列 || 同一固定机位乱堆序列，人工复核明确应整体合并,yes
02103.jpg,训练集/02103.jpg,train,乱堆,2103,file_block_0006,camera_group_v2_0449,15,medium,top75_gray32_cosine_with_frame_gap,camera_group_0460,yes,人工视觉确认02097–02111同一固定机位乱堆序列 || 同一固定机位乱堆序列，人工复核明确应整体合并,yes
02104.jpg,训练集/02104.jpg,train,乱堆,2104,file_block_0006,camera_group_v2_0449,15,medium,top75_gray32_cosine_with_frame_gap,camera_group_0460,yes,人工视觉确认02097–02111同一固定机位乱堆序列 || 同一固定机位乱堆序列，人工复核明确应整体合并,yes
02105.jpg,训练集/02105.jpg,train,乱堆,2105,file_block_0006,camera_group_v2_0449,15,medium,top75_gray32_cosine_with_frame_gap,camera_group_0460,yes,人工视觉确认02097–02111同一固定机位乱堆序列 || 同一固定机位乱堆序列，人工复核明确应整体合并,yes
02106.jpg,训练集/02106.jpg,train,乱堆,2106,file_block_0006,camera_group_v2_0449,15,medium,top75_gray32_cosine_with_frame_gap,camera_group_0460,yes,人工视觉确认02097–02111同一固定机位乱堆序列 || 同一固定机位乱堆序列，人工复核明确应整体合并,yes
02107.jpg,训练集/02107.jpg,train,乱堆,2107,file_block_0006,camera_group_v2_0449,15,medium,top75_gray32_cosine_with_frame_gap,camera_group_0460,yes,人工视觉确认02097–02111同一固定机位乱堆序列 || 同一固定机位乱堆序列，人工复核明确应整体合并,yes
02108.jpg,训练集/02108.jpg,train,乱堆,2108,file_block_0006,camera_group_v2_0449,15,medium,top75_gray32_cosine_with_frame_gap,camera_group_0460,yes,人工视觉确认02097–02111同一固定机位乱堆序列 || 同一固定机位乱堆序列，人工复核明确应整体合并,yes
02109.jpg,训练集/02109.jpg,train,乱堆,2109,file_block_0006,camera_group_v2_0449,15,medium,top75_gray32_cosine_with_frame_gap,camera_group_0460,yes,人工视觉确认02097–02111同一固定机位乱堆序列 || 同一固定机位乱堆序列，人工复核明确应整体合并,yes
02110.jpg,训练集/02110.jpg,train,乱堆,2110,file_block_0006,camera_group_v2_0449,15,low,top75_gray32_cosine_with_frame_gap,camera_group_0461,yes,人工视觉确认02097–02111同一固定机位乱堆序列 || 同一固定机位乱堆序列，人工复核明确应整体合并,yes
02111.jpg,训练集/02111.jpg,train,正常,2111,file_block_0006,camera_group_v2_0449,15,medium,top75_gray32_cosine_with_frame_gap,camera_group_0460,yes,人工视觉确认02097–02111同一固定机位乱堆序列 || 同一固定机位乱堆序列，人工复核明确应整体合并,yes
02112.jpg,训练集/02112.jpg,train,乱占,2112,file_block_0006,camera_group_v2_0450,10,medium,top75_gray32_cosine_with_frame_gap,camera_group_0462,no,,yes
02113.jpg,训练集/02113.jpg,train,乱占,2113,file_block_0006,camera_group_v2_0450,10,medium,top75_gray32_cosine_with_frame_gap,camera_group_0462,no,,yes
02114.jpg,训练集/02114.jpg,train,乱占,2114,file_block_0006,camera_group_v2_0450,10,medium,top75_gray32_cosine_with_frame_gap,camera_group_0462,no,,yes
02115.jpg,训练集/02115.jpg,train,乱占,2115,file_block_0006,camera_group_v2_0450,10,medium,top75_gray32_cosine_with_frame_gap,camera_group_0462,no,,yes
02116.jpg,训练集/02116.jpg,train,乱占,2116,file_block_0006,camera_group_v2_0450,10,medium,top75_gray32_cosine_with_frame_gap,camera_group_0462,no,,yes
02117.jpg,训练集/02117.jpg,train,乱占,2117,file_block_0006,camera_group_v2_0450,10,medium,top75_gray32_cosine_with_frame_gap,camera_group_0462,no,,yes
02118.jpg,训练集/02118.jpg,train,乱占,2118,file_block_0006,camera_group_v2_0450,10,medium,top75_gray32_cosine_with_frame_gap,camera_group_0462,no,,yes
02119.jpg,训练集/02119.jpg,train,乱占,2119,file_block_0006,camera_group_v2_0450,10,medium,top75_gray32_cosine_with_frame_gap,camera_group_0462,no,,yes
02120.jpg,训练集/02120.jpg,train,乱占,2120,file_block_0006,camera_group_v2_0450,10,medium,top75_gray32_cosine_with_frame_gap,camera_group_0462,no,,yes
02121.jpg,训练集/02121.jpg,train,乱占,2121,file_block_0006,camera_group_v2_0450,10,medium,top75_gray32_cosine_with_frame_gap,camera_group_0462,no,,yes
02122.jpg,训练集/02122.jpg,train,乱堆,2122,file_block_0006,camera_group_v2_0451,1,low,top75_gray32_cosine_with_frame_gap,camera_group_0463,no,,yes
02123.jpg,训练集/02123.jpg,train,乱采,2123,file_block_0006,camera_group_v2_0452,4,high,top75_gray32_cosine_with_frame_gap,camera_group_0464,no,,yes
02124.jpg,训练集/02124.jpg,train,乱采,2124,file_block_0006,camera_group_v2_0452,4,high,top75_gray32_cosine_with_frame_gap,camera_group_0464,no,,yes
02125.jpg,训练集/02125.jpg,train,乱采,2125,file_block_0006,camera_group_v2_0452,4,high,top75_gray32_cosine_with_frame_gap,camera_group_0464,no,,yes
02126.jpg,训练集/02126.jpg,train,乱采,2126,file_block_0006,camera_group_v2_0452,4,high,top75_gray32_cosine_with_frame_gap,camera_group_0464,no,,yes
02127.jpg,训练集/02127.jpg,train,乱占,2127,file_block_0006,camera_group_v2_0453,8,medium,top75_gray32_cosine_with_frame_gap,camera_group_0465,no,,yes
02128.jpg,训练集/02128.jpg,train,乱占,2128,file_block_0006,camera_group_v2_0453,8,medium,top75_gray32_cosine_with_frame_gap,camera_group_0465,no,,yes
02129.jpg,训练集/02129.jpg,train,乱占,2129,file_block_0006,camera_group_v2_0453,8,medium,top75_gray32_cosine_with_frame_gap,camera_group_0465,no,,yes
02130.jpg,训练集/02130.jpg,train,乱占,2130,file_block_0006,camera_group_v2_0453,8,medium,top75_gray32_cosine_with_frame_gap,camera_group_0465,no,,yes
02131.jpg,训练集/02131.jpg,train,乱占,2131,file_block_0006,camera_group_v2_0453,8,medium,top75_gray32_cosine_with_frame_gap,camera_group_0465,no,,yes
02132.jpg,训练集/02132.jpg,train,乱占,2132,file_block_0006,camera_group_v2_0453,8,medium,top75_gray32_cosine_with_frame_gap,camera_group_0465,no,,yes
02133.jpg,训练集/02133.jpg,train,乱占,2133,file_block_0006,camera_group_v2_0453,8,medium,top75_gray32_cosine_with_frame_gap,camera_group_0465,no,,yes
02134.jpg,训练集/02134.jpg,train,乱占,2134,file_block_0006,camera_group_v2_0453,8,medium,top75_gray32_cosine_with_frame_gap,camera_group_0465,no,,yes
02135.jpg,训练集/02135.jpg,train,乱占,2135,file_block_0006,camera_group_v2_0454,2,medium,top75_gray32_cosine_with_frame_gap,camera_group_0466,no,,yes
02136.jpg,训练集/02136.jpg,train,乱占,2136,file_block_0006,camera_group_v2_0454,2,medium,top75_gray32_cosine_with_frame_gap,camera_group_0466,no,,yes
02137.jpg,训练集/02137.jpg,train,乱占,2137,file_block_0006,camera_group_v2_0455,1,low,top75_gray32_cosine_with_frame_gap,camera_group_0467,no,,yes
02138.jpg,训练集/02138.jpg,train,乱堆,2138,file_block_0006,camera_group_v2_0456,5,medium,top75_gray32_cosine_with_frame_gap,camera_group_0468,no,,yes
02139.jpg,训练集/02139.jpg,train,乱堆,2139,file_block_0006,camera_group_v2_0456,5,medium,top75_gray32_cosine_with_frame_gap,camera_group_0468,no,,yes
02140.jpg,训练集/02140.jpg,train,乱堆,2140,file_block_0006,camera_group_v2_0456,5,medium,top75_gray32_cosine_with_frame_gap,camera_group_0468,no,,yes
02141.jpg,训练集/02141.jpg,train,乱堆,2141,file_block_0006,camera_group_v2_0456,5,medium,top75_gray32_cosine_with_frame_gap,camera_group_0468,no,,yes
02142.jpg,训练集/02142.jpg,train,乱堆,2142,file_block_0006,camera_group_v2_0456,5,medium,top75_gray32_cosine_with_frame_gap,camera_group_0468,no,,yes
02143.jpg,训练集/02143.jpg,train,乱占,2143,file_block_0006,camera_group_v2_0457,7,medium,top75_gray32_cosine_with_frame_gap,camera_group_0469,no,,yes
02144.jpg,训练集/02144.jpg,train,乱占,2144,file_block_0006,camera_group_v2_0457,7,medium,top75_gray32_cosine_with_frame_gap,camera_group_0469,no,,yes
02145.jpg,训练集/02145.jpg,train,乱占,2145,file_block_0006,camera_group_v2_0457,7,medium,top75_gray32_cosine_with_frame_gap,camera_group_0469,no,,yes
02146.jpg,训练集/02146.jpg,train,乱占,2146,file_block_0006,camera_group_v2_0457,7,medium,top75_gray32_cosine_with_frame_gap,camera_group_0469,no,,yes
02147.jpg,训练集/02147.jpg,train,乱占,2147,file_block_0006,camera_group_v2_0457,7,medium,top75_gray32_cosine_with_frame_gap,camera_group_0469,no,,yes
02148.jpg,训练集/02148.jpg,train,乱占,2148,file_block_0006,camera_group_v2_0457,7,medium,top75_gray32_cosine_with_frame_gap,camera_group_0469,no,,yes
02149.jpg,训练集/02149.jpg,train,乱占,2149,file_block_0006,camera_group_v2_0457,7,medium,top75_gray32_cosine_with_frame_gap,camera_group_0469,no,,yes
02150.jpg,训练集/02150.jpg,train,乱堆,2150,file_block_0006,camera_group_v2_0458,7,medium,top75_gray32_cosine_with_frame_gap,camera_group_0470,no,,yes
02151.jpg,初赛测试集/02151.jpg,test,,2151,file_block_0006,camera_group_v2_0458,7,medium,top75_gray32_cosine_with_frame_gap,camera_group_0470,no,,yes
02152.jpg,初赛测试集/02152.jpg,test,,2152,file_block_0006,camera_group_v2_0458,7,medium,top75_gray32_cosine_with_frame_gap,camera_group_0470,no,,yes
02153.jpg,初赛测试集/02153.jpg,test,,2153,file_block_0006,camera_group_v2_0458,7,medium,top75_gray32_cosine_with_frame_gap,camera_group_0470,no,,yes
02154.jpg,初赛测试集/02154.jpg,test,,2154,file_block_0006,camera_group_v2_0458,7,medium,top75_gray32_cosine_with_frame_gap,camera_group_0470,no,,yes
02155.jpg,初赛测试集/02155.jpg,test,,2155,file_block_0006,camera_group_v2_0458,7,medium,top75_gray32_cosine_with_frame_gap,camera_group_0470,no,,yes
02156.jpg,初赛测试集/02156.jpg,test,,2156,file_block_0006,camera_group_v2_0458,7,medium,top75_gray32_cosine_with_frame_gap,camera_group_0470,no,,yes
02157.jpg,初赛测试集/02157.jpg,test,,2157,file_block_0006,camera_group_v2_0459,6,medium,top75_gray32_cosine_with_frame_gap,camera_group_0471,no,,yes
02158.jpg,初赛测试集/02158.jpg,test,,2158,file_block_0006,camera_group_v2_0459,6,medium,top75_gray32_cosine_with_frame_gap,camera_group_0471,no,,yes
02159.jpg,初赛测试集/02159.jpg,test,,2159,file_block_0006,camera_group_v2_0459,6,medium,top75_gray32_cosine_with_frame_gap,camera_group_0471,no,,yes
02160.jpg,初赛测试集/02160.jpg,test,,2160,file_block_0006,camera_group_v2_0459,6,medium,top75_gray32_cosine_with_frame_gap,camera_group_0471,no,,yes
02161.jpg,初赛测试集/02161.jpg,test,,2161,file_block_0006,camera_group_v2_0459,6,medium,top75_gray32_cosine_with_frame_gap,camera_group_0471,no,,yes
02162.jpg,初赛测试集/02162.jpg,test,,2162,file_block_0006,camera_group_v2_0459,6,medium,top75_gray32_cosine_with_frame_gap,camera_group_0471,no,,yes
02163.jpg,初赛测试集/02163.jpg,test,,2163,file_block_0006,camera_group_v2_0460,13,medium,top75_gray32_cosine_with_frame_gap,camera_group_0472,yes,人工视觉确认同一溪流固定机位序列 || 同一溪流固定机位测试序列，人工复核建议整体合并,yes
02164.jpg,初赛测试集/02164.jpg,test,,2164,file_block_0006,camera_group_v2_0460,13,medium,top75_gray32_cosine_with_frame_gap,camera_group_0472,yes,人工视觉确认同一溪流固定机位序列 || 同一溪流固定机位测试序列，人工复核建议整体合并,yes
02165.jpg,初赛测试集/02165.jpg,test,,2165,file_block_0006,camera_group_v2_0460,13,medium,top75_gray32_cosine_with_frame_gap,camera_group_0472,yes,人工视觉确认同一溪流固定机位序列 || 同一溪流固定机位测试序列，人工复核建议整体合并,yes
02166.jpg,初赛测试集/02166.jpg,test,,2166,file_block_0006,camera_group_v2_0460,13,low,top75_gray32_cosine_with_frame_gap,camera_group_0473,yes,人工视觉确认同一溪流固定机位序列 || 同一溪流固定机位测试序列，人工复核建议整体合并,yes
02167.jpg,初赛测试集/02167.jpg,test,,2167,file_block_0006,camera_group_v2_0460,13,medium,top75_gray32_cosine_with_frame_gap,camera_group_0472,yes,人工视觉确认同一溪流固定机位序列 || 同一溪流固定机位测试序列，人工复核建议整体合并,yes
02168.jpg,初赛测试集/02168.jpg,test,,2168,file_block_0006,camera_group_v2_0460,13,low,top75_gray32_cosine_with_frame_gap,camera_group_0474,yes,人工视觉确认同一溪流固定机位序列 || 同一溪流固定机位测试序列，人工复核建议整体合并,yes
02169.jpg,初赛测试集/02169.jpg,test,,2169,file_block_0006,camera_group_v2_0460,13,medium,top75_gray32_cosine_with_frame_gap,camera_group_0472,yes,人工视觉确认同一溪流固定机位序列 || 同一溪流固定机位测试序列，人工复核建议整体合并,yes
02170.jpg,初赛测试集/02170.jpg,test,,2170,file_block_0006,camera_group_v2_0460,13,high,top75_gray32_cosine_with_frame_gap,camera_group_0475,yes,人工视觉确认同一溪流固定机位序列 || 同一溪流固定机位测试序列，人工复核建议整体合并,yes
02171.jpg,初赛测试集/02171.jpg,test,,2171,file_block_0006,camera_group_v2_0460,13,low,top75_gray32_cosine_with_frame_gap,camera_group_0476,yes,人工视觉确认同一溪流固定机位序列 || 同一溪流固定机位测试序列，人工复核建议整体合并,yes
02172.jpg,初赛测试集/02172.jpg,test,,2172,file_block_0006,camera_group_v2_0460,13,high,top75_gray32_cosine_with_frame_gap,camera_group_0475,yes,人工视觉确认同一溪流固定机位序列 || 同一溪流固定机位测试序列，人工复核建议整体合并,yes
02173.jpg,初赛测试集/02173.jpg,test,,2173,file_block_0006,camera_group_v2_0460,13,low,top75_gray32_cosine_with_frame_gap,camera_group_0477,yes,人工视觉确认同一溪流固定机位序列 || 同一溪流固定机位测试序列，人工复核建议整体合并,yes
02174.jpg,初赛测试集/02174.jpg,test,,2174,file_block_0006,camera_group_v2_0460,13,high,top75_gray32_cosine_with_frame_gap,camera_group_0475,yes,人工视觉确认同一溪流固定机位序列 || 同一溪流固定机位测试序列，人工复核建议整体合并,yes
02175.jpg,初赛测试集/02175.jpg,test,,2175,file_block_0006,camera_group_v2_0460,13,low,top75_gray32_cosine_with_frame_gap,camera_group_0478,yes,人工视觉确认同一溪流固定机位序列 || 同一溪流固定机位测试序列，人工复核建议整体合并,yes
02176.jpg,初赛测试集/02176.jpg,test,,2176,file_block_0006,camera_group_v2_0461,2,medium,top75_gray32_cosine_with_frame_gap,camera_group_0479,no,,yes
02177.jpg,初赛测试集/02177.jpg,test,,2177,file_block_0006,camera_group_v2_0461,2,medium,top75_gray32_cosine_with_frame_gap,camera_group_0479,no,,yes
02178.jpg,初赛测试集/02178.jpg,test,,2178,file_block_0006,camera_group_v2_0462,5,high,top75_gray32_cosine_with_frame_gap,camera_group_0480,no,,yes
02179.jpg,初赛测试集/02179.jpg,test,,2179,file_block_0006,camera_group_v2_0462,5,high,top75_gray32_cosine_with_frame_gap,camera_group_0480,no,,yes
02180.jpg,初赛测试集/02180.jpg,test,,2180,file_block_0006,camera_group_v2_0462,5,high,top75_gray32_cosine_with_frame_gap,camera_group_0480,no,,yes
02181.jpg,初赛测试集/02181.jpg,test,,2181,file_block_0006,camera_group_v2_0462,5,high,top75_gray32_cosine_with_frame_gap,camera_group_0480,no,,yes
02182.jpg,初赛测试集/02182.jpg,test,,2182,file_block_0006,camera_group_v2_0462,5,high,top75_gray32_cosine_with_frame_gap,camera_group_0480,no,,yes
02183.jpg,初赛测试集/02183.jpg,test,,2183,file_block_0006,camera_group_v2_0463,2,medium,top75_gray32_cosine_with_frame_gap,camera_group_0481,no,,yes
02184.jpg,初赛测试集/02184.jpg,test,,2184,file_block_0006,camera_group_v2_0463,2,medium,top75_gray32_cosine_with_frame_gap,camera_group_0481,no,,yes
02185.jpg,初赛测试集/02185.jpg,test,,2185,file_block_0006,camera_group_v2_0464,5,low,top75_gray32_cosine_with_frame_gap,camera_group_0482,yes,人工视觉确认同一高点河道机位序列 || 同一高点河道固定机位测试序列，人工复核建议整体合并,yes
02186.jpg,初赛测试集/02186.jpg,test,,2186,file_block_0006,camera_group_v2_0464,5,low,top75_gray32_cosine_with_frame_gap,camera_group_0483,yes,人工视觉确认同一高点河道机位序列 || 同一高点河道固定机位测试序列，人工复核建议整体合并,yes
02187.jpg,初赛测试集/02187.jpg,test,,2187,file_block_0006,camera_group_v2_0464,5,low,top75_gray32_cosine_with_frame_gap,camera_group_0484,yes,人工视觉确认同一高点河道机位序列 || 同一高点河道固定机位测试序列，人工复核建议整体合并,yes
02188.jpg,初赛测试集/02188.jpg,test,,2188,file_block_0006,camera_group_v2_0464,5,low,top75_gray32_cosine_with_frame_gap,camera_group_0485,yes,人工视觉确认同一高点河道机位序列 || 同一高点河道固定机位测试序列，人工复核建议整体合并,yes
02189.jpg,初赛测试集/02189.jpg,test,,2189,file_block_0006,camera_group_v2_0464,5,low,top75_gray32_cosine_with_frame_gap,camera_group_0486,yes,人工视觉确认同一高点河道机位序列 || 同一高点河道固定机位测试序列，人工复核建议整体合并,yes
02190.jpg,初赛测试集/02190.jpg,test,,2190,file_block_0006,camera_group_v2_0465,1,low,top75_gray32_cosine_with_frame_gap,camera_group_0487,no,,yes
02191.jpg,初赛测试集/02191.jpg,test,,2191,file_block_0006,camera_group_v2_0466,1,low,top75_gray32_cosine_with_frame_gap,camera_group_0488,no,,yes
02192.jpg,初赛测试集/02192.jpg,test,,2192,file_block_0006,camera_group_v2_0467,1,low,top75_gray32_cosine_with_frame_gap,camera_group_0489,no,,yes
02193.jpg,初赛测试集/02193.jpg,test,,2193,file_block_0006,camera_group_v2_0468,1,low,top75_gray32_cosine_with_frame_gap,camera_group_0490,no,,yes
02194.jpg,初赛测试集/02194.jpg,test,,2194,file_block_0006,camera_group_v2_0469,2,medium,top75_gray32_cosine_with_frame_gap,camera_group_0491,no,,yes
02195.jpg,初赛测试集/02195.jpg,test,,2195,file_block_0006,camera_group_v2_0469,2,medium,top75_gray32_cosine_with_frame_gap,camera_group_0491,no,,yes
02196.jpg,初赛测试集/02196.jpg,test,,2196,file_block_0006,camera_group_v2_0470,3,high,top75_gray32_cosine_with_frame_gap,camera_group_0492,no,,yes
02197.jpg,初赛测试集/02197.jpg,test,,2197,file_block_0006,camera_group_v2_0470,3,high,top75_gray32_cosine_with_frame_gap,camera_group_0492,no,,yes
02198.jpg,初赛测试集/02198.jpg,test,,2198,file_block_0006,camera_group_v2_0470,3,high,top75_gray32_cosine_with_frame_gap,camera_group_0492,no,,yes
02199.jpg,初赛测试集/02199.jpg,test,,2199,file_block_0006,camera_group_v2_0471,1,low,top75_gray32_cosine_with_frame_gap,camera_group_0493,no,,yes
02200.jpg,初赛测试集/02200.jpg,test,,2200,file_block_0006,camera_group_v2_0472,9,medium,top75_gray32_cosine_with_frame_gap,camera_group_0494,no,,yes
02201.jpg,初赛测试集/02201.jpg,test,,2201,file_block_0006,camera_group_v2_0472,9,medium,top75_gray32_cosine_with_frame_gap,camera_group_0494,no,,yes
02202.jpg,初赛测试集/02202.jpg,test,,2202,file_block_0006,camera_group_v2_0472,9,medium,top75_gray32_cosine_with_frame_gap,camera_group_0494,no,,yes
02203.jpg,初赛测试集/02203.jpg,test,,2203,file_block_0006,camera_group_v2_0472,9,medium,top75_gray32_cosine_with_frame_gap,camera_group_0494,no,,yes
02204.jpg,初赛测试集/02204.jpg,test,,2204,file_block_0006,camera_group_v2_0472,9,medium,top75_gray32_cosine_with_frame_gap,camera_group_0494,no,,yes
02205.jpg,初赛测试集/02205.jpg,test,,2205,file_block_0006,camera_group_v2_0472,9,medium,top75_gray32_cosine_with_frame_gap,camera_group_0494,no,,yes
02206.jpg,初赛测试集/02206.jpg,test,,2206,file_block_0006,camera_group_v2_0472,9,medium,top75_gray32_cosine_with_frame_gap,camera_group_0494,no,,yes
02207.jpg,初赛测试集/02207.jpg,test,,2207,file_block_0006,camera_group_v2_0472,9,medium,top75_gray32_cosine_with_frame_gap,camera_group_0494,no,,yes
02208.jpg,初赛测试集/02208.jpg,test,,2208,file_block_0006,camera_group_v2_0472,9,medium,top75_gray32_cosine_with_frame_gap,camera_group_0494,no,,yes
02209.jpg,初赛测试集/02209.jpg,test,,2209,file_block_0006,camera_group_v2_0473,2,medium,top75_gray32_cosine_with_frame_gap,camera_group_0495,no,,yes
02210.jpg,初赛测试集/02210.jpg,test,,2210,file_block_0006,camera_group_v2_0473,2,medium,top75_gray32_cosine_with_frame_gap,camera_group_0495,no,,yes
02211.jpg,初赛测试集/02211.jpg,test,,2211,file_block_0006,camera_group_v2_0474,1,low,top75_gray32_cosine_with_frame_gap,camera_group_0496,no,,yes
02212.jpg,初赛测试集/02212.jpg,test,,2212,file_block_0006,camera_group_v2_0475,3,medium,top75_gray32_cosine_with_frame_gap,camera_group_0497,yes,人工视觉确认同一桥侧/河道固定机位 || 同一桥侧/河道固定机位测试序列，人工复核建议整体合并,yes
02213.jpg,初赛测试集/02213.jpg,test,,2213,file_block_0006,camera_group_v2_0475,3,medium,top75_gray32_cosine_with_frame_gap,camera_group_0497,yes,人工视觉确认同一桥侧/河道固定机位 || 同一桥侧/河道固定机位测试序列，人工复核建议整体合并,yes
02214.jpg,初赛测试集/02214.jpg,test,,2214,file_block_0006,camera_group_v2_0475,3,low,top75_gray32_cosine_with_frame_gap,camera_group_0498,yes,人工视觉确认同一桥侧/河道固定机位 || 同一桥侧/河道固定机位测试序列，人工复核建议整体合并,yes
02215.jpg,初赛测试集/02215.jpg,test,,2215,file_block_0006,camera_group_v2_0476,31,medium,top75_gray32_cosine_with_frame_gap,camera_group_0499,no,,yes
02216.jpg,初赛测试集/02216.jpg,test,,2216,file_block_0006,camera_group_v2_0476,31,medium,top75_gray32_cosine_with_frame_gap,camera_group_0499,no,,yes
02217.jpg,初赛测试集/02217.jpg,test,,2217,file_block_0006,camera_group_v2_0476,31,medium,top75_gray32_cosine_with_frame_gap,camera_group_0499,no,,yes
02218.jpg,初赛测试集/02218.jpg,test,,2218,file_block_0006,camera_group_v2_0476,31,medium,top75_gray32_cosine_with_frame_gap,camera_group_0499,no,,yes
02219.jpg,初赛测试集/02219.jpg,test,,2219,file_block_0006,camera_group_v2_0476,31,medium,top75_gray32_cosine_with_frame_gap,camera_group_0499,no,,yes
02220.jpg,初赛测试集/02220.jpg,test,,2220,file_block_0006,camera_group_v2_0476,31,medium,top75_gray32_cosine_with_frame_gap,camera_group_0499,no,,yes
02221.jpg,初赛测试集/02221.jpg,test,,2221,file_block_0006,camera_group_v2_0476,31,medium,top75_gray32_cosine_with_frame_gap,camera_group_0499,no,,yes
02222.jpg,初赛测试集/02222.jpg,test,,2222,file_block_0006,camera_group_v2_0476,31,medium,top75_gray32_cosine_with_frame_gap,camera_group_0499,no,,yes
02223.jpg,初赛测试集/02223.jpg,test,,2223,file_block_0006,camera_group_v2_0476,31,medium,top75_gray32_cosine_with_frame_gap,camera_group_0499,no,,yes
02224.jpg,初赛测试集/02224.jpg,test,,2224,file_block_0006,camera_group_v2_0476,31,medium,top75_gray32_cosine_with_frame_gap,camera_group_0499,no,,yes
02225.jpg,初赛测试集/02225.jpg,test,,2225,file_block_0006,camera_group_v2_0476,31,medium,top75_gray32_cosine_with_frame_gap,camera_group_0499,no,,yes
02226.jpg,初赛测试集/02226.jpg,test,,2226,file_block_0006,camera_group_v2_0476,31,medium,top75_gray32_cosine_with_frame_gap,camera_group_0499,no,,yes
02227.jpg,初赛测试集/02227.jpg,test,,2227,file_block_0006,camera_group_v2_0476,31,medium,top75_gray32_cosine_with_frame_gap,camera_group_0499,no,,yes
02228.jpg,初赛测试集/02228.jpg,test,,2228,file_block_0006,camera_group_v2_0476,31,medium,top75_gray32_cosine_with_frame_gap,camera_group_0499,no,,yes
02229.jpg,初赛测试集/02229.jpg,test,,2229,file_block_0006,camera_group_v2_0476,31,medium,top75_gray32_cosine_with_frame_gap,camera_group_0499,no,,yes
02230.jpg,初赛测试集/02230.jpg,test,,2230,file_block_0006,camera_group_v2_0476,31,medium,top75_gray32_cosine_with_frame_gap,camera_group_0499,no,,yes
02231.jpg,初赛测试集/02231.jpg,test,,2231,file_block_0006,camera_group_v2_0476,31,medium,top75_gray32_cosine_with_frame_gap,camera_group_0499,no,,yes
02232.jpg,初赛测试集/02232.jpg,test,,2232,file_block_0006,camera_group_v2_0476,31,medium,top75_gray32_cosine_with_frame_gap,camera_group_0499,no,,yes
02233.jpg,初赛测试集/02233.jpg,test,,2233,file_block_0006,camera_group_v2_0476,31,medium,top75_gray32_cosine_with_frame_gap,camera_group_0499,no,,yes
02234.jpg,初赛测试集/02234.jpg,test,,2234,file_block_0006,camera_group_v2_0476,31,medium,top75_gray32_cosine_with_frame_gap,camera_group_0499,no,,yes
02235.jpg,初赛测试集/02235.jpg,test,,2235,file_block_0006,camera_group_v2_0476,31,medium,top75_gray32_cosine_with_frame_gap,camera_group_0499,no,,yes
02236.jpg,初赛测试集/02236.jpg,test,,2236,file_block_0006,camera_group_v2_0476,31,medium,top75_gray32_cosine_with_frame_gap,camera_group_0499,no,,yes
02237.jpg,初赛测试集/02237.jpg,test,,2237,file_block_0006,camera_group_v2_0476,31,medium,top75_gray32_cosine_with_frame_gap,camera_group_0499,no,,yes
02238.jpg,初赛测试集/02238.jpg,test,,2238,file_block_0006,camera_group_v2_0476,31,medium,top75_gray32_cosine_with_frame_gap,camera_group_0499,no,,yes
02239.jpg,初赛测试集/02239.jpg,test,,2239,file_block_0006,camera_group_v2_0476,31,medium,top75_gray32_cosine_with_frame_gap,camera_group_0499,no,,yes
02240.jpg,初赛测试集/02240.jpg,test,,2240,file_block_0006,camera_group_v2_0476,31,medium,top75_gray32_cosine_with_frame_gap,camera_group_0499,no,,yes
02241.jpg,初赛测试集/02241.jpg,test,,2241,file_block_0006,camera_group_v2_0476,31,medium,top75_gray32_cosine_with_frame_gap,camera_group_0499,no,,yes
02242.jpg,初赛测试集/02242.jpg,test,,2242,file_block_0006,camera_group_v2_0476,31,medium,top75_gray32_cosine_with_frame_gap,camera_group_0499,no,,yes
02243.jpg,初赛测试集/02243.jpg,test,,2243,file_block_0006,camera_group_v2_0476,31,medium,top75_gray32_cosine_with_frame_gap,camera_group_0499,no,,yes
02244.jpg,初赛测试集/02244.jpg,test,,2244,file_block_0006,camera_group_v2_0476,31,medium,top75_gray32_cosine_with_frame_gap,camera_group_0499,no,,yes
02245.jpg,初赛测试集/02245.jpg,test,,2245,file_block_0006,camera_group_v2_0476,31,medium,top75_gray32_cosine_with_frame_gap,camera_group_0499,no,,yes
02246.jpg,初赛测试集/02246.jpg,test,,2246,file_block_0006,camera_group_v2_0477,1,low,top75_gray32_cosine_with_frame_gap,camera_group_0500,no,,yes
02247.jpg,初赛测试集/02247.jpg,test,,2247,file_block_0006,camera_group_v2_0478,19,medium,top75_gray32_cosine_with_frame_gap,camera_group_0501,no,,yes
02248.jpg,初赛测试集/02248.jpg,test,,2248,file_block_0006,camera_group_v2_0478,19,medium,top75_gray32_cosine_with_frame_gap,camera_group_0501,no,,yes
02249.jpg,初赛测试集/02249.jpg,test,,2249,file_block_0006,camera_group_v2_0478,19,medium,top75_gray32_cosine_with_frame_gap,camera_group_0501,no,,yes
02250.jpg,初赛测试集/02250.jpg,test,,2250,file_block_0006,camera_group_v2_0478,19,medium,top75_gray32_cosine_with_frame_gap,camera_group_0501,no,,yes
02251.jpg,初赛测试集/02251.jpg,test,,2251,file_block_0006,camera_group_v2_0478,19,medium,top75_gray32_cosine_with_frame_gap,camera_group_0501,no,,yes
02252.jpg,初赛测试集/02252.jpg,test,,2252,file_block_0006,camera_group_v2_0478,19,medium,top75_gray32_cosine_with_frame_gap,camera_group_0501,no,,yes
02253.jpg,初赛测试集/02253.jpg,test,,2253,file_block_0006,camera_group_v2_0478,19,medium,top75_gray32_cosine_with_frame_gap,camera_group_0501,no,,yes
02254.jpg,初赛测试集/02254.jpg,test,,2254,file_block_0006,camera_group_v2_0478,19,medium,top75_gray32_cosine_with_frame_gap,camera_group_0501,no,,yes
02255.jpg,初赛测试集/02255.jpg,test,,2255,file_block_0006,camera_group_v2_0478,19,medium,top75_gray32_cosine_with_frame_gap,camera_group_0501,no,,yes
02256.jpg,初赛测试集/02256.jpg,test,,2256,file_block_0006,camera_group_v2_0478,19,medium,top75_gray32_cosine_with_frame_gap,camera_group_0501,no,,yes
02257.jpg,初赛测试集/02257.jpg,test,,2257,file_block_0006,camera_group_v2_0478,19,medium,top75_gray32_cosine_with_frame_gap,camera_group_0501,no,,yes
02258.jpg,初赛测试集/02258.jpg,test,,2258,file_block_0006,camera_group_v2_0478,19,medium,top75_gray32_cosine_with_frame_gap,camera_group_0501,no,,yes
02259.jpg,初赛测试集/02259.jpg,test,,2259,file_block_0006,camera_group_v2_0478,19,medium,top75_gray32_cosine_with_frame_gap,camera_group_0501,no,,yes
02260.jpg,初赛测试集/02260.jpg,test,,2260,file_block_0006,camera_group_v2_0478,19,medium,top75_gray32_cosine_with_frame_gap,camera_group_0501,no,,yes
02261.jpg,初赛测试集/02261.jpg,test,,2261,file_block_0006,camera_group_v2_0478,19,medium,top75_gray32_cosine_with_frame_gap,camera_group_0501,no,,yes
02262.jpg,初赛测试集/02262.jpg,test,,2262,file_block_0006,camera_group_v2_0478,19,medium,top75_gray32_cosine_with_frame_gap,camera_group_0501,no,,yes
02263.jpg,初赛测试集/02263.jpg,test,,2263,file_block_0006,camera_group_v2_0478,19,medium,top75_gray32_cosine_with_frame_gap,camera_group_0501,no,,yes
02264.jpg,初赛测试集/02264.jpg,test,,2264,file_block_0006,camera_group_v2_0478,19,medium,top75_gray32_cosine_with_frame_gap,camera_group_0501,no,,yes
02265.jpg,初赛测试集/02265.jpg,test,,2265,file_block_0006,camera_group_v2_0478,19,medium,top75_gray32_cosine_with_frame_gap,camera_group_0501,no,,yes
02266.jpg,初赛测试集/02266.jpg,test,,2266,file_block_0006,camera_group_v2_0479,1,low,top75_gray32_cosine_with_frame_gap,camera_group_0502,no,,yes
02267.jpg,初赛测试集/02267.jpg,test,,2267,file_block_0006,camera_group_v2_0480,1,low,top75_gray32_cosine_with_frame_gap,camera_group_0503,no,,yes
02268.jpg,初赛测试集/02268.jpg,test,,2268,file_block_0006,camera_group_v2_0481,8,medium,top75_gray32_cosine_with_frame_gap,camera_group_0504,no,,yes
02269.jpg,初赛测试集/02269.jpg,test,,2269,file_block_0006,camera_group_v2_0482,3,high,top75_gray32_cosine_with_frame_gap,camera_group_0505,no,,yes
02270.jpg,初赛测试集/02270.jpg,test,,2270,file_block_0006,camera_group_v2_0482,3,high,top75_gray32_cosine_with_frame_gap,camera_group_0505,no,,yes
02271.jpg,初赛测试集/02271.jpg,test,,2271,file_block_0006,camera_group_v2_0481,8,medium,top75_gray32_cosine_with_frame_gap,camera_group_0504,no,,yes
02272.jpg,初赛测试集/02272.jpg,test,,2272,file_block_0006,camera_group_v2_0482,3,high,top75_gray32_cosine_with_frame_gap,camera_group_0505,no,,yes
02273.jpg,初赛测试集/02273.jpg,test,,2273,file_block_0006,camera_group_v2_0481,8,medium,top75_gray32_cosine_with_frame_gap,camera_group_0504,no,,yes
02274.jpg,初赛测试集/02274.jpg,test,,2274,file_block_0006,camera_group_v2_0481,8,medium,top75_gray32_cosine_with_frame_gap,camera_group_0504,no,,yes
02275.jpg,初赛测试集/02275.jpg,test,,2275,file_block_0006,camera_group_v2_0483,1,low,top75_gray32_cosine_with_frame_gap,camera_group_0506,no,,yes
02276.jpg,初赛测试集/02276.jpg,test,,2276,file_block_0006,camera_group_v2_0484,1,low,top75_gray32_cosine_with_frame_gap,camera_group_0507,no,,yes
02277.jpg,初赛测试集/02277.jpg,test,,2277,file_block_0006,camera_group_v2_0485,6,medium,top75_gray32_cosine_with_frame_gap,camera_group_0508,no,,yes
02278.jpg,初赛测试集/02278.jpg,test,,2278,file_block_0006,camera_group_v2_0485,6,medium,top75_gray32_cosine_with_frame_gap,camera_group_0508,no,,yes
02279.jpg,初赛测试集/02279.jpg,test,,2279,file_block_0006,camera_group_v2_0485,6,medium,top75_gray32_cosine_with_frame_gap,camera_group_0508,no,,yes
02280.jpg,初赛测试集/02280.jpg,test,,2280,file_block_0006,camera_group_v2_0485,6,medium,top75_gray32_cosine_with_frame_gap,camera_group_0508,no,,yes
02281.jpg,初赛测试集/02281.jpg,test,,2281,file_block_0006,camera_group_v2_0485,6,medium,top75_gray32_cosine_with_frame_gap,camera_group_0508,no,,yes
02282.jpg,初赛测试集/02282.jpg,test,,2282,file_block_0006,camera_group_v2_0485,6,medium,top75_gray32_cosine_with_frame_gap,camera_group_0508,no,,yes
02283.jpg,初赛测试集/02283.jpg,test,,2283,file_block_0006,camera_group_v2_0486,4,high,top75_gray32_cosine_with_frame_gap,camera_group_0509,no,,yes
02284.jpg,初赛测试集/02284.jpg,test,,2284,file_block_0006,camera_group_v2_0486,4,high,top75_gray32_cosine_with_frame_gap,camera_group_0509,no,,yes
02285.jpg,初赛测试集/02285.jpg,test,,2285,file_block_0006,camera_group_v2_0486,4,high,top75_gray32_cosine_with_frame_gap,camera_group_0509,no,,yes
02286.jpg,初赛测试集/02286.jpg,test,,2286,file_block_0006,camera_group_v2_0486,4,high,top75_gray32_cosine_with_frame_gap,camera_group_0509,no,,yes
02287.jpg,初赛测试集/02287.jpg,test,,2287,file_block_0006,camera_group_v2_0487,4,high,top75_gray32_cosine_with_frame_gap,camera_group_0510,no,,yes
02288.jpg,初赛测试集/02288.jpg,test,,2288,file_block_0006,camera_group_v2_0487,4,high,top75_gray32_cosine_with_frame_gap,camera_group_0510,no,,yes
02289.jpg,初赛测试集/02289.jpg,test,,2289,file_block_0006,camera_group_v2_0487,4,high,top75_gray32_cosine_with_frame_gap,camera_group_0510,no,,yes
02290.jpg,初赛测试集/02290.jpg,test,,2290,file_block_0006,camera_group_v2_0487,4,high,top75_gray32_cosine_with_frame_gap,camera_group_0510,no,,yes
02291.jpg,初赛测试集/02291.jpg,test,,2291,file_block_0006,camera_group_v2_0481,8,medium,top75_gray32_cosine_with_frame_gap,camera_group_0504,no,,yes
02292.jpg,初赛测试集/02292.jpg,test,,2292,file_block_0006,camera_group_v2_0481,8,medium,top75_gray32_cosine_with_frame_gap,camera_group_0504,no,,yes
02293.jpg,初赛测试集/02293.jpg,test,,2293,file_block_0006,camera_group_v2_0481,8,medium,top75_gray32_cosine_with_frame_gap,camera_group_0504,no,,yes
02294.jpg,初赛测试集/02294.jpg,test,,2294,file_block_0006,camera_group_v2_0481,8,medium,top75_gray32_cosine_with_frame_gap,camera_group_0504,no,,yes
02295.jpg,初赛测试集/02295.jpg,test,,2295,file_block_0006,camera_group_v2_0488,2,low,top75_gray32_cosine_with_frame_gap,camera_group_0511,yes,人工视觉确认同一机位 || 同一固定机位测试序列，人工复核建议整体合并,yes
02296.jpg,初赛测试集/02296.jpg,test,,2296,file_block_0006,camera_group_v2_0488,2,low,top75_gray32_cosine_with_frame_gap,camera_group_0512,yes,人工视觉确认同一机位 || 同一固定机位测试序列，人工复核建议整体合并,yes
02297.jpg,初赛测试集/02297.jpg,test,,2297,file_block_0006,camera_group_v2_0489,1,low,top75_gray32_cosine_with_frame_gap,camera_group_0513,no,,yes
02298.jpg,初赛测试集/02298.jpg,test,,2298,file_block_0006,camera_group_v2_0490,1,low,top75_gray32_cosine_with_frame_gap,camera_group_0514,no,,yes
02299.jpg,初赛测试集/02299.jpg,test,,2299,file_block_0006,camera_group_v2_0491,4,high,top75_gray32_cosine_with_frame_gap,camera_group_0515,yes,人工视觉确认同一河道机位 || 同一河道固定机位测试序列，人工复核建议整体合并,yes
02300.jpg,初赛测试集/02300.jpg,test,,2300,file_block_0006,camera_group_v2_0491,4,high,top75_gray32_cosine_with_frame_gap,camera_group_0515,yes,人工视觉确认同一河道机位 || 同一河道固定机位测试序列，人工复核建议整体合并,yes
02301.jpg,初赛测试集/02301.jpg,test,,2301,file_block_0006,camera_group_v2_0491,4,low,top75_gray32_cosine_with_frame_gap,camera_group_0516,yes,人工视觉确认同一河道机位 || 同一河道固定机位测试序列，人工复核建议整体合并,yes
02302.jpg,初赛测试集/02302.jpg,test,,2302,file_block_0006,camera_group_v2_0491,4,high,top75_gray32_cosine_with_frame_gap,camera_group_0515,yes,人工视觉确认同一河道机位 || 同一河道固定机位测试序列，人工复核建议整体合并,yes
02303.jpg,初赛测试集/02303.jpg,test,,2303,file_block_0006,camera_group_v2_0492,6,medium,top75_gray32_cosine_with_frame_gap,camera_group_0517,no,,yes
02304.jpg,初赛测试集/02304.jpg,test,,2304,file_block_0006,camera_group_v2_0492,6,medium,top75_gray32_cosine_with_frame_gap,camera_group_0517,no,,yes
02305.jpg,初赛测试集/02305.jpg,test,,2305,file_block_0006,camera_group_v2_0492,6,medium,top75_gray32_cosine_with_frame_gap,camera_group_0517,no,,yes
02306.jpg,初赛测试集/02306.jpg,test,,2306,file_block_0006,camera_group_v2_0492,6,medium,top75_gray32_cosine_with_frame_gap,camera_group_0517,no,,yes
02307.jpg,初赛测试集/02307.jpg,test,,2307,file_block_0006,camera_group_v2_0492,6,medium,top75_gray32_cosine_with_frame_gap,camera_group_0517,no,,yes
02308.jpg,初赛测试集/02308.jpg,test,,2308,file_block_0006,camera_group_v2_0492,6,medium,top75_gray32_cosine_with_frame_gap,camera_group_0517,no,,yes
02309.jpg,初赛测试集/02309.jpg,test,,2309,file_block_0006,camera_group_v2_0493,3,high,top75_gray32_cosine_with_frame_gap,camera_group_0518,no,,yes
02310.jpg,初赛测试集/02310.jpg,test,,2310,file_block_0006,camera_group_v2_0493,3,high,top75_gray32_cosine_with_frame_gap,camera_group_0518,no,,yes
02311.jpg,初赛测试集/02311.jpg,test,,2311,file_block_0006,camera_group_v2_0493,3,high,top75_gray32_cosine_with_frame_gap,camera_group_0518,no,,yes
02312.jpg,初赛测试集/02312.jpg,test,,2312,file_block_0006,camera_group_v2_0494,1,low,top75_gray32_cosine_with_frame_gap,camera_group_0519,no,,yes
02313.jpg,初赛测试集/02313.jpg,test,,2313,file_block_0006,camera_group_v2_0495,1,low,top75_gray32_cosine_with_frame_gap,camera_group_0520,no,,yes
02314.jpg,初赛测试集/02314.jpg,test,,2314,file_block_0006,camera_group_v2_0496,1,low,top75_gray32_cosine_with_frame_gap,camera_group_0521,no,,yes
02315.jpg,初赛测试集/02315.jpg,test,,2315,file_block_0006,camera_group_v2_0497,2,medium,top75_gray32_cosine_with_frame_gap,camera_group_0522,no,,yes
02316.jpg,初赛测试集/02316.jpg,test,,2316,file_block_0006,camera_group_v2_0497,2,medium,top75_gray32_cosine_with_frame_gap,camera_group_0522,no,,yes
02317.jpg,初赛测试集/02317.jpg,test,,2317,file_block_0006,camera_group_v2_0498,1,low,top75_gray32_cosine_with_frame_gap,camera_group_0523,no,,yes
02318.jpg,初赛测试集/02318.jpg,test,,2318,file_block_0006,camera_group_v2_0499,4,medium,top75_gray32_cosine_with_frame_gap,camera_group_0524,no,,yes
02319.jpg,初赛测试集/02319.jpg,test,,2319,file_block_0006,camera_group_v2_0499,4,medium,top75_gray32_cosine_with_frame_gap,camera_group_0524,no,,yes
02320.jpg,初赛测试集/02320.jpg,test,,2320,file_block_0006,camera_group_v2_0499,4,medium,top75_gray32_cosine_with_frame_gap,camera_group_0524,no,,yes
02321.jpg,初赛测试集/02321.jpg,test,,2321,file_block_0006,camera_group_v2_0499,4,medium,top75_gray32_cosine_with_frame_gap,camera_group_0524,no,,yes
02484.jpg,初赛测试集/02484.jpg,test,,2484,file_block_0007,camera_group_v2_0500,1,low,top75_gray32_cosine_with_frame_gap,camera_group_0525,no,,yes
02485.png,初赛测试集/02485.png,test,,2485,file_block_0007,camera_group_v2_0501,1,low,top75_gray32_cosine_with_frame_gap,camera_group_0526,no,,yes
02486.jpg,训练集/02486.jpg,train,乱建,2486,file_block_0007,camera_group_v2_0502,1,low,top75_gray32_cosine_with_frame_gap,camera_group_0527,no,,yes
02487.jpg,训练集/02487.jpg,train,乱建,2487,file_block_0007,camera_group_v2_0503,1,low,top75_gray32_cosine_with_frame_gap,camera_group_0528,no,,yes
02488.jpg,训练集/02488.jpg,train,乱建,2488,file_block_0007,camera_group_v2_0504,1,low,top75_gray32_cosine_with_frame_gap,camera_group_0529,no,,yes
02489.jpg,训练集/02489.jpg,train,乱建,2489,file_block_0007,camera_group_v2_0505,1,low,top75_gray32_cosine_with_frame_gap,camera_group_0530,no,,yes
02490.jpg,初赛测试集/02490.jpg,test,,2490,file_block_0007,camera_group_v2_0506,1,low,top75_gray32_cosine_with_frame_gap,camera_group_0531,no,,yes
02491.png,初赛测试集/02491.png,test,,2491,file_block_0007,camera_group_v2_0507,1,low,top75_gray32_cosine_with_frame_gap,camera_group_0532,no,,yes
02492.jpg,初赛测试集/02492.jpg,test,,2492,file_block_0007,camera_group_v2_0508,1,low,top75_gray32_cosine_with_frame_gap,camera_group_0533,no,,yes
