ndwi,mndwi,turbidity_index,chlorophyll_index,ph,temperature,rainfall_7d,upstream_landuse,anomaly_flag
-0.008584876073670603,-0.053779974059021456,5.217000950208577,8.269370300554083,7.766881843739639,22.88138517864093,19.539395241704355,0.7104404719443442,0
-0.4119952318721487,-0.4785830029841923,7.668576779147196,7.194583986603276,8.489074530088752,26.49561741999556,64.47722221385621,0.2163231800805275,1
0.12513535874193715,0.16853634108694784,5.280351956486792,11.381870847541832,8.472663487797671,14.638646920831569,31.38663808234943,0.6942616727014965,0
0.18216941491736413,0.20735485644686463,17.172323686430087,10.007818011591548,7.1392345387839065,20.573509188062253,126.4186414386957,0.31817555375937406,1
-0.6853105565961509,-0.8257897113571837,10.568442853521873,1.6604501377774334,7.6552139595951925,26.145766476895602,66.39649446211862,0.2545332621134735,1
-0.4906538520586954,-0.3783860266023215,3.726551745905429,9.704804791645794,6.008718374278285,22.32800074171297,40.99563881085439,0.3098526218917844,1
-0.0616478790498144,-0.07106733658489772,3.703149003512965,4.473899032712721,7.579274406817543,29.3366690603874,25.698779564937787,0.8580369034139754,1
-0.19487277770307465,-0.3059658872246467,5.940646891222993,3.629647838109449,6.864808457734465,14.120383209065409,66.4466374428631,0.7628010484392415,0
-0.10504034725128665,0.01383806418410076,2.710650090032732,6.724538474550329,7.350894059231587,13.549991160269334,13.803887531976821,0.7261690603646542,0
-0.355913178272074,-0.29334562111245865,9.022964908783255,9.074656738846206,6.151702508146644,25.84843258311359,2.465978170261863,0.41868643789829374,1
0.16381939245884855,0.03736519326405713,5.567579019847548,3.253179074008291,7.823897829375261,26.329036074663875,3.116117411699632,0.5574989571834926,0
0.13333758062868448,0.3110558646544569,5.227197828885289,10.509590366438582,6.142745043539514,21.033749965840833,57.42525311438912,0.7083566899582786,0
-0.0801907907316352,-0.014311053895015913,6.767773806110692,10.822955890442437,7.618627685433269,24.001972000228623,19.06406953112474,0.5755225676837574,1
0.23817236209040984,0.23715275052790524,12.600014062414282,7.564665263035792,6.51879552558196,25.726034888157034,29.97418542230927,0.27199099629886203,1
0.04025280267561368,0.19927468323779163,4.9657940355802355,4.788361015358908,6.820287171891293,17.930683970741267,5.784087235953183,0.35802884077220554,0
-0.3577877388649715,-0.34185796048200745,4.187801009683268,4.528138817044097,8.42378568203613,18.465758124753503,14.262201946002111,0.594336086165655,0
0.010625235224749646,0.007816927714346448,11.080998271800269,12.341481472762474,7.9703343567308975,22.948630895993183,94.58865688429846,0.739744024189044,1
-0.38766478024869966,-0.45369479185089856,8.0087144061795,3.4708122929527514,8.419362510136434,26.5204447994686,22.20528430170709,0.7682627020545406,1
0.16353509039218175,0.22172013432288962,3.6965948894663185,12.581597498969542,8.747781706001032,16.170215368210076,11.341619978633199,0.3380393519102723,0
-0.11497777329587587,-0.06731747656347788,4.4956572227591,6.8032498724646135,6.881729034288188,21.010261840324905,2.102474617378969,0.032590571394656515,0
-0.15545870906357817,-0.15399069507460705,5.039105315519355,7.043341836182287,8.699177329952697,20.778816841477806,10.33955332654382,0.4770071586360163,1
-0.3042788633211824,-0.3832774987079427,5.5682886733763794,3.145447430532576,6.327595475056879,24.08979552521382,28.058070922206706,0.2634913474802441,0
0.2667624016022091,0.27975538701881647,1.985836209048231,6.866411903009704,8.096880267635923,21.95650814995583,23.10963630698375,0.6822731488608249,0
-0.14635884462064064,-0.15333872319685443,1.7762585879939292,10.042165296628678,7.105329828320023,19.270582080985704,18.52307026663861,0.7664569744483422,0
-0.22849834664893218,-0.3618457785223523,2.631531475525085,3.787836289019431,6.755759885888547,28.24282890378703,61.411354683684365,0.45711203216390683,1
-0.20564006514646888,-0.3528213002788875,2.5121951537753726,9.481266777193074,7.991575893843554,19.303712591895902,19.044650856223647,0.3734106024588948,0
0.0596927556660046,0.11620809354698156,3.045623346228708,7.725342256411918,8.25596122013537,20.53951818489273,5.7876855105064,0.6640117748683639,0
0.009633219309223492,-0.2505556121959454,6.5589228203233185,5.355489946993123,8.232214709317235,14.042511820401883,10.786551605210352,0.4654058298332645,0
0.023819783478796513,0.04436083617492251,4.049698792802441,11.328668443022679,7.671887911115833,18.431870615770524,46.685561606546386,0.4815815329078695,0
0.029246300902364797,-0.01856200487301765,5.042171099343068,2.456829298414491,7.605565841063391,24.58038038169525,2.0920867919699697,0.4957572224907005,0
0.5424942802611383,0.6733189409491294,2.1498927431208505,8.787588905652926,7.921493268559922,23.6030097817743,71.47848928925875,0.3771038619142234,0
-0.22192450491538468,-0.27127132583077224,3.3974144221443177,16.6052278920366,7.743011260413753,24.997584950328807,18.79461564706262,0.20109457566287187,1
-0.2536728187214612,-0.1877243972962716,6.374811978538157,15.179890667701342,7.933084671668785,24.754911429728352,39.29847733707155,0.35206586425011277,1
-0.3441318184743633,-0.38382320259814245,6.404311752845375,8.979133273867035,7.6631995688885715,32.43857018147577,158.2819315473639,0.5985074702996473,1
0.08479382677264868,0.09616864212126303,2.9015808323859,6.354477051365754,8.17422705960509,18.260705862765448,28.074835511961993,0.1938853367124507,0
0.23869168781626746,0.31237534090827257,4.9381829113752085,5.376828604934723,6.1982337547596575,13.902881282826058,16.38320819853891,0.3843918713639681,0
-0.13418423729646253,-0.18043980892892056,16.765257045820825,6.350522563906009,7.394981219930891,16.747235019642382,1.1565170846217898,0.5763806004188662,1
-0.3520469430887584,-0.252391454638918,4.434616950891153,9.697844302534477,6.392922804923531,18.48174082084204,17.359667653983525,0.3709709672478758,0
-0.34734436470737184,-0.44671415241802015,2.956741544196267,4.935125470934223,7.721361614083908,17.128365316915446,22.065167381958794,0.5629211895049254,0
0.09517783634741031,0.12463712060324822,4.037971921832551,10.790994125851618,8.813544140682959,22.46830423822427,12.405729011555778,0.4902814846360282,0
0.12297625136103268,0.21524022363981798,4.736536936236128,21.468360766053497,7.120732174442425,28.263274527785107,30.123494434761678,0.6122758487511702,1
0.06294628049155848,0.128950029670592,4.093085029173828,7.163927631341391,7.601801624237773,29.698295364849574,2.197383177112279,0.15556059356405263,0
-0.2996529121866083,-0.10800842451306725,4.398163993313235,3.772744038462954,8.10518937193731,24.521542509233022,58.363691050704645,0.4700384064633957,0
-0.03035160307998408,-0.10669553481105014,1.885007730283834,3.772083973464946,5.84582165458678,32.706361077270074,26.666306766351816,0.29388642563674694,0
-0.06499425725778155,-0.20290918239264033,2.5153745400487164,10.89476910971462,7.08231161428465,20.218134717167903,17.041398972855923,0.16231364696967682,0
-0.03439342098129612,-0.13382693183080807,4.097589433507827,7.171586580375816,7.79161252741828,13.837404789987868,14.913827178485525,0.7256130939732809,0
0.16142863338445693,0.22747289003930063,4.058604592007376,11.45487550918631,5.182404219474179,27.265890339440848,35.91547663085114,0.20806148675794087,0
-0.032921335367595325,0.016870958059342536,3.190847115793707,5.658636009320556,6.718553205540023,12.807028041254688,31.240798046169942,0.2872430321052944,0
0.10367406892156844,0.11389973488631001,4.030102655061481,11.193259578337067,8.38068637870503,18.22498488650098,2.490326550100417,0.38747026907523713,0
-0.07972627915333257,-0.19202198406404558,4.648799030584742,6.826761570089437,8.30239752036058,24.600561162113983,36.79626590082145,0.3589925480293868,1
-0.013264180393004768,0.06342254893990132,7.6419138360951875,5.123039792447201,7.7994545818960805,21.488092599756097,2.2573137871829467,0.7252641851778852,0
0.08938646775156212,-0.03308401001349193,4.222692504635347,6.04662799581695,8.205758111954541,21.04523618564247,15.343405417612786,0.2852130819034663,1
-0.5371467459567,-0.42125178771901,5.694278638853212,4.061176956180802,7.672083387537171,16.09604983589997,12.708689784193016,0.35907016337567677,1
-0.1959013649071904,0.08984247740679613,3.2382718864712148,19.978961188292743,7.944315925953852,21.945988052833314,21.465497574105605,0.3522861233261245,0
-0.24111179628783866,-0.2044666816306836,6.317082262041652,7.041414640389843,7.247477032927509,27.01831244368896,36.16120850959469,0.5726366479990161,0
-0.29166335447300257,-0.23335254090722826,5.614980854999535,10.198667192403745,7.592650146337674,22.099839582680094,27.25782857896116,0.4337575762727253,0
-0.18254267536800511,-0.23182865225756105,7.534482889409673,5.649490892433909,6.994103690867342,17.848870601794694,2.8668981691339512,0.24424073426194715,0
0.3484823933703187,0.16746106126163707,6.876269475349641,4.366824513476634,8.510786675345852,15.762307697013348,49.62394836580616,0.4219908394320905,0
-0.359749334707973,-0.42002127101099523,6.38046752038218,6.573587621306195,8.717247527601762,17.952027085222106,48.87998677397399,0.6814119414581897,0
0.19048350637744424,0.0811939822675693,4.224705502398168,12.81474250917164,8.60393024055766,23.961668762071792,26.787141215575048,0.4042031524730398,0
-0.6048609314847414,-0.7495613891262429,5.191193001757648,5.695259170549799,7.17351299065771,23.718011311798552,7.209716800318684,0.042629406732823706,1
-0.20046550899573246,-0.028229514796167532,8.483349474947513,4.7814029787446195,6.73698076850793,17.997464497021657,6.424501385296102,0.38586083638888624,1
-0.05117408046849833,-0.023887828665921026,3.0305837519010863,7.986336325840616,8.52157892860013,10.94620289008971,83.62338418509034,0.4245853179944875,0
0.07586669940778343,0.1138354574691818,3.073925264792172,9.483100316040996,7.93512576207313,24.100063818360823,5.138903866755906,0.5540469656208702,0
0.11336797393785647,0.08246573741823152,4.997105469834563,16.800759343852242,7.762867473218914,17.511463005123744,27.431414428177654,0.5313282103483761,1
0.13800417055997755,0.12071706231563391,5.749815769214028,8.818706810870786,6.993094332043883,25.445312395076417,82.78537932703348,0.49741574730135474,0
-0.2046175216745313,-0.10816245345059794,2.7333722421715625,10.196008694660533,7.840531050109412,18.21945178936125,10.1530276146659,0.4370152517196431,0
-0.23870553779937015,-0.2419392496688917,4.285093884959736,10.587114182457977,6.631777552270452,17.060497731650955,5.06474966907207,0.17691339075363632,0
0.15739276437714614,0.2104621581796194,4.235920820257066,4.151593801353162,8.007249884863226,22.76585953629792,10.219889602905393,0.19574853160480793,0
-0.15739129746448446,-0.17699172724898604,1.1862913530350545,4.564614048845198,8.603109359684968,33.78849615013185,53.233720464285774,0.35815160522583134,0
-0.48270589700137656,-0.5169211860745813,3.928444737436728,4.297579061500858,8.804836435126361,25.745149955582868,63.04540153379672,0.08818902531745466,1
-0.4399861642010442,-0.5806775807612304,4.078010717563526,3.7959212011969363,8.066819243287853,22.68109649602926,14.555149720876647,0.5197295803467286,1
-0.37583568580048343,-0.5736105920371962,4.070737692692151,10.998181461343663,6.3943827603031025,23.794257681904842,22.993956883750894,0.2245841914899614,0
0.04914822321612919,0.022992033109489007,10.480837237185568,8.542255182502023,7.6578641047568174,13.244420692572014,76.49561133953517,0.15949244036622082,1
-0.05727227917883043,-0.05162260997950716,2.160891830329737,7.688671652077308,9.21174539524617,16.38829814623722,7.067255174834089,0.5361564924060943,1
0.10714560622033045,-0.021467397450548653,2.7325260031639327,2.021099645592625,6.805110727646173,9.445355674764304,17.108292363369067,0.18039177472996543,0
-0.22817579390096027,-0.23162328040442356,0.9348983436328423,20.650477224996113,7.452654741671826,30.649369472883112,37.98061243314337,0.46412213624216553,1
-0.05243809267698574,-0.047062836377935534,3.358350733342943,4.724983164748756,8.630819481440781,29.63693014577874,91.38565485068732,0.6697102267319647,0
0.08767711819020102,-0.1279236824157369,3.5346485259758182,20.61267912512984,7.993707137658868,23.96409263107455,76.61230957313205,0.2020932519547289,1
-0.19280396191607152,-0.28431642786402167,3.3003010586310766,3.580058924641931,9.484125059588084,22.675575515421023,24.572191441144945,0.26939005019421447,1
0.037032571267223424,0.07775896064077029,8.711172556631915,4.922415772761269,6.9137044934171294,14.2420499875121,13.033570477841813,0.1877381248587433,1
-0.2985777823199954,-0.259871909380421,7.511014276158522,2.45610143111293,6.708195371407342,20.903500198746546,36.16473164043804,0.5911721222425337,0
-0.20891615396952154,-0.32428364560949763,4.696013862774883,8.855710347692675,8.47930034866814,30.961959392019462,4.442777521105234,0.3793151425845818,0
-0.21452136819949874,-0.19867656314952525,3.588133561047966,4.260436371222046,6.543297097382771,22.657079990978573,147.9434189802862,0.24702358653585646,1
-0.4587518936767119,-0.35651117114066466,8.295504991925187,4.32105645855928,7.342585608945971,19.176767668940517,9.224241807194897,0.5846532482309661,1
0.046091744235674525,0.12379904013476435,4.428873594412118,3.7200715107225433,7.447482764112339,13.209646699981933,23.932084394738418,0.33710271417896964,0
-0.24082070206081715,-0.25034928076221064,2.742960952832083,10.899070728873184,8.328791578708739,28.901528638654025,0.3309809972569045,0.17984044219762463,0
-0.09625176438169378,-0.143049395714123,1.6003955116978188,10.545843758745159,7.991414374420198,21.64958099486172,16.95602527467655,0.2930973698854277,0
0.04422399767177268,-0.018710450761677766,3.439105139445819,18.28382785822831,7.86565193134149,13.216330733185854,21.260245037805056,0.3255265311105652,1
0.03395935280898321,0.08074133109994892,7.048298007508036,5.244325786078834,7.178055297678666,17.378671589642288,12.374618445201339,0.10456740316306608,0
0.09961553269183587,0.11912593000612468,17.565262212418776,8.243373665244304,8.472003215265554,15.612309913209348,21.08500827574787,0.07263434836142672,1
-0.1295456453528271,-0.06660524474260705,4.6504603175146615,3.8780498112077706,10.0,21.34128237144014,3.8639755126580257,0.5582829097340837,1
-0.22698949361324613,-0.21380211230113094,2.8314436094158117,6.249368937386539,8.053025679138333,23.036694848064094,25.33908510537786,0.15736542617239282,0
-0.12391546327191971,-0.042039068237175514,2.201240081632721,5.700633695780626,7.57973776603747,19.483914678607377,59.338923501081794,0.5064863907439366,0
-0.6062003301874089,-0.5967410768916389,6.241202909638564,9.320581120584224,6.461709623206271,25.88523298243441,8.99984376768214,0.4523257570753362,1
-0.5341337417269262,-0.45566487011375756,1.5546187964020641,12.28662046440872,6.990014840546277,22.394011202362208,75.73065887056593,0.6554915615988061,1
-0.49680988370632073,-0.40972760666965685,6.235177585996634,12.12820031395706,7.329031812842157,27.31156192636065,12.02020507911697,0.3837745471014134,1
-0.39917404828044456,-0.4796267113029259,7.3201217749556475,4.848133879970579,7.072319807786294,20.214029609596405,12.978635770942706,0.32132445831812123,0
0.019932268017030963,-0.16088213667004364,5.822720963196318,12.173165162972877,7.487137732378521,37.22662796005573,21.83540199211039,0.27200065190603145,0
-0.3716437166080182,-0.21729443100656287,3.9282852080756028,7.227964284488351,8.92241286144583,19.17755638263021,18.32680989258011,0.23596418565705995,0
-0.2134487662118169,-0.18778289314059074,6.2900208917396965,6.282082614717137,8.497733533895387,17.48335004122064,24.337589112612434,0.27063421099198764,0
0.28976848933581956,0.11831989978620738,4.965743441172469,5.1848673430004535,7.372933826825396,16.868497249521212,58.2216086065557,0.4267579852055259,0
-0.2068791913184278,-0.2782611410402989,2.809834809277455,5.584707746261508,6.533376044267311,20.945296367228472,53.28914598157503,0.5108946371728169,0
0.12125467054012595,0.1984420997771088,13.60241558378724,17.657434681446954,8.569894114321931,13.402319545671082,8.306865802481475,0.08531503559079555,1
-0.38008530400296314,-0.40805298711625243,3.629127902739894,8.6167275949933,7.460756581230909,23.472814219139053,16.111811512934285,0.45657424613970404,0
-0.16163126736028902,-0.21283740929220174,7.138133875887142,8.063163100398341,6.118799659518116,12.473481152175966,61.61309588157015,0.24673619670280522,0
-0.38500661647317436,-0.2449184304418777,1.0500433304178312,6.481011350094166,8.06994409479443,22.808354620286156,1.7452220726787844,0.7000315695826844,0
-0.20170992277016875,-0.3064386374085498,9.63962810605812,25.10304882064052,8.320549347386772,15.243741279518234,5.446197710314953,0.3895344017862083,1
0.15209244123721863,0.07227710546173524,10.818506654974215,14.189542426013071,5.559273276052265,20.093532963099538,2.4003557533075006,0.10960480567101831,1
-0.6181961269577045,-0.5970574794528778,4.562634839231106,5.152432548126911,6.8403562862936775,25.022701995661798,12.880308876288199,0.4651492562117219,1
0.030327093063757193,0.06937258626914541,6.266779716315483,6.444277145213189,7.411636790953829,33.52018841938177,13.57346155508925,0.12058558104571737,0
-0.02867931930031664,0.020954984133756516,6.265817765028848,6.638444860587269,8.087608729046893,16.609997396094215,0.17959011040073364,0.18340515858382908,0
-0.2782449867090383,-0.1871211822521436,3.047525220733697,7.94812450203747,7.087402732300663,21.24841275286804,33.40960894372255,0.33620233789471726,0
-0.5338173563165364,-0.5139594942483847,6.223132412389714,5.203788945828946,6.834286478420851,18.38120662612229,70.58453047605536,0.2081081129167711,1
-0.07836114768583916,-0.02942275379199824,2.75887149661188,9.201884147066849,8.081735399744225,17.65064838719602,17.49327768432487,0.4962169898369115,0
-0.2588478127191407,-0.284768738650649,3.110382925595711,15.272350948425641,7.125342101348672,18.42513335015228,4.94106258572942,0.32691317540766657,1
-0.030197136593588816,-0.023927306269917393,8.812453450638435,3.831230172549194,7.933643720438957,26.120332378184695,67.15465373670946,0.20393393875376326,1
-0.09344435634296715,-0.0826909383376037,8.042939408273172,4.203538335509478,6.610787476020327,19.5597206788481,55.45297903298513,0.4118379730182354,1
0.3805336673962746,0.4020434809781782,2.933436781839881,5.803265186579194,6.418133584610882,33.24656349135428,23.385809026191637,0.166574313305493,0
-0.17180668824190728,-0.0945527074836312,2.885950169448852,5.939364968182217,8.104215326056318,24.07989627947367,1.5740800813234233,0.4188018210296664,0
-0.4070492477865595,-0.3515346795920764,3.0423858860150736,20.07013596597445,7.702015928253771,16.949946694129626,21.617839166514642,0.03514090122585687,1
-0.04621730951310516,-0.04179560922308685,6.95585492291468,12.192909692017787,8.237964586588966,20.166474089274615,17.052250228427308,0.07365354939368342,1
-0.034000994808470464,-0.11491359330257445,2.459625571159154,11.848024870087482,7.0739255992628465,17.990765049800054,34.24200696295182,0.39321354822559357,0
0.3077562725721309,0.3145233983784019,5.551274735300405,6.474148889075935,6.863915758016204,26.00034326473357,72.79432281829408,0.6135822554594242,0
0.15053337377437356,0.14773159528479918,7.015402481921113,6.403490911663641,8.588575110032728,13.806101717173735,31.36750456419686,0.41899424672248936,0
0.007061317744852788,0.026379475726172625,4.250568462287395,3.575651127461385,6.281632988804423,15.295243097820949,60.127287099134335,0.1730329409779104,0
0.3389908673658685,0.5596433980799087,8.215628197380955,10.92299405966463,8.5011685673445,19.04226940625429,62.13677269474277,0.2317731923813718,1
-0.4566289162968553,-0.5090061941509788,3.733753015967434,9.445394822955967,8.556403765985907,25.414733965691628,36.264417507291725,0.19016471072476618,1
-0.29192545982492435,-0.2496965579123884,3.9419938137183044,14.055287820964978,8.18807161141286,28.165301374113863,26.26544483866521,0.2471479304880904,0
-0.37797278242165744,-0.27112657569722765,2.4934125178772057,6.649789122893737,6.9497539863916415,28.902710953864215,0.1562657379586207,0.2919998439308974,0
-0.2169429409467304,-0.2071427495367921,8.250769003698831,6.883384243762256,6.846780930619713,24.64900759973765,19.396430901201793,0.7992003936301517,1
-0.5130058442668927,-0.27922133234967617,2.829465237577065,8.044774613117644,7.33195538160144,21.5855523182099,6.995968439826401,0.5844649761299359,1
0.09054528404432127,0.052741354871173596,5.528204562801564,11.541494834621666,6.46396825853488,25.973129061569963,12.368187449259041,0.40980796553761695,0
-0.166666809129632,-0.1342578868976273,4.293964189339474,3.542710772155658,6.730644800997123,16.27749691284145,8.5733849576393,0.3612198460908111,0
-0.5412418883507973,-0.6211224628400955,2.3829284253259884,10.676318526701738,8.015787433207237,12.776713889918867,52.891035434846685,0.4724026810669512,1
-0.40467372436226245,-0.4398261978765918,3.1097368663035843,7.313721335957992,8.019479291379326,24.183187888432446,0.26048059949531094,0.1801553745729624,1
-0.005945845764941421,0.01894754527472437,10.275098466229812,4.352199571931106,6.660340138772035,16.97160791425575,26.734155748873505,0.320705005123182,1
0.15143797036831433,0.2360683765990873,5.058118243931992,2.6056889793539453,8.040897548240059,21.673466339172595,0.829873170214897,0.5663314298503695,0
0.499019267507536,0.5309287509098934,2.446136387662191,6.901668155573057,7.863442644591845,22.598135079364074,68.90031724103466,0.291626819440792,0
0.7741587398021988,0.9000702247356724,5.382736954453214,15.23897806087417,8.707909003661683,23.240597795891482,131.7597934927431,0.11852832055799949,1
0.024322829982798902,0.014826298923531727,4.1055165980632955,17.07033793069835,7.955309153494017,26.68895769262526,14.562851752937481,0.32208883952944567,1
-0.39686143600955925,-0.4300782889934598,35.60292656447671,8.825878153389455,8.346864842987502,26.160375941458657,103.09437593461388,0.46783164651746656,1
-0.7396138842193927,-0.469215373491454,5.317877751138894,19.7075701188027,7.881662072744169,22.975000335838452,0.5605679092303881,0.2830263784827786,1
-0.019686561296849273,0.019737203647353804,3.566643979031027,7.2321000585346065,8.28394328775775,19.789923597652972,44.551000909393466,0.5319051054284059,0
-0.34388232859309775,-0.4158304831909525,10.506737842752376,11.901349247360981,6.47030627474578,22.538810443381603,39.72566578645905,0.16446159529173937,1
-0.2246071780539056,-0.2940335542787125,1.4849458391316008,5.896650958222338,7.402604434311269,19.018947916625393,74.664629343237,0.3749166406141602,0
-0.2836290397179424,-0.3778970311710764,4.742631231540858,5.71275035087172,7.468813785417976,21.017855389969146,2.6922667819083426,0.588413737022172,0
-0.1422372659249156,-0.048580330339236796,14.830073270151052,5.26586508936516,7.305000042451774,35.090867117902064,0.9819892170757514,0.26003393498080235,1
0.21979406923629305,0.18335633994696887,4.179871186287324,2.6372468850352653,7.85510930425338,22.910948504417703,64.92902926832774,0.48040941692187733,0
-0.05288542976639662,-0.040149182200748056,1.584104673891545,14.062984461593793,8.007503723596601,24.25122508518774,10.19105972237577,0.48818732393361713,0
-0.14759045111160649,-0.15394131855543336,3.5340666075376763,5.361178286158844,7.813805661656919,18.47259675484819,97.91974628040542,0.14052080988325386,0
-0.4106961258477435,-0.33754688505365005,10.726430378815753,4.949470544349427,7.35844489502293,27.10036708214934,73.71475524736033,0.23968880139205923,1
-0.602404883411307,-0.687079292699709,5.6161240648135955,4.0960133999075605,6.9114159361239,25.801362113317122,8.767973960776565,0.39161373951376083,1
-0.24589237272199926,-0.3534496013363008,2.7092892585944073,6.671336947407086,8.377748859324987,25.836762773275424,39.88218431711601,0.3749213523088617,0
-0.11613476524549615,-0.09370503452733672,2.9708684446919014,17.84540684097474,7.779786253291068,23.074456233767314,5.3570748437241695,0.8827728300672922,1
0.43037897407396486,0.49047490254395454,3.2032945828316355,21.04976561551139,6.685108913280473,27.170950478833852,6.498368606451146,0.40691819065223733,1
-0.060917643558134255,-0.027664412248370178,5.56623415167657,3.2205964074136855,7.345049966680301,28.358425983173667,109.71472426546299,0.3558169079509812,0
0.19482185330691723,0.11387648039718447,10.003326420822576,6.189015344125953,6.105360257834111,23.415494596746477,41.91318435967733,0.34015070902159844,1
-0.2497886795617456,-0.18204019535260624,8.427109306392913,4.405356183163361,7.528296491477954,21.426938204998386,75.49190512985682,0.2403411896309771,1
-0.4554831299251074,-0.5298692226346708,5.892069588849673,12.111662975095065,7.341296045921124,26.472854950573804,11.798455858405909,0.5142472603971887,1
-0.38953502866971157,-0.4416888931483499,2.0157939627422046,8.52750459066403,7.04042643971573,17.47937346720128,22.65944315055201,0.5646331792081476,0
-0.317567819360726,-0.4119631718329262,2.0202888406342128,5.37476760236712,8.767680151842823,18.410198596923365,33.626871786959434,0.2571347181013093,0
0.5385409197305493,0.6686567545957524,6.1715573490932085,7.66210339185624,6.57507670436631,21.733498285575493,28.247333316660345,0.19314337362254705,0
-0.34641600376731585,-0.28307384966458093,1.9991405060960072,5.819944288623939,8.065114361345868,13.293214657809273,51.14588804624376,0.5177761496404469,0
0.15154676112090346,0.2120460986887908,3.914391100097426,16.562200940941683,9.2493665287455,26.13797636781712,14.710156704727725,0.3487855059673621,1
-0.37087815342610786,-0.24615701131186282,5.3789342927997374,9.713141452302038,8.36181432297335,17.185430562670884,75.45760410244152,0.5809959606093833,1
0.1794719038622732,0.4607368286861455,2.2647029507946783,10.328547986343631,7.474768974321786,19.642544892491216,11.41434513487353,0.8560470035741475,1
0.015485289831758939,-0.15543732055925663,2.4240570402456454,1.9474897994516929,6.592745088461338,20.933602021601146,15.08052828241516,0.5836997365147889,0
-0.14699136929742712,-0.22082902738513793,4.235610024343468,7.146378040433622,6.410350258732436,22.196434107852753,60.7896487110211,0.4980620156321081,0
-0.11222875784063022,-0.1738462662580826,6.062911756252973,20.938833131897123,7.170758644033983,20.28173361788479,17.289346238023032,0.4756251638641665,1
-0.2964363086288171,-0.3815182708670864,8.473225596898764,14.340167776785561,6.950399412868873,21.663144763848255,28.75070765793992,0.6443560769912721,1
0.033821660444624146,-0.07393666431574712,6.450980023298103,2.9342597506514627,6.9243624728334945,21.70186183804793,26.712307764538437,0.7772867927760552,0
-0.23649504410223401,-0.26646035050777056,4.684194442776872,6.3172695631432605,7.2389492356230045,19.76484521186437,8.94729728707796,0.29472842979810704,0
-0.4676817291301745,-0.589342100659115,2.864183011916807,4.052120267795632,7.418202325691451,18.134027711806173,3.4801008131399622,0.48518301143063586,1
-0.4833812722958858,-0.4498770355421445,2.3571559879785884,17.384009339162006,7.888169558116237,27.40736962177801,36.481107559928205,0.10369616879816639,1
-0.048223624683364164,-0.0430537925405027,3.2985195513286465,8.34897804154181,6.509763024430057,11.477971488666485,24.184735485596086,0.40843687341789,0
0.3737273769231304,0.42183024339949593,5.73140872323876,5.033432818056769,6.95420496309356,20.971424204952587,41.76259395574004,0.8103620785587289,0
-0.052002515927968535,-0.0012296707641432786,5.484764864457066,7.5163374024603025,7.372262333742015,19.655502640578923,2.519742069660864,0.8367548295193187,0
-0.13559149783296476,-0.07529081249029711,1.2713239128579166,2.0063501696870416,7.3436118452613846,24.093957433632433,22.038435398820873,0.36511020484634876,0
-0.014252158119237149,-0.051593051801625385,2.7971296965955483,4.295291180098293,8.969138965930739,14.728536017404956,6.820681284679193,0.48598615123840927,0
0.29180052251204747,0.5039148627754142,9.232266081133844,7.5249326686948015,7.685797274179086,19.501073293781978,19.47647053346217,0.41671679672326856,1
-0.03418524959084311,-0.010742137942633335,4.699842646476528,11.277816833703781,6.20912815043246,21.488201330051222,10.166661497643096,0.25715602476745025,0
-0.22327816925012114,-0.4095266445126007,1.9151475171847372,2.799225970062334,7.834545089269412,27.350368051852296,6.366048857885796,0.24767909773862726,0
0.23188661301796662,0.13164903844134487,18.42102561973849,6.106918728021648,7.936530978195183,23.66092483397712,1.3409912107766746,0.10281908387622667,1
0.02862693153848403,-0.14542336736429753,4.404536183307402,12.241635277452533,7.399897577404209,16.08255894565569,8.420006014693122,0.1347340390302549,0
0.36072679759879756,0.36246026051392827,5.644041436128265,3.5761018477258264,6.529282660472639,19.5626164063967,59.853329684212696,0.4965811350797424,0
-0.04502966883342817,-0.05721019123876153,5.69571907745882,8.286199477384832,8.90644375625077,26.430256763303454,6.034977057245885,0.33852697749975613,0
-0.46734070951615003,-0.5141832793060959,3.594635949659666,7.636865556737663,6.644092869134994,15.996125670384663,26.204076139269688,0.1518109580357181,1
-0.5104477597736995,-0.3093551485336481,2.8963629389878025,17.412531709451635,8.028617765132747,21.606778658138147,79.19725838140846,0.6959160707455024,1
0.39527837966937485,0.45017666707706594,16.00666168722661,6.585905949232745,7.660040423251148,21.954397737368623,64.66689943410782,0.6492187388220467,1
0.4170997162349891,0.48970955237962255,8.181892835021307,6.78150938825971,7.980648439223816,20.071084700396177,9.591179519404982,0.23202384448305302,1
-0.1538557639847802,-0.24696311277899052,7.338704443155139,11.33029233524706,8.865486339333865,35.478758913994575,10.597536601478273,0.45859312322413937,0
-0.21495619634079632,-0.31487068547389757,6.33299656432711,3.806939806380776,7.949311097712828,19.936342702762254,1.7941921535633776,0.2623093128058252,0
0.3384332876726607,0.34211383758235614,2.4547123019959005,6.616446191490227,7.053068618365174,24.248825796838986,46.3525119196192,0.6442700094324462,0
-0.43211370461304643,-0.41481299064782384,9.645756860175542,5.883415699803186,8.384793820102368,18.16849439890358,62.5674177761403,0.3114962238084034,1
-0.36841810568674793,-0.5540492623981936,2.702346325792719,6.893259800300817,6.995120439964705,24.63873995999702,42.94524209819748,0.6702486116365555,0
0.09299803840671331,0.0749673361217599,5.312019477632454,11.29322766623737,7.630846409116215,26.353937984259677,15.790768898707267,0.5709634825278739,0
-0.21838153685787687,-0.2169743285705264,1.6759263492307677,9.748181380560629,6.465533113587368,19.06017981626951,8.429418617688626,0.47379617752451036,0
-0.10153656001602139,-0.12305147659313428,1.317168938276262,5.081766034362971,6.6733750181305975,21.726490923907335,85.99012839558964,0.5811685236790692,0
-0.1490328695573538,-0.23037191079202143,5.42476576530391,7.911754789899235,7.541109336348949,17.523601150545634,10.160441073089853,0.10329597526513458,0
0.001272364639680057,-0.05268115355243395,2.7580955947970076,15.568051088135572,7.794469366864698,16.27798093975054,0.01367425126248946,0.2794940694227306,1
0.32224455839411503,0.30455863903683544,1.3586607300254014,4.875960694636224,6.138087501847176,27.18397716250103,0.8099048719077756,0.5369216748314616,1
-0.07282452792947634,-0.06374452556847157,6.198861844726958,7.945322495762116,7.897829894400531,19.22999527058176,28.930369650865025,0.6317710519535875,0
0.09318163798305734,0.15366079623811413,15.991358180874183,6.70879707561006,6.844456818721362,9.93193835745965,189.64420724802793,0.677239495507619,1
-0.7150516303093067,-0.6069660098142196,10.316413340782766,7.15991058009923,8.523750412536934,30.826780782468113,47.992448003313164,0.07581358306477638,1
-0.11461552057903539,-0.14405029293176036,3.840525740592002,3.26961156004229,7.218428456940393,17.98952338468697,35.415614213855115,0.3482073986640094,0
-0.3529690810878613,-0.3985847006993971,4.505537446831362,14.960021760978,6.601102184360011,20.768134781259846,49.31615463968358,0.17027379785654526,0
-0.4656439181270884,-0.42187835077365776,7.634090079802423,5.016959382802294,7.560643646367402,30.204532527471574,16.777032662063558,0.09088025601640257,1
-0.36344571007862525,-0.3023612184375398,8.787030362540118,12.342344410510929,6.7670119991370195,21.2912895290618,15.319207975303538,0.4560057705732238,1
-0.20023703221024364,-0.2436570755361322,3.6469039278996287,5.415751738233879,8.515156113146501,21.183316988990683,26.717351271984526,0.167138488176549,1
0.1747707627068039,0.2538101104034211,4.574542205891663,5.404585036033981,7.500424166026479,15.859134777247334,55.767046633942456,0.4374611529879428,0
-0.4979178153218692,-0.3999592812062719,5.367535604291012,13.55237251332144,7.37865870152537,13.825831501862167,9.337933415445262,0.2832056623854559,0
-0.09081055222167478,0.038358094344192545,6.2484022568761395,12.14530046233081,7.973440815144806,21.16806867701936,4.927354465972001,0.47323934975269,0
-0.24525083000007356,-0.06741873932809131,4.137758163601475,8.201630282777465,6.696042048639765,23.814048870374474,78.96855531162258,0.5471401803956192,0
-0.19830192830858825,-0.28494354217453216,4.170136849752837,10.81112044161669,6.4686770757371885,23.52762704105386,12.49281803440537,0.3457455860815797,0
0.20082734759138124,0.20221716852463237,10.256374326978804,6.396325020358858,7.82668126355331,19.593694597653922,3.1997886854708617,0.1968646644954305,1
0.061434631101177806,0.06256240076304381,9.260077532523363,7.358206243642196,6.620263433592953,22.101288996734713,27.841879134831856,0.6231915380510457,1
0.3012194322328231,0.29141207537957237,5.968205787111902,5.307855026158293,6.619991877000435,12.813950023360164,58.149849110583006,0.1108502949264448,0
-0.14635170377497014,-0.21127799573598377,12.571916058022333,11.611923691850441,8.16940482497671,24.300835103477393,15.866839369723248,0.17649858661032566,1
-0.3087827835012109,-0.45733898382431803,3.5542090273059213,5.224156421659833,7.920051287987152,22.80702922385023,52.91791150299855,0.2735906010527435,0
-0.16715764506414987,-0.1578897004612495,11.86726855911853,15.526964729992095,6.496936366037671,31.86830447091429,0.16693608916028016,0.119502643635579,1
-0.027250962618633537,-0.10408652857342479,6.205954696955804,6.309667088683152,7.004691165646931,22.037398232145236,2.564625178854678,0.07171783949228795,0
-0.0470279924638867,-0.038428644389124196,31.900308268350237,7.465215375948898,6.777014755242944,17.286653239269604,15.307354726662,0.5548433056920299,1
-0.42531642167000994,-0.5047207758398953,2.191334773821226,10.798033242029685,8.921055438432465,21.746384329555905,14.015562300531055,0.6131519003868807,0
-0.07285306551163774,-0.18281890009607188,2.963564742584242,7.477751989062925,8.224808342056487,20.361000999920815,36.86003696605765,0.39233521681884376,0
-0.03153150095832846,-0.008101664920638692,5.761965775308193,6.366474373781251,7.163324123195781,24.17353934385199,56.625973371813025,0.3081833176389311,0
0.6552422112601761,0.6703343639408257,5.687896134009695,7.2789620470991885,7.960955751474794,22.13446030862593,35.48764362116306,0.30024039328901825,0
0.4630533833845011,0.5209815805165944,14.44117339933521,11.552584483932119,6.415051051255336,15.70026649473678,12.942758143141363,0.5177323041695595,1
-0.35597300516764596,-0.13738662852588343,3.001088901626496,5.304597455245915,6.961883079048405,13.821283559029903,4.307903971347249,0.06884415904662747,0
-0.18621500846475283,-0.15848605534366816,7.713338563892298,6.937083882435081,7.583890612753509,23.31454101316508,8.55890875522917,0.22903415004008393,0
-0.5390326005511009,-0.490524423844688,9.002279317835292,7.427158605141681,7.861784599316731,28.915572705346193,62.2991066673043,0.2618591755322545,1
-0.27721210418904596,-0.3849682370757785,6.84000661905704,11.384953301650677,7.422032699589245,22.396739420258598,9.04638941465422,0.33591468624038057,0
-0.00531849892289786,-0.13400924297653533,2.51784202367998,7.02923101097089,7.6984108085713805,26.066486769601035,94.39357384416124,0.48760526731798753,0
0.26175608626647007,0.42003903094380346,10.429676822485499,18.24971652893663,7.562669167962501,27.064045771018,27.85609109402054,0.16195734898646857,1
-0.31872515132308255,-0.41107312931641293,9.370767083386923,6.832773799628425,7.3691380783821465,23.33395922897334,47.48593083485768,0.6762132816332496,1
-0.29624393202033894,-0.40063833916720315,6.422135609712516,6.561099402754535,7.263083526247285,17.92754256069296,11.737053859789325,0.2498831096743979,0
-0.7441867089215964,-0.7480966010432517,5.066289077986098,6.783437227463125,7.158988101857773,22.97654042522782,5.431483463052155,0.2686885142658888,1
-0.1487997761634723,-0.15781901750121116,5.1328692253938435,3.8254621582693438,7.68555000690287,28.035364438002404,0.644202247334618,0.5529442294020199,0
-0.4187243235578689,-0.5089749742021981,4.2748906565925875,4.400140959322197,7.828652471359565,24.64945274799957,32.868475740198924,0.28672844566137534,1
-0.2588318282098221,-0.2893291500811321,6.582871712179496,5.667037844029178,7.658687333855067,25.74122671414328,2.1032746613854605,0.43023526143566465,0
-0.36305823345027644,-0.240120661685266,4.566198002761773,13.038609591894684,6.557122359999152,19.68726879154087,3.965132649957268,0.2906026351000811,0
-0.1282787662757671,-0.20887812715894685,2.693617308923658,7.267678905290959,6.70085771908545,20.98823120127259,59.19361495338387,0.0812259653280819,0
-0.6273185174069893,-0.7666857658436065,2.3889286768957856,5.79895602227795,7.819105444758454,21.406363445498165,6.838003672997098,0.4411186120268893,1
-0.5401135736172972,-0.44585421152731797,2.854161908456248,13.643556689722683,8.677338640536702,21.74330998731602,9.728602673103314,0.10133298314205243,1
0.5387741336084895,0.5880038248022932,5.120639561110495,16.04806957186649,7.621932369247004,27.839791580061792,12.108388074942628,0.6680435873410224,1
-0.4862267743822093,-0.5482786364470754,4.4097874814001505,13.841775512737886,7.170665270018405,10.264131358309164,13.827221819532538,0.6828763039936179,1
-0.42903567353639194,-0.5872523751490837,5.099825257832823,4.823283891560501,7.67947236435422,22.152691522909187,6.2939551754669765,0.2739644572577319,1
0.45107405849639426,0.37661172285253797,6.052599687297102,5.768290079555562,6.590542861989257,21.60251812152573,20.707852483154713,0.6670742854495919,0
0.7715201507721221,0.766049707087195,3.0759304610587606,18.299395658151866,8.547154525229171,15.142494292779254,55.32625180169087,0.17351064379492628,1
-0.45146998864760246,-0.33490277965922055,10.798379763819561,8.335886305979642,7.649275315606423,25.358836082937323,122.42508835130992,0.24800684550694674,1
-0.21047468703640915,-0.31413288452337484,3.816651638339874,6.4636001902625635,6.9644342294315615,18.377499040275378,27.804303284146783,0.368143713578727,0
0.0024666652821528495,-0.005985322868994494,3.455419296294788,10.582206733912958,7.3665636271257,20.214836753234202,41.852123451725,0.14605487352194055,0
0.41860929332167773,0.4861237593111675,5.986049881360049,12.227035611397259,7.078371014349107,31.243909538770218,7.2713329712993255,0.048067010638693695,0
-0.3960571235284712,-0.6341838575406633,1.4889838070240733,5.5526495738682495,8.549335981453467,27.04986824769528,3.109736220093971,0.44347363767740916,0
-0.17358335378263293,-0.07020473698874294,2.7889894618416893,8.245931929759232,7.338207928442353,24.87243469572558,20.035050068497107,0.3970566401829938,0
0.1332012728185232,0.014956215597879463,8.073956858992101,11.74326675966692,7.624292596892475,23.90388467322202,90.37463730811994,0.5573716735968478,1
0.03042982233998559,0.06362937168567906,1.5801927646856713,4.136526504179076,7.958981165321033,21.176599887773286,54.5085314249314,0.5510054107602874,0
-0.21284682136902977,-0.18817850640795536,8.763054384101949,7.434807798819399,6.907386716988366,31.996886326850507,10.078039705195751,0.4603350051923126,0
-0.14014688935481234,-0.031688250208427846,11.097079213965136,4.232552222809636,7.6549675729081255,26.010838157201196,8.635425077480397,0.7508829923912833,1
-0.5124687425109945,-0.45737630442164046,3.590626850072764,4.5186340712010304,7.719548455515368,18.25225043017374,19.424697330579622,0.1422445407193267,1
-0.17145212319239955,-0.40918117236539764,5.339263170802492,5.57587893409617,6.256736943183503,14.99948860891173,19.177933483271097,0.5400269354458759,0
-0.17991624700268655,-0.2583941717182857,8.771012506940684,9.379812457419504,7.702157191022088,24.834190009946347,21.560258714910077,0.5004065699781883,1
-0.030349033112123225,-0.016528520176795215,3.3869387410306513,6.290173700550747,7.463390348045489,21.720654350607777,18.71816961098066,0.330731739112243,0
-0.2665981656457048,-0.28609615425768353,7.543341942834038,5.343019472813573,7.603973033692798,14.855309165269162,25.149014190085403,0.48828510823279175,0
0.041461556763541685,0.08922262973921874,2.9960978427684353,7.582002005957394,7.528503770792454,24.14293082855791,68.29966040916757,0.2514054042317879,0
0.20381474534594854,0.28275140091291906,3.365035874131171,4.164176911772989,7.707335898360066,20.654864198442397,12.978832642324809,0.6182762559154954,0
-0.0533712016994602,0.007473971943507712,2.774299051965869,9.155928645982707,8.569874580540926,24.65332462763735,8.930230517487127,0.8341133282257361,1
0.0055269225197610294,-0.015900571735685494,5.504623192025548,13.009675904833053,6.556394070331912,24.20870107290453,49.664300926154645,0.37616248150060744,0
-0.08405339572663979,-0.26868709683868786,8.978038526293012,7.102153014132504,7.226278131599664,18.958679892280806,32.458993293339546,0.4651140359351138,1
-0.09997468207257575,-0.14552280695805747,4.012972508816636,6.677044859402687,8.033294903170269,25.164223822121023,3.8126339490389,0.14896872735488487,0
-0.3164674100628542,-0.2748305952489587,2.0901806633864877,8.905955200334565,7.884740694182329,19.510474586825502,11.827075356508654,0.4525697690607482,0
-0.0050517214980076025,-0.11409644675305537,2.3405265060081417,2.6798619729992166,7.867524442673667,19.835590634095144,32.844261200098735,0.16174570349149556,0
-0.12918597952404684,-0.0660585065118892,5.6789119303364926,9.664010505802679,9.70286177253867,19.33864296689311,55.665594746434216,0.23283313567825564,1
0.5279504926791785,0.618789822405909,13.551128771645127,34.84615851034442,7.9913084192933646,27.654872139031355,97.48240061783743,0.44009139236805234,1
0.37200647074257276,0.384693168372157,5.675933252283289,6.949445619680066,8.40475023700402,20.5971380597282,23.537561898333013,0.37750434291124524,0
0.015753965766950234,-0.2906240208642894,3.553247839526105,6.961795972895164,7.254342352917993,28.86221590282126,9.796003144981727,0.23622357512019024,0
-0.32891716290843026,-0.4567259991796106,7.0972712565500595,10.716702439327534,6.705670100882174,30.9174243509343,9.945445902159406,0.9017820394962556,0
-0.4337234415950254,-0.2451045257394172,3.8818072009920277,16.8216430503462,7.248546056613093,18.306404315727757,23.63584711929245,0.34659244319939825,1
0.25734288592665955,0.20268910662382175,3.5716542705905607,12.03096715740812,8.069568137074723,7.395023426515333,32.65949396040699,0.39152573862072826,0
-0.021175232455858464,-0.21958955476875808,2.521677958742094,2.514808256558279,7.82546228386334,27.222547716356363,7.780470448128859,0.2776511181849224,0
0.044043021017483225,0.16756775984851047,10.433995846722215,9.793309209971452,7.8226010964791035,20.290140513199294,26.627784012900484,0.26238381458731674,1
-0.6233757960922578,-0.6220402369378905,0.9767497993263023,26.73477286629035,7.328524490562298,17.669067934340042,78.05653415483404,0.36782437843732263,1
0.17823154446745423,0.2887255933632268,7.233445800166626,10.08672823271714,7.20095790494962,19.05640946923516,8.106287657558848,0.36705091710188537,0
0.03632610146430887,0.0640219689862454,3.393130807826677,4.148301790408856,7.356114204565378,19.925930893169856,23.671404029686787,0.4126081163649261,0
-0.4331292053243434,-0.3872732917031265,3.503615940793448,8.507216575796571,8.07958036013217,28.4859654534687,16.52941598696921,0.6075457969094518,1
-0.2414574422349847,-0.20515651746353303,12.371421484551908,3.8948546997615394,8.172581942536334,22.799556196587574,38.14674511914015,0.2745659338278298,1
-0.02088483869304414,0.04886399249905586,2.9198181725887546,13.686389127308866,6.695006680263018,28.417993150540678,19.61524064719714,0.32802396868470146,0
-0.08425996049312692,0.14348308436248292,2.980104918902542,4.5816477583365876,8.109874047545159,24.47110059639248,27.279755623963357,0.20515436711421703,0
-0.1876513557410665,-0.0905507221451477,4.144422509345323,7.6685060446002264,6.9794230153950165,20.45384638024758,6.495332290885328,0.2906130269435126,0
-0.13104648041978825,-0.2890804122043418,5.744876599797466,4.811986530709441,7.875137321472843,20.048213983953715,17.605004064672418,0.6769710481733617,0
-0.17559321346206563,-0.1309270619341753,3.4379883921751238,5.622497561942115,7.34642740603001,24.808043753748006,4.299000787371058,0.14729290848104729,0
-0.05423124636925943,0.05991683044106235,1.743133998520551,15.534685886799837,8.752630839391188,26.102128146663542,10.441690163569842,0.07444560929068376,0
0.34144759189794704,0.46171767255156165,2.666004984663314,7.781340175731421,7.165540296815084,26.983963428504346,6.452451121915994,0.6209986511132787,0
-0.8699975322793893,-0.9126580305852992,9.667795533992438,5.58675581242857,7.642889472715827,20.692307443121287,100.94128192479461,0.020536735793402733,1
-0.17105507935290526,-0.054560634834092486,4.687343825342859,4.167790396990529,7.985274526047542,22.876029282022362,5.877699702825234,0.4356671438586381,0
-0.047046273588265915,0.045727966366854604,5.874684580845887,2.8983721644842406,6.800832919901694,24.920202046276632,9.17243084116684,0.7965710381042804,0
-0.011201803093870158,0.24604994060310287,3.8310820225024838,3.9525450316311765,7.441714355658444,20.08017487031569,4.218525356116056,0.3555106160692863,0
-0.21157437439638696,-0.2865745480212381,3.0171159217603334,7.81448935995657,7.28673209230149,16.325299830986165,14.757774943652883,0.3154838474431767,0
-0.6270165347435748,-0.6777565923836173,12.262449049832389,12.06268597739441,7.088949213275221,17.968644666489382,6.706703676953936,0.4494215264015022,1
-0.0016013548857671117,-0.032213259731762506,4.0031633487857,5.583547090796536,7.148221598813408,20.794822787260074,78.28360975022902,0.04510410152405335,0
0.4182050642492555,0.369182849245378,3.434866541196008,16.204221591524032,8.389611678509436,25.311035696101506,4.490808181989129,0.14717809028094742,1
-0.5601584214748413,-0.6491604964512017,8.651090823994837,5.161616413589607,7.021159412191733,28.29488747786051,32.13632731854337,0.3503223907725046,1
0.1591484041094565,-0.11711914645791785,2.905436928516364,6.560023193603653,7.9531263061372846,15.219763956326897,34.974854064570835,0.42300795875861863,0
-0.19855756693686816,-0.24202751430918157,3.136675853369601,4.306870937335509,7.751676001624915,19.013274930350086,34.72970491482383,0.12232706305645662,0
-0.11839730374865419,-0.08146149777866374,4.509327414755911,12.12635116961145,6.382415907379859,20.21068751468374,23.527093314978266,0.35424207796812934,0
-0.4158695532111847,-0.46519173776177575,4.482415442719229,21.0890786514173,7.915335550741153,25.97358516153322,70.93363358790207,0.8446533998393813,1
-0.20033685170676302,-0.006798733353852032,5.237094232517036,3.0620711074972413,6.369189432193845,19.3594473230575,23.874629424174245,0.3118850281451029,0
0.29001337840968755,0.2913509596812738,15.721063755511542,6.214709397868879,8.002473462532128,19.851338325262642,21.323294431510273,0.8088395788399001,1
0.07479657259631209,0.20389947811472564,5.483529416826242,13.906966804427578,7.094246685495322,14.94003711424888,30.810075563151813,0.6298471508459298,0
0.41969348162298326,0.4458355228959801,1.0759108685081318,3.584171119206403,7.506693802605162,24.417036579866295,11.94490011900421,0.2759295395537035,0
0.25322356669330803,0.3358642976826338,5.45089255082052,9.80940827774669,6.464576040298929,21.193004627017228,40.40745082205311,0.6975173041172251,0
0.03172600367887285,0.05965015907222908,4.584715239010947,13.60906479975623,7.597905858883853,18.72977482510202,49.5807446506142,0.41300017132193173,0
0.4231803578503376,0.5600588210406938,4.600063071565186,7.683801465463733,8.241560334376496,20.702433877589517,57.81445033168734,0.29655310058067275,0
0.031697947621489614,0.037291882634729684,5.194333841559058,9.729198663117845,6.854427657581903,27.634977509656316,30.530171828783843,0.2991896952958244,0
0.14839645303911767,0.19800852384799625,4.405232449203623,17.82231266965223,7.014266331084791,16.975565458400784,25.363130306038762,0.08548370427717718,1
-0.18897128606041252,-0.15233799269540815,4.342424115621638,19.57421770415757,7.863696818853992,17.79170184448202,196.97130345541188,0.22507651915174795,1
-0.08003625524223856,-0.10886480105497044,6.4742095690923005,7.163626831832059,7.883694658917552,28.261262237328104,40.862860447960784,0.07400234073533754,0
-0.309227146990083,-0.2687289150976153,3.2373384354856194,5.662191880848019,5.552656561273195,22.37887414009429,101.40447944897387,0.8780258413929477,0
0.1968751803784559,0.4203138049982241,2.538030023002646,4.664636658064841,9.112325091026218,25.348770483559587,46.49373037153322,0.5960191283370255,1
-0.4534910869344597,-0.48053078114400394,27.502278934197797,12.042981898614014,7.922842786838665,24.008759550028433,77.61654679824824,0.3966890699940681,1
0.13470510272529837,0.1766515920106232,2.916795358759443,3.7214456973350925,8.057534929962369,21.823327238530258,27.261248652186026,0.8401314555965572,0
-0.15719531725154784,-0.03141742216460355,4.759229319544003,6.512432100539963,7.385167642670386,20.258504404257216,12.115442372819004,0.3650151380845135,0
0.25137412804019577,0.36539945613462377,1.826869505848687,7.778355071810731,6.0157171931582045,26.157790112419093,0.8871953889545805,0.4377952121007279,0
0.12526069661937794,0.12643233839131446,4.806076472318266,5.745970023676127,8.039777649000191,27.811682839055777,21.60217059152815,0.05191155285598228,0
0.44619384729404044,0.20785497699830424,2.5601469766220193,8.498673840076686,7.047849577415291,27.420941735080483,2.3597520177339453,0.47076065290756103,0
0.11923240734159343,0.17090268920644006,3.4367155533545066,26.635812880040483,7.9351453553466715,16.07264183176158,61.59458889820589,0.22040523827911807,1
-0.5716120766959721,-0.7935595025582775,8.38998556068449,6.953191096860587,7.324959143789817,28.524555089221646,16.411469245263802,0.7200112250729102,1
-0.12008595186946025,0.02690777122466287,5.948896505082842,5.943494061541648,7.690431503293102,20.210323729011776,48.93726661640266,0.37036178917676094,0
-0.4516021577784448,-0.4346547706591187,6.303126087821468,12.27624276562126,6.880002894872604,18.22485231227583,14.869614104033927,0.1727148154910124,1
-0.2554839527098824,-0.1555165507226835,1.5484850981342342,8.329403309269061,8.191511154143145,21.153361516157634,42.61096209066115,0.32391111577643444,0
0.3533685299830165,0.2631574161649114,13.492542182839124,15.175281478527932,6.549296768433862,26.15564217624366,67.35121412928643,0.7607669874521983,1
0.09126014326930879,-0.06399060406069665,2.19212460635479,8.023251871102394,9.296455540271353,24.702320920140313,48.267121330311014,0.507884835045566,1
-0.3096791285736239,-0.28360369015950715,11.213702730610631,6.525962135235581,9.29035890798961,20.72306794072866,10.04725325967705,0.9093296633254729,1
-0.4041152099321197,-0.4074755539277339,8.27241362541928,3.028712331077238,8.806159668373208,26.188329334389874,43.89083826498692,0.8894493244599071,1
-0.09016537213712177,-0.13931945475283836,6.336963085367905,3.28751727779834,8.520383188619608,22.699302903797175,29.325762581513903,0.3407315820919804,0
-0.4649680448143383,-0.4565019167410619,2.6831973687699473,2.9510193551579555,7.432361313413087,19.13514267230313,11.189034377735144,0.5204211151310252,1
-0.3013420832189743,-0.024598494015748318,4.9084288799887865,8.93226125735547,8.433237364597767,18.459823585207534,12.48598935312302,0.11815585272974528,0
-0.006397158534626843,0.07705539620227893,3.3785517914606786,3.73921336865035,7.4230588013790975,24.0511742221081,7.878757422908088,0.03278156428024512,0
0.24659361083200884,0.35154347141834075,4.560461127672653,13.843124494176218,6.257185966203754,21.58741132092199,39.399405543041475,0.4856285339678195,0
0.08262844166733191,0.16702213082266748,3.857721192666074,7.501652146088569,8.70256113122455,15.122474232931818,52.738184368919335,0.3125498684106702,0
-0.78738685257943,-0.6394406381942107,1.318947006706478,6.539799715436455,8.403059570338005,26.235807465347516,30.509325757206845,0.15881651794999074,1
-0.008689981290922064,-0.027697148580996554,8.785217597935443,4.8456067146166815,7.474928713875651,19.598624856877898,91.47743076950607,0.23141585746132906,1
-0.07838992803022662,-0.283866058797756,4.2688125877333585,10.085808876957875,6.51985259413508,29.960598239943973,7.606211955339298,0.2508888569237013,0
0.024167085611807915,0.005308472311206933,3.350534081015625,4.941906017211116,7.031039458736821,14.985050074226445,25.464093322223707,0.4140316666686541,0
0.3848629044953622,0.46603647549501237,3.2020898036791268,4.5145747571258354,6.043083532089992,21.096457018049943,0.5692120727331372,0.4091641347392046,0
-0.7189714830414228,-0.8159515225529301,5.557096423245834,13.38553920323723,8.256064682094381,18.500111577803864,44.7046053517154,0.3670588448890948,1
-0.2773310275573317,-0.29496762260626475,2.6214987521475956,8.82254679307801,6.217352826508655,17.122887398113306,24.982048627067808,0.5825113093566359,0
0.0772718968380064,0.008094922537775079,1.1582319541433854,6.570140950214219,7.729464696117341,19.566046416208117,64.7223375425105,0.7153407507912953,0
-0.5744783198361827,-0.42427539465186964,5.721768191009339,10.182967711563942,6.8250453217762495,30.852838045184907,27.063154929996347,0.40978056602907936,1
0.3427847144160526,0.417730415956709,6.119386208550599,7.4221289503317385,6.358637244000419,22.716850850397517,39.12266289154142,0.21983646752351257,0
0.010506983810197504,0.07566104587459341,3.975779800900558,8.948684830943805,7.690684074622857,18.041459806012856,53.25706106809113,0.1969992627375558,0
0.15397519575302118,0.21613532706511832,2.2507382530952915,4.911483569485775,7.232960491750375,12.856857948312975,15.192332959679383,0.15840758696738783,0
-0.27128309845653836,-0.27500802371175104,4.727333609030834,20.805124040204323,8.170551284340295,13.393187268261569,29.167326754818696,0.11038654935935674,1
0.14412910698986314,0.1638847352426135,1.8613100709439774,5.530012169484261,6.485915785017035,19.317684279406322,47.94214991144764,0.1702914727704281,0
0.22054146679671147,0.1020230087434797,2.4197437399704937,16.08694644754103,6.894148283620942,18.831560079306698,13.09335399436172,0.12466144133680021,1
-0.030136593958849503,-0.24878079183390628,2.8564546931703583,6.723209033830185,5.589886233207287,20.879746468827573,16.5192927178824,0.5760371896985339,0
-0.02967973219039123,-0.014671619155888823,7.4362258546466595,11.062362245003806,5.752522654137662,10.639080997820743,10.002071208850746,0.34560148896818643,0
-0.01889702821548224,0.013501997411732199,3.6054025531723033,10.666540111486245,8.93855392798281,21.541592024767333,17.172836020206596,0.3596389983850974,0
-0.3590035794218145,-0.2380771225792767,3.4256120378564847,13.110663117940366,9.166878595279735,27.13864887573554,5.1000437300960355,0.20661976915727248,1
-0.1442586040721059,0.012874977536130872,14.480682346824036,4.8534420119310315,7.574180964179162,30.114206236820976,13.038530063510755,0.135621793341409,1
-0.14575675973570765,0.011243088764187031,5.537136546719315,12.652030304056444,6.840936987274791,12.527769260414303,2.8821549447948676,0.07116688838272393,0
0.015018159306048523,-0.08478420002333927,5.492572397165041,18.601085243758924,7.2612408596079145,17.993036203804223,9.647660651852817,0.26995958253308905,1
0.19994727407308835,0.1647207705781114,3.5900981891873753,6.492537954125236,8.198859361989092,17.728830695127325,22.868037873887182,0.5043498813161119,0
-0.41756082459352284,-0.3695273950053849,3.133582752864883,7.5183976257245915,7.088488784142363,22.72860713762825,13.75894941234242,0.5540252520356024,1
-0.1375027090958733,0.11568775867834447,1.2070219602060686,5.687533524970038,7.690107093633351,15.901137660617733,32.89536362757447,0.1847179006514654,0
0.34443666429769193,0.49244658466908353,8.014435227636454,6.213857470722605,7.489795159615,30.411316243633404,28.38139487013595,0.28842005513687136,1
-0.32307646864376927,-0.21113675244393124,5.864902297822096,17.38680177056236,7.044949863933714,22.2176123584287,23.659945971298676,0.3731918106862967,1
-0.3466750051870961,-0.3854538007420252,4.0249013613444005,4.472210193778779,7.079045803206503,21.38426855350394,1.2636733266936981,0.5611695395593955,1
-0.03930814245064193,-0.1276281055661544,4.127467318939763,4.613286866012784,7.734656697348407,29.963568668913886,73.33667894499855,0.5141324435704935,1
0.153315557145596,0.23220634548391994,6.970497205845156,16.534522505418337,6.718489490890047,21.91976187958326,14.41550377587983,0.8368269626872524,0
-0.0965721833318022,-0.20663830975523823,1.763276905718025,10.097362114416608,7.861383476498813,24.001517032493442,29.885031981377903,0.33203769374326014,0
0.29868817713109674,0.27484454203306646,3.145809346951096,21.331505781318068,7.122736832280655,18.246008633539756,46.44319938235176,0.143064152457618,1
0.15703819476995803,0.14556039986976577,2.266458049435378,5.898987234967943,7.601893843718584,15.147489674728082,8.831198449951927,0.3575663845791112,0
0.15254602006701853,0.31183722897929933,12.973457888859382,7.870649350498501,8.607170052934848,18.948191842478845,5.353374610250284,0.4233170680058789,1
0.06623495039722799,0.030765220101260232,7.579091359954587,5.310370081983816,7.365446363818438,32.93487919472412,0.8740464989999692,0.7615009158113593,0
0.5982959301038255,0.35437096624656395,1.1952847186856028,7.937914507906467,8.235843472153594,25.165104741434778,61.072916280083916,0.27342510460161246,0
-0.16154850665981327,-0.11110404189356643,1.8071355525014994,3.04332799356342,6.066373715292937,23.37267418555525,6.987909494145068,0.8250644669531514,0
-0.7010566876199541,-0.7709588729303467,4.139572807775658,10.406985655748116,7.123709589087524,17.118133049074004,126.66460585919565,0.31258920594593215,1
0.38127630845514227,0.38553941089891697,3.375474384294379,8.686212875913451,7.522150896860858,26.55625400491923,11.293369905049557,0.47193136011658654,0
-0.2373098292870477,-0.24598029937126006,2.024597013659203,7.179449212502505,9.038664543365167,15.211533628431042,41.58123845803747,0.534605603914745,1
-0.0676358666970901,-0.09500626627886692,14.394660548686385,6.078864007808397,5.932038333392088,14.164717751588094,1.3025013634684142,0.30042292023018635,1
0.2928652054581581,0.3718992636366285,5.406078390462136,4.723844620656846,7.423032110485779,19.20556438559177,38.73576840163218,0.06433534468656624,0
-0.5806778623176776,-0.7339643501529484,5.958923200622903,10.631873847873422,8.66535108073301,31.772454559807237,6.037395625148297,0.14675529870669596,1
-0.4754941642318419,-0.527195586727278,2.9588214505762056,4.114243621497788,6.8719836757865025,31.48947116196306,1.7698027707774546,0.07247921713789339,1
-0.5803833811356561,-0.511979589823918,6.912728955872488,9.544336634546362,7.3297289516594635,19.74381535874728,3.1594158029524757,0.125314024441251,1
-0.3382408870076271,-0.39964936454206396,3.5670550643254293,20.847326141450267,7.765391188044432,18.629004909010078,37.24283443718459,0.11865097598228737,1
0.031890981805098056,-0.12898968912189915,3.7810210635056807,15.529799775509662,7.647606842978224,13.7981897972011,3.4722532400455473,0.45627151558603346,1
0.05725635284383129,0.12411188716950487,6.466281255080094,3.481405281037846,8.75261638036353,22.390153627600423,12.211447540140114,0.6577885527117556,0
-0.017117746201433887,0.09519171684272001,1.6864090755528292,5.64986115109163,7.858779048058586,22.810063759940597,46.90417776012676,0.13058268723090363,0
-0.52382976516771,-0.5283292859320106,11.683957135982077,9.122331061523402,8.562218316411375,25.947781270984564,17.303773534576173,0.5803879818199719,1
-0.7930310309897932,-0.9891155908367465,4.999978082049165,7.133906916575671,7.211993314152071,26.55353756662582,0.9733967416955085,0.1994307573578697,1
-0.08369392438288532,-0.013096949713003708,9.665535577694678,3.6703871275842963,6.9075796709997626,21.012890411676835,6.633126121170808,0.1410839675327231,1
-0.24153281009150074,-0.40752159823346956,2.3507822521672375,8.958994285246588,7.319421445584291,24.780139373797923,8.834258109463459,0.48838307733196046,0
0.03781573151498352,0.06869565919980009,2.5756474144023347,7.35214091999052,6.572717525305919,18.49680566076732,19.72843675945758,0.7186286235949365,0
0.11058608786638102,0.021839705392165037,2.231914789493551,19.243295306565223,7.886809356968076,24.68521266680343,100.08576687757869,0.17357999719836234,1
-0.05852757038239543,-0.17451149895909196,5.207909895570708,6.510300719930344,7.191297509795803,19.463839609077205,20.06187773004785,0.3747564366867668,0
0.12803992561275612,0.0838489239047871,4.662678093095193,13.250054858175163,6.962568880018019,24.29729257983469,25.736046765568904,0.10463404031179616,1
-0.03123658776547948,-0.04956634340820547,3.3917733898532423,3.9214277068900767,7.898926727696802,23.892506626426826,18.67103831445105,0.5283257966166868,0
0.059019411680440004,-0.005401413358204821,2.438927721391477,4.419362040976872,6.585027377620569,22.344018128475323,5.270602870596766,0.16571252288243785,1
-0.3114019788609647,-0.25253165103944963,2.096024044826774,10.59975597794812,8.116401771084636,25.97269859079677,17.86548295294691,0.5012053524384555,0
-0.15388342414943756,-0.19849036199532094,4.353193265073009,12.703345580445413,7.117330089206911,14.148004643196572,200.0,0.4208873420999574,1
-0.04096717100291283,0.05705191616426937,3.389383112931769,4.578189603775894,8.427277155275346,16.6754189088953,27.253758447988485,0.10503576388277414,0
0.14615854262522562,0.17427585918957356,2.970219347857704,7.478548357069997,7.185809937416346,20.64970163223483,51.11540450552475,0.46757662305065617,0
-0.21812235166737165,-0.28787807232700247,11.339063279612121,3.703248521497866,8.005527733246339,14.783683061633386,23.04164445496084,0.6931506695824476,1
0.05635017671963377,-0.030243811663594827,4.2656927440336565,6.7489712566505595,7.643649899018325,19.965677427226474,113.94562467775795,0.18556091446701217,0
-0.1797516375746137,-0.3445012674793576,9.602521885257767,11.228569659310445,8.09512149897159,20.12684852461225,5.879060496842286,0.2847087657800185,1
-0.1352626501984391,-0.10618933241175688,3.254532663497782,5.9448229622552695,7.587957513718102,28.54841893333347,14.170768682943862,0.07262181279069704,0
0.14885571260722189,0.11339695788208606,5.190685504663617,6.5239671339279015,6.169282070125405,22.712668511457313,21.19257285038169,0.2970495409579115,1
-0.6979181113162467,-0.9351376641225981,4.33496870147235,4.200074658026678,8.307034831393706,27.14714788031939,8.33806907867757,0.5136807741410034,1
-0.4889416984224283,-0.5425131856993683,1.618381562349877,5.3431789946303585,7.429853662033675,23.508373594048592,14.872697111720914,0.28820079581890584,1
-0.5446556192328462,-0.6347590221583415,10.55925771596081,17.797454796387875,8.13161286188385,19.321663643839674,53.19862444302686,0.4813970852294496,1
-0.8000848359544914,-0.6425170767374254,4.132604491862514,7.6634513170178735,8.052197181495085,22.66858403873256,44.97414842237111,0.40862776070649875,1
-0.30347933204655303,-0.473757193235884,7.01359867083552,4.476520706468521,6.8813628151909265,25.647131669660865,20.402844583000196,0.292121928261498,0
0.12483016991832213,-0.019304910055083252,2.8541748056280163,6.313019100992166,6.768163675859762,27.967006632212904,5.97010138267481,0.45086568264197413,0
-0.18546521991477244,-0.07446825560420245,4.05963622989792,3.3243899693694496,8.024284081159204,21.338449685327834,3.4762725408699033,0.3549817205302772,0
-0.04066297541744437,0.09501334032895195,2.6641593955323164,4.450071457568988,7.257400776471589,13.76244678073528,33.70558057058305,0.45688761701091524,0
0.22676524901323777,0.15226695514067362,9.408364082549284,14.587571069168302,8.249143423573198,13.410988712890491,5.4112585349360165,0.28898716433885396,1
0.29830583968030744,0.23509725739941634,5.40241247519278,6.880964202284823,7.357439245709581,20.367936949415565,53.92939367178747,0.5421732952891423,0
-0.12074138041784187,-0.05911784076251058,5.58582487318553,19.017604219252785,8.31872782195863,10.310492494260135,42.58235154594823,0.6632509660967099,1
0.30607576687081917,0.07336578717628814,10.124016659866736,7.0450559051241735,7.838643587367281,30.97552232868415,62.31506632631985,0.26821669244139423,1
-0.07236200246976725,-0.25848137092032286,8.969274374907501,7.2573202701480515,7.730379994971319,24.984666156998667,26.49679992879632,0.09016637850025025,1
-0.3512194671482386,-0.37929280723330977,7.093689043668824,10.180224656232479,7.200791041007781,18.82166495251378,12.200155048940275,0.2458588605213289,1
-0.27832010565962056,-0.12333104904670794,1.9097332865869943,1.9419763835227049,7.685942091249213,16.451762029956022,16.016802142646352,0.30583365706316606,0
-0.5441609537695049,-0.5877339625861788,2.952323620558377,8.186362514858033,8.454282171962168,27.14059547988055,15.871016803575579,0.43656090557464655,1
-0.36644015612009573,-0.3563464769465803,2.453871836091261,7.2102725768422316,7.456627633069345,16.431814221744972,89.82119031470558,0.2574849523754229,1
-0.20740500642232873,-0.09402607916592753,6.934578104137922,15.533817892259119,7.924939554947084,16.90886618199474,23.12186265247381,0.6859427290668387,1
0.14107550581358047,0.3517639791413951,4.964890113616155,11.969236069196008,7.537088060999765,18.17027029986654,2.379757856012686,0.6593134657879607,0
0.4162309493497951,0.35854610203496384,1.945837624863242,4.191900274377574,7.599683234196338,22.570437072871627,18.969484491582406,0.4796688351259707,0
-0.514654454613112,-0.5163381269864546,4.00183686592397,13.750419177905963,8.87872860555064,25.10398719573699,3.952857042902343,0.6199435631381451,1
0.017848240477975674,0.20005376261225993,1.828566997396866,6.480792078363302,8.461384024831641,27.963361167078315,0.4845725093071673,0.5814027237640025,1
-0.4121631817472603,-0.5643831092664031,4.3410059508235035,4.700991231749912,7.563523052156575,27.22485649473351,29.914614145996723,0.26814305626726276,1
0.04240912653896059,0.14516723359434278,1.6599317674994838,8.154350801094111,7.671563270348828,22.00386854617371,13.188118525351129,0.23685635400198024,0
-0.139325995206318,-0.24115754844244383,6.155195340606917,6.676643039043216,6.938503597159225,27.10260986878167,5.404357607876946,0.415730410810719,0
-0.6492717477542591,-0.6390245110439434,5.622506582653177,15.946392961066733,7.361622762988038,18.645001930118198,84.24172526410571,0.21121292915495088,1
0.17848909747054528,0.15422719273051785,14.080193534847604,8.761008415482276,7.747518230038892,12.895669927690168,64.17581015828718,0.3846219603159596,1
-0.2815002138426193,-0.3773013739127422,7.453800031550863,8.189308486709232,8.180490871655302,18.64434464144746,9.734077092190775,0.3673133923603194,0
-0.2601700715120664,-0.3584802642778939,3.4772837121070235,11.592096636059853,8.099376717528735,17.96869742861856,20.575839787546098,0.26513469577969156,0
-0.4209257233869069,-0.3932842869615315,7.321696445446927,12.761538069905916,6.612592755276392,18.840064641004115,39.17464538827917,0.126563837123446,1
-0.29628498300626666,-0.19673105018999842,1.9375061790606884,10.93318377102114,8.281586184542904,17.203126353790555,6.388599056108544,0.31860774336736203,0
0.028367132208475143,0.015393511889624822,2.515612814761008,15.025244248177982,7.428981056497958,19.694452112101438,8.275504665979296,0.23702398661343135,0
-0.15677330228092165,-0.14976198640760002,5.473320765966305,10.017576563331152,6.71040691545797,25.10008607046789,38.428530025108955,0.24090898810792746,0
-0.0014013993152556942,0.05571600731384903,1.2275866911545263,8.035150522461963,8.569107789945537,30.576285513312857,76.97163675130113,0.45789628670167803,0
0.008576556178653091,-0.0885853211226429,4.382868983582148,13.730038598710825,8.670623197390363,13.373267628704884,34.72703952687458,0.3103880030712379,0
0.2961984966584501,0.3701677474997424,2.429880367669803,7.060754602208327,7.710997585872528,15.56132686549628,166.73874450002666,0.4702553798454836,1
-0.2028358452593138,-0.1209015355533391,4.762554734008417,7.512912885657068,8.067034881524188,18.042768706359162,8.351202707389675,0.12558425194759262,0
-0.5430573450537195,-0.2826947151786785,2.3475170266467678,17.47530005756306,8.113959366995546,25.828709387182965,84.1606584732608,0.48138073404765735,1
0.22016672497159487,0.18255630591563665,5.7808393157121785,16.625905712038687,8.616617722249801,20.975262785134753,54.71719640748887,0.23722726426208096,1
-0.1994464516291764,-0.24525463179598916,4.533963284338508,7.358912005974429,8.08245482034538,18.379453884481887,8.622275965664658,0.1693363223770576,0
0.23437773337321308,0.3112743205305876,10.383516014774116,5.889812781572479,6.437849378049145,25.58366503852711,15.4596103378936,0.24026885831582898,1
0.015013133954741117,0.09692355084595496,4.499834959607702,15.357235792584534,9.107846199176903,26.781951331709845,40.1992046067841,0.2042126125886895,1
-0.13934125906100348,-0.19284997439867468,2.8258644478330344,11.025482438367392,8.352525511584034,21.90620020288185,99.31131936035337,0.25775181757673704,0
0.004632768213888527,-0.035683499479116365,3.8646398160383364,8.652001029656143,7.0923806357817885,17.91890386689728,8.546513330358104,0.7336901929346508,0
0.4853037680378899,0.5394168518596939,2.0006220591793826,6.290645224763087,6.676299942114072,23.351397836176965,88.2278180889405,0.1596703872336149,0
0.523094158716126,0.44033573464265985,5.7183617259636135,8.721997557288432,7.903850744323267,20.833658957737164,14.493667392240482,0.38622427416923916,0
-0.0791856594601664,-0.12023905826166789,6.3847360387315995,7.30928728265937,7.277391969305937,20.794933781072697,25.736404412596773,0.5526684811504289,0
-0.05194282200487742,-0.042983545268033954,19.71771799247616,5.300657715980788,7.763996283199168,19.43799890699082,15.061984374162376,0.49968087045443216,1
0.22287204723991563,0.32246591572214145,3.086069903926772,7.881523039306648,8.09472547302261,26.624916236610446,13.924094675485023,0.10707493182568048,0
-0.3536983098302041,-0.4141581714481582,3.8164598641357386,8.43771909621058,7.046846489602563,23.24940113163397,8.532167818305972,0.3330624163399438,0
-7.888821452346761e-05,-0.18431733441759068,3.1725792015966534,6.124532742241948,6.60711360585253,27.178504409448152,25.25010839164311,0.11477587378820686,0
-0.10775885438615693,-0.299418601137978,5.089951085927011,11.610534636497004,7.808654774297582,28.681630727390626,6.931815781112177,0.8550967384009583,0
-0.005827536562733923,-0.13176884323334725,5.635096771790559,14.075225513282694,7.073289715778421,24.294903844333202,137.5836564361005,0.5272398560467428,1
-0.3500106417848218,-0.4813274136048155,4.340437256326092,12.000506375160164,7.616876628585919,19.46761442557424,40.890661363076084,0.272010230743184,0
-0.5768702479926907,-0.5923313238546816,8.600286787815183,6.435797772876985,6.4253388504301885,27.201631161098923,14.705994594567908,0.34443674854588713,1
-0.7218950307973875,-0.8407830461571479,3.09507549295542,10.78235230830351,7.29825382042029,24.328323511391773,16.54843332349436,0.09641581085020344,1
-0.4352152338968823,-0.5054907298790028,8.098707076353225,7.682774144974228,8.071961512831997,35.016838884038194,28.032208024831103,0.7224424260207071,1
-0.2376025854817999,-0.3150111739800049,6.1910129246395,3.9833652838084674,7.984746006117438,23.550514442473432,20.012682644597742,0.2816236702103136,0
-0.18795747599462853,-0.23200826207942787,4.449456919018731,10.343566055331785,6.869313623301385,25.488440195070417,22.24230419959498,0.32081618824770364,0
0.4811693487288551,0.6134197818811673,3.710022775486737,7.949156484659992,6.565388504545559,23.45211945648016,31.14415300579492,0.08648280014976249,0
0.2317980109721894,0.2979927699152411,19.220946640921746,27.02531450552107,7.512610951801434,21.50450704065941,14.531540050673584,0.48773952420072825,1
-0.38862733490248813,-0.38701439337488774,2.745037701717403,15.311978516187043,7.948826237615527,20.70604225206217,78.76182647790735,0.11230412077361311,1
0.004312535735287074,-0.04179009232279674,5.3589063022857335,10.544190855583079,7.824140112154041,23.471219223292834,6.275773107785321,0.6244284304087216,0
-0.22212347090509754,-0.26544673656739964,2.8572755269545365,8.369425554327883,7.090272124510952,24.605878759069277,0.5282397922233961,0.23109292215882976,0
-0.18530915141202853,-0.15253450441683358,13.083768932014513,8.019380123274493,7.738259553989283,27.771939498222125,0.6125551377727146,0.31277844077188593,1
-0.044402305175385404,0.014014602159843619,7.630060673872724,4.4734293111074885,8.701884377020797,23.544252791518822,9.393446114932722,0.2813590682700814,0
0.08575133509261798,-0.005010415517442066,2.9831806773178418,3.0972244954478314,7.664115749847222,19.685554122873857,65.26243007965378,0.30883590339986705,0
-0.20177754516520463,-0.19812946960378147,6.095537804625678,4.776559156035329,6.193481651345104,20.365730017005085,3.451871955359017,0.48990313833199145,0
0.2191554598203075,0.015993502954004812,5.231078300168502,7.214850641586741,7.662560270480514,15.385315285484097,26.547029100995523,0.33936766749060726,0
-0.44258146784272123,-0.42141008942566155,3.2871638548973117,2.5785580849421486,9.135165576970088,30.30606921786155,5.288163851727309,0.6054947264171212,1
-0.09809828129131948,-0.02188335709545086,7.063202286581889,5.628478201148225,6.470087349507524,19.294131932395757,38.92965040033921,0.7647023300855118,0
0.6793021179787497,0.6512952552906622,5.660901950110719,6.528606255935382,7.523779729463218,26.837202300689533,4.804441719165051,0.11163047518333394,0
-0.03307607721241748,0.14857662240159306,5.100911393291957,6.634522665235038,7.3189316535742925,23.38275428721267,0.8984448293991784,0.20649225503862934,0
0.3299643519818518,0.24184050723824677,4.370372183170951,5.307591747886783,7.576706367420051,23.518659154197035,10.478011998654848,0.3626495520636149,0
-0.07254394654803756,-0.05079990501771143,5.8044954537074736,6.229169970159726,7.655401722523018,21.412760623638317,1.614986471778561,0.30756303649207195,0
0.07423312859893899,0.07065065393234345,5.142979582858695,17.495556144138053,8.41197758885034,18.061005556866633,11.091266047982536,0.8065676001597636,1
-0.11703495831780747,-0.1270647250621483,4.6434424561593195,10.28897198670904,7.567826629120648,17.157322997540124,55.51039909194424,0.5813056759683264,0
-0.15112227434926134,-0.1625544911497361,3.050759116806738,5.583688678850094,8.521807645769638,30.642326944024685,0.819338452047582,0.38179789317348034,0
-0.3338447190176259,-0.32313421601667874,12.382197362734068,7.140809218251401,7.405875472970814,22.56980539418623,51.63643539435923,0.407339278239745,1
0.02909040768726595,0.11388628203363593,2.386309508884755,7.285188629499035,7.219890580820294,27.626338730938254,41.96197080674621,0.32359498991962277,0
-0.3554611567557304,-0.21768753312825598,5.792602840977916,5.033030476596859,6.964653613569116,28.924534688226256,76.51261871985777,0.21237449145976514,0
0.09967557089402873,0.099450546443613,3.69823454071466,5.030074982851501,6.046330376703878,19.94576534950393,62.81693135697666,0.3373910908058457,0
0.22558610133377296,0.3071177085509363,12.880678033840667,12.246767322978462,7.720625129540672,24.11752882963922,13.731169775737445,0.4355539921336903,1
0.009959422171168977,-0.06021727245550927,2.6062449728111026,5.990098231499714,9.143200230777474,22.225053877456737,58.23248521848399,0.334940286827993,1
-0.18587462006670757,-0.10927907479408427,2.883030629983676,4.274434472419036,7.866588381828689,16.213930984915557,67.16113319667299,0.3605292511566685,0
0.03618967379260882,-0.040009478590090214,2.504550211288771,7.2313795562748195,8.049397883329343,21.072600120478718,38.12687786339826,0.7547628981389201,0
-0.1926019166639238,-0.08353592305511057,5.441632079956713,7.838165985414975,7.169574939988436,24.937532951196136,1.8899140298252655,0.07863297759687679,0
0.18066413763954478,0.40172822537886876,1.966331461200029,2.7556349499543593,7.304533286981063,19.50485372494571,16.527702743551924,0.0224773287465169,0
-0.6494218252645371,-0.6616302140616762,3.363166373027415,7.240040650497075,8.28771319066661,20.375784023140692,11.048619545229643,0.549983607449793,0
-0.20068221043559387,-0.41993655951633474,1.231928104026859,11.404294182789098,9.106954912231856,21.133165723071773,70.37796766982594,0.6653926512689752,1
-0.6972435985371993,-0.7520508918616816,5.177140166879524,9.259172601359214,8.690358348637456,32.55764665655052,0.055164175160695425,0.19285649511473224,1
-0.5485182490681615,-0.4253307356392312,3.319688936608511,22.531122092986234,8.144195703782417,12.829755314477802,6.57347410994577,0.3360192448714956,1
0.30915866894417277,0.3644663476466973,1.8352229149052413,13.812234275997529,7.5281204635124075,24.508216495136296,53.963251862454605,0.3352991703451873,0
0.1685554945915058,0.19344685445900875,8.596590247447704,15.248284613644888,7.667775131413859,20.733304613739175,27.158720168030897,0.2765101054169487,1
-0.3158440699854371,-0.2149772343899532,2.0450042361692726,29.965387571225225,6.897194144457396,18.79672545748783,2.9951457426158465,0.17567259450763528,1
-0.5507510368122691,-0.5023056928874269,7.229473514998548,10.794946747538454,6.341465982957875,20.610621464218674,30.14369955089471,0.2954060255739027,1
-0.9893586513524953,-0.8675861326073817,2.942841189280695,8.016766042545498,6.598561313792047,25.336881219167115,40.93590613012743,0.28189619849447567,1
-0.26304865237979036,-0.17110628471509182,11.715852353224383,12.02358511020035,7.53984002761755,25.622617970102805,64.5164263464041,0.6852206294870014,1
0.6261245036742207,0.7782945489479166,7.026792363268051,5.586660951044085,7.266406190858659,22.930085612173766,101.83857718129333,0.39670679904423817,0
0.030465281439094216,0.06634488982971964,2.447754998857773,7.797811830191197,6.324446636224252,27.463706582283137,2.5371780518820426,0.3800021401382271,0
-0.2678716858148469,-0.17734574566545142,2.5850645242494825,5.344864420363161,7.470141296760211,28.34416497550288,19.72335837549592,0.4147631053542004,0
0.03952406285009186,0.008811355541513313,6.445067587415825,9.015923382753938,7.245255740427244,26.08187970975307,36.37783499198701,0.16499167081641425,0
-0.5682875058983329,-0.6284335870542335,3.8288830223094017,5.333701465602775,6.561720915772735,19.269037744263905,22.127419652365372,0.34518575157203585,1
-0.18919700880929063,-0.01852024476739328,4.048694549848665,5.2411227993742,7.203856791503943,24.472207746064385,50.09832860600572,0.2480317682040479,0
-0.07015675809527847,-0.04853629046300966,9.615182090810702,9.086017074568444,7.243237599426925,24.496003295692848,162.46844954184832,0.5113710467273653,1
-0.12583019554631455,-0.04534213896007665,2.859900048024931,6.897398279871655,7.006690288060427,17.921842831767243,174.86093447867827,0.43970423496971345,1
0.13724183650702415,0.14961583794816316,4.734027231056936,2.818597531940083,8.241336131820752,14.15280552972871,32.07124028276112,0.1431764720046344,0
0.0033935678708156974,-0.05525799722118073,7.946858363735541,3.5687719297569522,5.97767875032535,11.886121893127221,38.12663282392414,0.5974688583408387,0
0.10049780543239908,0.10159609469063921,7.282472932307979,4.163544497958512,5.9113608074312225,22.34927745056076,73.41952968361461,0.20375557365859406,0
-0.30651168466922785,-0.16291228289245643,4.072399565217132,4.7517551114326775,7.5026286275592735,23.490198574334592,0.5022688897937406,0.32126879947850334,0
0.16934462252316443,0.22486862995110685,3.7684224721517614,9.09033412317945,7.576901751513844,16.09109211173793,6.016164226542502,0.6023161509598459,0
0.3886810842871974,0.21753376831415147,1.57887208599221,8.243866122711749,7.823372108815179,27.230161662756814,6.422423354650075,0.7546472486416523,0
-0.3910448558954238,-0.4125693015530393,2.377983844237472,12.586687223736071,7.068821193376725,22.76109074648206,51.66652625453064,0.5055987261061878,0
-0.36630869671436794,-0.18807931744389672,5.424987178127021,10.766084958416823,6.765660955926134,28.747263074576765,99.86585724514576,0.7089518758074608,0
0.3007353008960698,0.27935561471107423,4.125844337149021,12.628440818285297,7.494147093844042,23.852679349917956,19.156428248017754,0.6548052948925975,0
-0.1574031960085181,-0.3374510651819362,4.68776651934155,10.016143043241563,7.146737491721603,16.668332140604242,4.704340452657474,0.5317560475700375,0
0.3211464176199671,0.5104513061622215,8.360783692127345,8.205787143435014,8.740857123724556,24.291406066450744,35.60639827580096,0.45926520641776364,1
-0.23276071356765515,-0.1645214625863759,2.198128100054199,12.802953303444458,7.2406182000598465,25.350553474360506,7.472752350099688,0.5650960348174071,0
0.33651367288121337,0.32951238699993335,3.889543578185471,11.701375463420245,7.457451878626338,19.261882070564972,21.682073568509466,0.916993252767873,0
-0.060554254958364355,-0.09769602856657122,5.018979258392633,8.917785770557682,9.480334511678354,14.789535013450624,4.118267605413578,0.3694090405894263,1
-0.02253135300319145,0.0857038399759821,2.9373389059983763,13.950787181128605,7.3441918186154505,22.50148032153303,22.444727678194447,0.1860361464688421,0
0.36941540650097127,0.315217066478352,10.579162540726488,2.2866911928499682,7.944925492159273,16.995776823419078,22.944691453762378,0.18820238336345152,1
-0.2085311432332514,-0.09370550078165256,7.730334085208208,6.390218187337651,8.017047546709083,27.604438315305657,27.93111221520542,0.4547727747481669,0
-0.38233662877748753,-0.3281171002050619,5.333885696236701,6.341432993837791,8.085121314974572,19.964116597867037,28.751237247417095,0.5615391977335846,0
-0.2345692624085063,-0.2101010698597713,13.151542703484635,13.148943835954757,7.731589812329002,30.623005532466493,13.904749441761064,0.08637006301014878,1
0.0357001851929416,0.05025166572650114,1.8233269598247048,16.21112116658866,7.655072635528407,11.37920666240582,71.19278682655025,0.5111569910413075,1
-0.5697277216541543,-0.5872245253255721,4.460961078794447,3.578380468281446,7.580267431869693,22.67397802072574,4.227381877430802,0.32870525765217645,0
0.09124127079533645,0.19580528281626303,5.583423849712925,14.963046383476913,7.039204878212981,29.1469632005066,2.621130393681163,0.6774702978396223,0
-0.261631395285323,-0.3481656784955064,2.588987757047291,4.113512996047962,7.760415042271415,17.548478420563516,19.865923244878346,0.5849400655879456,0
0.24434379822006905,0.08215128553704812,5.367856812771041,4.176160890344775,9.122916669939674,21.203995321864824,2.1407541838657362,0.30721555907879433,1
-0.8182780914701414,-0.756834079180894,2.307236536228936,6.572255975586959,8.468545527170846,19.98482142817978,4.567873083290081,0.21247344467657728,1
-0.3359697325312506,-0.2728458997245358,6.782422852306518,6.302187301995883,7.743134417779709,18.581161789238585,4.744486034896676,0.3317482551011872,0
-0.6059404453702305,-0.5579163301190538,8.454517051737588,3.389869279880179,8.184663838484791,23.223113205571405,2.973641545137754,0.3709255341512058,1
-0.34786883990918577,-0.3070960029473819,5.277223149277582,10.226056141798866,6.804659273015478,15.522891995004482,48.22576527717124,0.5774442950064054,0
-0.025700229667317068,-0.057754267501071856,1.4745034823128302,10.37813524093463,7.291590276640225,21.44515609334887,11.01466577003723,0.35586004921400155,0
-0.15376798763492647,-0.07501971719637393,2.509099408338742,12.516162362049501,8.258279875347244,24.579971188422867,92.37843697686131,0.13571147031114256,0
-0.17601327068440448,-0.18056908335985855,6.289150474719258,5.949292679589029,8.689733754766554,20.924531443066783,27.239814785519453,0.4918119296137282,0
-0.14775546141401824,-0.19646681749553604,4.539056568244093,7.244254286919484,6.883307062323698,16.998979000071124,68.83915333548825,0.4911692770323516,0
-0.03898352781401698,-0.07017265903955697,0.890117706402916,7.277492874683563,7.113129352461474,27.15092699300751,28.93211968900725,0.6520566417531889,0
-0.4025608125829323,-0.2004968427053491,9.447009442601914,17.184326540477777,9.24510063510283,25.65128480808425,20.110521094911128,0.37598574584924316,1
0.11205489226971521,-0.061442715934828085,4.864645783071978,1.7911853523087082,7.577008999815178,16.794064143481293,25.05634511150245,0.5901268318584896,0
0.09879979111564516,0.14877860154522504,2.7416370393257234,4.579216096490768,8.958689578160303,15.529462174887293,10.522295977481106,0.4361573532995563,0
0.015511381296830287,-0.15239966146554146,8.141491209772607,7.409555280617063,7.665485853820634,17.24037792003088,19.625764776912888,0.2233478400696857,1
0.06696003282537893,0.05613669899308161,2.9846306154097073,4.2939836102011,7.696944225860348,24.726365827436076,3.8796863998011393,0.12706108155607945,0
-0.01107459975740216,-0.05443734827282093,2.965153285530941,6.4937476979598046,7.255607289872082,23.377864494812727,22.58232389287761,0.27686466807672466,0
0.5105219908193203,0.3020191611513324,5.556739917984659,6.93764397364496,8.254044113208183,25.95041356222857,38.07255852215388,0.11435090458365557,0
-0.12612825131575298,-0.08722449227237666,13.047846167944336,5.318317242961781,8.5862220402432,20.369248909746926,32.06213210125275,0.3900780662012678,1
-0.19212496550037303,-0.23012877171959262,11.871639338376985,7.631118775484596,6.671998215887307,17.376328812499466,11.2151844336079,0.3950024164820451,1
-0.32605827410721333,-0.5359789083633377,5.561272223935844,10.11555804233476,7.2180395582236505,26.594232442072496,4.485243068137852,0.2839986772583913,0
-0.4096788011733511,-0.3257219920959259,5.914644506642324,6.56575022363885,8.232062819499376,19.23275743274418,36.24100435657297,0.7766570542429001,1
-0.4733415362803226,-0.3298409184814291,7.205894410715109,5.890863745550355,7.396361089772538,22.932740279269893,64.71667761666512,0.14578958268329295,1
-0.3666391939692756,-0.21762675973961837,2.1081479111102355,6.801325649738737,7.1052916251734315,14.250375804423129,3.42142565901011,0.3561850517275117,0
-0.1212041144956214,-0.08530847043047429,6.596168843889939,7.361633320577319,8.307633723095522,19.150947878386003,9.102760645801236,0.4815724878039793,0
0.000288538549314335,0.004894352407025885,2.885089491646742,3.0951619073870784,8.382762563770008,27.046981604707568,18.05343248649253,0.13641936205347666,0
-0.08465738243435147,0.04815827965522823,5.425374015926284,9.307094501682927,7.140286327462289,18.41862716665071,52.40706806128404,0.7326827778778575,0
-0.3296605832289139,-0.16142222469490405,3.9099298139337852,5.897328107936409,7.669893222390357,26.0725191072575,20.48505763285519,0.8283770346665494,0
0.170055369205989,0.2834122394935515,6.054035026541462,13.884422627144932,6.533220163276614,10.344901519059032,30.44631112630707,0.5314962673948228,0
0.12182380169028426,0.027670041467304146,4.810793690878319,9.92966496511018,6.783615271617041,19.20304170178407,5.2208073286379895,0.11506815098226301,0
-0.1478944922266051,-0.1277600069051129,0.7090578496396186,13.263729466459758,7.599332185706704,21.14322677060934,6.612627955453941,0.5755061758976936,0
-0.2958748433994136,-0.25192322897027075,4.989496620517387,4.457098987406122,7.525125430063875,30.71270151671203,43.75890378037808,0.3448526558741903,0
0.06452837624893984,-0.11643332064278308,6.588276432114086,6.136819918510037,6.726499126615492,16.154685599927742,47.97315994779831,0.42901180169395914,0
-0.04360792375416867,0.003328142207908745,5.856528424446955,3.970018506484754,6.927220860219539,25.354966477235447,9.610056533313664,0.898634012963413,0
-0.5344381778245143,-0.3071389952265754,4.214152199334958,5.193482092061814,6.647964504035553,27.28465890624397,74.58529022729222,0.3531992679208862,1
-0.12039407679532148,-0.05640046021524234,12.004685298872637,13.819114082298814,7.864047885530568,18.392551763778627,1.159566475064991,0.6468039998976262,1
-0.021389256377685698,0.12595205176648994,5.402295076656879,15.545097085831665,5.92588864264648,20.13238025613655,9.141921426232198,0.13787009618864912,1
-0.36990843594632616,-0.3516169629334557,5.827592589151621,4.161740401791127,6.690738216351843,22.70814386905952,7.857416218969277,0.5266825042030109,0
-0.04304698214876711,-0.050368814547149254,8.387102728195327,5.8759113173139,6.009646761734143,14.592575164037353,5.023413968287237,0.08598377838709062,1
-0.5364467455773367,-0.4983196065692392,5.570895426510863,7.112844001077944,7.835216483086384,19.72448394069322,1.672130729369425,0.3194955681369155,1
0.30085583000365124,0.21927316520520795,2.614804537191928,9.902654186996815,6.057813159956239,28.380560204732078,46.31985619904959,0.572745708988909,0
0.27438499551782947,0.1780074767943906,1.0376904802908855,3.0651449743841033,7.5253833588284325,24.613274054322105,34.409986629827294,0.6124518176419368,0
-0.17575520029088942,-0.049124744573952855,3.3660079539365246,3.3151403454780044,8.81161921259794,21.216243552583787,17.579137450433166,0.2104673199057328,0
0.00903630135172194,0.14627053563837378,7.074999094395592,9.43865104278263,8.838747185016722,22.565361809182416,26.128705548940346,0.41859232082200487,0
-0.8229765897399625,-0.9220872212986975,3.626043834314151,2.7884355827510747,6.055273944656943,24.90452682764886,17.74180672703256,0.5557962130999896,1
-0.44690429807959986,-0.3501044176242134,7.247865584392747,5.9097368070398435,7.7387276813047645,25.86205073955057,43.04973832940837,0.5871359658893998,1
-0.18813367604563896,-0.19682967360624107,4.90000833214144,8.012845202222415,6.708822962895637,19.21792926310449,4.908772442130748,0.4790483098295359,0
-0.4216399064280577,-0.38765904897901465,9.706925910898784,9.095983886616946,6.545491171431793,29.673604716398348,1.1148376313114126,0.6304068869711217,1
0.11431894478919763,0.16034080873270398,3.7541803373440255,6.883594364532978,7.409224036487941,28.581741006023307,72.8123467617824,0.6739140931926233,1
0.4991889592243982,0.5986240060368301,5.93323084959514,6.154119164602793,8.4826329255465,25.386288151766063,16.45207481538022,0.34604847557649293,0
-0.45298441582879057,-0.4447125956424717,6.071046762500284,11.271590329556421,7.979727099376286,17.785200670770543,90.80722341633532,0.3116079842588932,1
-0.35123902122555783,-0.21022282169536424,11.033776108381543,8.521590170726974,6.927887257213696,16.898880466147034,130.55571379163806,0.2809815902739225,1
-0.029365489507020906,0.0015757944689715683,1.6096513716482574,5.346764913927437,8.064027197928002,20.366981017017032,88.96799894669293,0.29236211109324933,0
0.3833348445498862,0.44575327179683943,3.4040130188168476,7.529747045414592,5.705033334494656,22.303825488222053,28.7343808684218,0.38560337482082796,0
-0.466712293761971,-0.5500385529156957,7.456675438688332,8.949382283737856,6.897643361253408,13.157540672204739,2.6380770958806803,0.2756598554254839,1
-0.025289163307917417,0.190576737762566,11.330949639128425,17.446143488962107,6.840886764238999,24.47346566772628,151.7692391294715,0.6154770814097766,1
0.4463896552439326,0.49337214756442926,5.17605357387855,10.948055210545839,7.562656553391145,28.437311319242358,24.80581997291192,0.7271928284192762,0
-0.5955277444537802,-0.5242280019192703,3.759844128465277,13.562090373608305,7.3377376290720004,24.882370699154386,10.811686430613046,0.4698697131235575,1
-0.48432076205374963,-0.6451393431749037,7.058771452983887,5.444992080064107,7.386823125104092,18.619735985978824,37.825414303699816,0.539132148405653,1
-0.22708198193825146,-0.30935218424616157,7.547539417224733,5.685440147861777,7.360224375915089,18.027983012997545,11.071003558296384,0.060253079273100724,0
-0.2561765238566233,-0.13238815506475027,3.611788188579158,6.568660980577263,7.51792579279127,23.499261720870393,9.1634899457426,0.501773668222333,1
0.14378038632609336,0.17246949815535384,5.464017840196968,6.877214334282306,7.932104773566579,21.2334814233091,44.544646935388165,0.2213040100263566,0
-0.027502084053748585,-0.2188800575366412,9.100381697716728,4.463742416863107,7.619464820881906,24.21520587127954,5.746037148991734,0.31537000190852155,1
-0.6324886178926384,-0.5286596249942566,13.933212742277362,13.914991905654578,7.272518546716353,25.008606863028174,32.218165440134214,0.5536766832946926,1
0.054623120870243236,0.0002448404349708888,6.99757020720529,11.492283600344255,7.821398623843826,27.45945264447331,24.498449482767594,0.5527649871330342,0
-0.2732616662066951,-0.1321299676190239,4.601964778203995,6.3417900403598235,8.160898834922211,16.33938285535239,31.24582664293398,0.42860462864754134,0
0.28233416508237175,0.27355059722200176,4.338613792216263,10.184381532903238,7.055179287421897,23.10809473924656,37.47384111132348,0.5738903567317266,0
-0.2882762609310759,-0.2678055923290229,6.26161371797641,8.260206452764233,7.452477815461859,20.18262498019338,8.5422860565763,0.18305243705659363,0
-0.2909845849306707,-0.17308912707150587,4.181191670371824,10.59004056880433,8.429525250437269,21.506824780323193,53.27016596341383,0.6511703307367981,1
0.062339483241359406,-0.02740981384410683,5.021779231093798,3.772909438730022,6.617791458186114,26.32204426334372,46.29515517286896,0.6357459428666973,0
0.12887794470108097,0.02959326391768699,2.3756575000078684,6.870036803836041,8.943761757004754,26.86562936525622,8.317432779928012,0.31226793068691844,0
0.034429809180861054,0.014779967141050319,9.759433130966968,7.177712478921676,6.428676020208339,28.99221825191827,82.12479052164949,0.3137851589571422,1
-0.6056791952154424,-0.5229619152533203,2.2611853427044304,10.092787398736272,7.22370831103621,24.12795125184134,78.51631504537932,0.5011139060915208,1
0.06141033197847531,-0.07167739328287376,3.458147163394565,5.396665157691415,6.7398480024991905,21.449916046221027,119.31758324503899,0.3850477169885269,0
-0.41029241550231965,-0.5770958754912293,4.751954259610076,2.117073346442024,9.250341597495503,20.735607652748083,23.71667112335209,0.1841194562227754,1
-0.029417166523520957,0.05295492618085827,14.79948122710637,4.302301625139925,7.097319976922279,13.326224988026656,1.1628953193221543,0.5275785583297938,1
-0.5271203306197181,-0.5874181618764185,3.4777662624528194,7.166920089347018,7.0993270747771735,28.69867522449302,47.73419299364995,0.19445522869489984,1
0.03389664426291908,-0.005325957029109235,3.0053394147949666,7.628888141702877,7.203401008048065,20.39050793107165,52.67442316690106,0.37026306949260873,0
-0.34197967129221174,-0.5276607114862284,3.2204137645215116,17.14787160614698,7.576482246315161,24.529485300014553,7.886882717973289,0.11257424135384551,1
-0.48479039507815647,-0.5526883265133546,12.12583500163713,9.888507461361657,7.237246576876391,25.394982628712164,16.55745033177161,0.5364722376873996,1
0.11414604094471983,0.11338931128160477,0.829105229777285,7.696495840410401,7.39369055630208,15.773422454749303,3.5664602789345663,0.3768348172039378,0
-0.027506643496974625,0.06553114226531459,2.4555657744286252,7.270349477763854,4.67663203758101,17.383268037701825,12.805154418209161,0.4812825611841301,1
-0.28419304041786914,-0.361316057041333,23.075541002181662,12.833920323650542,7.545727868801462,29.73509953527747,39.373596798150906,0.69950547246555,1
0.3353536547063193,0.5010912667295689,6.388690029050916,5.501081855642813,7.514245297189316,23.45217757841772,51.21060035178769,0.6995495229496939,0
-0.23219572647092274,-0.3006513288889028,2.3080638903647137,6.888532731661621,8.330855037929915,19.09707167850742,7.808429355472766,0.5459329030730307,0
-0.0903676978087196,-0.15867687796723706,4.370376717174556,4.286073046403841,8.547248758623521,21.36826494436228,67.13820578597297,0.06743812619416682,0
-0.019325965696419728,0.1344097894933605,4.666795929026842,15.021057114933567,7.3498335508865615,27.431184524164195,22.190451004905157,0.5799682324211712,1
-0.2858997802385841,-0.2647537650021924,7.445986389415714,8.991228297858456,8.152983265339165,26.671572398671522,51.73535909055582,0.7090678981544268,0
0.04134088801997879,-0.013861584881178876,13.513662378057385,5.187429795138841,6.618744975644155,14.669591188801785,13.174125471214092,0.21600237966794017,1
-0.26003570414941735,-0.2755490172674767,5.65834252242252,6.978070841547762,8.113873874156884,30.17141921835946,3.579938576422462,0.23245405280747267,0
-0.22349149666486276,-0.08818413891065682,3.241794447113494,9.533628417879992,7.042019360692338,26.8307401549934,46.84384654281708,0.3490849894363915,0
0.3087927919410023,0.45541307390357044,7.186833455944487,6.518475591640862,6.552242025495956,21.23762375329207,5.941315231654903,0.28460134465222536,0
-0.41217581575372997,-0.49385513368075556,2.9477683185770336,5.656270140118534,7.3515290574367596,16.041387784566396,19.917543729676716,0.6447289756409972,1
-0.823834099278847,-0.8280774802867578,2.4108936849774922,5.32739916212596,8.620377957758222,27.270043200304627,0.46087781514300735,0.17484324300618923,1
0.3832810985035683,0.3922967812703256,1.559015725323328,8.75373922968121,7.644804429384678,24.382137501473096,7.7425398848909035,0.2599696205267141,0
0.6647983857821009,0.5661743747304412,1.7522890526582673,6.1778657281786415,8.697190518142705,14.711008109611175,51.43894230564966,0.07101895648236384,0
-0.22158077963479955,-0.227149284899799,2.617272922258828,5.889205698448686,6.901013828947357,20.839609623208116,13.57742404636532,0.3077528325582437,0
-0.6810514121860556,-0.6805191261408855,2.2107374317136568,3.7884960602765174,8.338280883638392,37.63086471396244,48.54205729161848,0.1875243029206547,1
-0.19314519285878312,-0.07912424496510956,5.408338430704972,7.681541846429551,6.978271970210444,22.082508787072108,48.60733893545299,0.24244803764046005,0
-0.18586688495220077,-0.06512438212108068,2.1822553462402814,6.748959066378033,7.680262937191363,18.290147028321716,48.78278480762704,0.36541106948200125,0
-0.1569771523066771,-0.1898980921425779,0.6796347338636626,6.2913509537971715,7.673346262927532,16.957516873466798,36.59682045746292,0.8532671124941625,0
-0.43401641257655443,-0.4554117269626356,2.3956460291128696,8.161152026623435,8.029193387139339,30.8604949171471,6.119168180764669,0.46537445711223846,1
0.07386834274294321,0.14029757294850675,3.3766503971649846,10.740279697806821,7.700592495929062,26.23879744788844,22.85867927552245,0.41160869780506326,0
0.057352212585825846,-0.0011666323068753037,3.116561489182918,10.49378037028412,6.908652369742546,29.03719556958614,36.27491460445217,0.44242193143823666,0
-0.548321685945792,-0.4894576707720517,11.153070125523362,9.741199387268,8.204245561674052,23.240926420460788,64.14793635436533,0.6805579876404061,1
0.10975901950846634,0.10096837077154486,3.1014646399860353,6.551308893040392,8.885325275460316,28.270096176663934,44.79801130352202,0.5610492501689758,0
0.5158054945837673,0.4188656368099053,7.603084938705937,5.565021410276097,7.032957262195105,17.758398052260446,48.2686052441251,0.7070172597515214,0
-0.04841190026888205,-0.1440955715568467,4.430934191162071,4.384353494825304,6.031814338843974,22.812954904575292,41.438155807666305,0.2738620378809881,0
-0.20119754862055184,-0.05649167901744162,4.369362705960725,5.492709933152819,7.899455654683031,23.43526757486368,6.777528601610421,0.296920413050092,0
-0.14260096432225638,-0.15824311223658624,2.7149453565737303,7.462011736013884,7.235055684758281,28.912234659376104,12.992992971074116,0.19688495756768862,0
0.08457703009056836,0.24861243948039946,4.326376731061348,4.987111772937496,7.395117715235763,23.594215200702276,18.944533722317342,0.37294670640318867,0
-0.6192014816521654,-0.6705651077236564,2.8318843095842836,7.75260231480754,7.94494220458481,18.872441291318925,20.864647892453327,0.30643197145047196,1
-0.05068278910680934,-0.021562268993659997,4.963020804678744,4.559767617002503,7.134886056139521,22.32036919460187,19.709116745496516,0.5210345087131035,0
-0.21713918483884304,0.022128487462981128,3.8893817834043416,3.2203951051657587,7.284918422925063,13.617933987698796,7.730406189671912,0.19661952259117507,0
0.45434750388681366,0.34860882942048577,2.542691689210538,11.13065552226658,7.419904386450731,10.395156333648664,55.43367149314019,0.42357090514528695,0
-0.15225182014148736,-0.342033270131465,8.126551012307516,5.828692489037324,8.675803150388013,26.156706850541436,12.078584459746875,0.3969491969408635,1
0.4003662833358559,0.5290252964645792,5.789837861588076,4.862161895111761,7.524055683290865,20.12628056846828,9.204225636237531,0.5066695088715697,1
-0.4311222093346022,-0.5138031198739096,3.4252085470655054,4.276249880442908,6.511461135348032,20.692913505098662,10.136407574661673,0.28830179467789513,1
0.07617775004083766,0.07410711363021427,4.8905062621561175,9.129564443273175,6.543297215087108,26.154733396833073,35.64871221785061,0.6944070513179096,0
-0.004179920862631359,-0.06277174190778985,4.261863419674731,14.694214659394412,7.611383937327681,28.985051925222994,31.706630438613278,0.3607792694755863,0
-0.36071417435943476,-0.33389789626390315,2.6629790444301222,6.040356718136579,6.596457599447216,24.672439774137914,16.58136443352785,0.32581794458880886,0
-0.046781165608917874,-0.14183478632749208,4.675320597584135,6.634068809159139,6.250157210460671,31.64036415108906,41.09741261676497,0.27552819909955384,0
0.26375565104948007,0.24576164226114947,3.087596470943186,12.626729046276028,8.008428792747209,24.513445670286387,15.397391757141657,0.15470309243751998,0
-0.19713751128598023,-0.15215597863032682,2.542225042698746,2.98851661173899,8.047598722294916,23.511067317899972,66.96338958677754,0.12890304624865723,0
-0.607588794750929,-0.7084196833783551,1.6927249076326645,19.755547173526967,7.205490772884917,23.201944112522995,103.55761557200302,0.6384870930902908,1
-0.10526884794323378,-0.17527725090782267,3.6140737108360104,25.079484245096655,7.734927432921367,15.572522189331918,10.279682216015221,0.16876062341382203,1
-0.3707269284377538,-0.405465211797607,6.297686827590299,1.9094805377238426,7.6504973153564,26.77999302820061,35.11839499817312,0.1024245517510595,0
-0.2027022815991647,-0.3455838250217925,2.954130581098841,7.037467571808245,7.981935508775268,9.77266989992357,64.39367077830127,0.42524526968581355,1
-0.1244763309055363,-0.16673242918541092,20.336660947979112,5.157884341430818,7.98379992315184,19.06873571362111,19.41169988705522,0.5110882769398974,1
-0.6116956648046551,-0.5998160108143649,7.6248404081186605,6.472834519768376,5.4153691299782185,22.11465175283806,45.975021831028265,0.22040766947138316,1
-0.5846975017962034,-0.6246523959550463,9.802114028396995,5.994290693856346,7.307600833214084,18.051188382933184,13.069526085539696,0.370070877420988,1
0.04462005065765756,0.017482401364485103,7.222100273753398,11.088178593549438,7.914323350542507,19.741220384635895,20.952872127129098,0.3672655122854143,0
-0.2568156088509041,-0.2588057759415626,13.622447519256744,6.984651134554774,7.171634727168788,31.196877831136142,3.525253232756719,0.6668675187759509,1
-0.8694233025461701,-0.9349976487894015,2.7949069372991557,4.6858456120317005,7.5289621114078615,27.520119428908394,6.683734203990588,0.5088811745353797,1
0.1354532109824405,0.20455946756912824,0.9642136007303327,6.7795275684332275,8.100559985342462,18.570861595966306,24.640187811054556,0.700679778243963,0
-0.01828907341772805,0.12530873906244955,3.429191897378556,9.55813016483894,7.56474018660173,19.65216744513812,2.407365471080566,0.2444693553196852,0
-0.3141624472109452,-0.3606004864304901,6.264702776533421,4.088341293632774,8.706335533787893,15.61498025724078,9.209713137234177,0.6179897872108114,0
-0.49504906331747245,-0.44652924016970175,4.908214269307257,3.244246615859079,8.401589001824897,25.524968930030685,17.948796809364673,0.37254178306833674,1
0.15074236889430112,0.12678065335083644,5.287172302581334,20.012786622975234,7.405148677622853,20.75128774794762,53.10163254028718,0.44369441383384867,1
0.004805186768128869,0.041353921271979344,9.900111320793522,5.359049676193855,7.341563063420177,12.16766764552726,1.8254107739918783,0.07145936605021054,1
0.614780684805222,0.7713586379255474,5.636337891941365,6.898634590180686,5.219740715838908,22.50391795905029,0.3444667930119638,0.44843839196187546,1
0.0260565796174812,0.07692253391929108,7.238020493796758,6.056319649881351,7.238798242487579,24.194894418009127,83.24453434477721,0.17052523220085777,0
0.016310942378604434,-0.16103051150236364,2.5504309754964063,9.718622127958298,6.417384885831579,26.815704865875265,29.241115047218,0.1282071389325292,0
-0.15007837903256954,-0.10467881588787364,2.322777775450515,17.928559811380776,7.676983633600498,21.633226027116127,17.355823128730965,0.13506681290762726,1
0.14503276016023728,0.2683191344911382,11.80435290632348,9.87461103217564,7.622296568896002,20.136644186068093,17.44318218364742,0.14405386918420918,0
0.08752556037444609,0.06536594337463582,4.761396088235199,3.458439328659815,8.056684604821422,31.93132340244764,11.943651430132793,0.4328076590033651,0
0.2755175025695584,0.37508098318134164,3.0834912875303573,3.6985405152550506,8.617336377558553,22.032930780497757,6.155751991326556,0.6117903242384751,0
-0.2563968755911854,-0.32540842970638,3.0868875066814523,6.052779647130531,7.478984456262426,25.597809157989673,50.35030579104116,0.7584434848736268,0
-0.2306222418831887,-0.3791761578354161,3.0359552724098733,6.461641581094644,9.324333049538557,19.302301783118708,80.3690961638344,0.24215840207918327,1
-0.24373095127359404,-0.22961404939033003,2.928893150643255,3.123719268885074,7.685961156175923,25.449548258179163,28.332298496627274,0.23653556496377073,0
0.13724051635369675,-0.03840715572093467,2.0753116152631503,11.130292664969168,6.451826885026693,14.72185503797951,71.82876942587195,0.14176363352893953,0
0.34951233208901955,0.3255352307996604,1.8216592446785895,4.292372975084992,7.050342499911904,19.68966227140683,19.735313316295624,0.5362797312773155,0
-0.2376521479447902,-0.10896792168023989,3.9868337655330124,15.590328921183648,7.201802639753742,15.95862880286973,3.128606201408842,0.3607574876682598,1
-0.22743211833792737,-0.4184084089125555,3.1400680693048555,18.362605715105662,7.973701720922703,18.975133390652662,55.468930648195894,0.6742673321474121,1
-0.0057768328390602475,-0.13372651243045003,8.708465262527021,6.526515806139651,6.742200079816559,28.252350201155355,2.8113732116517354,0.4361383941825918,1
-0.17372845000387044,-0.2769316745200282,5.343313637879289,9.20260246063533,7.261619293752483,18.938370553481512,35.64497644628545,0.1690675715237561,0
0.18561609594196696,0.17928410997087096,5.25505572283287,3.9909383909747214,7.371167775363131,25.59128062737042,24.79542665398587,0.8372556735987955,0
-0.775533187185714,-0.8121048657503349,2.8694711814722753,10.09296012246253,7.1415033538755655,29.5863259102852,9.348469878786668,0.7103575139096456,1
-0.34801151407506836,-0.2080978759054596,4.1677776267976885,5.759805969460203,8.149132305343775,21.862113431983406,18.238538987699798,0.6680885139271174,0
-0.3347249001884337,-0.23929006727926394,5.565576994926962,4.290410170487823,8.013057110772285,26.9688355252814,121.70473005774298,0.750618301161067,1
-0.7961068037158434,-0.7465795091089836,6.887563842934183,6.393823881203664,8.433253708083168,24.655429790693375,31.112482382083137,0.1488811055907929,1
-0.38909153331064117,-0.3745285018762527,4.236192642198139,5.854004727268622,7.23517985511104,22.582184652917665,59.16292672232391,0.6184154743581769,0
-0.3745468347537778,-0.33522385705529506,8.563202701885803,6.280316005103447,8.462022054118322,25.751577946584646,7.44125050009369,0.689044624732248,0
-0.1603313963556491,-0.24652963188698662,4.503224002917423,11.879805614777649,6.4088023312183635,31.19969044995927,38.39927441814713,0.36432484455806335,0
0.23388976749807908,0.31961080285374033,7.211725702346284,4.989552386731461,6.389292559208114,18.813655437457236,24.320621824942563,0.5559009603302023,0
-0.1735181953572107,-0.2847226207931308,3.3403937018473293,17.593183042571106,6.528958651127029,17.203995499119625,4.3000161251516875,0.23279738618259993,1
-0.40924411608134614,-0.32570641669112305,1.5105094530621672,3.8093942370107143,7.507369354105672,16.910427271723282,14.771211491335741,0.5865443380980014,1
-0.1170863623640587,0.0015278878478243996,5.264653823021718,16.572010148267392,8.461902493262205,26.972139848682772,93.79926729977261,0.8123504706504978,1
0.21475208643240482,0.23583854664121354,6.9253904827746595,4.444843628009684,7.018286335488296,27.646838115641764,23.115970832852938,0.30905612386930176,0
-0.3927876448344715,-0.4104089507306691,6.329418698030075,7.385313630981111,7.118645276028451,19.314815333330323,48.823750920647846,0.18251741160134957,0
-0.37317246517643454,-0.3331414743454672,5.773693498935096,5.782880663734338,7.32718563575253,11.319932252803264,7.197772919572457,0.1780938364939724,0
0.06756468778226701,-0.2185871492278003,3.635867812393328,6.2222754276274745,7.958262498710123,18.62621630038457,49.98514087429174,0.4804961332100758,0
-0.16646083471924017,-0.13623501287069403,2.7619922502408656,11.03065944729567,7.117899757316341,24.73927088903498,26.95614908463884,0.2588627271619435,0
0.0942454072128423,0.08291000742886159,6.240354311299009,15.641277269249265,7.073266433666799,21.666384305085835,63.653782274479624,0.43763772706277243,1
-0.10409403753858903,-0.10915684884428814,5.788472557106766,13.400102450372446,6.423683789313848,22.901738733776835,12.67227714142322,0.20084531512568993,0
0.11049909442687011,0.18115234571665287,3.200991307715438,6.034975735001054,7.042623111058303,19.38327790862201,19.44644821380389,0.6507810615822125,0
-0.4105234342121923,-0.4180003263686651,8.7203076086082,8.102135032474497,8.441969402348267,27.07044562354882,59.11018370309014,0.37998148539997767,1
-0.10362539523648023,-0.21764608090159604,2.6386850112668028,4.997616322031308,7.5727408067827815,23.715959008773183,36.72397887763063,0.4566067402722631,0
-0.16320700430894705,-0.17734727139148485,3.157832810090516,4.500663560132455,6.908116391801668,24.93231736181901,15.356831271034132,0.06610826792334355,1
-0.46476727723123923,-0.45801172882315677,11.963437545350171,4.165555112857264,8.488915178183147,22.795328415133408,4.059134887141889,0.3170460114298724,1
-0.5690433843606065,-0.5575499932025052,7.546992674414546,5.937055755931368,7.031829198351851,24.621840818054217,4.182282918374823,0.5413226413660678,1
0.10572471058239852,0.12191664731090532,3.6153707765028424,8.37124664535072,8.635964463585973,24.29285844090481,127.08176341719894,0.28965593481614005,1
-0.20528571466539342,-0.10134881017353808,5.3250836787226365,2.8408190830741957,8.62288558232008,17.35962685932109,18.81647992981751,0.3273247527808688,0
-0.4066840844941989,-0.5152875397976137,4.917869197301539,7.21977037736275,7.544809301099735,23.86531547687564,18.18771500775232,0.1406022526087678,1
-0.12885368107699968,-0.11128363546051469,0.8629760684031256,15.76847292763913,6.30116037810265,25.9575408597326,21.85088651214314,0.509793520715033,1
0.23840565720479076,0.36739862706661486,2.601571356397599,12.948183843134382,9.331600492276603,27.77570733097422,146.5804277188064,0.3188882466621125,1
-0.7842213536115769,-0.9576825033052964,4.34702641996293,5.514648755492745,7.809820845011637,24.080535741418565,10.332551969231247,0.11492529052649124,1
-0.5489916069709979,-0.5310269388929926,3.618404251198855,3.6750382668489707,7.240890380223528,17.17374740634232,25.047841347345823,0.372943081901351,1
-0.37686593256858025,-0.4354037827658846,5.197935559124651,9.299077049381554,8.264902331820045,17.943413352129987,6.1176996303004705,0.5424324943965936,0
0.3383536600160987,0.30128262156878816,8.82588947200032,2.3193474507747025,8.061842229617078,19.824259593735345,9.379809166083401,0.35403865515095034,1
-0.015223905124211054,-0.10570465544565326,3.6953620346484803,12.872291531591502,8.548750679909153,22.947319540682624,1.3211020426583258,0.33504187466310725,0
0.13019517213836804,0.11324010056832362,2.3759732008334336,6.6406262317937825,6.970121769056083,21.388819493462034,9.40387977834743,0.4561472452938782,0
-0.4420482757378692,-0.25792271429517877,5.446161208642598,18.460810988024047,7.754778730219514,16.38133967184543,20.62762312284927,0.27501362860393075,1
-0.4358607625811579,-0.5623037986988793,3.6840990326527585,3.115897576280758,6.551303815804051,16.351399828424743,8.542537233272235,0.43339983381660563,1
0.034344115016813115,-0.08261688523106964,4.081080980425945,11.693967524058113,8.033067516592988,11.507391125466583,29.13694265537855,0.6481523941487088,0
-0.08251770071936604,-0.2127111577357165,3.7619437119825823,7.026899580550747,7.48164370429825,6.4026253806599485,0.2004703079045871,0.5123949517498085,0
0.06462164565923795,0.23736347432204805,17.203325015765646,6.261844149274193,7.72480740438945,21.341090885225373,13.065186937143793,0.2878901260412235,1
-0.15630129727853564,-0.20253526783066433,1.1683324121995884,3.7250425232126707,7.382920220927624,33.60115187571428,4.317588997040835,0.38071398737066353,0
-0.016556882063611916,-0.01912078809837934,3.550184798757236,9.952999403735015,7.299208943529311,30.983897618957133,8.883513365309062,0.3243934245639124,0
-0.05256427452846726,-0.09284256863909124,4.4717802010482615,10.361206549824827,6.805415060788229,17.108842939385145,0.08207715506352195,0.42586000304932836,0
0.1333302167254776,0.03888792888516844,2.804750269781611,18.039501856604158,8.132344171747388,22.749516486953052,13.898770192149128,0.13254098937547046,1
0.14210248458334115,0.11858741992189761,7.689805566647976,12.231628921041619,8.69176322939315,14.67710244974917,36.81718766348302,0.21346226887189357,0
-0.5859615983175309,-0.34013723774387494,7.300585914777475,5.490681241467153,7.054665312871932,15.439452345709395,14.286288972849201,0.3157162401261411,1
-0.7741805666022566,-0.6349734745048311,4.355098505127513,4.473041973668332,7.942832403976876,16.0126370118481,4.46792229822983,0.716464827686926,1
0.20052361929545212,0.11522983751622488,3.8098725867967227,3.72756156234046,7.845746899728194,20.872506577790833,45.608315176516065,0.2807186140063864,0
0.256317527978581,0.32107493828474953,4.190524476380482,15.43460664196314,7.506478249079087,21.08770194894012,31.555434783142697,0.7144227909335399,1
-0.4061869058540012,-0.48933918312063884,4.208591401792384,5.007380168469759,6.278723413308226,23.263509854034293,35.47304185389541,0.4397625919947605,1
-0.6579506219636886,-0.8355873858483107,4.275821224013757,15.488765187301265,6.458722119111526,25.316081948521415,1.6888599783951928,0.1524215064159307,1
-0.07028955369783974,0.03166153806862322,4.003626354693335,9.607422919088561,6.875214439078744,20.31559538302421,29.21971433849306,0.40715093694119736,0
0.1792514679051588,0.2952607525695139,5.214637571673055,8.714178753001855,5.788796221142455,22.18100985331314,15.772504917485314,0.49888002266772397,0
0.43927835673029436,0.5438835818350843,7.042246602227643,6.338016367596345,8.626424583924493,16.530937466548952,34.78352561205319,0.4518938622473383,0
0.05488927163043528,0.007902746708478,2.1422226497984105,10.281400195102465,7.794162583343771,15.277514878714094,83.89682883796443,0.29919631682859094,0
-0.2115150089757085,-0.22819258237590712,2.3859602418987955,7.33211942901822,7.476031161280702,14.50513826975845,33.945764656198975,0.2848917431111851,0
-0.36793918647545876,-0.29296263110964643,1.5697073211149226,6.143492271113903,5.747811344585737,25.246239005641137,12.601763999810686,0.3712648208367291,0
-0.09656461249880369,-0.05741500876399297,7.537107141878801,10.464644587699917,6.040903315983679,20.310460759558783,3.5851098394376453,0.06715412779074427,1
-0.18977941116557692,-0.22914315829528137,5.207989953819404,6.875840876547323,7.498126889450433,12.644398685877984,18.54549890834732,0.18512142411510854,0
-0.40452037171864486,-0.5664275537304613,6.068797679334806,4.95715808914313,9.076391972387182,21.68455523658195,2.7454002506153876,0.667987929627237,1
0.514626695258986,0.5260142146731872,1.9008498145300607,9.973318605644673,6.941084643301535,15.755893341069584,21.77260675169533,0.3389521876174351,0
0.43555052062163935,0.5434514845452507,13.078489709503353,7.156400794018272,8.19103841152995,30.30189409486486,6.283669030943252,0.4904278411728473,1
0.24081460506662852,0.12105577616321281,3.1102075338704878,9.435271987216174,7.116078073860031,19.105891392065868,6.153140810837138,0.39750938426622884,0
-0.37625511934273825,-0.3123791811751405,4.957608584592514,5.888904992707711,7.544191407431093,25.407529929095606,5.356107829703581,0.07259045698122783,0
0.1565057972891836,0.18965996680255287,7.482977665589093,4.036747718752197,8.471747079114346,27.444815136924937,50.47554295294131,0.28025290302341327,0
0.09188792284937053,0.1669027491726039,2.4788931412135753,17.59363134669288,7.2232386958667645,17.225357737214793,46.62504750176878,0.6100275460061968,1
0.03276368726121587,0.1199612372331166,3.229106213619248,16.01147584377375,6.947916073558293,22.38023558777354,21.991179985702047,0.08412987896569252,1
0.2748995801131331,0.2054530559205978,4.990335114687703,11.49477380839549,8.634456443299811,24.767339506940733,23.248165876839504,0.9069652770306499,0
0.09061134285838321,-0.07108459715811141,24.890441276215803,6.086630577795786,7.536446256890876,22.577730862050533,112.25808078103692,0.5251664519167788,1
0.12200427089130064,0.06865231832301272,5.369178115614241,6.358808477016576,8.37296407246893,23.80550379654909,57.7458925960943,0.4573931530075619,0
0.09107188501166302,0.17998461676436378,11.749570542860512,14.748829488841855,6.951800885292251,15.351853032204232,69.5643844616557,0.4997204231075263,1
0.002237422400631753,-0.05196296795196535,9.238724981482376,6.190927916620563,8.625339367168781,24.77018109857262,29.405166124736944,0.3784475139467102,1
-0.635083338914255,-0.7044876713000191,5.589031531042482,5.385563684009157,7.718901819627689,19.569179029136453,0.03840245012637663,0.6926327562797012,1
-0.07491367677683283,-0.2570487109692967,2.4755993715406084,18.842544865604918,7.847830100971727,23.747256116420704,40.9377761857713,0.5485895512370194,1
-0.26685758765473755,-0.09159283219964365,8.464256390081163,7.214992546672412,7.6053034491433396,26.59994422775732,17.359131856136443,0.07277312787013566,1
-0.4839522872920061,-0.40138092314947516,1.824185881197673,17.8894770245565,7.095620014402799,25.34404253759137,2.3404276291143984,0.33036493549487905,1
0.4045449857902472,0.4815345839177237,11.71095904841739,3.6722481323881784,7.498653751604023,23.74359862744737,15.806401460495028,0.35820044735935086,1
0.4186986022657111,0.5154711409436585,5.053106410333254,9.574395897124795,7.145927809608507,25.210641480922583,48.56892763902663,0.3114786436751714,0
0.3077661800886836,0.36543701624302377,0.9138086093835528,20.812240508613044,8.267636850115828,25.442055269443927,8.647728318751007,0.6378724340845043,1
-0.023435974943237625,-0.04786886046119053,3.6535392049388378,7.499792641270308,7.33755426634507,29.47750580691963,3.8752494634120853,0.20137379526514523,1
0.305187536285797,0.2888111258735768,6.63506651467965,6.475318229986087,6.30279421776488,21.829746502686145,3.8990949159667765,0.20217243390979903,0
-0.09638404581945234,-0.13914048227866482,3.8875754130641407,4.121116167863889,6.156461012008573,22.819784967211945,1.654456828610253,0.6773492490081383,0
-0.0391608169306662,0.22431325851083384,6.8826481719196115,12.694534255157826,6.11862547814366,26.660334044880557,65.67643146897872,0.2299082631333547,0
-0.42804141113859484,-0.3724502080086506,2.691195448043933,5.0275659411977855,7.994376606043153,19.548061951182437,43.08026017554815,0.37548074713675256,1
0.019097391349651993,-0.027282652785491468,2.047072198243231,7.046955786979665,6.578796550901244,15.323662636610072,87.57833636387946,0.14553213927299144,0
-0.08188422147267488,-0.03533454405604689,4.293630983978638,3.985843107403781,7.740068620670853,24.466150872913854,44.80883153205501,0.5010362754525868,0
-0.4907956350503393,-0.5918825268359711,4.567378465484131,16.094012365423684,7.609259613993131,20.969881576920276,33.42157367173294,0.4821425434214205,1
-0.11535913354497908,0.03509153831394361,3.636309847841606,13.163431647114539,7.448233124072178,15.962362941328161,14.79468927389977,0.22159124297112645,0
-0.12391886915704255,-0.19002577873775656,9.359339183888737,7.273281937644068,7.8507241627058955,24.502709646899188,13.5962709394924,0.28108823169684566,0
0.43926834999339204,0.4893768932556386,2.690899636106944,4.149241440885493,7.626642829672421,29.155665075146242,23.263838076441722,0.2736241528137986,0
0.16826399855402283,0.2748617615283363,5.408108299846886,15.926008453301082,5.332216205775239,13.85128726855457,40.17572811655996,0.2790054484049964,0
-0.0965663682725602,-0.05808951385206092,4.66823932643728,6.1535806781207985,7.241099807321207,27.111624976082407,7.095126104546649,0.5202615150776654,0
-0.025363807059675114,-0.01591680787771129,1.7611560301107085,4.252034522602411,7.840082507250745,9.314662421271592,30.453524818032708,0.16357190300679117,0
-0.08673628656874059,-0.08565607808313908,2.031108879142837,3.0616102215800582,8.812226248603999,19.99856684909243,12.193640225996715,0.4168462986129998,0
-0.16087419543866432,-0.16651830512737503,4.513832675232481,5.3495766880746976,8.849166093265998,31.2025795612129,53.84898299152899,0.036028539851901284,0
-0.4247281592164861,-0.48239800810923633,14.71283142671479,3.5704117980567758,6.409479589131795,20.358379757435667,15.082615578225674,0.5318842603704619,1
-0.14531556328207879,-0.1902639062590492,6.344332452116594,5.411842358475356,7.2202197605497815,22.44969197910496,16.427656249017282,0.39165431439902504,0
-0.32382947699575404,-0.17587043963066054,1.5914079139753683,10.720999270701371,6.247108149033601,25.814331003867775,34.07791686845614,0.10226116549789407,0
-0.4750946616769439,-0.4859483249454596,0.6932997462259634,6.124517133721712,8.715908060088067,13.417632429696738,27.766971083879348,0.33563738885928446,1
0.05336654436426039,-0.02521308257401693,6.957583082680244,8.827277922635767,8.310284966518841,22.360474004198778,30.594515932109957,0.2848663368427158,0
0.01737939797997047,-0.034250361706180385,4.230295760031336,5.146581306332821,7.78047030949054,22.321065359806543,3.6028679928098115,0.4046313956052528,0
-0.6360122534104233,-0.525975185340701,8.888511335738988,7.633790669880248,7.632875889008168,31.311604866243698,24.87675091800147,0.03333031148641273,1
-0.13680539124853816,-0.06924472793209031,2.642087297013873,19.30666573287387,8.60450488027958,15.821295845010884,2.363469841489407,0.6277357039747434,1
0.19871041576997703,0.2547433335932027,5.52966645804942,6.2074920704599394,8.469060155808112,20.09230341774939,8.186209459493638,0.2569455854709303,0
0.21776712166889625,0.1920150017779171,7.446201806953378,8.955024028958254,8.426435757324898,17.358221045881923,10.715352566555968,0.10210246873598117,1
0.20775105286557158,0.26508729988286606,3.426439985488992,3.377839778099085,7.865343887825808,16.8279409815431,9.520243889849556,0.28173621934145177,0
-0.08832603792956206,-0.15268215042462685,3.4706734670877095,15.800681329262877,7.22061736038867,27.63701363532289,1.9796213366066953,0.28387870007997007,1
-0.35351359839074536,-0.3794750015253228,4.55013862102918,5.820561213480895,8.113699865614047,22.13325751000409,14.200764647207013,0.218100939268413,0
-0.42510964820741814,-0.3281291994682436,6.206553860006909,12.49422859083924,8.152833524204091,19.222164017867396,17.954175577431275,0.19699674073761286,1
0.003381471425107238,0.09080923931701368,4.4433100137607635,6.947694320721675,7.347490024326432,19.410770494287323,53.97164696027594,0.07595995027361138,0
0.013784010309548886,-0.08440697428553144,8.039748508430543,10.03209729702604,7.219000864932607,19.18386461527302,51.635699957615444,0.43640552733091176,1
0.2861993334815196,0.200646688190662,3.396817237013374,10.33469016622009,8.406650615646567,19.63098411296153,79.78313243485572,0.09270527835775569,0
0.22999389510262505,0.24086411038396602,2.0197280562311652,5.8930861821478695,8.831292887015685,15.677773278553678,81.44848447862242,0.3065729852444259,0
-0.13966859695935163,0.032944640507599376,14.675584886036534,12.75538095018137,6.900483375268187,20.706352287174,32.99554760494746,0.600744716547025,1
-0.4732617636582608,-0.6648182801051602,3.118087266055809,5.055655754539138,7.28929865964162,20.203966541739277,111.52013532365541,0.2432409388559948,1
-0.19573197910326934,-0.16789868514621892,3.1865370082167925,10.902227324024082,7.7807464611637585,18.21101646798329,10.401471330289032,0.45198311794101803,0
-0.03483064155684261,-0.17243497471415742,4.3081906248708135,6.079347389214292,7.889279198198889,22.775231281524874,11.434605725230059,0.25758692563051605,0
-0.16062497361682124,-0.2240580729693758,4.666030292671573,8.800239828188433,7.082106912606965,23.199447400590792,4.39233374561474,0.49248790560319894,0
-0.2733682324232968,-0.30981107422972093,3.553701777801691,5.865005963050763,9.006816504275236,19.21676392854146,1.172537722029608,0.46587487336499706,0
-0.024134555509030334,-0.06618538985271943,4.435053424638022,7.576019936039318,7.837676212436137,21.279329246168725,2.4438058684975132,0.5179490709889418,0
-0.25118732242318315,-0.304566916389104,4.3760332403247135,4.317399049893532,7.925106726776442,32.79311863450428,3.186574337450565,0.6271861567119139,1
-0.2884198251176122,-0.2876991190799752,4.977320013152331,8.362676173723754,8.907107265209403,32.60216629301068,106.98735486814455,0.17695882098287935,0
-0.006564149708968139,-0.06008970637202598,1.0892697576407369,7.554126101406208,7.140750699804328,16.72954904935132,22.041381720564257,0.35160055828058595,0
-0.22059777403876143,-0.3668435125241767,13.853332040011031,5.640220852363391,7.429254498846178,17.427762167057207,8.74911915202582,0.5143192601241223,1
-0.026768683306494373,0.05121827794578328,4.102624996452265,7.188525087364908,6.497342216782696,16.70298361504002,10.545386220374354,0.1001337896613963,0
-0.0180387931443632,0.057248423570524856,6.349484139103675,7.901101957874724,7.362119622197137,27.285269699861196,5.493820226995634,0.29862323801618174,0
-0.44182870032747235,-0.35751126932520544,1.960381691961507,5.429361140644305,6.30885798085171,20.00735350212153,16.96446119604224,0.2450854441256626,1
-0.24437233715962364,-0.3984457867860318,3.378391954731242,6.928343227684047,8.098279483354538,23.1983712179815,14.847425542347972,0.7952706819052208,0
0.3313330819749387,0.3612248972333538,2.994000581465739,4.469265285931431,7.8359974000559935,31.98483666640442,65.41691570755387,0.8837102612700276,1
-0.44862385382028613,-0.3810259682395938,10.824740038760929,23.875826879908455,7.278344554369168,21.947676028447688,112.86088264320612,0.16165065523551178,1
-0.7349963346911592,-0.8381165415351177,3.1534964957599056,12.547975403129097,7.419661033745721,25.531243608786603,9.218892520411499,0.5387497278670678,1
-0.6585535459727534,-0.6576362211545405,7.062845334263796,8.470140130125015,8.109173132151192,24.602103746501967,44.5431770415752,0.27420804450035474,1
-0.09126701602699924,-0.10289368055803581,3.0335930085232774,13.27730867823217,6.591363130488082,19.05891324152025,26.30426559317445,0.7172564054409817,0
-0.09072481659019033,0.09349024926663604,3.4158577616823576,2.7466274072058754,7.663334293962019,27.295808658709294,31.953997719110056,0.451003870519867,0
-0.1352832566275363,0.05716634707372101,3.8677382353378604,2.056818005539364,8.059607845166996,17.75149595449907,15.916350345521446,0.42151927748139206,0
0.26425694867855043,0.09782130934553035,9.682373583111538,6.051792257765553,6.074180738074206,28.69939893222088,56.81590200491208,0.328119925560751,1
-0.9018503299308813,-0.6524576293580824,1.442082723739776,3.7088354341766885,8.047950404561615,19.0627451739544,47.417066379504064,0.2374325646812979,1
0.018780162329247077,-0.07274240978608532,2.03521581900287,6.564637162615463,6.160750029390746,19.610161397319526,26.980169956188504,0.3908426097790219,1
0.368431460541072,0.4664987899738146,1.393219004877265,8.189299149710902,7.405924412918774,16.557560881866042,24.82997736381601,0.6103495203995378,0
-0.4383342294675142,-0.3412844313811411,2.333802071839478,11.70723760385228,6.569287116723819,17.378702945916764,4.063060478610151,0.34330357234055464,1
-0.21394195353696854,-0.3135109762211492,2.7539602572529276,4.18232791032663,8.644997263432012,19.866178388357323,8.111732656412835,0.5403080740713038,0
-0.3258675751685863,-0.2765407957846764,1.701161490623968,9.023347122097471,6.574303156678122,9.843257210446941,8.362842531023421,0.6781106812072905,0
-0.3683038138232586,-0.379057188249865,2.884960914489991,7.442410933666931,6.179848086427694,20.83333829412202,1.3294762216813902,0.7372286083032381,0
-0.197878601506912,-0.14244560104367293,1.3379937779584443,8.791230187414742,7.606681713277053,19.460128813792416,13.862268120517477,0.40152385573458144,0
0.3282455851053514,0.35131281534341396,2.433198788935778,5.697993097147743,7.169037615983342,25.95005549305916,25.650038216430353,0.1703668849828486,0
0.45121600264625605,0.5708499511832807,9.20965361545657,14.754786962003978,6.296315817068853,24.11490369178413,47.06858421792606,0.7968275813012367,1
-0.20078176751204432,-0.1932418131974381,5.709622116143839,7.016367793378141,7.92065215932388,18.461812844503516,0.4609409499497998,0.4307716163309327,0
0.47151806421934106,0.4547306572767099,5.015236622758543,17.94104512731666,5.906800750040256,19.707246202870465,21.887545168434592,0.2895289070804346,1
-0.08932705690461254,0.020279366401105503,2.455506039887627,4.976892364990759,6.6710072219335,20.826909807395513,78.60468856363913,0.22603947406977692,0
0.42610730801032426,0.4841469044961846,1.783092157970729,10.712525560632669,7.039825383663373,29.429782772379244,10.989524775639117,0.06792738635757717,0
-0.12798959489604753,-0.05480825546395873,2.2625813566356463,7.171865196188855,8.141777913724113,17.88847659771779,3.085119786551754,0.5064231541578017,0
-0.06068265218615672,-0.1271413194120164,4.366990520820897,6.272210169576529,8.536374693610522,18.40119667524673,43.396275552648305,0.25286025727500855,1
0.009642341792850354,-0.09488393634699706,7.545158262683967,10.136651027957218,8.38222579786206,16.357079241914246,15.519892155111883,0.3034111187730507,0
0.8536561038102606,0.7968838894849904,7.701541089143299,6.362448327347819,7.377380967630214,14.589802602819075,30.51168824523771,0.3350886221794977,0
0.15538567245343668,0.09330353388537782,6.542814453635402,1.9523178962591656,5.558153404163875,23.535018118127475,11.091965754712438,0.7247874622635937,0
-0.3121793589854391,-0.23355943212014763,2.879065843279064,1.5977013474391686,7.812682416974846,23.014516655366048,22.906684227658772,0.5528004213396248,0
0.19069936108275734,0.2882977661121625,4.548192491597497,13.96020916156377,8.676458991379691,28.41380926417676,88.06375245535463,0.5050260218454647,1
-0.20854976112530244,-0.22406279007854246,3.695790546955698,13.668982691903958,8.487032326250855,27.207045038634647,11.95624113196499,0.6020992681579744,0
-0.24692505487036273,-0.1038331529879275,3.9720651243346077,18.985403994546655,7.8703592077949756,33.98558357265904,41.11245934938103,0.3783403515555565,1
0.17258040796763333,0.30942734734414634,15.21492323788573,7.324580443017116,6.548397788529238,21.630636162294522,28.52845912219995,0.2051436018735621,1
-0.09067432366865417,-0.06633443202860025,1.5570606696028635,3.8716570705467204,7.079754397097268,20.697352181018964,49.41618502419664,0.2197218554792477,0
-0.016427225646458182,-0.0986164028007622,3.893053886571682,5.990698873384155,9.04705151899654,15.498868274333203,47.616102735851854,0.6082335151873063,1
-0.09580443344041227,0.061733231503141764,9.272465821035343,7.431385073289938,6.366616372268693,25.48289083738163,26.007036752049522,0.4298222381966478,0
0.000974937981630411,-0.005126797121210412,1.8597928359115408,4.465945222342654,6.581727017479691,22.592671207231692,78.37470294963202,0.27526363092365186,0
0.027489769230844757,0.040106288873942214,3.0457633056555684,16.848933507754616,8.254041240932228,25.25633152505342,1.2117244050882436,0.7423919596800349,1
-0.6810900798116245,-0.7150505823722814,3.2627712190174982,22.640751354530448,7.155072604155578,16.304378903808,2.317223770585866,0.5841285658018163,1
0.09997180058286007,0.010992767953140303,3.9197432992291112,9.385259783460727,6.5545959022363025,23.7580209451335,2.9031915669847037,0.4884810682146316,0
-0.3946058259490902,-0.5414697689806194,1.7201744399118855,7.349028492893765,8.722376942978412,23.025998089769708,25.9723422398557,0.4650945700343134,0
-0.5326897406678234,-0.4694029083120946,6.405593776492046,3.86714500801694,7.868844782516112,22.695175199468434,3.922182573777854,0.31034190598699724,1
-0.11752337315760474,-0.19586347854726677,6.684372702040966,16.01005477141482,7.194559068498258,18.58367045904738,21.949708777793287,0.4657938917229377,1
-0.07480569900566372,0.23114742389401863,6.080124635396221,7.676420865731495,6.5833801312803875,27.946623242766993,27.65933910086256,0.33860141579910547,0
-0.3080518493716842,-0.4166592076329321,2.658536531930639,6.394369265166597,9.13792525108795,32.251537894890056,25.20296308169958,0.30471603855036483,1
0.1493095573003923,0.023571309802255302,4.720461047925623,9.398847208269798,7.480438545002714,16.448279868511925,14.73842442498424,0.08020608246260692,0
-0.5026525499112721,-0.45163867834992794,2.6125737753445675,5.513194589718995,8.617862449975595,25.60221989796479,23.048270462877106,0.6987542926690614,1
-0.2220831246317677,-0.06915177673503814,3.670918868207762,7.952112260819576,8.214906835687552,7.610749243298054,33.79742711263317,0.556578282750295,0
-0.2754622404799002,-0.26900327478557806,16.314931905529022,3.5922062734233626,7.083278750669413,25.34304974741229,59.75149390443743,0.4260383888190515,1
-0.11397618110180181,-0.056751939083074375,4.746546146732238,12.724682288579348,7.089647108008175,12.649226917291227,4.289844376492347,0.5227568188413679,0
-0.01634071460582838,-0.20069545635169933,2.1978597686144727,7.01320274790083,8.657051918347136,19.37516326050371,51.92277877696516,0.7635263283065675,0
-0.40236788488706343,-0.4701190394562401,4.9938202818624085,13.189227927320253,8.670013866095982,15.434876691228748,23.733931080201774,0.3455179489886514,1
0.11728480323686846,0.009923230323111765,1.991568350891683,6.682097338369356,5.9984672191034125,20.92194252525302,2.9679211274409316,0.15317798816918385,0
-0.08109928949959008,-0.27060387449437817,2.1827679308895243,6.902613759561669,7.939824208785754,26.193968491839144,15.925292193624188,0.5733144644409529,0
-0.667583875993573,-0.6558858525911844,2.3996577389914098,4.030301898186021,7.403028156221104,12.713433681364886,17.962439675387945,0.38738435386073405,1
-0.6875774321191093,-0.9118601942801526,3.4329307028721616,10.803590002231937,6.673341469649195,20.202601552421804,21.59659761896482,0.3595304659158189,1
-0.10369578787879338,-0.23591538448753827,7.863103669181393,4.76873000437667,7.709396875773758,19.433156155919715,22.47788840711657,0.08724255791105899,0
-0.16629019533590622,-0.22000957473724803,6.341015434597481,5.793802509390244,6.420322567210884,29.905243419359373,77.3564605138664,0.5465355660878851,0
-0.13102603407239005,-0.2141546176674977,6.133694112753543,7.392925970316045,7.12683571628312,24.158805039251426,20.698586452023438,0.2996372040456751,0
-0.1083947369590654,-0.06875388673835864,2.317862119558669,7.850773734524367,6.861221013784026,16.113914433632885,24.677471168928374,0.6348763206385163,0
-0.03233204814694579,-0.0017740289566977908,3.2388275166662743,3.1485799129177607,7.100166988675201,19.643528104848002,4.568324470304561,0.3478547237567826,1
0.1842948829544899,0.2736747575480356,5.276171099628385,6.583701118738048,7.442817205070408,29.780521191927658,19.43079516774554,0.4065822057095305,0
-0.4333314702752674,-0.3580930970039996,3.0740871910983083,10.996918633421688,6.68754667047561,25.57182658387012,59.939209397471075,0.16938155783882472,1
-0.45159147787023846,-0.3375101989341004,3.7923282172131656,6.115527218883745,8.758543223098638,17.408832687972893,23.645367250558458,0.22896993848139716,1
-0.4279971573662148,-0.42818899736712024,5.840493025888555,6.603726579161646,7.8946265867153,20.664647308084554,11.88896935052652,0.590603222202922,1
-0.013324999849387939,0.017021690232279035,3.635462693312976,8.014104288522748,8.935650422705644,20.82445425795926,5.659548997846564,0.36848952045170547,0
0.2734842135939336,0.3246355837858527,5.132720104541126,6.938043259806369,7.371936024737584,19.310090364220972,10.43322606362512,0.5023311171536254,0
-0.22940183147185314,-0.21523616173275056,11.653855548293315,4.413827596815849,7.060968030162313,13.448939218391551,11.215913483454727,0.08740509934156494,1
-0.8505099532478964,-0.8902293842396037,4.042586543326963,7.255987123177961,8.906732491594422,18.611891423050157,3.752723566941911,0.35546989604822476,1
-0.6111978587831126,-0.6444421122170896,9.093889330592043,12.146445614884,7.037552208100812,28.945996529326873,115.15198469266497,0.32246046539056417,1
-0.34991101683880343,-0.4316668566718,6.269032524236774,4.368466474557862,7.3573663824087,20.094277564694124,12.670994220140205,0.19249384919784243,0
-0.26731866624856443,-0.22515698325758146,1.8582864578933835,6.127329773288033,8.076037928397852,21.483731847695406,6.8293642089097855,0.26586378157007107,0
-0.22251658817641792,-0.23191810558493348,2.3133987937073144,3.7031519597998472,6.509819353362177,22.70262823426787,12.006012443115699,0.1887320360052122,0
-0.08842566310572489,-0.15474303816940138,2.7178536516784613,11.83061869270302,8.06903574783492,33.09070697356063,6.2346171704203,0.3528089931958049,0
-0.19352389924673413,-0.2597483811791934,2.6834386483925208,7.055594841129734,7.966677652931682,22.044373857084807,48.3838519155597,0.3402514807432476,0
0.21480188316302215,0.09376201038474329,4.245358006866298,4.830259452990661,8.515460254430266,27.469726767917557,14.306308133027615,0.3355007265563091,0
-0.3028051917044106,-0.20492105758069062,6.480427165861125,7.737919090295308,8.212035602408113,19.009099139744016,0.10645301798729723,0.42253871781193053,0
-0.35869538784266286,-0.3508336208894841,9.517146343392966,4.04790673745002,8.539982682302057,20.703003697487542,16.729975564409557,0.22430763236470797,1
0.04366266155613846,-0.04261734040118856,5.391938960883728,4.407255826767732,7.4116624795932715,22.062763615551425,33.56563801576658,0.4783676391554037,0
-0.5606926209778358,-0.47983784601763396,3.4301097795592224,3.5606148302342606,6.8098637450343515,18.129335290753076,0.0061441490512788135,0.2992455971080726,1
0.01690751159600065,-0.03913736938343665,1.2848670549629029,4.33451784905151,9.18798833126669,20.981411096985212,13.833612349894784,0.23940628398544805,1
-0.06923404488211996,-0.20988410758334322,4.675582459514474,14.565690420499962,6.2786435075824265,26.44025467906635,32.24509409676279,0.41145167378057135,0
-0.14423274697545024,-0.04211051805353694,4.551523973968756,5.121466553970365,6.358789536900954,17.99817719454058,4.018662384536696,0.4190600314240504,0
0.37648283214477873,0.3227731331881674,5.001596953418104,9.328857578480527,7.952102432407065,22.00044515481819,8.675859837262292,0.5960977102280364,0
-0.28666223358841536,-0.32755214260929433,15.859111268808032,4.863942339363929,8.79998883854188,25.543667758279664,27.30956883534625,0.36133665494440725,1
0.5180894511572235,0.5222074531921412,9.434356072802057,10.802384241653087,7.651640676731332,17.877669755936278,112.47438541975126,0.3002663964471387,1
-0.16762943476842979,-0.05337051248941829,7.178113113427237,4.423622805111431,8.299442959761764,27.477068963074778,10.890805149230372,0.12642781852667054,0
-0.4831049334910684,-0.48110120440443727,2.5162098006738125,7.535415429582817,5.9033578180224335,22.364417398556615,67.42364552774144,0.3023869783543076,1
-0.07902412570155241,-0.19893583831607545,3.294331125326978,7.586919567441708,7.10036403025509,21.17438718330355,61.056050496166385,0.687041165661381,0
-0.4228735600956305,-0.36848585968441244,4.23377163745201,23.662763878048565,6.000841754285393,11.959260970998926,16.815073921027032,0.40730850132312824,1
-0.3255267543440501,-0.3740257267702225,2.8144186612017683,10.127076151679933,8.124328766582927,20.131937789932632,16.919149205259743,0.42525982653881295,0
0.01910999000464733,0.20790238715759396,6.051333826848301,5.4934034123553275,6.262214938728788,23.857962080726516,2.9667263625953604,0.48489199537427485,0
0.06667462659503742,0.0665626543952484,5.551928303738885,10.407476913466585,6.477744923173882,30.726725094012338,5.286424302444777,0.3579355615963299,0
-0.28665031007627745,-0.5101538598661441,2.3326741752756868,21.52224895640878,7.911220163969122,24.839445770558065,2.0057944563435246,0.3919396951601177,1
0.19622154351392015,0.23195804072948756,9.189761881822768,3.2712819926400343,8.349459481614183,27.631081158891746,121.7647889706017,0.10005254176032002,1
0.24725232740634015,0.44171210663236304,4.7654224987784195,4.848934444835786,7.372825513416626,15.954477131890306,40.46193490611547,0.23480338595607794,0
0.33089052696898724,0.4884825558235262,1.5881301405503516,6.563678681787374,7.956138003286807,21.365887521735228,12.835216815652691,0.39741397631958897,0
0.05882402213771665,0.2419194510133732,4.345732308372624,5.998178779665388,7.930230533498474,28.10373221164432,12.894445653198174,0.7004836961538077,0
0.30902861362570955,0.20705259508756318,5.305393122958078,6.256504551681047,7.327658512446022,17.561332248000383,31.497376447738816,0.31162969406278124,0
-0.6642395283922172,-0.5730242887945394,8.033942805549845,3.8492713367424547,6.624235613691001,26.826113144865513,94.8481601885803,0.25645747175025846,1
-0.19537196458853878,-0.26757141856220995,3.6601867039632747,14.909193360976124,7.951913125507714,25.666589323001666,24.807749251072167,0.34338182653205485,0
-0.36010157689702793,-0.3376726369553355,7.3651761033335825,3.628051403714083,7.990476552620066,23.3736182422491,10.650795108732414,0.47413025632022876,0
-0.06423224166178237,-0.19152748453575563,5.014256684892796,6.685183068790557,8.215219522472207,20.356486874320126,37.170533205161846,0.49845247345787574,0
-0.2714347657590212,-0.33588034224729285,2.035959557072045,12.464882566601855,7.749653139263118,17.068524227137825,11.58447514510922,0.33253774231110683,0
-0.1498473525849197,-0.21747202232128127,1.91726546891023,7.278374624582955,6.565200069216539,30.87689647051657,92.36187243456341,0.33376712222852056,0
0.46465246406121485,0.5545079920754765,8.789307466632858,4.528102223686817,8.052272129095345,25.159312588620153,14.378601154844871,0.11985492501646694,1
-0.1509159389261135,-0.07084402675914794,9.185172572725891,3.764677393084983,7.498895135817327,23.703080623377243,4.129961852063881,0.3711609762339932,1
0.024137695157064168,0.05181966809014625,5.439817639976515,6.586357089638594,7.113810044541325,19.935751258988745,20.702354837424966,0.40340339261819197,0
-0.16968079897727056,-0.30472294078280915,10.994817580184009,5.060600828572103,7.2642913302450305,22.18935814794989,32.580993312412275,0.2583856295011807,1
-0.0772860136129499,-0.1084499570079219,8.448305674961025,8.187556861485294,6.947794257287696,22.823586349850164,20.88440835696713,0.3203313402505884,1
-0.09819499586917857,-0.17280664416345118,6.754285806449991,3.666635287495653,8.211075023083543,23.999378423667864,15.460765789503906,0.7308043306205788,1
0.034497219791947836,0.12146479546139695,2.5940311823126416,11.095258650312246,6.365508213135984,25.67170144235967,16.924485185787827,0.19915593727330422,0
0.24959226066415305,0.36741074594587153,12.665189560573037,7.828530067860681,6.705211252154865,18.08764237072454,20.139520144194954,0.5169696528552247,1
0.39421819928099877,0.49985675788408707,6.18285945426957,8.124776313382732,7.236981692262644,14.667015172564978,38.10949997149261,0.41024403745631166,0
-0.007113975427249952,-0.08263591736895201,3.555503679558957,15.188497365789388,8.7910006785912,22.421404256367488,1.0747550883357533,0.6896469889191046,1
0.07686406581068062,-0.1970892464182673,3.001277396325855,5.936396211239593,8.34342443927428,13.263913313376191,38.569731347615296,0.4456621761277369,0
-0.4452593527556701,-0.6219555425686756,5.228216826105258,5.14019826989878,6.18732735740222,20.38169502503181,5.346050066769279,0.12338624995510308,1
-0.1263630227246862,0.015799675083534664,1.6443818673921764,5.618800381246526,8.581077671001989,19.454050849441188,2.127993919584181,0.6637882849364654,0
0.18208683946507667,0.14196134553309428,6.819621455196258,6.710924461827013,8.579536173586947,24.458740961008345,2.3904498080724466,0.4636608825218336,0
0.15979059152514594,0.08471812969863468,2.529084832923555,7.06051187631582,6.560793339181886,31.912985177431544,24.255433296418936,0.6685589192791946,0
-0.036517080161484944,0.12774894918213847,5.597750750128001,4.877589445312513,5.482833383522843,12.277046880482194,75.71956786569845,0.26594112875646697,1
0.16591818787038573,0.2924341824192184,3.27732584132342,2.6870861032047944,7.442222702122206,33.370925151592004,2.8644475728631407,0.23555765002025436,0
0.04723001269814564,0.0496748848901243,3.824198001047035,5.58193505071739,8.397939527439858,20.83462420440487,27.082318971693404,0.8407837339279134,0
0.2600918774777965,0.2307515683713991,2.845828040407451,8.845535187618594,8.773009575840161,23.739043410862898,85.8047549618827,0.44635134277413985,1
-0.013192252912866673,-0.026402374194179196,4.0684510161120375,7.910010847363662,6.803338188511,14.925839211881417,51.9873308971083,0.9167078573904788,0
-0.2067094946713104,-0.18399321483256378,13.924191562992554,13.46073911826519,8.901583283730373,26.984357851131602,10.546320364103241,0.3028461385357943,0
0.0007523770799070795,0.1607571052118679,10.288592695726638,19.643436692900167,5.717654083346639,22.20736268175862,48.21833873533464,0.633598926752296,1
-0.9791783127558327,-0.9369315703321099,5.543839842305421,10.801304196010143,7.20555950893657,21.692662944058565,6.7546065587448725,0.46448358488865993,1
0.01486572091551483,0.08746862421942897,4.4141859782139665,14.75025426886128,7.166231464627402,12.313074425485231,87.39839834118146,0.3557631032308781,0
-1.0,-0.8830729890929828,7.437395455843135,10.841562699930435,8.421869619939443,22.368984069237136,0.3372123454654515,0.2534033438876506,1
-0.6170390222216253,-0.7340066223240672,8.828474500713982,17.373562043916472,8.538641972751824,26.22914161908287,19.921179016065103,0.20105367469715735,1
0.03553058028229522,0.11101676952969952,2.724020654503807,18.642181154639495,8.263378924346716,20.818606822584055,6.969082399791596,0.5894870908061999,1
0.04325880118003855,0.013801925713877415,4.278218477735915,11.888631238816771,6.4195599610032845,27.870996728220753,24.817986359951632,0.6762598381008025,0
-0.44872863404197916,-0.7003381536192558,1.502041318961965,10.519072870153185,8.190095225439137,27.664475859456815,0.6080840344087558,0.438471374622531,1
-0.31363061256368163,-0.5264475667622628,8.792167480888637,6.668426426518641,7.907233574874794,18.79452308629576,12.05171114950866,0.4671593849780119,1
0.31116229658423955,0.20935053543237098,15.471731035690794,7.237901812683054,6.163012491776327,29.975569293986965,35.970907291791114,0.5964583837033431,1
-0.24520903947180284,-0.1920867166125447,4.702289768060725,6.2406312200516725,5.84638893695865,22.226474821625413,1.9568733111323406,0.23183700580556685,0
0.5728760937208955,0.5842560502549252,1.252315108427345,10.080731257990829,8.33039143201662,22.248726253939154,158.35912140928718,0.7991037699289325,1
-0.10057595595290385,-0.08213928523533745,6.458094530378101,5.15427249449385,7.355920559216605,22.494906113013656,23.56216034715898,0.7722228250499596,0
0.022410853064380037,0.21750520133304926,2.605296531275134,6.715692118046486,6.4718543260361,22.34657875470563,2.0601088514234194,0.6672578046124907,0
0.38506231954958225,0.258153358063601,3.010151275085251,2.275989851672663,7.333462457032985,8.849333216707459,9.216783892907085,0.11763485095365483,0
-0.06069186514197414,-0.0634352005603465,6.52698964963208,17.488524926847884,7.791232864890562,21.072468009051395,45.55110969271068,0.3781125188354551,1
-0.4007031942072403,-0.37025964192585875,5.221227227454937,6.6177981488330335,7.4337190986659625,15.180267641687728,2.798512922257986,0.36158221673818397,1
-0.13291823550828705,-0.2065455471621206,3.3438897821531626,9.27933809856164,6.258411077499131,30.131678511078384,38.98095128778726,0.06470773907287887,0
-0.11068322085702728,-0.10785054634873319,3.0350764706034536,15.315928225420022,9.008445522851288,29.930414958606,30.542471496528727,0.09319659873892416,0
-0.5094224956604696,-0.6694174290689041,4.833165486055875,8.58611804902337,8.303374375190314,26.259691662277937,4.833077010642685,0.19277564392619054,0
-0.176749621402247,-0.03575899967474422,3.505456198447136,15.213327471955855,7.231698038661226,20.80766281330556,58.41462961252074,0.3358175651049236,1
-0.322657628199231,-0.3908190834522744,2.3035645321764977,3.971449311406793,7.26392427527817,16.959925316981508,57.87478229896573,0.2991808032505467,0
0.17730732715623018,0.3804473436340805,3.6709926088097515,24.500371845401943,7.787589915770541,18.712094993621974,8.867654836578204,0.6857001199093101,1
-0.08961643774442332,-0.09286387013616883,5.49454385753925,12.724828682032456,6.596302883407734,31.713209532130165,27.599906444277536,0.03664618627187757,0
-0.18483872474427102,-0.0820333682043527,4.027468117788681,8.203831048835955,7.758141149229575,18.539013067400198,30.031887430225282,0.6723442374543817,0
-0.13185457918677287,-0.1371848660858883,1.9191739153853216,15.067493369362161,6.435414050511388,10.22202322806968,14.663602020369163,0.14049899052488954,1
-0.03306339447815017,-0.03613777770420315,8.112765208410286,4.119297161768821,7.443572626523867,27.150827542426967,3.0708820132423007,0.22391614711596922,1
0.08504425990693393,0.026641326584733144,0.8665054656050402,6.39612642230552,6.565142800114513,29.502515568089468,25.008103335211704,0.5769705095775116,0
-0.39991366860081445,-0.3880012756641867,3.4286990618852267,15.212617743494928,6.605532814138629,30.296078435832612,19.642903997929373,0.22537537032497187,1
-0.4124762897863815,-0.3806764203449768,3.089103524414809,2.9051060903544665,8.816578090894568,27.191740021246645,19.89272543711176,0.2280539136767789,1
0.23140376462075898,0.152977913729241,4.898393659227319,9.7789184253819,7.547380715427643,28.007598386173907,8.46419800711257,0.24907976126496179,0
-0.22370106166141918,-0.2362055032474076,6.277658650952375,9.641609737719442,7.6659251883209345,22.26467037026771,0.07929193667775855,0.3009060310985668,0
-0.5250526277790623,-0.5860625143847736,8.811510560010463,19.778844529993,5.890896111134942,11.618521882541684,48.125654750051744,0.4512900386286678,1
0.03314381281493137,0.26311021977641524,2.92284388632866,3.34853283478489,7.022398593183162,22.13940520750007,54.474819206651965,0.6061113201003774,0
0.03901094180980605,0.030037864818644195,6.372229462096254,16.524027413029714,7.868969694963478,25.107863862097084,37.365933893924485,0.1997613885111161,1
-0.559214577177012,-0.404691362007356,5.040428169440199,5.586006484805485,7.655309012758004,21.32364971716875,20.777007452204305,0.6406285492396501,1
-0.031155485360918125,-0.05071771844168696,1.6049239541860836,5.909110249262776,5.7767761429170355,21.095819406301924,20.61914881579464,0.48543843257470626,0
0.12067492772851207,0.14660369188200287,14.017746769673227,4.010828412016121,7.665710333325665,17.17940980490839,14.536149613707279,0.10395960595832472,1
0.012315935511878914,-0.11982047165264802,1.8902988223848605,4.289087392404003,7.793247042839751,16.991306283639872,3.673885743084181,0.3231360874801988,0
0.08959444512841858,0.04488718594163211,5.764384386588977,9.040922120905854,8.52700959855896,31.19074257383035,85.16444337382275,0.6640206915774785,0
-0.5212807294272247,-0.5002272623483001,5.663125603261369,4.236909206151097,6.9758151048493255,31.37173184940071,7.421753938199245,0.42392656581299326,1
-0.0006879535011413279,0.15791242959484536,5.287693129596961,10.698913206533256,5.706345023891464,21.986764343769483,1.7618292732812673,0.517424121679391,0
-0.19078592784113396,-0.16858765007350685,3.3309377491598524,5.304295566376744,6.702583398555875,23.407618025464636,7.893867912278771,0.42599840748234846,0
-0.24483704761739344,-0.10646501149809354,7.362146915531546,4.0288585477841385,6.622347968905154,17.095709714814905,12.116410674241864,0.7413507103407448,0
0.16116668282591792,0.22523959384620995,1.7573017140984577,5.675141101847561,8.08936710222398,25.21287424969727,14.448225204688963,0.27437255622769985,0
0.343782353202269,0.5065224871487376,4.3081247938039535,8.743876229590223,5.326610729283745,30.798245858071,17.28871659280661,0.4129622250830478,1
0.4383110163801077,0.4324067946496022,3.1952815118349833,6.432243373203377,7.141314831941902,14.353846100276533,45.86590214264815,0.5935805036258874,0
0.2944423614517715,0.5334646325169519,2.9850641421160566,7.516533486688278,8.640636378861803,24.31941649851197,101.93962464802803,0.7490715897979918,1
-0.13292025448905512,-0.18145987478046743,5.79646745473675,10.465705103338037,7.505769970266908,24.6951112132252,32.673521255922786,0.2592309780245753,1
0.00581604890790291,-0.070830134511864,8.554753775994262,12.695031872765023,8.217053452941139,24.63803257444629,96.2177686000001,0.20083133742373072,1
0.1300468615352731,0.009041576566369669,3.6475165650971375,6.327798236454897,6.18656133315913,30.214088339242345,7.281784061414627,0.4496037127494318,0
-0.06364661521016142,0.1694558519456456,7.159274535312858,4.3836819197499315,6.218408389434941,32.18009106085576,33.22406133579637,0.14659714137104374,0
-0.06077074362653669,0.02117401363525307,4.617458286503793,7.675605934375608,8.649793966276187,20.832581610636687,6.193452870938152,0.0701302337191523,0
0.1471259395628546,0.11371386622482377,2.623110098991166,9.34951801759923,7.580972292605803,25.36586836078179,33.87331226841013,0.28741172291593076,0
-0.11778479380777968,0.007117475879569832,3.8390646033764675,3.5595614426695197,7.582619489767315,22.421168528630297,4.0191842511549,0.5955745606080736,0
-0.3187860809120985,-0.2500168624003203,3.7445762718148314,4.733646574667962,6.605477737514403,18.83942353530152,6.190213912344658,0.1186215275018138,0
-0.22434191975075757,-0.027729172613198516,2.950586760673937,5.157265782898404,7.580625383160185,23.354070784405074,5.671361868696921,0.31281625295307447,1
0.0901731133201227,-0.06461016995386845,5.795546380684436,6.659796347556594,6.583249945327923,25.35749764250124,17.26539307935354,0.25708526832006967,0
-0.09910201264001328,-0.12563802347143874,5.159231904121056,5.050478787436999,8.44949635912452,23.084643427084927,39.2782704840266,0.7008749850806408,0
0.002062993060501353,-0.044189145333781196,1.7256610268291221,10.522547781579961,9.682264567894537,17.594093952569413,0.4171495121253063,0.38175440732275034,1
0.10102377266065693,-0.09634449498020323,1.6637671568934203,3.311606434406231,7.887152842932263,19.682196800721613,62.762115767931924,0.22478318844545894,0
-0.2124524388692829,-0.10641971839131348,5.782352876567627,3.3539563580418736,6.992042891630765,19.720462899126712,3.906812884064093,0.40952234419898065,0
0.1268744490889418,0.09983479350860595,2.7478757062730343,6.252964018209927,5.473073335604273,17.787780225346477,30.426002062890284,0.5291006791712649,0
0.013652781037518325,0.08761590153617455,5.372131155753558,6.767783262508239,6.152428708366127,23.567697908028343,11.249728782591715,0.21412893106139336,0
-0.47044392607344354,-0.23446673264048234,7.160350604377342,3.5704015325517733,8.74388946482171,24.09056048146539,2.121053783670495,0.06312358612269145,1
0.33269143735587325,0.2973670681731124,2.090552316968664,5.455507117049187,6.676646525383141,26.89758800443598,9.152119300908184,0.29975314378208856,0
-0.25022342312707485,-0.2923387213927904,1.921445269218353,6.046490924496082,7.20333209465079,17.711888259196844,4.117548122305779,0.6943512072627599,1
-0.5965286029555551,-0.5846621859831554,12.239384739464663,6.069953998178663,8.024260779663342,19.112606568856034,8.70928843409238,0.7165692906159126,1
-0.41351311287589065,-0.3147883775775497,5.534174813037128,7.972042564966179,8.685831839489435,29.77284725965619,0.16984378938485645,0.3046457110827579,1
-0.40631354820349663,-0.4629848507345116,3.4849566530852525,5.307975802572467,7.34033046306893,21.1775206796354,42.62387629337417,0.40333375186883247,1
-0.08434800440273997,-0.14744416411595304,2.5590490596595816,15.470239561289283,7.176266504267172,22.15065514625817,43.25300267586262,0.46906716517410474,1
-0.18215515166387114,-0.07643622463973454,3.299383030886119,9.431944885511376,7.557296822808547,21.124481393021753,62.60527212161592,0.24412779074414842,0
-0.20104959029217787,-0.1631856579083743,2.1938469441737904,4.9354469673677634,6.997889746688626,27.665154093608216,43.03350980982658,0.24515395227537545,0
0.08591058964474366,-0.11856223665573842,7.614446547499778,7.746613240943109,7.0409446373656355,27.859043403575146,124.21629503015437,0.42591727506767524,1
0.0019626083578111325,-0.1205765715890997,2.8121499788919055,7.861737667543978,7.829504094027099,27.56604050294424,1.6266434826392688,0.523070368735921,1
-0.005185638806714132,0.14493794757600692,8.637565332880293,13.56320670533424,7.648233214267589,22.13283805678774,1.4835816420046146,0.4050001769397531,1
0.022948537198607788,0.06314136550648905,3.524091413971385,5.472900793908115,9.205284245246867,17.63782011255499,3.5767833128805346,0.7025672903488289,1
0.08484040040067148,0.008620807296946573,2.3964533890364956,10.844622650250873,7.851079053308344,31.62606538879627,13.341788293312563,0.4762175897234908,0
-0.7323860025332328,-0.749426968256731,3.4702236599260665,7.5453179957919385,8.420916438475063,26.28154488477759,31.212414488245138,0.224903477452559,1
-0.20933147567933835,-0.20800780839917132,0.9282074123323995,15.576809819697393,6.642971858621495,19.71670509303805,2.260431285089056,0.1948222080681605,1
-0.7540630193468422,-0.6804896833188258,4.168427448418547,14.08972384447071,7.920125832024217,29.119094234722056,22.22606495624766,0.5486003378015005,1
-0.08918202196066138,-0.22500836144654032,4.046808255368351,8.153845466034769,6.921614922719153,19.321955423704527,50.959584329865855,0.5912395649004515,0
-0.1013898916673036,-0.18548480553434943,7.351068287702417,6.480895462613752,7.816362610637246,29.05351701594328,73.88303302033474,0.17988785889205794,0
0.21365968243690406,0.24095525792324296,1.4451556661620155,9.519125209661633,8.050811678491872,29.391422946922457,9.120359971270503,0.5541691849919818,0
0.25629031781633627,0.24630685976679123,8.999057202022188,6.751569432900885,7.539895075201179,17.39258614159472,52.94839689362828,0.5388287189664507,1
-0.03916748552428981,0.018018432739381182,7.332815708530693,17.118393915898537,9.425860577179835,24.908791515104806,17.724910915799224,0.4447294672746901,1
-0.25010832321906995,-0.3730590629550297,9.499376246798837,7.684728433021053,8.642383815286761,25.910953519806643,3.3058336034655036,0.6577285051121193,1
0.04554833376372133,0.08126120139085344,4.342139393209089,6.032603550117781,8.441796266263278,35.07454599793166,3.670750415065025,0.6952057807041278,0
-0.2583752911972941,-0.14921692925954685,8.234544920386613,5.8719833567252175,8.111428953896011,18.288494411830715,10.566005211850507,0.2368887853992036,1
-0.10041779543300468,-0.051735940718076336,1.8538296473120182,4.028854963410884,8.910688654184035,29.162716384969144,12.856921085559168,0.49087119563298076,0
0.1958408950882303,0.20975206906438948,6.874566170732752,9.75987471775149,6.350424562024627,22.08673009016777,5.658391337369488,0.7794309308911598,0
-0.26733140379682707,-0.27691976405342417,2.8215950418897604,4.903721460937821,8.596226494392461,15.793179082097154,21.491727820214916,0.5528385664249975,0
0.14170359177275027,0.05821847649560008,1.6638911083200518,12.795251507160609,6.707004550400382,21.400064150828563,25.24903562150441,0.4846461188086943,0
0.10322041060769072,0.09602055136371188,2.283057809839069,3.8710758777773853,7.048528704746616,22.012323805498536,46.36498512573581,0.6228211019782862,0
-0.38643754513924644,-0.2604669598512058,4.4965870836825275,7.874429396400843,7.949113955249334,16.705549034423555,5.492765782854478,0.07837258128115816,0
0.19216823846522027,0.18026538780520773,2.733056213259643,13.132786362573693,8.48657613240858,23.560868094257646,38.102843802781706,0.3592719749735125,0
0.10956990361145152,0.020589504676610512,5.616137325761892,2.5190364509940366,6.577138694654431,26.789046277492908,19.222416248735083,0.4560915371667197,0
-0.06942223378820278,-0.1186469426647414,1.5144577695323727,20.26981374858607,7.089964097857815,23.191003270310063,29.938994219228245,0.4315550357827649,1
-0.3286970374082957,-0.3086120076807027,1.250747626634467,5.973645642430445,7.5780256580010485,19.290779553100617,23.62805044008951,0.32303063837435875,0
-0.357761805572671,-0.3951132052907557,10.21066191849602,7.929164661594055,7.350907196243429,21.25763965796517,27.735579273786087,0.44344492892835324,1
-0.26129877307090676,-0.2127684447645927,7.708164390952998,9.832808621791589,8.18322564898815,21.977283216032745,26.441555422455394,0.37214076220772957,0
0.062778338987588,0.11506271506249105,2.387918099980681,10.623457502730316,10.0,23.086608137405243,86.08875614436077,0.6418967146127333,1
-0.38668755022041934,-0.2977892321799545,4.473630242981992,8.473485787228627,7.835456566820704,27.549153811200156,13.700226196808481,0.06153212986142009,0
0.031253674585960955,0.17360962181246425,8.262310220345991,12.166573226208463,6.911842849470147,23.359698766930446,4.1783785134234215,0.14491169024090228,1
-0.47252665866351773,-0.37294078622628163,5.763358426637416,9.578637480602179,6.462793335488803,14.986516856851448,3.5711373843657954,0.29473728396666526,1
-0.16122057533165468,-0.25464448174645066,4.898523620170969,17.822123343381083,7.239796869131515,19.188394640056543,20.06791700743771,0.19612865044745043,1
-0.06710567362779742,-0.15745911828542464,8.645962498420484,9.594248184135253,6.747800091176968,22.830105254483183,9.12927290201641,0.35384610793244686,1
0.633539043517675,0.6259618958716925,2.8909134211805094,19.73350119998261,7.874039833580339,27.62062242477057,10.883928741452653,0.4783506101695143,1
-0.5131946966561102,-0.5583122323800516,4.5663174443367085,11.59459939284505,7.861617308627381,28.489232207682758,0.9345241296542472,0.5399766973573439,0
0.34160436994704,0.22777169725094576,4.433949921934991,2.995541262020678,7.129465436380035,30.873426707937277,17.684936646667907,0.722117399907276,0
-0.05504727580381599,-0.09921645522111541,3.8051018995830086,27.263568919953833,9.087964011027026,22.653071987896524,46.45301261668037,0.2377673945634421,1
0.023351575404788938,-0.024099717957114963,3.547051493435732,5.544619209973524,6.911642144608084,25.816545877512468,12.989599884310412,0.3112884134243261,0
-0.06449562598353865,-0.13168039995965924,4.68197927577392,15.607819015052469,7.40445514568146,14.727692327985153,10.093086199064501,0.5176970416587513,1
0.033418045458569884,0.001839096843069321,4.575172933070347,7.488711261872739,8.011330132711855,24.149407865807415,8.73641710584503,0.2698332219682184,0
-0.14610553130860532,-0.02826044627677221,2.3891637623305506,12.560351279993371,8.213643915015863,16.623679492695693,13.144583497203508,0.535288371006434,0
0.3362150544372374,0.3561388585621614,7.250551579765238,5.237061426545936,8.52206121723456,21.68730402122625,92.18103373596146,0.5980798238858158,0
-0.23694134326741673,0.010239564338130225,2.494700982530781,10.103402734815077,7.842797183194591,37.14919194436071,11.103061338061405,0.598602533477416,0
0.23967037165377428,0.2567211902557392,3.93165294155748,6.510424928613524,8.340730160630397,23.51777118095215,0.17445172501783932,0.33142737669675765,0
-0.2933101360639069,-0.3223167134576321,3.754036707555976,16.272906643962056,6.967913462377648,17.680933904098357,39.961023484314595,0.41674956818785314,1
-0.11807555392038609,-0.11766226565489948,5.55590967519449,9.201201595274545,8.234465568280307,24.038945029789527,0.3343037044631869,0.44330057208203977,0
-0.4215887656870657,-0.3959395678427117,1.256760823528307,11.798487209294278,8.22378332012512,19.414624067053225,31.94667148652153,0.19548122483685373,1
0.03650711610425597,0.08003251182136234,7.648777942182008,2.504180572518691,8.710309339802828,17.196279434212244,30.569768925554726,0.24029158312649515,0
0.3335377870779601,0.5412089196638625,2.985615106463089,7.079573459841557,6.165251206217166,32.515697666952505,58.76698824024343,0.6088536409577411,1
-0.12320685394625623,-0.2077389004440131,9.318279203811562,9.072753647275425,6.774253507519147,27.334060131333764,3.8918757898639327,0.5102242563546592,1
-0.15906570961117286,-0.0731611037933993,3.3639001013795373,8.263163076052349,8.158512775493842,23.727683124978725,14.30904817813277,0.32377129009231714,0
-0.4343850889203781,-0.4136100291589657,4.352253898759932,11.94817571461455,5.378908416094882,20.040883548762295,87.82097930805395,0.7789103563926277,0
-0.16878779606569244,-0.32589757032275424,14.129596274147241,6.153665234775984,7.893604939030681,20.446052585139004,12.871851311098888,0.6600913671885692,1
-0.5778382779164583,-0.500768399706982,3.794668573883147,7.571517824109892,8.347843539945094,29.71240933422075,5.001863809197656,0.30332872771810615,1
-0.3738633960156482,-0.24710103993525773,9.424474075828842,13.337950356021464,7.038899801959648,23.532887688322838,68.35948118638748,0.10798875186459068,1
-0.03196418616725938,-0.11768182654500237,4.587921325979105,2.3647102492795735,7.1558479999104705,6.585974285255933,11.866452563985986,0.5844925748683348,0
0.2957039593224188,0.2948105725332217,5.750295806967887,9.921213583089108,6.640690122208077,34.104692578294184,1.1819986228707768,0.1682489420113959,0
0.7427632583688509,0.5702278321680806,4.673812658290545,6.252976478872383,7.082762304214877,22.915311784861427,20.25846743786426,0.6761469089070186,0
-0.2759755255212702,-0.4018561714897039,7.453703148296439,4.682541123708097,7.105945198430594,23.716845028674086,29.85495493494085,0.3238926934278691,1
0.3305900469936319,0.4353930047553572,2.970353687094495,8.743163774878646,6.953726980427583,27.433474067173982,7.945654489103079,0.6862228786084976,0
-0.026874255879505635,-0.07351590648024908,2.483256704970694,13.649810631769926,6.909857457772403,24.327014136557935,16.02639392733622,0.40268396943029183,0
-0.14537429402391278,-0.2562545915177167,3.055228196096184,12.42327731564375,7.283196172089285,25.734543088584047,27.546462920573283,0.2687051822521734,0
0.029778335517845644,0.052724371963688614,4.757994356604677,6.906365237465592,7.2735165474751025,19.881382663175376,28.674023777710143,0.13561617540411022,0
-0.08142505489601225,-0.13366629803911456,3.925558871218446,11.448634690435501,8.999305519888846,15.851023380168067,23.27711960337472,0.1678253129604267,0
-0.06688128231633444,-0.11396344809388806,6.863139059214258,11.404795778042795,7.1846518855063914,23.401163907365984,1.776680190706302,0.15683723629313634,0
-0.22249994884800076,-0.14856734628051044,9.804476037198672,7.073209694214369,7.775320172953487,29.158073261372948,5.245810840706547,0.4431500376510612,1
-0.5194328979396552,-0.6356062338330899,2.495519683911509,5.225025739223383,7.038493626818958,18.760987208084412,48.30520380387724,0.551392485202012,1
-0.5630875607566245,-0.6536240820248077,2.88530532148655,5.378357254078101,7.028323379326834,18.35988002590112,26.85881072715568,0.2354354866620901,1
0.0959734649843681,0.11138146419925496,1.8931769598248867,11.233795322022468,6.136503569813902,28.105096301899685,23.21503937802953,0.3401650879670609,0
-0.183010027025714,-0.08606904795089347,15.153382804488919,7.234972746241932,6.242907001751125,19.713773974294543,61.33537818967558,0.24082620425229126,1
-0.27882666989685,-0.15501063974786505,5.3806097246587505,4.379387568789446,6.5344013762776,19.94720043082799,16.177718309179813,0.3714164908783995,0
-0.09744831198305394,-0.16395448401921625,5.9767765969978175,3.182186637186858,7.646957467808057,20.13427863526879,18.173472030199417,0.3838143088861199,0
0.13847967587468824,0.23221737256665304,2.0054630244428098,11.20002181478922,8.360938924227668,21.675095095047606,6.390586019733966,0.22341506969330188,1
-0.04589081709208055,-0.12430504643912145,4.478544058189395,5.621568901237624,6.070668378483585,14.131809520489806,16.63196709407134,0.13761768958347312,0
-0.2968164809922902,-0.11419554630161019,6.083308995714067,8.716291648738165,7.060738558920947,19.30329943729187,17.100660097415716,0.27195442970743444,0
0.2678878866946849,0.15451078415271202,3.8510482565925006,13.733710810822375,6.406487432519722,23.15184009569861,2.428349735358472,0.11122473363902993,0
0.3737556508944896,0.5066035319736627,8.54565848878587,3.8402511249097726,7.288578324693161,23.116189680874147,22.35045851355183,0.24688191448692973,1
0.04836699659685598,-0.01728161408501641,17.941180827325418,7.224162495802679,8.36061559496572,27.789965262897937,5.804727379847873,0.484311276528539,1
0.192099053403227,0.393423698882687,2.5389796906737683,6.784583641776659,7.14249407871362,31.196961110974023,49.33832128989666,0.14770274835262684,0
0.2725879990441433,0.3317200719293918,2.4272226284101333,8.934064458006661,7.461986422240242,29.562417233322016,11.686928200564376,0.5758839108580213,0
0.2390297949213541,0.13742814198053188,2.646786759487811,13.729955781649743,8.664182717113851,26.573261920369674,18.93565006964705,0.6269175214587774,0
0.08422975313378708,0.0320059051795364,11.748428606266824,3.801037640203431,7.866320744406328,21.256327046163964,23.93932527738947,0.41330089702394474,1
0.07950411412246483,0.157622234644839,8.376357802298841,9.8246936278479,6.891926515346558,18.8846546502156,2.727593585009894,0.26605847902038615,1
0.05589817200395078,0.16116261376550692,4.1316767169777515,12.37603433386966,7.6271322286685805,22.08939216254201,37.212219150914315,0.6835305635149804,0
-0.429201302364113,-0.4362728615365593,4.581084674776799,6.7315906509236445,6.837960790878167,24.92789384886449,50.33226572893869,0.8455054685767867,1
0.11021694705787571,0.11468277515422236,2.745803714522399,6.898310341370495,7.8363856101888,26.10968899122834,10.0083965896863,0.19153162643868726,0
-0.5067441913379662,-0.43090888807355965,7.644728265329443,9.108651575843519,7.912272123258208,25.115428667579252,21.01035072416892,0.34625967161699633,1
-0.33837983653751647,-0.3251999938364345,3.568191573978266,8.779404133015875,6.406272239601238,21.394122643119736,16.97351453172377,0.28170613098944214,0
0.29106952034242617,0.1617190344085886,3.8341741891082255,9.886560441350095,7.640119533908619,25.934311199211308,12.081846366302123,0.25687080345410285,0
0.15206604880825922,0.07076864634424115,6.457704169551099,9.782942062558334,7.405941393603264,28.304362525417513,18.755209104798677,0.7830179534958851,1
0.34621948690575877,0.36973148122092525,4.003636356005266,4.522268946424675,7.9357419177376896,26.400801920337706,34.75163291902167,0.5831562512537899,0
-0.1815023151061877,-0.05995407345641833,3.8923784748368284,12.123348833287785,8.165077640815307,21.839934724183006,10.989798906872,0.33081423569413054,0
-0.4456746523830303,-0.2840764099668255,4.510216348999958,13.241973312000315,7.881959683299684,17.830756537469966,10.182736685972028,0.22527354892044257,1
-0.17213115912110286,-0.09417821704395782,7.222587356070595,8.10954243630987,7.257445317296198,17.71216285305946,57.50371124979916,0.6772221752696029,0
-0.06939061082782774,-0.040661534724191366,12.0359240112247,3.500557868259142,8.2466640166912,18.59391188203909,2.608559574614148,0.43769383684936347,1
-0.0763033850979971,-0.0014219964997493895,6.368040059975857,6.977056667723129,6.801549778951799,23.28537599337465,19.862816484852758,0.1673980075110473,0
0.24010414362701046,0.1734290586063249,7.257159756475136,8.143360547329953,6.443582405304401,24.599018767778166,26.808966995330614,0.5809174046924087,0
-0.20838112750103366,-0.22370422352685507,3.9752496960084946,4.1690987322939606,4.943770652351359,14.927338410279852,50.251785211353976,0.8761544505811882,1
0.0056103415408772644,-0.0768027305930704,2.9309344060384994,6.171432410161659,7.443887238610276,19.480024458182246,56.15873943255295,0.018111730147670674,0
-0.39658814483038185,-0.521462405901153,6.635219433408501,3.6521473373902342,6.842762848405252,23.21642732652697,6.448843466078009,0.20257003597381962,0
0.03509518341314388,0.06845008457676438,4.966644666751352,10.010615825794938,7.81820358086028,17.501600449511987,56.68205553661115,0.6369655258276049,0
-0.09906743494430899,-0.08051610428583462,1.9087008182530723,8.028339001635326,5.9230180847645055,24.169520765298024,46.016463636648574,0.41322658113228616,0
-0.32494400148535524,-0.2561787530344539,3.6809034543334214,3.244977503910473,6.9822571592804,20.46285854541717,3.315759109846702,0.25021509364175315,0
-0.17074880865245584,-0.11613762556321111,4.264230684578496,8.80863447516313,7.876215924691588,18.382898641653718,32.74625586295539,0.646371844515611,0
-0.1552527239545665,-0.13098829682218027,3.299349341477937,7.183204023170603,6.676131082920816,22.266027162244487,10.90913815721303,0.3219805651180383,0
-0.18104653880112886,-0.12538487223337344,10.903036808601383,9.565923435181693,7.827405398890289,23.961401647895503,23.35632135550081,0.35410942045619287,1
0.431402372680305,0.42713406305755736,5.976908267496338,6.075314656064781,7.054381923945567,17.757355428650364,20.04324379477143,0.6740458449338852,0
-0.1295338006923639,-0.08824466117012383,10.215487496597886,4.949370019178921,7.473753352176002,20.786938100929763,51.42309916891799,0.23811574776183153,1
-0.17316883305320133,-0.2457832733218373,5.249092250521864,5.0257650281801585,7.976126405133485,24.33839188653554,9.651792614686475,0.42066688766700144,0
-0.7292352872830424,-0.6922646947191294,4.705973700827203,5.645816857426762,8.26223761849225,18.18954908341616,16.61258656635366,0.1571309253046836,1
-0.36826220559384315,-0.3014204370652422,2.5549721143154325,7.458934296326594,7.573993929056486,13.711215797880492,9.371118920893627,0.18423204391525136,0
-0.17892202733690588,-0.24589017014412617,4.513882824953848,7.956420658530025,6.848791764097004,14.317130771551227,96.7593375706607,0.3900376093073928,0
-0.30575580285299286,-0.3005725929537082,4.516929077932829,6.7169894866352005,7.13356891009628,19.90974567971515,0.5981411441113363,0.5834650671008766,0
0.31451227801333903,0.25215202705040307,1.9733481518429055,5.979519571384084,8.009564290469566,15.407908618474309,32.919488462172225,0.7839075058326744,0
-0.1494813326188656,-0.2021320022704771,3.2423018274693813,6.198444453638239,6.682997133213915,20.26139052411877,200.0,0.3912809823993764,1
0.28653327479547575,0.17404033928526028,3.691490997819773,25.890144958257434,7.357546722687835,30.324714255863395,23.122565311296373,0.23478721755827528,1
-0.0814886097848896,0.045088882731765964,5.743608816406049,5.02606526368457,7.19129272131082,15.107008061556591,34.2520666993534,0.5096950849392821,0
-0.08883164907352702,0.017736868398477768,5.910970713131623,5.59019402421695,7.417310573344828,20.586975742611497,69.67386025594841,0.09263107257285198,0
-0.12663893431375028,-0.07289554889101657,3.162013191997752,38.3566169571039,6.692573976600498,32.66152277135692,8.82148353306041,0.8300816754530135,1
-0.09886112451356227,0.09835847068081913,5.937699456826029,9.120336052144856,6.018444518230311,24.04065041487855,2.7830028774514686,0.37412502886222965,0
0.4156385009149578,0.3967139312581186,4.01787293676969,3.70620954014311,7.916594092767714,20.161383562622003,6.474444568842871,0.0812645856193392,0
-0.7958832180253654,-0.49270697651430195,0.8010979819099485,11.26097942925441,8.271305138790918,21.215586827403808,21.45085761182623,0.2691130082487995,1
-0.7004637233316036,-0.7232166648679256,3.3507318371500445,4.687880472172463,6.066260034001475,24.14681254196639,19.67824731725743,0.287395930088593,1
-0.26295124931683417,-0.23743191414123252,8.562508395510392,11.640969787412057,7.795140928740973,30.4788596531372,36.99188052904869,0.5057949105109729,1
-0.09564163541872935,-0.13541942681275015,1.6338129987242302,6.649348369480438,8.36654633187614,19.345731962613787,9.844213408296536,0.6062476707800136,0
0.10703132742920368,0.1442638834352342,4.795196656159853,5.930461741092643,7.976728837409858,18.211948585558588,47.41490609401561,0.649185605821859,0
0.04192615940824254,0.125487652196867,11.601759045985752,16.520177034570832,7.166663857059147,15.105956336098863,4.612614528163385,0.40782287877635043,1
-0.21527377386417107,-0.22666541316947947,2.839512061819436,9.80802253033348,6.7452029041993935,22.51548016254902,7.750693035628954,0.25726588852331184,0
0.2057131079725287,0.3833850926842908,4.487471703898648,12.019071967030209,7.564782463479991,14.971563150910436,14.755471360724215,0.19238685561466723,0
0.20905862094581926,0.23297354940916531,2.0494884914769953,9.183972449719816,7.698228047077505,19.681086875891026,28.806118341782362,0.47554551407001355,0
-0.04478265061853035,-0.01773411200751044,11.897623627386517,5.916693355923498,7.576646008924719,17.456582794448238,5.094490099471443,0.3973944296998286,1
0.18879727174605235,0.0978975022946806,4.263116321885792,10.03096902660444,7.355892295905948,27.37061755117053,66.04949194583592,0.5326144722880126,0
-0.01820642097036136,0.02364348648467709,4.608839572434528,13.525917994673526,6.633878620701794,19.458018063165973,33.19946972971711,0.2335095410816663,0
-0.2684449080348651,-0.28184763011580166,10.100453050268024,7.904000484619628,7.838150633047081,23.98465164002808,20.600633305832822,0.8180797739313387,1
0.10934505170000139,0.0485210787662727,6.6651138602113935,18.189077965779532,7.876683595530819,13.979539991557186,18.002819128388452,0.5404929385780936,1
-0.06681606322639669,-0.1444635040412331,2.6501672746143106,11.304982995834683,7.660657700369337,22.657534772264228,7.2866707969913405,0.2927273114934152,0
-0.09959804597365393,0.1675782920020146,3.0393182960393066,8.21524253828312,7.588794916057006,15.984198470696256,5.002628990341892,0.7048099157487608,0
0.34188607165687224,0.3155383466389687,6.031277120232922,8.379123087389814,8.843399590196885,19.871757500350704,27.689425164438678,0.5314899915880416,0
-0.835261638562026,-0.9809601806401528,3.0818416819246393,7.913883043978087,7.000496972341283,33.05601287128112,7.322227434929932,0.5976517936139286,1
-0.525305251047871,-0.5951273970211282,1.258164625668155,3.9526277354057666,8.525148077965325,26.66087188620442,8.576440450366613,0.1785325482070565,1
-0.4561211279123111,-0.46127791185993244,4.340786360767804,7.0636640356305875,6.91278042462253,21.357937085843467,73.79276209773131,0.39678640014336297,1
-0.20897819427064168,-0.1543114910089932,1.8438806568457675,8.253135945031126,8.387160458365143,37.99470954891598,10.281899833493723,0.9665012497736016,0
-0.17638245092980903,-0.12090279875727769,11.819716798087297,6.001187938416371,8.486694040064435,17.42412654813341,3.783222824506653,0.2675911277359181,1
-0.5521976943319142,-0.4845362391542617,4.983201632995371,8.748117281179068,7.265559037278494,27.826081910376807,4.216787444509267,0.16172803146448397,1
-0.39554740969324786,-0.46003344035698085,2.603599643925855,7.468198050237743,8.828770443248667,14.336627715764427,14.573202552083126,0.5274158758133324,0
-0.35825250355707106,-0.3242084592069165,2.9470968030160782,10.879126415915945,7.875228709396872,20.780386211760263,17.653073135716916,0.37046991297508175,0
0.6372272276227675,0.5496212812117096,1.4424765276514253,10.29394842000713,6.798182047087546,15.261051249097198,5.847569382034932,0.21531706798248174,0
0.44052258432414393,0.3785582860227428,2.3171149781422664,8.03314930755134,7.200674724488633,23.286379575454372,51.373539000995244,0.3087577257543509,0
-0.2235248253053948,-0.3152957227554207,8.246541674769022,3.729945246587794,8.406209844885321,22.279851267893783,26.40504708452679,0.19784178098507824,1
-0.2090749870920397,-0.32791387255186666,17.099884127147224,18.09003744513362,8.23845176150132,20.46167600408209,14.140266437961817,0.2711925322417598,1
-0.44476119915648826,-0.33834025027068737,6.9298481980553515,6.8829992931035555,6.653567678896567,27.460285125631533,22.823933107819467,0.16347141486361882,1
-0.67243912396758,-0.6035779538696913,4.24089561473109,7.096181150030228,7.388594150247602,19.164505134986047,5.749837840726594,0.5764294176815057,1
-0.1350640559225572,-0.037397518924744216,3.458463359285822,6.226034265700212,7.662818386221209,23.63425873903662,40.042702297861275,0.38679025257820737,0
-0.3993555949732077,-0.3954242883707781,2.524650183279586,5.788042618346895,7.093916328739513,26.102774701356694,12.763021661458986,0.11767709354970753,0
-0.12545515949860295,-0.04777438961208828,15.422994414752297,15.99104733379716,9.386239778699775,14.583893955519084,19.904280470435754,0.6951629220028951,1
-0.5800617547130432,-0.7561906951772978,4.0018260877436775,14.776264748338967,7.686930994724261,18.257928291628083,34.78811507973757,0.3503135142768406,1
-0.32859233749307737,-0.24228358568854186,15.94870919969976,9.22757885732302,7.450550247277561,22.26930483657917,6.198023841490834,0.14930061561009575,1
-0.05541187140915075,-0.03769988840864773,10.340949634935686,7.00237882021269,8.452680835406472,25.150767097141593,0.6130229487634499,0.6704978736936448,1
0.009862879335181221,0.07257383935009779,1.5769965829779766,10.069982737783201,7.207829172128932,29.106188829607667,9.519594178307834,0.5793750962836969,0
0.02524158762260434,0.06324391752746567,3.005453772902306,7.666793655499651,8.305942088493858,20.9206010063604,56.75810704664369,0.23172008181626905,0
-0.4961466952471112,-0.5948522107007999,2.9998819128069494,6.718658729831199,6.165814083533612,20.41764478675058,6.756387038227983,0.15763706739231545,1
0.1564057190406685,0.00660174150156384,4.272043061458674,8.749993528359262,7.137076763003547,17.63701984893168,24.910540501508287,0.3696030581127644,0
-0.3400635089805551,-0.4112689255988514,4.322402786150905,5.926424775352817,8.339256334701798,23.649920460885166,35.061865779318936,0.6278496492724238,0
0.08985737438219193,0.14634910250948316,27.051527068252565,8.38238208121329,8.756158176471736,20.51441213150954,7.167364029738256,0.4750107354787346,1
-0.10319160298545794,-0.034182461467918396,2.3482333402178517,8.183422509553443,6.881363429595206,20.62983868587141,37.031921119637474,0.25184011645688337,0
-0.5129162497233843,-0.6497104774615706,5.141690731138442,9.988835413391573,6.788142691025081,21.530557470557458,73.50015952421163,0.14578369778568484,1
-0.1948593113743564,-0.29296924812117786,6.487677740398793,5.421819830940493,7.953957144296368,24.758140310451694,2.14462647339945,0.3118045238790859,0
0.009609122619130273,-0.06271444597495367,4.477463922088008,10.53884733827861,7.00157288406583,19.181347234103693,12.689558856327064,0.44394024228055295,0
0.08388961414237969,0.048159108115698124,4.787978736410362,4.696625412653569,7.285137665795685,18.139209555455476,1.7017539159437776,0.4281650375092723,0
-0.1422963692333256,-0.2785014523185908,2.394356867330955,5.549549061012707,8.201124019789725,24.158620930670516,50.023544211913254,0.7730199258437573,0
0.35953366718031576,0.2173284905663025,4.77737731360439,5.671975503803992,7.06471825470879,6.871375490587075,35.02573285350196,0.26431470913807387,0
0.20225323129596764,0.12006970165521225,6.091165225794963,4.323105949934213,5.927659398771452,18.981609131691574,6.449519402788477,0.21345303114361472,0
-0.17699623491992583,-0.16837085129742527,5.455151276217075,12.278271330683467,6.459132451515295,16.24345250296318,24.31788637355554,0.1660677473157617,0
0.12503654364108333,0.006977109665734255,6.309904503883611,4.551576979906011,7.507964468576224,28.016291115083945,13.091030727377607,0.7490000625773527,0
0.480138045556456,0.46855769455927937,10.460065707258684,5.209801896284952,6.009261481221692,19.795336187285518,8.075230867274435,0.18139046371245102,1
0.48814538023490806,0.5940006618490896,7.863092093090039,13.84195026334231,7.262271666162143,19.196419423663848,29.876615672144204,0.6576096769022151,0
-0.46839996424674923,-0.5985779379881002,4.677560756125666,5.555056805618131,6.386322787004806,21.756887573733632,7.452762195286481,0.5293226887379051,1
-0.37795993334714517,-0.3986045091881991,2.218752251208003,6.725650553781162,8.811951205492479,19.023137857675433,13.116148663528147,0.29028632382728065,0
0.3454756360201553,0.44795130939523253,3.126758469521896,4.454814847895079,9.232114075812538,19.986759209232325,6.956783368536065,0.31490671425229944,1
-0.41748431525129115,-0.4593111542876721,3.9283571435428035,11.20629421367463,6.653442318126345,22.485552052115814,28.0582845545977,0.3363003041290195,1
-0.49676233998750374,-0.5541293090733457,5.214313805135432,11.283800601698848,7.705406944030335,19.88979782746866,8.103002942198287,0.49352896144281116,1
-0.24585823920971406,-0.12950865777906667,3.36356136632854,10.691755731060082,6.731677014402518,19.853912738639814,11.69333189849692,0.6230573373417482,0
0.0260680128423757,-0.004552195054779086,2.5562979037569082,9.667453302198131,7.2525475183563906,16.949211631443458,19.2142951141854,0.65492619928085,0
-0.13071901198332891,-0.020269509462772117,2.196973621054703,7.665996845835489,8.942775462364644,16.231081297397346,9.294331192494859,0.23757114310787433,1
-0.29516908612167764,-0.25227254700895774,1.6641148235684857,5.684889367159069,7.126649161818811,22.303184487951402,13.501238830741308,0.8082341133392569,0
-0.30226373851735266,-0.33654820380833633,3.8924141830344827,4.916099082797598,7.2711700302103095,23.53300254892911,112.38882933493582,0.31585858630767294,0
-0.3137011193238126,-0.2657320662640596,1.855586344434452,14.082779844504424,6.745976586217843,14.859216781080251,16.414281506875472,0.6476546548074954,0
-0.3638528885976827,-0.33180793721307894,2.4588274488559905,10.830888907107743,8.41695150213189,25.799707076904237,11.79526566383218,0.28290331649930384,0
0.5844898631828185,0.6865781452830659,3.5383441953479946,5.224441417528035,4.889386637980778,25.820238199123736,24.152364879562242,0.5257334903155003,1
-0.010746678644333527,-0.06558123243083538,2.010633033174656,7.537690867430728,7.145762142774704,26.873445691393115,41.22691179986591,0.7155716867870137,1
0.16602771632142158,0.17014832299958355,5.628546920984118,6.359453547825714,7.463291124691633,23.499445423702987,27.889463052988567,0.49805012076831173,0
-0.24672324043567712,-0.25287480839614085,6.987576860702057,4.203403890399613,6.971138136119269,25.18541050144498,57.81955541615759,0.7683209410038769,0
-0.15578700315581467,-0.0853721889918362,3.223100511793843,8.075426526319882,8.190836406184934,32.92512922289161,36.639713963586054,0.11873799101247927,0
-0.3140661944111065,-0.4165841138555241,3.447962977755801,6.002965924731721,8.46162182717638,20.492391995613534,8.6948913531288,0.29937003979103133,0
-0.8955125004757605,-0.7938147956519749,6.187046684398666,4.5893190908689805,6.370368389696388,16.771542495552218,11.323312413959355,0.31820184976681026,1
-0.5134027830543598,-0.46676990583731814,2.9200564306519565,3.5269508751405594,9.174789323016643,14.329700583892691,3.229302541791138,0.6937322713761839,1
-0.6431856039941184,-0.774878111357413,2.8020734277274024,3.38075227026172,6.361392940517187,30.778369651161583,40.599441023466284,0.4947681300819776,1
-0.7749351333854821,-0.6541088508374321,9.188007369559223,6.136698758914095,8.530904545340674,30.843936293493286,1.6985117044616809,0.28069666769404383,1
-0.4586076922894309,-0.23519838420965775,7.617990669260373,7.081264651074406,7.619862158828555,17.37700129032885,45.196397505832905,0.295327763909734,1
0.2974867038144893,0.39767010076943005,6.429713634475331,4.7700156934145,7.097039122308948,18.363395936607215,12.322089004621498,0.8521806658538023,1
-0.11333085031130632,0.029367626411340608,7.8098579294639725,10.230461729859503,7.172506456259331,20.38004481234414,29.48977788766666,0.33121817640293955,0
0.28716912869635225,0.29570626685661106,1.3683871243173522,7.150817809445132,7.473189767471749,28.121284360729916,4.832860897201456,0.34312577862771015,1
0.023294773070262578,-0.14285571890358845,10.09763590943197,9.859570968046308,7.666734289491026,15.563489007598449,6.628443753383366,0.10494318609619172,1
0.13476764771454774,-0.04964439740220475,5.670273029607452,6.7432675348686155,6.76387651890278,12.166902375555624,75.17257985053143,0.40709123752371495,0
-0.3702690985913726,-0.3447608942045967,8.21916670961624,4.985038778379315,7.312848033857287,32.837572382810805,35.729481227956676,0.3093466974114806,1
0.05718528625780123,-0.0020125945151967806,5.653625763939677,7.822927034173842,6.883461741657924,23.561866434600375,5.308537941481768,0.5049314996033697,0
0.11861427022230375,0.027156642389568608,4.615198573199838,3.9300916412394447,6.527960378340902,24.272066529592802,5.2439878582404305,0.4804731701846043,0
-0.27299418767010786,-0.2792688560669754,3.799291008380525,9.67668380357366,6.8461506380336825,20.974469974000034,41.593407943535325,0.2670910383793219,0
0.06786211118484989,0.12942063997097872,5.586129365486369,4.624764250236713,6.580020293843648,24.32892461859012,10.662754697948085,0.8200034285973343,0
0.06985632757244986,-0.07541942710376487,3.7171277307374004,11.69447213739475,7.163876069799585,14.42897058329507,117.22186026784101,0.4302519569096079,1
-0.26486578633902486,-0.30975354836706337,7.54379718008293,6.238701868712049,7.845979924374732,17.79539716569885,15.440864001831718,0.5329299749704948,0
-0.43683052968129854,-0.28584346136926697,1.7300079662513979,12.569418469350927,7.5965682833423696,22.525789422613027,93.67448881571785,0.4229549286072195,1
-0.4552384995694817,-0.5627673375916191,3.238319372138157,4.2151636052473656,9.07947582132852,10.64554553549879,10.070821471465383,0.10983096314032703,1
-0.07404833742356147,0.012927781292934162,15.285336178061556,5.2651790343653415,5.731637589024066,20.487411930928854,51.74339893887546,0.13344512846665219,1
-0.001897039363205566,-0.05037011551810496,3.0782206587709684,8.939391065834675,7.875472772971351,20.179178148327964,5.527015844746045,0.5740399324117493,0
-0.33775774913737433,-0.28317837315237904,3.88370566505945,13.266586046586825,7.505136190819481,20.486548840248194,35.056895289278984,0.2210191114245551,0
-0.09202439760217042,0.017708353118116305,2.639135601818825,17.001548942282238,8.152536273897574,19.244590960895096,75.14277037993827,0.27612016000153683,1
0.07116111084154561,0.14528928754004777,5.482205062709884,7.543475985626151,8.073172163448326,17.020540370627515,18.408214975384002,0.5054467876976052,0
0.08545721439959025,0.1763731746209779,2.881298515333504,18.520399780282233,7.368006599891858,12.889840748645401,8.546091609578346,0.5863912789265404,1
0.3655640360367466,0.25040468269595095,4.009367263092093,6.392770388677594,7.638121027885404,22.72373523583706,18.19882724091548,0.4968329402841457,0
0.283094249659413,0.3944602203335429,7.4582434320815665,12.799214619371332,6.904744629665212,20.499380066018784,7.993505424916202,0.6644387883439905,1
-0.4003874298269632,-0.48565674129044517,2.9468651629687748,4.613143452436189,7.990943983483564,15.12359226715661,42.80960852000633,0.24580679345350664,1
0.40507586286140673,0.43103003941856055,7.193419656708867,9.116630320701873,5.996899158301839,22.312667064168853,2.1011107258375867,0.2938287498358432,0
-0.25929295136671443,-0.23346833266699174,7.339990800855621,2.2913782205627884,8.121461150919455,20.52524902463647,4.76178626703199,0.3209112275194374,1
0.21346184373632823,0.2619740996232863,8.439926979323998,4.217339564018381,7.481461244611112,19.694880241689425,4.61524445628073,0.28782331144366763,1
-0.07960401218467335,-0.045908344578654295,4.875997002878774,9.330964624272529,7.110350369735129,11.215525565962748,18.075227011464182,0.10767251069719742,0
-0.22364481353709026,-0.3080258113895626,31.33561926435216,3.8335090082867813,7.313973440442619,25.413837561539466,3.4057229404814615,0.055097470403815824,1
-0.6423090579324798,-0.7772957991620515,8.437788244491633,9.147446830158632,7.372643012329295,15.834744799454349,3.324716202362387,0.6646542151367489,1
-0.15146935306490447,-0.06423448506872761,5.446246057976165,11.625826670734844,8.537843008384401,22.31635127420621,37.44844850077206,0.46634671690929663,0
-0.5678149705916826,-0.5492315128397911,2.649697152921285,5.75080533717366,10.0,17.958657782836536,3.0775855911767205,0.3411869649016688,1
0.1901897707528317,0.3051274548486135,4.228149912602363,4.551803473185061,8.475896659320306,20.056367412260073,29.39008768715898,0.7278367906969772,0
0.3550377971417744,0.35056450372298764,10.546522514848657,5.829356938138818,7.047739371288195,27.761462458749556,6.442587805245914,0.20693178005598126,0
-0.3390732967890071,-0.47958973285670314,12.49990156373141,4.558956868310164,8.003825459428223,24.658091004016867,0.808721197903035,0.49244181539157156,1
-0.009408777244218666,0.08720419085619195,10.880774888532391,7.024424014164008,8.038663332845987,27.65019973144735,8.760254428154873,0.4716568349258982,1
-0.3176174566023926,-0.3546545175685033,7.1786790085537415,7.776025235384131,6.759871422042224,23.651927473107868,27.614648467562,0.26395098887102647,0
-0.2885454190410369,-0.2543450732989348,2.109822617086686,6.340736560597898,6.491360562223455,23.980717921703903,10.81547943985577,0.4717406388780795,0
0.13234841115961138,0.06760246831165946,6.003226596070022,17.067560586030805,7.449375256866569,13.094304998869111,3.0002699800572654,0.7301891875435814,1
-0.11156147855302376,0.05286869247034531,2.1279489322065466,5.15670644658255,8.146166082161148,20.412375030667228,19.142905188820645,0.1386509366579845,1
0.4218944125793035,0.3342379301609838,1.8358677976555653,14.816132036688638,6.210553385918857,20.875455340756957,35.9315916799535,0.11513811711097241,0
-0.24466974361087632,-0.2784127190214938,5.173219441891544,4.390224575126623,6.923281705876475,28.118324101759875,16.62628064226027,0.14015690109532217,0
0.19980089974234674,0.2105457700120784,6.134445360943495,7.662886841180466,7.958121367192325,19.46885336046536,115.52347031409559,0.43759648711548044,0
-0.07077597611266541,-0.17999420882136125,7.706208164099633,13.350484873165916,7.533378890616464,23.32429754528061,25.48596920438875,0.27748233390551996,1
0.13873340292326994,0.17178535578202947,6.0392615481463245,13.009483299926009,8.633018896479197,23.12878671542376,19.66151656266881,0.6369725018519046,0
-0.23414729719898403,-0.072956249452235,6.165391211434885,5.988680183168326,6.370906036738925,27.78837580140364,10.25592904191393,0.508222231564557,0
-0.11486765126547482,-0.16391386733484586,2.4823568434850896,9.752609205566245,9.381731946759565,21.331279588469332,15.546427015610298,0.6048016345020264,1
-0.13464966378968043,-0.09513538188650789,4.208111571355036,9.121092073622275,6.269606045144336,26.138934743465732,13.509246866590589,0.31331074616852983,0
-0.3508171344537362,-0.6257606730575918,1.8143548112397365,5.640825447290904,5.876669024937391,13.475674329312378,49.56827065683392,0.5147809363818906,0
0.0986244603745258,0.09473154032604172,1.3471328543342076,10.054044270912403,7.452869776402155,13.929902835280291,6.534544174411796,0.3824471232709106,1
0.09507470167350923,0.06377047308088869,6.989336468419416,18.750981280859886,6.5924328574031925,10.583278276877365,62.30265044208996,0.7246450285105839,1
0.07806640847166998,-0.0037833517693685176,2.8522990797471186,9.354432849785768,7.4689954687640965,25.929924875666668,22.5185087338352,0.608568663893994,0
0.3610896961752934,0.4692347431381466,7.564748498535033,9.8078019818282,7.441018496836267,25.36833468894368,34.70088395630379,0.33777612865496054,0
0.33480344037089105,0.30217907220850826,8.714676398501942,10.340595808172603,7.343380630314055,26.48413786949641,46.84477199204099,0.7471467915463178,1
-0.2124834069547406,-0.23023115566409935,3.0907370971383763,3.5591142094106463,6.826071174242577,18.613190821469036,34.73954342392868,0.10705333045030388,0
0.01191569553025347,-0.02580359194865365,6.386501719453497,9.30091085353074,7.846124922063753,19.18226171232667,15.099177079427523,0.7975618061242274,0
-0.2870802067774638,-0.47876179395397145,3.014114120119749,4.444290384016958,7.246130308186264,21.394761786688445,0.17339603679986648,0.4421287462934788,0
-0.09299340516563337,-0.20619204917332948,1.4806374066426669,5.501696667414115,8.38293189660381,29.21849651473828,116.02441851082044,0.12737607310903049,1
-0.27992483473565943,-0.1838154861236378,4.825844004303935,21.77953768279474,7.3557021979773545,30.469140638110254,5.934358303570139,0.3061089081276912,1
0.3860210927408153,0.1750260280528181,3.3786481442579874,6.51019360344403,6.728282061706729,25.969042449206814,3.958851535552308,0.5878862463440999,0
0.009109445102888844,-0.06752208985868172,3.4416348089190065,5.103430434622093,6.149831558525292,23.655098624017505,31.465544475894834,0.25804516209504724,1
-0.16540873843132664,-0.20538074406030302,14.661219385197569,13.148284442290164,7.362312454841303,28.67691348850063,29.371455747355316,0.516119543106691,1
0.25808557155691303,0.4324477582860696,1.7940682571209554,4.600483922838012,6.484636342909901,20.720787714252207,4.700780006304275,0.21455107704001242,0
-0.7511846229386234,-0.6743242463889865,5.6390898660634745,5.907899938445816,6.420030516796178,20.045292347588525,90.20366687994498,0.27244939185650024,1
-0.7042307784595869,-0.7599478311648968,2.4672783430504075,13.798033527375495,7.92196584731759,21.354889396930943,38.02353780162706,0.5944942087943733,0
0.13875159656593217,0.2692029662774873,7.72882499760148,7.5487635576729,6.077863951069286,17.10642815290211,49.37128322084495,0.4219493564743144,0
-0.0818594655647896,-0.15591104761490154,5.360507973164753,3.384484067402928,8.62975470266633,21.124953178141936,4.702177717481553,0.21739069899445942,0
-0.02486610992177181,0.07604387045162875,5.627169763845807,9.69872862335093,7.627773107516433,16.4129597810803,3.08821968382295,0.3049056529927506,0
-0.49791883099556467,-0.6338065555878662,2.5422924908848437,6.0603469988411565,7.4649258951800315,27.125039094497893,29.476128257614707,0.6415113746353867,1
-0.10697011325510987,0.00035566992380585416,2.831048823556098,15.957449017736723,6.672187247559531,24.71843695516509,5.558437887909112,0.6037353662150098,1
0.5010528231204026,0.460439458573304,7.817386600618339,5.4570400434974395,8.111497837074351,29.147811987739125,9.26868182654146,0.49787615860555945,1
0.14725988593875886,0.044409461844631876,12.967920228931163,12.498554365534652,7.497676053122084,13.853585985429053,63.34947723492856,0.62669822893142,1
-0.04908803645715638,-0.07080239776478778,5.978589618129696,17.954647879056697,6.951122685807358,31.508484734610363,0.7553082611688043,0.5522543678035732,1
-0.2317161730314813,-0.2039817550594598,2.6157413791773854,4.828463919986398,7.6598597573212714,14.137622931032798,50.40444813597584,0.27768740100537453,0
-0.21837185556081815,-0.2678466986133894,5.492387889336059,6.70862149587589,6.1537716356484955,16.00845962458397,11.394410176129004,0.5664594567825945,0
-0.7387593667600052,-0.6833640161604728,19.23022435775489,8.973830657896212,6.191738294760689,18.895892265684548,18.387195525117125,0.48593073342132154,1
-0.022707873723651836,-0.08100726209005858,4.765744109629087,4.813031445366262,6.6038511317591375,28.538603459849323,48.206023368109754,0.7750134553745749,0
0.15364493254455616,0.21568217193769196,10.77366268618505,8.458293787842232,7.779621814087771,23.12786748614287,40.88694781562943,0.7084477267765416,1
-0.5726857981511845,-0.5284635919475246,2.8742804955089407,6.6031040973438095,7.497393342555095,20.78085374739214,108.40649358221118,0.3605098661561683,1
-0.2984250676920448,-0.3045173731628383,4.369936023277938,6.536920703877851,8.339183412444601,18.036862826774197,114.45820643575772,0.06554539053893912,0
-0.44723938967002663,-0.4913776209066216,6.499590166950056,7.572090584430679,6.764008118265139,15.120324246696502,15.562235499846675,0.46052360690662086,1
-0.389605358442629,-0.3744512788661024,5.688217811664402,7.657092617015703,7.959734272385074,27.663136618465053,8.219777346869737,0.25335202863880907,0
-0.08395551195342994,-0.028930137650060014,2.829688944283077,8.020015740545414,7.408903558083775,25.9931963052432,7.679331720651388,0.5580786297960282,0
-0.7253206464965423,-0.5191407312233814,2.7574036369199324,5.477160596045763,6.745563844207257,28.76225188546175,35.67781477090194,0.20596725621534412,1
0.08428113150711919,0.1782231736869373,8.108968260618525,5.598026572268028,7.808246136570335,23.98409063490562,13.890637698464836,0.598520700483887,1
0.12615652098010466,0.2237555159616888,9.160772302116598,6.963667015120075,7.447190513403814,8.789487707222326,16.2353246833758,0.7423164419751885,1
-0.17533077641107375,0.13352044307495464,11.103786040292428,7.225534275149904,6.996704644683681,15.777085336592739,33.027162191110264,0.34643282131054937,1
-0.8442125529953625,-0.7926167053185781,13.228297564986825,5.933269024635962,7.533599269715273,24.324356529233544,36.49629286518972,0.7459071957977511,1
-0.39892558780071685,-0.35046123666954665,4.858703640988917,8.688235081793609,7.396375691250086,20.1514148738199,17.368109235276663,0.22577204015060157,0
0.2698705802308089,0.34027208766297434,3.7183516061779516,2.982074280516942,7.377049545185998,19.205790165359367,37.541755309300335,0.8389313598159751,0
-0.9333982842185717,-1.034294881977397,10.080416318885554,5.12826230866306,7.1699254800713605,16.483866175552357,21.804497610763605,0.5140680091162466,1
-0.20425702365805576,-0.24864718729993138,6.874655746832644,6.423968588349215,6.45604116888509,26.737947837072703,8.22704461931607,0.5657739520282763,0
-0.4540002335401777,-0.5046171602094112,2.485631730633273,4.815993731874982,7.5598123327158975,24.28096318707154,10.746872815498133,0.483279032914422,1
0.14137109047545096,0.20613248819740715,2.4104624105345245,16.68648328235785,6.857828501022868,24.505956114540613,39.700080026827244,0.5656204713446006,1
-0.3025341856430384,-0.3199516418651583,6.02042660130282,7.459071356040214,6.683736905884746,18.831988756074715,3.054051467142754,0.42062651282026703,0
0.021186206220683457,0.03500854876811374,4.029471408087776,8.071867265620929,7.307440124717914,22.881438794499047,44.770379640748985,0.5280543374898024,0
0.06963812575072792,0.1783835877655744,4.411179116847174,5.8030558298220205,8.087221235337744,15.311175369017594,10.51434140226539,0.8775709309738466,0
0.45086775191900597,0.5371828257894199,8.529408527468554,7.330989792117951,7.648490806152785,21.350860095769033,2.9316111338566735,0.2595098863364707,1
-0.16088258310261105,-0.17705468340673575,7.066902654740496,4.0243896831131964,7.075086233313929,9.360352107034455,92.09709691534195,0.23554750564805507,0
0.012813310886783391,-0.05418619880103885,9.953497023298851,6.787559707812345,7.042923153705714,14.159419304327225,29.41224911765158,0.7762483145348995,1
-0.5455166437382308,-0.431989170572912,1.4064634135123313,4.625089794033679,8.008650609751015,20.388440778739945,0.1522864603275868,0.5245481215202069,1
0.25712406898812323,0.3345131870791098,5.217606387806209,6.432081530910201,5.582611384442208,33.87559073137466,3.8809675853168137,0.5049336745793306,0
-0.3281526544214094,-0.48877833625094763,6.799255449307014,2.0545189169110913,8.137891991359584,12.996284632875678,22.71400019358324,0.02933949602885757,0
-0.26822624922632365,-0.29954164311715176,1.7932838388803873,4.20384001042229,6.000787380055729,15.782097037300685,1.3038314982839396,0.2900841528121573,0
-0.10667433845476322,-0.09012279225308698,3.0254583940148243,15.363018145382814,6.367673673341615,23.083873983464052,9.976124787672838,0.571468845897804,1
-0.5688653036019549,-0.49098233188985174,2.7066424071850625,11.191995939437835,7.08858733498942,30.847114530073014,16.497134837671986,0.1699196845393623,1
-0.03136899132131861,0.05964115817265851,4.54041720241362,14.289423781884134,9.236099314344676,23.01086248494037,51.24171124461648,0.7984890760511654,1
0.1902398818775032,0.21863048199505056,11.902070555191067,14.78865946724275,8.841935488011414,25.51070926152078,10.746219843334869,0.3100766247741903,1
-0.01211985295081254,0.04640490018507306,15.082779201772578,10.344900697629162,8.065190204637709,20.311981246617613,23.60320230055585,0.36881590811719017,1
-0.5766692692536175,-0.5702555890158021,2.7495230716745245,5.891824177743001,7.78523390263636,19.446892055303117,32.66537770524735,0.05780968046176874,1
-0.13714278829889787,-0.20452795711695393,6.146816775236971,4.398988054534385,6.01017842559002,22.41092176033878,4.754027736344183,0.2241735906265045,0
0.1226086708938472,0.09648223178972179,6.266880552386882,13.109960734943334,7.625406530304559,18.70855304686948,24.00434812706277,0.33179009858070396,0
-0.6633966297897723,-0.6614975111257615,5.655199926676042,7.6314967094555435,7.060622785152023,25.621346693588727,19.368670941443703,0.13496014509627596,1
-0.42242980414531417,-0.42589772914717317,5.693856467387026,25.713378179456654,6.846664533101823,13.96864050527208,20.936274591602828,0.4104515363462048,1
0.162963081224456,-0.025594209219891084,5.377617872387001,6.1561464900296805,7.623842471979727,26.44993516283417,4.767181661669135,0.24628655124743634,0
-0.01897136974081405,-0.05871970323375718,12.33624987638796,19.815172406068516,7.123111992442641,22.19656506151376,20.90854531701574,0.353258267422164,1
0.023591474638026133,0.02921203994694132,8.683979649979833,6.831908780878085,8.195439636775081,20.926395656995684,4.012708174625282,0.5548968251781053,1
0.4578484422869935,0.4297114430964234,2.372413191668671,14.411468289783956,5.951236185909866,13.785077199067892,18.111680091407973,0.6093765547397504,0
0.040565833551860775,0.0158834540007022,7.2241721674077475,17.25920921602175,7.5600091378767855,17.10105664001065,98.91453465185634,0.5695592813958812,1
0.09736640312995379,0.14616554021041253,7.655497557466097,4.430555786568514,6.796722221188765,27.993257365665894,7.005914681325226,0.5151806629065813,0
0.7132236581654978,0.6053279394606345,5.413957668635284,5.7979300206211954,7.1722913368674455,20.957005009833175,47.15201295601749,0.5719111934836765,0
-0.16414136742714722,-0.3269455888222683,8.836179697295147,4.4083937194252565,7.743701135583393,23.391992329364104,8.256677229430586,0.12806412513883927,1
-0.33936482908554855,-0.37418180816921603,5.017061584440823,3.9949367862274654,6.606153709911946,17.602339933423266,28.771253952040325,0.6723236628355954,0
0.0283389194741398,0.10475036002431877,5.054508577664495,10.314322107471686,7.631385711449972,21.854726818872745,18.319294682580352,0.26310390116631177,0
0.03169730881666846,0.20045261276533233,4.819857324056421,6.697175128488707,7.330129435832588,15.139239759400104,65.94243550540175,0.675545017270553,0
-0.25801461758386246,-0.17980179367438845,1.3351632226290853,7.585080013028852,6.971530507858489,22.499411271439435,9.748726112831834,0.20591740435838546,0
-0.4097191058664542,-0.556545481853339,4.270628318719223,9.758313296284776,7.123542011191264,23.853204486351025,88.6687383178292,0.8457174658399375,1
0.5929533266270234,0.5697166026893463,3.0013123869536718,2.9191911752788666,7.376358487050459,23.60307363592509,9.058324646823351,0.33384494637040407,0
-0.0019469588835931279,0.023716479224559814,2.199282592980963,14.060690582238923,6.88573078994943,17.48207584754919,44.892722612945654,0.5837180892418306,0
-0.3196856144206227,-0.3019265027282635,10.5953049192006,6.205605014967787,7.5056755802604895,20.289745079497493,26.118938610886417,0.3322438512387034,1
0.17477909068387956,0.22870954597816698,6.064939160620219,9.64269518564062,7.27745870266714,24.685970729908156,9.786461197925114,0.19721244066801819,0
-0.13274354546840036,-0.22444844011447646,4.40218650933528,10.07801601754116,7.0109739703464315,20.94281202360951,40.98929557398151,0.409770045042979,0
-0.1758644338953494,-0.16937012514027514,3.1935015818017374,14.664040617056243,8.771873787122388,20.56347308829945,200.0,0.20929700739795498,1
0.06868186157434797,0.11071414455196088,5.353238745730112,7.0116377627719,7.832191938049297,31.517338043127783,23.690410516018428,0.2417245061923836,0
-0.48756468046950696,-0.404997585139141,8.124316941883004,2.555329735907653,7.193830213901636,17.24505440566938,48.09348541544676,0.39585938668202525,1
0.005788161175151713,-0.0747836554861275,2.7286868710712158,7.603158908013718,7.616688344659767,27.402092340444913,6.713242892588958,0.7600926164272098,0
0.4738864423195257,0.4393707555952359,4.468724301069552,8.169056584580378,6.678543890581193,16.226596682475346,25.368870470867478,0.21182804012423764,0
0.03985329865919321,-0.23052846934814084,7.54465902720561,4.405569651969474,7.1505827145771335,25.273905428857073,56.251297421707854,0.7135847306067747,0
-0.21286363113503934,-0.27500982789281675,1.40270052153242,7.954559825648092,7.243938039649402,25.540762790619866,124.0608943593707,0.6874518077595033,1
-0.2521315841284726,-0.3045730734255769,4.329526326258713,6.168716432450804,6.502564872072094,19.448174224714773,6.971027002885182,0.718840007333457,0
-0.2231019920035328,-0.32506044282027713,3.4640041116709828,3.7758405696028845,7.8098832383955346,15.912615735689469,36.8999445622331,0.6610076729113004,0
-0.17618880341433432,-0.15962758839106916,4.135888115023918,10.337131858768396,7.09550983790974,12.147833980982913,7.803327048103249,0.15038359347659588,0
-0.2133419598274816,-0.21893650303200843,3.3168743086864896,5.574136539541054,7.215626666042077,18.92443245537332,0.5762280469075376,0.022654543932762967,0
0.17489343232237,-0.051027955435391154,4.8674722789857645,6.030382204923306,7.045024112701316,24.63109323976162,12.377288529825009,0.736033732985076,0
-0.6199627309626949,-0.5984119340325192,14.213274221114723,5.863288222633208,9.867272472514479,16.611859214502108,67.77389304999579,0.14989220943401368,1
0.15860001512364016,0.06576760204473742,3.6900740132509613,13.704706290981479,6.96990787986079,22.48474290461864,8.445438590482986,0.6138244774694145,0
-0.21390595754276834,-0.1653370616237168,5.338937192044636,7.239425982817948,5.845058436891338,14.617851010445772,6.812758130897862,0.14460305371116805,0
0.013084335708611658,-0.1151007890642549,14.832902439289164,7.6871485135514055,6.220054423232932,20.83055903948018,23.58587341321994,0.16489465503455375,1
-0.43809637306025917,-0.43509571920716517,3.221962522628231,5.927970566444629,8.107442098156348,16.264780479006347,19.991020158544572,0.16921066477921423,1
0.29858932005483085,0.27027298716618026,13.31385482731694,9.31320616963845,8.569162153346504,21.610097490527863,10.408939539439036,0.14131029177370083,1
0.27369048805156193,0.30400067654659496,4.4960255885392115,14.507402323401678,6.954562246901717,19.49460265196234,0.42649400069619364,0.25096345028967265,0
0.1878771577250221,0.20034688549015678,13.054563100428275,10.215747565891798,8.52315973570837,16.048169318812,11.796593498055707,0.21839213707834573,1
-0.5544264327380618,-0.5799428502402072,7.029535818416204,10.416941598973226,8.093271999874036,18.7056326105553,20.403015848257464,0.4245242375912761,0
0.14873632131981582,-0.004890910084608652,5.388489031690873,10.00530150428217,7.3484158952111285,17.329215688790036,14.721523175713894,0.6485169376648249,0
0.021456526290712652,-0.1262642700553905,4.308636905496598,3.705724100353939,7.2916429729835714,15.430376498812937,3.2616572030137756,0.2261240808465559,0
-0.5815813741397703,-0.6399700680489921,3.081988902275943,4.768065104563519,7.644696181132523,27.413729126447087,3.386870145491576,0.6253603015908907,1
-0.10728921513124465,-0.10811720352420334,4.690198614076165,6.669242619633905,8.201964657722913,20.199125677745375,2.259937220286367,0.6000376470000846,0
0.009360346709978748,-0.05146444800993295,7.678443638699251,5.140076582902165,7.817835652476018,10.988872754631673,4.176068552953551,0.17604256121545966,0
0.06682258214694523,0.12934377520489176,4.446570573382405,4.339380029757725,6.958553358561043,18.883595962026572,11.473143769727569,0.274051290388059,1
-0.04682158991534329,-0.07474368183651166,3.7062712487296565,2.897684962985542,7.360634362378952,26.573558569091322,3.4772366348617507,0.6735030102966126,0
-0.012630574945786108,-0.10913184742373715,3.8556148154246244,3.7687198951174983,9.08501076377754,18.19320683371312,46.2956123044701,0.7536914819662148,0
0.34208341767592865,0.3142737883771377,8.12939063535549,6.4995778024883935,7.700971037836954,29.488719390668145,7.023813338269168,0.6083276413647377,1
0.267810172973204,0.29039615660485923,9.347387318350014,7.136959294961893,8.195460341506092,17.716689725192055,3.6716460304562513,0.09196586017280838,1
-0.960116486134823,-0.9276280142523646,3.003294016313833,4.970264768028365,7.931907989799386,24.517040279082273,44.92476227519708,0.25178375612694,1
-0.19523156645130463,-0.0073936532519916776,3.000705073431967,7.68647742456048,7.7186861951981625,27.183192922955058,9.484956919029754,0.8746291560922059,0
-0.1493953082631854,-0.21628624226352733,5.6272189584214845,5.948167444194975,7.586959120012055,24.250969861557166,11.512626698248106,0.17124922901569722,0
-0.6256295718180913,-0.6329774379771314,11.206783211473272,12.746883287550942,8.217912500259983,15.127530126794849,4.324765166316884,0.8083846681115752,1
-0.07174508253030636,-0.029132687848363717,8.913742482388516,6.815416087799908,8.074913788248546,17.28765711539218,15.777279412880008,0.3454799660663425,1
0.2746273317231519,0.2722850358030704,2.114648643497871,10.466350959654598,7.711114782409239,27.850354951932907,28.71135620328561,0.5003968114638068,0
-0.4259703578771771,-0.4760321724760424,3.824984511559775,8.17930252549447,6.944989979561689,17.976942718340112,7.612997972479423,0.843232149187581,1
0.0009202816069616843,-0.1540054360274627,2.5641777634817897,3.6654990055370393,7.808447044438777,26.878382569511025,3.303373353283043,0.5459903485440385,0
-0.3747470431889314,-0.42583049909423293,3.8171057823217214,7.061594756110934,7.4463936508255335,19.84857639092528,4.909038173170643,0.14811813158770012,0
-0.301573607103903,-0.4089438483756831,11.735823454104235,3.9836080359662795,7.2533952709239395,22.707186596095756,113.86152225990881,0.2831530979725033,1
0.34321809025101047,0.17055742213863262,1.9087328846580764,7.0002060258854275,9.643020779972854,15.069463614895243,9.375319336241722,0.5290610919284977,1
-0.26276734603354746,-0.3423352302006061,1.6966925955581913,5.090797975129106,6.268758953833737,18.95866212643751,68.6976623231145,0.8024680919033789,0
0.038663746703187396,-0.06604542537345806,2.726087709549152,8.943987481357249,8.266810287245987,17.623468097801393,6.857430735482225,0.23348620138348813,0
-0.6613654348182961,-0.6029867802890013,5.3248596878329435,3.7765950802322723,6.809863244596936,23.127998252790867,124.65640182435956,0.7576528236201436,1
0.4586952684184641,0.5188044521598935,6.504231027086729,7.4435725320857475,7.604956391474717,22.465987898579414,14.562769600053025,0.2786298458798195,0
0.08079573389194966,-0.009592195066137829,5.826806388065724,9.837560771718524,9.554870015272147,24.313249481228173,25.695951356495573,0.3709342657111079,1
-0.1547499527950785,-0.1807728158513906,9.073982402780167,11.632440440796644,6.730104804140749,19.547387484536635,2.498177566389719,0.43664052878282217,1
0.07266395299996842,-0.11316031321128514,1.556047019456963,5.042571252095692,6.920901876138189,17.34884964352711,16.47452695879753,0.5173423617438832,0
-0.5229458286843431,-0.5723798237026125,9.14312218634222,7.45492946028046,7.48598901027872,22.913645427721537,18.266207083401078,0.45720862005632606,1
0.2547592225257971,0.2946574125960316,3.716352988533072,8.101696518337176,6.822226433894911,16.85205548496483,115.88523383363079,0.04257604713234332,0
-0.19719543264892905,-0.11470164368751877,6.951076821240043,16.01559827888965,8.20724508075224,27.39211263211294,59.833934105811814,0.4257779442820337,1
-0.16122085451453042,-0.2325255626836618,2.025759605285304,3.523077754404549,7.072376451149364,21.427388067054437,21.986515985773018,0.5348736181155506,0
-0.24749668448964532,-0.14231119843689333,4.495037534673666,4.685387989226428,8.02320771211947,20.36932445147522,58.25616861791465,0.5323129816498289,0
-0.27419542082367543,-0.4257646129750226,5.164263315814675,30.03103197984679,6.436648694559945,24.310878113751055,1.3036446912004918,0.23469642447346395,1
0.10840118348852257,-0.01636159642585669,8.966098418222346,6.44594569028582,6.054534798276619,21.61817750284142,106.52138999167433,0.3242677366161888,1
-0.02322794496873315,0.04773824159505448,1.731256120813737,2.870548409733871,7.31681201683756,13.709741415824018,26.645583266159775,0.3509742092193004,0
0.09552444242091196,0.26263656527723667,4.5651507163008,5.521916148061399,6.245193729569924,16.69285050305283,61.09004685033091,0.4807932707461562,0
-0.10263840684567144,-0.053295208027301894,2.3369784290239832,1.8506989698382117,8.71461513021236,27.288543519323074,22.256721836373664,0.44190595811878514,0
0.05395994332315429,0.049925704669753046,6.069629871508161,8.334973661652649,6.276157207604001,22.419421739222912,84.92269928667808,0.8548549053575993,0
-0.2256546231775115,-0.4451729978297324,7.144407779009024,11.077238087213647,6.669850649863442,13.592160988182794,44.98029501108952,0.7023821433140982,0
0.5689195524228645,0.3666748468185166,9.701709872643145,4.684076659815147,7.830895908379688,23.76056033357583,80.44411960982337,0.08204505671350174,1
-0.5703791249291496,-0.5574381712395626,3.25106400011897,5.839458318602229,7.030908839950395,19.203705900651258,40.86067006351159,0.14244989895196916,1
0.2782811970688953,0.24247493011177784,7.817273929482121,11.72621668842627,6.285289624105917,17.62750023745609,27.689239330468727,0.21090426824071132,0
0.3103722352162912,0.19978871700107942,10.140536971054539,3.0798850275677037,9.131971328057567,16.27563637183077,40.59039622281815,0.6191320452455898,1
-0.3556476417896781,-0.34909438370667306,1.6720523401444878,3.816044419697467,6.698692957472341,26.999647356593435,43.88318608236543,0.5830195530485679,0
0.568782083166792,0.5802952199175729,6.471493730146658,6.592564408359783,7.3429937540027606,12.17250813997325,41.8293042400112,0.37057414136804245,0
0.19864708488359542,0.29308867173762265,7.9653967378171595,5.0724938549172975,7.332645983915175,17.81233962780255,75.44766516545737,0.5992024751599383,0
0.19134170204687342,0.2050019303481435,3.837281480759897,6.379352168816438,8.068247321573262,22.600633829556212,60.349234154659136,0.4029041786375989,0
-0.091593343892237,0.031246092941201453,2.1674163877260546,3.927978198892654,7.8698819685368475,29.891815344517482,76.34497575148342,0.5658762216340545,0
-0.16516784746560292,-0.16436844451072158,7.891399169441101,8.22482272280464,6.838559169815196,24.769290981751595,11.418746637093758,0.6054691779766832,0
-0.16282264811188243,-0.17435614759261606,2.1821152476742838,6.857777827505342,7.239338226045355,17.76987692233599,101.7185069350327,0.3221870126644555,0
0.01715917889585515,0.12359039752057338,4.02686895317933,9.723982406019422,7.318462053166547,29.646767270534074,19.760620094110486,0.6066835949982239,0
0.3203558825101688,0.22251179450602532,4.375083324892839,8.167801269895346,8.09916759855885,15.224383001475138,7.090513405742911,0.2471690288498886,0
-0.04560573464157413,0.23583901068504204,6.884846458237752,8.193531784646298,6.565342468113119,23.32668082677577,6.327269263770978,0.709781844159348,0
-0.37343308694118704,-0.3359073391245134,3.077202990085422,3.5853149513636726,9.114488445404625,24.438923228761073,18.46672846436342,0.20363428705931308,1
0.14732811871549392,0.18541104399926123,2.972043569386945,9.452656147510433,6.892653290032444,17.594422083997795,6.344513125439105,0.5049896928458909,0
0.17634522391843763,0.2288548213156974,4.755725626804485,6.2624206714535,7.493000482594725,25.487965259441268,14.074252705930201,0.24332618111922924,0
0.0963978585343358,0.2841115060675,8.197541453511224,6.798492158353475,6.572008448245406,19.430549355295202,69.60060483608996,0.2186522346427656,1
0.12364967195749477,0.20290041312475543,17.68063548688531,12.480060219316744,6.461472790687506,25.475712137589824,5.682620748397332,0.2500041542994449,1
-0.18127843904734242,-0.3417840369477348,1.8139581486725695,5.156624618474073,6.8004572727379005,12.802022537068956,28.904089873382272,0.197913227206285,0
-0.3786967501391738,-0.23834971166242339,5.415175070965873,14.52094607899346,6.723581425868596,23.67488045114437,23.560689289018804,0.3930164186826419,0
-0.3604580291922339,-0.39454768713673566,2.3351566677341538,15.214328521144289,7.168594380676136,19.939466636531975,2.4013891242943064,0.21568089514310487,1
-0.5906389745373574,-0.579923467253425,8.258861506778642,10.765991371521924,6.716827976989007,27.74851891483911,13.05593979852829,0.36940951422169405,1
-0.028915416536215086,-0.15684081375374176,2.551989552470037,4.52532589076118,8.056441937035368,21.780096351145247,35.93185265463705,0.6549563554681787,0
-0.1250346349679781,-0.07241443315558851,2.989813674052971,2.4765175934661414,6.8736128837453,28.246147668600596,49.31835707108051,0.2770540646397892,0
-0.23199631135891263,-0.29713374036566786,3.1469618160421127,12.672286669960236,6.784947605238468,24.53806382516526,23.435467539441483,0.20413520143528724,0
-0.9866856473035209,-0.9766686835041736,4.281402474038242,7.812246219770566,7.185624908706185,21.362457704759212,25.628688093246428,0.1406417405596665,1
-0.4741952409082507,-0.502605141444329,5.440758917957963,5.090628317973714,8.294271102957035,25.938346548071475,67.27800938883891,0.2463952684754143,1
0.23625219542095002,0.42875347559453525,5.99077530015628,13.28693433937753,7.671900938888319,25.970292322635608,57.42356437166308,0.4279560334854277,0
-0.2993878000189393,-0.10116177000438031,4.466206864874814,4.80290315750332,7.420248376090024,24.35955002245607,6.767279910119431,0.11584587423013312,0
0.008177503297052413,0.012828820318526552,2.017916183312036,5.977021523469247,6.353564184025057,10.538493126874084,11.96097906490534,0.7484756614720792,0
-0.5172056289925768,-0.5108078578556914,6.935628592054211,9.606550237024134,6.5858332321090325,17.08719754617801,31.643148512446594,0.8069318893732499,1
0.33161164470776927,0.29426734807281774,4.341521235559773,4.234217681801469,6.477272047968301,28.920529232529617,21.94946876924362,0.2033691867158184,0
-0.14320829801640292,-0.03260766886612429,8.998346821905209,6.995447254165668,8.545480978937878,15.72027072282367,31.68439570482883,0.40160915130844915,1
-0.012987881054939449,-0.04587986808827717,2.9310383101299684,12.737731740640402,7.924450498505318,26.412305750329033,21.48760226487618,0.2299356951749196,0
0.5977339375645054,0.5556002100999355,1.7136663910819194,8.211662269178678,6.810703592860644,25.532263283898345,31.1739900259548,0.4870237453202079,0
0.35493203017682107,0.4527913165433175,4.391120344954361,13.78682144878471,7.048502684939476,18.371238192089855,22.386033377489486,0.5060448356170261,0
-0.19196968638611733,-0.24579959591778228,9.752967649164233,13.024095983884104,6.8397678590101325,12.023841864416378,10.122050930314733,0.2026983448074992,1
-0.27796605546110775,-0.2817415589059608,4.936049337375833,7.417700972675033,6.791311026895433,19.155437010260368,77.83323792348898,0.27828929560897364,0
-0.19766350345585953,-0.3557945816069588,3.975689214993913,2.2970583172389287,7.868240824972944,32.39007521816505,2.874486905604027,0.6116664132890272,0
0.05296947454296069,0.12338850905527739,2.6585790528513007,4.250828275888305,7.269971023372549,17.683613538953228,15.213649396757297,0.8831659954858926,0
-0.13156724027526134,0.06251945364292555,12.866922615593879,10.822930266328617,9.16493419543797,18.028713277003646,26.279235634062864,0.33795630704916835,1
-0.21857324350104151,-0.14645070622106232,2.416302412724745,3.4037381714839285,8.500287859613598,17.012087948450866,62.91186689371096,0.265954748351581,0
0.34015437521271263,0.48633429196744316,2.9001528584772505,6.2755034050129295,8.547584272373378,28.073922382747597,21.25126305951227,0.7414646849064028,0
-0.13426296753335107,-0.21887318115108417,6.309273389162568,8.751632959011815,8.0370855799585,20.78542144187447,0.5572442958111868,0.561793765429597,0
0.5898767279111958,0.6135091561140159,1.4716549532475145,15.406436056824441,7.161872743594249,18.870468855254305,58.95824530129714,0.3811223382715539,1
-0.0727772308743481,-0.16709322331128706,9.628759479930446,5.54274658723349,7.978232707623667,29.067370085976755,42.957345334147256,0.10186454215748443,1
0.43559551826741827,0.412818963709284,6.517662950648657,5.356207375638172,7.220933844377074,24.897470439677683,20.691013006908886,0.33335626830945847,0
0.007195826813188019,0.08441697454843851,7.6870619015053485,7.1978121857230875,8.80422084058269,17.403548791448703,22.624115580869958,0.40315861518549745,0
0.18888817197483435,0.1990702332851642,6.264321028712851,8.806204104059843,7.823423506439936,15.882080444691098,13.082496075890784,0.6376168639214687,0
-0.31738331545531734,-0.4586474177154395,4.068709567207054,6.8406077929278775,7.709888286882412,27.790849824399867,78.09135567581552,0.29061701092995995,0
-0.3561277667762235,-0.4876306773299989,2.3681540597149175,12.486326610604353,7.6016581299436075,22.08394081870858,4.28320284829288,0.4982093448468854,0
0.03791178650449625,-0.10020460664458114,4.120418497496219,4.955153189680363,8.892213141888686,14.254679900719436,34.06312620711478,0.4366612772725669,0
0.19656597273959456,0.24571123173355358,2.4964212665993197,7.846601174936743,6.352999732930572,13.084421565532255,23.186328084208295,0.11629741336199993,1
-0.08792304939986115,0.1184664041658057,5.99960231408674,9.231359740145647,8.970630262134982,16.41980642400121,28.926949849302705,0.5628468315411977,0
-0.48591800052510914,-0.34967217612508783,7.272265734306315,6.048943296469732,7.35107695403669,15.80257705948485,32.35788382912916,0.25691934798648347,1
-0.5080775098867981,-0.6976760298014045,10.870853084831298,11.244228426830452,6.375080819347479,11.769615145492818,57.21857890080389,0.2163528926762903,1
-0.5281409206558724,-0.38603332684889397,5.6016465669298805,7.960400165346693,6.898232214685555,16.50246506675752,2.0090948957679577,0.38032849305863836,1
-0.6302866338818143,-0.5366465921803496,7.804849052679401,10.961869662071013,6.179354189821134,17.40459719178073,56.79295169717775,0.4251798025477882,1
-0.06715439216587375,-0.22168438671874952,3.7498399447142723,8.142131933577947,8.022925396468512,19.68659355807715,14.50789382323575,0.4628102435809333,0
0.23751317651240758,0.20719301484135783,3.3636736240174163,8.919164584356608,6.669365639722784,30.46455022563856,55.45913939418317,0.4172661319017902,0
-0.10402473607744264,0.005527505072138311,5.954832855516921,5.3860060710267605,7.63493413296376,20.665783639508632,14.1478412101532,0.38780023019793347,0
-0.7781244272013557,-0.7230810761078771,3.5541512139661027,5.390370642528975,8.407373624132678,21.162125811278926,36.1095893772804,0.692097402191971,1
-0.15722813810036462,-0.2881376433391632,5.26726616295799,13.628977710047845,6.96238645714709,24.546276818994713,7.475387807445171,0.6492768871719757,0
-0.14883969898978214,-0.08776548341016271,2.3709356977289655,10.152857797479642,7.2855170455804865,20.8134096446672,82.4103704933884,0.23897526510282205,0
0.5287996250676318,0.31504956545957297,2.640645488558988,4.430522030200218,6.457306712067187,24.00076481943354,38.44531790210781,0.15949390651482065,0
-0.5371413738758669,-0.559423591451588,6.561672866679393,8.088406275371222,7.189314312839042,23.403074384758668,0.45626915676997526,0.5808405315034523,1
-0.2172032807797587,-0.10340760383975382,7.6294369263755275,2.254914312254156,9.559218900218697,22.612942827996218,2.150943283292633,0.21646400014720388,1
0.4117558041633692,0.41359522572050117,2.480862541299583,5.545739183058922,8.122346531288354,35.83233042209479,8.981683149021352,0.18597524993492917,0
0.0349935024039644,-0.014900252592230191,6.701749329706435,11.947401873671195,7.288215664885116,26.55562922022176,25.72780138606874,0.36358972758408137,0
0.06899392205492738,0.1579285474321623,3.255541418310314,6.940870546608086,7.010649571054628,16.591390076466347,13.19438932426468,0.6761670388820705,0
-0.06562466889283655,0.0318505126158216,4.526292201242948,7.837785516500283,7.465893283474854,23.85111093094582,4.935469002214315,0.3881502102121158,0
-0.0010169384028206468,0.12998703088387437,10.487317285021819,1.6352723685426678,7.604040601754912,18.041315966701397,30.672420433522117,0.3517912398672255,1
0.13328285908356077,0.22071710192819952,7.275353045082552,6.073124339974983,7.164744234283393,24.23125382029927,25.550796668339828,0.7164452970920088,0
-0.34284589566782986,-0.2347084162741152,7.2248263045250045,8.750721130725069,7.924047356616903,15.124062914458651,56.24476128741551,0.5796637785063341,1
0.16341757367245993,0.2367084294162134,14.08730750560562,9.324496204088259,6.737242007951673,16.461102759580108,11.003400143712687,0.40142750515592585,1
-0.5119009050656618,-0.48534804015401456,2.937833471882614,11.95533779039074,6.733289860012586,23.719537812450636,27.862068896032223,0.23695904614437843,1
-0.001489608150538571,0.007461291825842839,2.4805368660739333,6.651691106802011,7.796156365640163,26.988345567990127,72.75147023580983,0.1149845185229391,1
-0.04637771101410186,-0.07010368292384206,2.905852009077497,6.801696685876952,6.565086597148482,24.513221743765065,69.28271849899376,0.4577270839011891,0
-0.2848879264576324,-0.40612475576360496,3.8470220979465206,3.795974963744445,8.083213802290032,26.27058667267609,3.598266267804516,0.21229992256210314,0
-0.10680558259769403,-0.2023367334796749,1.0911908594026711,6.670796248664092,7.488575510082454,23.86909279381923,52.214826453904685,0.40346346104986514,0
-0.2867620457996659,-0.3149634939931869,3.957225142209363,3.93225270406174,6.037672625026229,22.86248049516166,5.858756212949112,0.5560461702521429,0
-0.4215103980585233,-0.39736518209828037,3.232505589641174,2.9331148294968794,7.587599300448757,19.481533628707815,5.398607658610963,0.3130844109534847,1
-0.2060844224840933,-0.062003162683666985,7.172511415511173,4.294822875741344,6.151882700328804,26.065009043583984,0.2995984384003411,0.7604445410865656,0
-0.4311965906114984,-0.43537631339904964,5.536993297826535,15.71070699158507,8.054689607724528,27.12439616413321,76.83721564151134,0.4115333830478106,1
-0.003160760772025581,0.09718686831574082,3.1254617220754572,6.454124599632853,7.301028536599523,21.684421543351124,11.176787958428713,0.6990481617814601,1
-0.445025648245709,-0.33709408260249696,6.385159740224896,8.247735530446011,8.980867373205456,21.41536979110671,19.40376980506392,0.5340096263844256,1
0.11359310689731539,0.09044842712843629,6.916831824014307,5.715900624393292,8.357050275498086,29.957029058611184,33.52371121291891,0.6453487716772319,0
-0.454443720378646,-0.3949746992416276,2.826028943652542,3.0183927576781033,6.65144599501454,21.897891100918887,0.41952755392424385,0.36501810898972326,1
-0.2698884746743019,-0.294241278846788,3.3340422168487334,11.799492976613392,5.883408108926866,22.378429351829844,22.804045189914287,0.7781524599764771,0
-0.2873810224645537,-0.15516743305670602,1.1791361424930424,2.4940326287524535,6.895918994566901,24.421129538764475,6.97197236624994,0.7066688025978626,0
0.2975440186624516,0.36112835248904485,2.329384373719792,5.599087631964057,6.5229931177357034,21.510968720229233,17.034692711184764,0.8074394169996489,0
-0.0009130163150224552,-0.11996139178385799,2.8705919525445727,7.190009978591005,8.960590469501675,17.898298386284523,20.4126668233304,0.6387311814028389,0
-0.16352014076331828,-0.14736767554793362,4.685626849362309,8.29161548517204,7.491748272575879,23.88982787761761,3.0399189277459526,0.18563968202640915,0
0.049615832320916986,0.21442704850330496,2.541540497801772,5.138520500870649,8.246735043346533,21.806224949888392,58.40878739282036,0.5783387970335095,0
-0.7321577041989064,-0.7502808076535765,3.293427473554549,2.947682470762479,7.2719752699595315,31.211248782372483,93.79864149661547,0.25456042788140204,1
-0.11294007689227224,-0.06816857388276543,2.148568037234714,4.950325608104511,7.356266009375483,25.94224275146188,6.774766691361964,0.23359929321937056,0
0.4992542533414288,0.5538421371153434,4.966266443142367,5.081573746283998,7.473898381992873,19.022588567784993,42.16468721773729,0.5853953215595282,0
-0.060296048079198236,-0.1639583379956583,5.785927965888255,5.020117061333341,8.385231454873956,25.64530109595188,15.304261159358672,0.37178601922184074,0
-0.07962604924919936,-0.028555254327847966,5.705434884408941,12.001471834044548,7.749299804539679,23.5393291736549,4.898969621284347,0.24609341488687708,0
0.06443851389265881,-0.07494500131080375,4.515051887916198,4.027712556363202,6.654132925218668,28.547131509727564,47.48895479725078,0.10395265796950968,0
0.16868157299430367,0.10611916235416406,1.7777636572927034,8.589062892624408,8.798011310469134,19.377728935854805,36.359717861748436,0.37638773022784,0
-0.6992400078669578,-0.5916677111175386,3.0895572679519514,7.997656158849513,7.26574760081095,22.943380741797622,107.81402652993528,0.6469610986101533,1
-0.604697944537308,-0.5690223155064722,3.5099998565502863,11.94398182720523,7.135583900898681,21.50453175453754,3.69538743937368,0.056384457603830616,1
-0.03691261267415605,-0.06736039344880874,3.5184579535540146,6.913209931422689,5.236395758200771,22.292397115291497,11.079676047322991,0.15749886045366068,1
-0.31446296856925293,-0.2698168664447342,4.687918797601239,10.974402149181264,8.00751967292907,17.574005254980253,34.8184904527029,0.3297234731641278,0
0.2936075786659742,0.28759835389046107,10.541552448780786,6.779409006383511,7.580810111729507,24.879558339565882,12.350863273118685,0.4974496733910085,1
-0.19455231696556718,-0.19329446673038386,7.295500057552884,9.181552089692216,7.579940525281522,24.089821379247486,39.47541460443688,0.4140208760875959,0
-0.6803592207139353,-0.6146773680419215,2.4780930478810483,3.4852140279630586,7.177740263111345,28.426118084608976,8.396139289864172,0.22549030537073791,1
-0.4804041750531991,-0.5531409491191123,6.733140826307422,1.9755778974469151,7.039825727893774,21.949870740066096,8.96148710242359,0.19040968245638315,1
-0.9249028058891726,-0.9208691653337036,6.580965194008693,8.924260140289158,7.204335658535656,19.940802458759325,38.38156214834663,0.3482934426116266,1
-0.17023766118487377,-0.20146448064553907,2.7631173478970226,9.166830265765864,7.8705286969018236,25.946471889720186,10.538883712612304,0.5720504568489123,0
-0.156515238179315,-0.3150755756393406,7.4582406871518065,9.372230984506038,8.01129421842668,18.02897809200158,21.30805141646799,0.5446217819184873,0
-0.22733881293456934,-0.31938438855949935,4.070533282176117,5.683309620022543,7.315174729300321,27.424922675419793,5.76485829058684,0.6611834205287729,0
0.2236637117089216,0.38048435641530487,1.9232720071725697,15.562452563708836,8.259149995453408,27.414209987068514,11.18204025039081,0.6751033188633581,1
0.25955595095500805,0.29802828241353146,5.889208655794506,5.871212035284072,7.436820655186017,28.286394505672042,6.403717892692081,0.742554395504234,0
-0.15111652700683337,-0.28347535714697225,5.104778665026692,9.119723720624357,7.096618865501076,23.883114923397468,35.15519197869377,0.33002003618453696,0
-0.7404081002430567,-0.8944435378278978,3.9094371901103435,9.947468657298193,7.658732459925892,19.56751808701117,53.81433972518226,0.3789888108195517,1
0.08518447414767752,0.07396808413661912,4.382100383290396,17.45053103297573,6.412490865204912,22.545938631526813,8.718606299614564,0.5229789307079815,1
0.06660806855257262,0.22272672187022086,2.911151515389899,6.3058967652068745,7.686174647263399,23.900344475396032,9.64140561993217,0.3271176686420429,0
-0.007182528952916503,-0.025858342433351767,6.462901090988743,5.330278812703986,6.266254315578903,19.19929177406062,39.791189255666225,0.6372671811582542,0
0.1944439247924347,0.3251438801328363,4.366359603663137,3.4935810808207024,6.677818432012988,28.665581444626078,55.51431593083257,0.6718240493088301,0
-0.44944842893831205,-0.4142553518564463,4.952385136901894,16.057620001059146,5.885046874626701,24.900420837842717,21.90899185217145,0.6660053497431037,1
0.5026266158555417,0.549751661640131,5.552704768153734,9.122149376114525,7.3599064378628,17.538885223389975,11.541970213218097,0.41126977949206533,0
-0.38782832594256045,-0.5214003768730174,2.241731663667831,9.267656593384503,8.787706961847276,31.414368382328885,13.446128657586696,0.754939349960559,0
0.12476687816025636,0.21851917033523213,2.620670462807839,35.1053001557996,7.406338671134852,22.486946375850884,77.80920045333852,0.43563106173414456,1
-0.6062043083240054,-0.6396975120513662,1.1900952241668659,8.69303708873078,8.014868303546502,16.529484785750068,7.804469858599526,0.09860199736597486,1
-0.3790794061810152,-0.29277016081992435,6.289272190872374,3.8529508044624463,9.381851117849912,17.848729386263628,7.4403780101484625,0.5786403023347175,1
0.35491059401760083,0.2734935958189895,2.1655491662420667,6.699602608699692,7.823244678496077,29.438917985826723,53.17282026121098,0.6995412722598933,1
-0.178269946900255,-0.16056501214926375,4.852731905916386,4.538555527031511,6.887830364329583,31.12492458108411,14.440126233075873,0.17913556523992324,0
0.15197678153983937,0.18717707693360253,5.599027572886358,6.06215775998331,6.99794511781133,27.04742526740459,86.51366806642291,0.1507732946164517,0
-0.02891338338422618,-0.04431671504181283,6.432811586021723,6.041819441504891,7.500526566578405,28.596543242935677,97.02665809334782,0.3329954313498021,0
-0.1314874468000518,-0.09103292749143613,2.1762209246196007,5.509576745229252,6.993684283791261,28.083077293993057,6.980536976729064,0.42979283499119336,0
0.30915509747980685,0.282515389960556,4.309849691370715,3.6816416281724633,7.0535304001492545,24.78458076382033,41.96549619542508,0.31700607104108636,0
-0.1709976473955701,-0.23590362269969806,12.208937340959219,16.383108210039953,8.288203127407591,23.64520893905463,4.008758187656677,0.3273066640219899,1
-0.6342214322690412,-0.4736730939896447,12.53580322316102,8.579915133231538,8.32092502461777,24.69931597238304,34.7669374557411,0.41540534036882265,1
-0.3409720275855115,-0.23607674094936726,8.104292474340753,6.601282726509911,6.182486014361069,25.680077215716473,58.23837980157103,0.14869834852451708,1
0.06535751861050826,-0.01072895589430943,5.487626789548676,10.792148885866283,6.845464385679824,18.29200996736801,20.415043190453478,0.21257886763085238,0
0.018652731908752426,0.07549716246821372,2.4520788296804445,9.351470815732638,7.128796490469286,25.65979364656055,8.360047606862656,0.06894319146494224,0
-0.5701174750706315,-0.6443853605407468,6.897596207865406,8.481144169671945,7.979271156932201,29.293084236485086,4.743132412431576,0.5609830959332937,1
-0.3173027558224603,-0.43577122018869274,4.076290007083918,10.407212093987281,8.414460470804524,20.968137858354844,17.964229087354674,0.2715776722442949,0
-0.27451640476067396,-0.17113546062077634,6.273390544352755,7.900826481239526,9.661574347419107,20.433761073391015,6.413504392538873,0.6765038805719126,1
-0.20964087823426752,-0.3800508407990081,3.065755179370509,10.330603758255949,7.127461362973871,24.38273154619333,26.38893802707284,0.6130521899805765,0
-0.5127740765804655,-0.42008848522281134,4.039981578946852,10.76775640406858,7.167417028526377,18.75171224795932,19.353186308511233,0.5642827450170076,1
-0.2885113324358436,-0.3137835636931494,4.945551155765334,8.015357328325956,7.970856012510171,15.415906916862468,47.094908543909554,0.5501450351360513,0
-0.3185831455778582,-0.33973780588591107,5.195364859454873,6.618063160855584,6.954226624836113,27.73859520052589,37.704429497789754,0.21756893874624456,0
0.13145997792857578,0.17243509989090475,6.026905100661319,15.88219865733142,7.387230510807586,19.745243699882835,28.4463898067235,0.5185203657175664,1
0.1427363932970731,0.20085627449649834,3.166044475730269,5.818539179276807,7.167969512973164,22.092242893601046,12.810703031196528,0.49653682602138915,0
-0.1437431374266448,-0.2263774551095356,2.001765074762142,8.985901060782103,5.402676862476657,18.949374794959674,78.50418112873051,0.09303504936919084,0
-0.21761193876121945,-0.1458393778862131,11.880174756149222,9.087994032736985,7.598586584121237,28.383774074564997,56.9636203142022,0.32005942127517517,1
-0.05802270638826599,-0.04668565258574365,19.956452036761817,5.447850209413504,7.354111232557768,26.265880791420074,61.35509425983615,0.13679604148329721,0
-0.34497253223667246,-0.4705780115234763,5.861774812270028,4.933697995338856,8.51698484020552,20.7963022942315,4.423715300787682,0.5988034458309762,0
-0.44404962465023223,-0.4610370730082062,2.0250709625152967,6.190859868474163,7.504392326029084,16.10051317618624,0.8456518005979243,0.31481138973381423,1
-0.3820663626777151,-0.24393846112182252,2.8181564496080402,5.777040766197526,6.496202017348662,20.265350975708998,40.414947924442764,0.27375894227793734,0
-0.290443949191437,-0.12278446936686735,6.082833000170125,3.5641825155878566,7.293520901616382,24.850763499748567,12.56657167525177,0.7337371791282108,0
-0.4490421399376813,-0.3773072941768135,10.020864476236799,5.3348056707580955,5.827133725490698,22.943178520398828,12.935959665521871,0.2793431061355487,1
-0.05138213228113758,-0.17041648109797458,2.164665009100517,8.441090380935677,6.531265731840286,22.545490222259936,3.8046042444586,0.45031667846455065,0
0.11891470213511252,0.16797539238070133,4.159522597580242,13.915061185731556,8.008404774522399,23.05849379734906,37.28177392118967,0.530161394663636,0
-0.5761294902394725,-0.49104339985355316,5.04077196829335,9.749301755129892,7.30212764803707,25.793981157490798,69.44896260677322,0.26332090059332686,1
-0.09246138663519,-0.01989058830331779,7.528885860498935,2.014221464603795,8.238006591598452,21.790703979674777,143.6628648761524,0.6010779323086437,1
-0.16598073857990067,-0.08748530971110885,3.64676087964115,10.18230955683626,5.926486199297562,24.250067252297512,125.8859972486803,0.4764360343494572,1
0.0024526056610408714,0.03877891358579395,1.7536707897633084,5.58969155166808,7.306030882140997,17.06540396127451,67.25058631081318,0.5388017801207414,0
-0.10388163043107643,-0.11112286431413079,6.505959061908304,9.267744491933229,7.1195900012897715,34.769253884876626,6.707265697883428,0.3934269895620435,0
-0.5360797839794893,-0.5969165335698912,8.801107616743064,7.337017100093102,8.264678866090565,20.580703403418728,10.478973490265588,0.11481087084861988,1
-0.4787167896571496,-0.6685103415072993,4.265012547687957,6.710384064369844,8.038210214533297,23.017965039419888,2.5988201535281337,0.49983938267938655,1
-0.09117292732450819,-0.0572087506531731,5.715284371399191,7.020834853866677,8.013801720070639,24.832327623931054,20.43447894680476,0.3887269839592201,0
0.20863427592365277,0.22723956028887163,3.371323045233406,7.306671580061198,8.733128030467281,19.946047437997297,53.55829928867701,0.35639853862182774,0
-0.7642562113129008,-0.7084986270304192,2.698068976273969,14.47180807291587,7.205530312570747,22.039123971247314,1.4137743401080611,0.08237472945851274,1
0.003717973940473976,-0.13003639538881545,8.29667978052891,7.3167768243346645,8.568064668240575,21.978376373283876,132.44889284213292,0.3636520460444074,1
0.25688660158629295,0.321388270517799,5.654759097158324,12.714817766321433,6.664635079296211,17.429809537133117,4.68443697766449,0.3099375485034379,0
-0.14590776286186394,0.05954674660021378,6.014788337164347,11.821890416723024,6.635297800187445,24.19294712769819,7.89910913616675,0.21905762840644122,0
0.06506074880793222,0.07290576188572336,11.037174650936286,10.314212245357595,8.102197257198672,13.753890808706345,34.11043539193537,0.30059742530059264,1
-0.31092072426934064,-0.3170872561899947,2.3799859859478847,3.0243330563521336,6.2962074092729585,30.76354221208307,22.42125923864937,0.4897593565707918,0
-0.13580985978306304,-0.10490962417449294,3.2180778460804773,12.914055967802764,7.958212502735166,25.964854424891964,65.45811178356684,0.5340938716967524,0
-0.5862740554924455,-0.3830403530214117,4.927146460892829,5.877017192023193,7.581050554977061,25.19561178826688,39.003653514497856,0.12316669879736553,1
-0.8033029925256621,-0.9056677686956511,3.1944408265340822,10.568349524597819,8.357482182923897,13.31678943783379,1.5946398352524271,0.36166732846340993,1
0.18282974036758257,0.20315043370697305,7.169829833196747,4.543663310984677,7.452444828036088,18.0373566335349,62.31264821622302,0.5331311453706553,0
-0.39549847831733254,-0.47546422054709697,4.005067632754888,4.085577047151724,7.544839157036422,28.946725604025268,43.53589251815327,0.7751683014618568,0
-0.23665835350102915,-0.29135882558552867,2.4706476320981277,19.849808672377716,7.907411994339925,40.0,30.618267599741117,0.25598163031190724,1
-0.515932675981058,-0.5208917067692519,4.662086082289216,4.579127448650127,6.969880359952177,27.973462325285155,1.3370052916299469,0.41788359782281564,1
-0.5229909109251627,-0.3882585867638068,4.963957285667234,13.105779544629852,6.935034954007823,27.184717051254754,41.55575080118357,0.13534099142878722,1
-0.15215131002838492,0.027947750040488772,7.852321634900029,7.839775201853509,7.879543551874735,24.624871140570942,21.87720449365288,0.5009427149348962,0
-0.31887315824069395,-0.2740589437780233,5.673944426289343,5.989092935253681,7.47656975269549,17.76251402144915,34.6730259791376,0.6248238349591555,0
0.013391299398409523,-0.02426817290393901,5.910248245295094,7.225276895023802,7.1741488661565755,26.97587041600165,58.00493215673972,0.6078154901543182,0
0.035761525693877555,0.28503541235772945,5.4312809602378485,3.8553151387722338,7.4337727202418655,16.493963314515355,48.52287046067735,0.5793466373239624,0
-0.0037451061026178567,-0.046500554235569876,4.003089697084191,7.3384144932227775,8.775647606270663,15.947074174300731,41.46912014306774,0.3889946523792798,0
-0.0284197627214669,-0.08553335415744064,2.916162474676636,4.300063727988,7.145585274608086,15.63235337280755,30.917650669121727,0.3682047343592272,0
0.37333046147956583,0.19583615702169313,5.32974295531758,6.063444893514945,7.122384309374388,26.878613232507966,16.267617904152335,0.4731965810275167,0
-0.42027813071346576,-0.28066897378899136,3.669755873860166,11.735867866811079,6.134044620270004,21.71292972536249,45.30524118498723,0.5691767575524675,1
-0.11648045986087532,-0.01965590062374592,12.352933586867328,8.390459933945767,7.466117649474308,22.504290499521904,18.44230062492085,0.4970502860089583,1
0.23980694615587664,0.48158749976752124,10.027279981032972,3.5215976009801184,8.025506808992313,21.922980314746578,43.24631397099575,0.7167531826948527,1
0.2793619428014109,0.14040960757959833,6.551561901147379,11.310642124577525,8.168958492544695,16.371417294008875,49.26338195915822,0.6231072443812292,0
-0.5265290948033718,-0.38071201405546085,5.624208142846775,7.362872331537951,7.586574081304426,18.64634546991298,14.28023544169873,0.5076899981449909,1
-0.19370663249676098,-0.18669308066014825,4.251298940977904,5.634494102851227,8.264666858464707,18.897868968732737,27.41797699729833,0.6278119778195326,0
0.3074363287601781,0.38804635044019176,2.102917699593287,10.73316147335099,8.084984321504194,14.973642763873197,19.221562659718767,0.1685087625038158,0
0.05242373155971958,-0.11235398255072754,3.9365183534403863,6.796423932083339,8.39036018375381,19.478949523498244,22.659841719159225,0.5834884927036132,0
-0.041421090556068185,0.10538709171046154,4.762820429828042,4.125426176838401,8.28744212438205,16.593467718018807,4.510289789007535,0.49883106554683315,0
-0.165305408030397,-0.08665373289721395,5.1431919294072515,18.61383005423514,8.755982556885801,24.88837814433496,82.05836042338917,0.6965337861651113,1
-0.21514027771232364,-0.2190312811909454,5.940075360277596,7.325462395340209,7.3642454667470005,25.30485531983412,39.88585348502576,0.37388375985640354,0
-0.013534281072902749,0.050976987693209394,7.789667053509711,7.094411757693914,6.438353566110793,15.531804386800552,1.8205812320099313,0.30754071538829275,0
-0.175712237495345,-0.2522617675995699,2.958574477771685,6.034224911874129,8.030974994948336,20.516841178759996,17.93137229860274,0.6453517751726001,0
-0.11277358631333326,-0.1707175948715032,2.9747340370032407,13.329543262548881,8.124442551458221,31.280299406583516,26.846849473617645,0.17587492397738502,0
-0.0764203881654888,-0.12276484952802842,10.702892241065127,5.683463090245214,8.755996314704912,17.096185511608535,24.63511887823674,0.2901857682775031,1
-0.30342145854804975,-0.48869424471707756,7.117730705727922,3.4127215128477766,8.525032284935765,24.133189088975328,72.13901374922006,0.5937753549939823,0
0.05963881216443148,0.1458146615847682,3.544997428939756,5.262789287804985,9.056377964691652,22.52760967001442,75.66690304495125,0.3704863670875369,1
0.7742733945246258,0.8934327559428825,4.202473576141595,14.344797031076832,7.995883184261227,27.464437789204535,74.28696459367679,0.4174230524373784,0
-0.6330959917978225,-0.7032304067742067,4.213828563694778,11.20170591709247,7.683048473550903,23.47733420678703,83.19949188212827,0.7322137210081595,1
-0.002796242743006036,0.03202405885147584,4.5674016358304765,6.504486526661555,6.3920135029394025,19.84352261038125,25.717077755723583,0.44232917902627905,0
-0.3280570265856717,-0.3546110740485953,5.95130102514464,14.682078066334391,7.746477227611265,22.333820607364427,10.718271995505017,0.4782491007750335,0
0.07322077325577497,0.10604816946387802,20.51170395083312,10.739957312131425,7.057997314502946,22.40684971976868,9.972625375857204,0.3138512392601333,1
-0.08603275800164173,-0.14879048212274465,5.022128946337563,6.466954703468499,7.669208010745977,21.54152408858588,52.025988178681295,0.05013865780571208,0
0.12855643221273902,0.04021391660397543,6.669593344682159,6.800832780808554,7.543610549047725,15.404442723379912,8.347459133632755,0.04048274228817642,0
0.25265197295263386,0.35785946155500814,1.6292405341755218,8.711629576615202,7.877386871080108,28.21544303798946,22.289887880715117,0.6058358579664295,0
-0.04227366466954561,-0.04866072318199487,3.3503338725970195,4.874690060854581,7.422135432369192,27.33216793932162,19.668334582956685,0.22069771359860818,0
0.23961568652425344,0.44182658160960103,9.367900468662778,7.405718949582591,8.248016152586068,16.779054865650714,83.14892435649357,0.08935277029860095,1
-0.8032893681366031,-0.7986583716571891,5.705263870909269,8.621479298498024,5.321476549699954,20.496371839081235,9.820131582407662,0.34749373973708103,0
0.3771356893748069,0.2845278853397577,0.32191467567778015,3.178841685822651,7.651994860126275,20.87457165322892,33.23290990212337,0.6042785191748469,0
0.01251864556770202,0.1352127332112959,6.715470680343615,6.721691530553085,8.46199182332205,16.217405997502087,16.423290346285693,0.3251181659617113,0
0.22335300672355454,0.28643302313815655,14.16676370179482,6.350108550447528,8.996038806764972,12.666018661188664,24.50921558959216,0.3724256536188664,1
-0.4659627234524565,-0.3932754370828141,1.3531773887632101,12.354668526463255,8.08556907070805,18.64703674043832,24.556996010095595,0.7956384817248615,1
-0.34923096448160074,-0.23017089659480888,11.152153356323069,2.938065886395899,8.847906418066032,20.21798829874404,28.1742478070392,0.17381578619104726,1
-0.056218511756567766,-0.12149814114114722,0.849443900443099,6.105847937064817,7.635148796606994,14.793833333179904,19.19618320950083,0.12759730970047875,1
-0.1051113668012389,-0.11783669769976766,7.867964330544045,5.807340241677969,7.50229006074165,22.884888820427395,34.634271702807844,0.49092623606341207,0
-0.015079423597003136,-0.03222440674578246,4.458493034936111,11.941688124842015,7.9235325145822015,27.8142815165817,14.906070416787896,0.1963150386095132,0
0.22535454827898985,0.096279894587428,1.09419318119186,7.229910920780712,7.497444573687148,26.21058073082634,2.770535910515521,0.09662069273295408,0
-0.6295660945908547,-0.655925109606679,5.85726456219157,18.13869175662202,6.8741140255861115,21.366571734206406,50.74935459356736,0.5655089024865794,1
0.19214572151519269,0.3257836673028751,8.93971625163703,10.289322334308851,7.087807804694481,12.797941517394015,6.949467492235153,0.37221402794184527,1
-0.0975154270126219,-0.07378161663323721,5.575222363012634,6.018803605278256,6.610277675139074,25.578511703295238,18.543619494191454,0.5557949233985993,0
-0.16113455833736434,-0.29574069112186313,6.365524180773929,8.329715886044356,7.9227016758921955,22.731960845322792,6.768460807147317,0.27320019695134534,0
-0.5413345703154671,-0.6969185114819606,3.5008098680377646,6.1901888512309435,7.509113450000382,24.121755546090103,93.96483529424624,0.1327753887102361,1
0.05091460051305949,0.21739220638788664,1.4669217342733438,11.355452729328727,7.211771106593522,31.68051400151257,151.0624731502418,0.16071706377169723,1
-0.8242323553093112,-0.8332642563348241,6.787742509097253,3.795822589001357,7.0466529945301675,17.875941852346735,80.31513192396298,0.6436349282209446,1
0.09451820337161379,0.029777182801452057,12.80521297473967,4.89469522589582,7.904045076959701,7.625920334389786,34.560184130728324,0.4845393615033842,0
-0.5476317506418976,-0.575030927131598,8.82641131609211,9.279846069085051,8.124358544488056,16.732727110951217,5.790966951244937,0.4449043596439852,1
-0.0839626262147578,-0.231693401646491,1.3597141614304051,13.638248353832843,6.595588802795854,24.430225341339106,97.55415733108151,0.37773506784387556,0
-0.13575065119837615,0.006558863752785832,1.8059077169834545,2.457183319656075,6.469852264179506,22.134629508740204,7.823324771843051,0.17490921067566095,1
0.25086144418816514,0.21155615042956216,2.6977534063428683,14.691008030204424,8.263607964496812,15.92181935200659,40.94208003912042,0.42351666517798486,0
-0.15359655070416706,-0.016856397930324868,1.723254629428234,6.8890447729616415,6.399893409209123,14.901413084117848,15.935406500875084,0.8711641593127231,0
-0.3082415683436997,-0.3030763968989682,4.602105663687329,2.8807841143875454,7.937989467057988,20.226954920913023,2.8143883870119955,0.23031042087755546,0
-0.25198080879136087,-0.10902761133451688,5.674880370790221,1.6472975209546137,8.79352735900321,15.769526650590972,24.247775319790037,0.7243077531197207,0
0.281864830626399,0.3075342805307075,1.8999888734087302,3.4394341517878084,8.795387842714508,24.603167091272628,16.917968916967652,0.577605419272418,0
0.06088909075426807,0.1462123570411757,7.144030233408528,7.316613410484425,8.090298072505673,19.942865556868654,0.03280107445497866,0.6774293877971123,0
-0.2156889944569484,-0.1437796898481147,6.427993048357938,7.149561177852562,8.067047612257696,18.86441057834144,20.94155408290714,0.8376832289217393,0
-0.17093392598935403,-0.10860481936415695,3.2255533763498603,10.141137966452648,9.301525960157164,18.20861798538497,36.128320385037895,0.21701547379685757,1
-0.570153127175634,-0.535359679457363,4.040978268826368,5.613960327573129,5.632483469684983,23.315613632902974,22.30126486914929,0.13613241033159967,1
0.016542260255462293,-0.0067428113560961955,1.3911340733596265,4.24601003541524,7.128531459135492,22.21304611880018,7.516694402804303,0.528651142344177,0
-0.6279447123086397,-0.43640124315135365,3.6716557054419514,6.010192669399093,8.178793479261282,23.009786349312968,27.0999485587071,0.5443643515585771,1
0.12553893975063682,0.03484524124104674,4.501591425996397,7.514279498226461,7.230170393726435,22.900647219029057,17.822929015527897,0.18646129927650015,1
-0.061413522252620256,-0.06098275801830429,4.959220430613751,8.292789460059693,8.491822646885627,21.63902231701647,18.65517723364085,0.651152512850505,0
0.6160855398721767,0.6175741273929363,5.625591776185738,4.9799390418227185,7.468516751751846,16.83434708270955,47.38146575637651,0.49525902763317714,0
-0.43004066611729175,-0.3897965907829396,5.189020992415634,11.596732184213993,7.605395088270078,18.34809936634369,13.839997878117977,0.5086205269136074,1
-0.13079862731218989,-0.17374589190164,3.824370129301779,5.415697137776029,7.28026026860325,20.026625474305316,10.312569676161578,0.15232694744592853,0
0.43948631027691876,0.47096094083587753,5.32129644073285,4.783350865717263,7.081991232953551,32.32597619044161,21.68480180350371,0.6927722148735787,0
0.25741689208742424,0.24053263356712762,8.176132145870668,5.633913100793149,7.062312029481879,15.255818397915942,16.137121246610366,0.8399291588000579,1
-0.3088636154739699,-0.4670588672177598,4.232111986372821,12.647000694996482,7.716933037469421,19.905117483415548,2.053507480308911,0.40199249668505754,0
-0.03280977148796568,-0.03185454286228104,5.422499841555169,6.9143694389269115,6.880348027341706,22.491335300552443,14.571792251864512,0.42909034994200296,0
-0.09940019307547383,-0.209456726378489,4.008020034514885,5.221283476861086,8.26256390679303,20.483336233637537,80.55931791882756,0.3661581361635405,0
-0.015413239781752852,-0.18885181602664297,3.040264901011012,11.740611209987442,8.022580739682258,27.36984770718869,62.47138820731103,0.5274742190393106,0
-0.3096041307954489,-0.2959167987265104,6.133268468792556,21.571527416573474,8.379533152775872,20.45751034748567,112.95025263419768,0.06525538360686069,1
-0.12679612081022035,-0.0780077866082637,3.2119056887563353,8.205800786459688,6.596860515205601,20.827293004246954,34.96622624492057,0.3759472232933989,0
-0.579415712583014,-0.5267459083725564,5.65018416722034,13.69349948980223,6.140418762570845,26.073142568081586,105.24851359996418,0.6081202355033986,1
-0.05946296443957539,-0.0027458937376059686,4.558315844254821,12.404247760580562,7.496651395494589,31.053558314591882,16.231388400484597,0.2431692905948569,0
0.03500620202654961,-0.15825270006751144,3.734594309538563,5.45853328293757,9.819040490847616,29.03749186974164,29.558558879019618,0.6768912620227227,1
-0.1682258237931652,-0.30432751658391216,3.680741773343837,7.4881149496407335,8.512967022475657,21.316730579454283,75.25090973391717,0.864945698357187,0
-0.5845152671754363,-0.38716312349406923,3.303978685607444,3.8912392694038895,7.0564429531946296,21.752428941337982,42.97316551556372,0.6909288501948592,1
0.19655955885543872,0.0918386828477351,1.6694918467579192,6.669393103579421,7.839609707545073,22.23359622392102,16.297926805922028,0.40498759085442115,0
0.009357511397840676,0.07044161451150958,5.639170933492318,5.402732345117645,8.082069525954946,22.734997042312926,35.52756427890968,0.5290739445363497,0
-0.317804529310293,-0.38649829147687764,5.149646621654902,6.040924247878905,6.405289407413711,17.763259428260927,8.588561375328839,0.27631224777327335,0
-0.1841801340514192,-0.17621286012466275,7.461840887008928,5.07868558149292,8.595700695227684,26.682968994277196,19.95550344242772,0.9125272853702979,0
-0.5502008208345516,-0.613526241061911,3.258040231453112,6.400983150940958,7.366060698543247,23.033045638613935,10.574211976897129,0.13596500308902235,1
-0.4076230383333713,-0.35146892287140685,13.97444319461429,9.641882244409985,7.427455324313712,21.77571905592343,29.63189741159342,0.8039213654931264,1
-0.26134340390714184,-0.24766599217547192,3.5685467186126334,6.960519029570259,7.519027727547084,15.644273117204637,9.962355904958457,0.6647796143157725,0
0.2685262436840453,0.22369726631962195,2.650992808844309,2.9090116988848105,8.415632111446316,22.311431042453062,35.923275379798795,0.20708152910293465,0
-0.2918510172662427,-0.39686822923431375,2.4689403440794386,5.088279295683229,6.895854273438873,12.533938483895973,52.862974901637436,0.5961557536093816,0
0.09206409779862762,0.11884151754787872,1.5835142057461695,3.4566514233103,6.134423996172438,19.09175327983884,11.132349569439913,0.4045558080123888,0
-0.26149486085847395,-0.382766740762733,11.241100348362735,8.348067817556927,7.758364234320036,19.184511467604008,52.61365515112579,0.3700739526203845,1
-0.025615731744437556,0.017132372467646297,10.202578010280057,9.503486031940247,5.865073531061497,23.434975965438095,33.533617918824476,0.342381282193594,0
-0.14241865064314066,0.12022984026054936,6.42660945169981,8.40035621020615,7.259117123891568,31.39925012472648,44.260825625013965,0.3514413106661581,0
0.16191698002782304,0.29693398515402425,2.617832578616521,4.984324079511942,8.449499431887055,24.859537328327185,113.6503250147942,0.4997751266535056,0
-0.2604434014655673,-0.18860861277615104,13.286661123722043,8.359736977378523,7.963275122806991,29.242010363178068,49.494014122746606,0.7583046693337662,1
-0.5717584750007323,-0.5803192047748471,3.6290412795874634,5.84123865094747,8.333884852580221,25.226060865517884,24.774183265185215,0.07592248474553628,1
-0.5145847094090898,-0.7084599721094424,3.813641478295014,4.18240849311256,7.996281092162263,27.625267448438077,34.861044729695024,0.15496954981947478,1
-0.2595632481828272,-0.3917918877728457,10.615927293725118,10.707719820240193,9.428267591026726,31.28563676471553,15.918550811026572,0.10762145730572793,1
-0.47471799120341585,-0.3464387055931445,6.654852918415181,11.122987100130407,7.029408297874548,18.340815838488727,67.82218752515399,0.6430185020370501,1
0.02306360470386537,-0.05591200330861262,16.78795866432522,11.875147139536518,7.8185053416066586,18.014477829342482,27.501233143693455,0.4330708104637925,1
-0.23973044945742333,-0.309655659273828,5.202989458125204,5.451145117917424,7.149503623029879,25.344054502386605,42.86276443709875,0.1911068616785117,0
0.6123819650079294,0.5958169174395272,3.5317076949851463,13.3255221676068,8.265441015931897,21.981607729688772,200.0,0.37015857978032163,1
-0.6213143785411396,-0.7275190044257951,3.1046999303430214,5.773098131772673,7.450740099159603,23.101769164034803,14.486526484860635,0.503109905376142,1
-0.038910046387059645,-0.1615869198422233,1.4796451472936996,10.244599213997754,8.875075903555237,20.756665539463196,41.11775515553625,0.18833486110713737,0
-0.43838590705170066,-0.44343331432984284,3.791806430634633,5.723289165827226,7.075347235678419,19.018706414876412,45.987954109458485,0.4105162042881146,1
-0.24802040211480358,-0.33717334758200723,8.9062742769343,6.606202088284202,8.625701220573587,30.103823343875128,28.655040448514203,0.47009888832315866,1
-0.05757415799783676,-0.13167601597572626,6.419244961827616,2.2020991649096575,7.974511624435177,16.500694430900428,39.3142153373204,0.04125902305767141,0
-0.797611412462286,-0.8757305150769865,4.536631625320903,6.353738582401356,7.474031144730415,25.43196129620772,60.60138566982416,0.5749288478192809,1
-0.028952164963591764,0.0232838564198551,2.4670900376770835,7.733371948966388,7.933953870287939,24.62114142865225,104.31886923254841,0.7168860132388362,0
0.47087223868225037,0.44765966963271464,5.135225777701661,6.019325388425945,7.709011510023354,14.10493351214878,9.116297583399112,0.5351659683141292,0
-0.23603148951057784,-0.2538886862999632,8.229195214715709,17.780352117838753,7.784763744201448,17.84609835003203,17.87709239759052,0.3378164310685916,1
-0.022057642958347154,0.037636946772541174,5.803328045164326,4.132022337982815,7.334503141524487,18.68654719525066,1.4663831057107,0.3853056575282885,0
0.20747650793761976,0.19327254711432576,4.953236007028008,5.574537651540747,6.938729193956007,24.822920566582958,10.011917501897111,0.2551206805015697,0
-0.14918605000809898,-0.17701142685381627,2.7782615990725428,4.700005575571292,7.231943104029975,20.164824470347245,25.435901055322066,0.527797079807858,0
-0.274288056559445,-0.2272430210024279,7.540655303087584,5.573992092966147,6.153484017641421,21.572050966945973,41.14783432357102,0.6237524556367248,0
-0.7827209211165256,-0.7159011367607625,0.6844478040785543,12.375349264746658,8.1735586660261,14.711763215076362,33.15767251879341,0.2444388755453324,1
0.09229721581849198,0.07758986586763156,5.639003837307207,15.471751807168456,6.511868822259617,33.62955858357657,3.457950041571213,0.4310791038688541,1
-0.13395052291866916,-0.125889745356617,20.95114269022307,5.204916681491935,7.32588235581144,22.355978093697484,0.9689236338586802,0.36260811643959634,1
-0.40380515541644857,-0.48198417838978136,1.8129873740004514,5.147423141802744,8.018436033184827,24.49500448648472,72.11727957104885,0.601190460673608,1
-0.06202098691669194,-0.1480892912331445,3.8774523501242255,4.143064269232514,8.17151737367993,19.296872557173888,17.615610192560226,0.5677626574884695,0
-0.2751041070418544,-0.19818935684517364,4.460466718341887,14.19859041683137,6.0802784505302085,18.736863364660742,14.472850820714601,0.4354122567949727,0
-0.25852783933465767,-0.2140336330801955,3.395497575594663,12.942315359266399,7.426521539819937,31.563423274767658,10.752695477296152,0.19607402758999865,0
0.08188734683261245,0.12741719067427007,8.346351902871513,7.007696885127043,7.8677957595590575,12.416391964966854,12.545715662475171,0.255217153703972,1
-0.5015147233971533,-0.4734292885246011,5.950472383631868,3.6764602542807743,7.541612887409862,23.393235342153883,11.777040080790533,0.3832524650465623,1
0.2141945858221275,0.21881491340362286,4.910521870987018,3.8445967356870527,8.575259966138836,15.942480544460533,39.49788740524278,0.52415017054991,0
-0.5193058489355211,-0.4496646598532442,7.230900194874575,8.04712371575674,6.842554480068318,19.974994228014975,12.961206096253418,0.7260803682378907,1
-0.29881042250657913,-0.20529954640430076,4.526959062475315,9.72469920766656,5.860767095847843,18.809527661629897,34.966943619491424,0.8335307728385095,0
0.47688385821997314,0.5680066587390379,30.202318510174802,2.6298520700788215,8.148260813414817,17.07011158290376,16.668321104978357,0.18146710109667716,1
0.23820642849272664,0.22812863689812796,4.90771354481892,6.292415660323404,7.07033110430521,22.177208648531636,33.84702882267882,0.7190134928389723,0
-0.07071880225136795,0.06798047073951585,5.038806553456516,16.595771678915327,6.093167521931202,9.159854263469672,42.34758052029756,0.42079490552889304,1
-0.382159064650365,-0.3593129964771329,1.605955923503581,6.6276175563491,7.373190087546821,20.422557590406512,56.574619871186975,0.8577068373268305,0
-0.258781692009968,-0.19554407275338814,3.234679348668977,15.561797698436271,8.48444638074536,21.548550123250124,92.43618732713242,0.33724585173983435,1
-0.07801740562429109,-0.04980861654080311,8.921165585540168,10.221803781718085,6.489397905749842,15.203617267969937,48.678130883671685,0.5216641680354389,1
-0.08874303029812047,-0.06404235954970305,2.011188598399198,4.29675548526747,9.368796763157814,29.56609360724692,68.72910192127448,0.5409354057705213,1
-0.12726127888778888,-0.20083647791282083,1.2280968508911365,6.383166898803065,6.82969472437067,19.027708126013426,6.60213326974772,0.4883564597283877,0
-0.1092497542252553,-0.039114670390772696,4.569433710664025,6.9285661063187485,7.5696086833006,20.812578787675815,11.892947411184553,0.5959155321951568,1
-0.16431253291153425,0.12021690657922968,10.200601656530507,4.589376683059548,6.5246940657219135,19.038904180426485,2.944382619389938,0.0783236682897192,1
-0.5325936206920039,-0.5700731281710122,4.597114100765315,4.5497213466571615,7.533288278956811,21.59216939784707,3.228941944861936,0.2309495901971566,1
-0.2549532226482498,-0.247853751105755,3.6631566135485465,15.69566086390037,7.393001742593058,28.540720467530246,29.983782050044933,0.3423421890170495,1
0.17438721619605393,0.12976668976132769,1.469478002452916,4.532708619942401,6.30840487813513,34.36507901961737,5.561413796010905,0.2683342653927704,0
-0.5105002892653352,-0.5593022794215287,5.878798907548127,12.669759828125647,9.760661575160729,25.728196018503294,17.66309035187154,0.2113331472744322,1
-0.15686665346178355,-0.002421705649916256,6.66430095613627,5.9402888540341126,7.103730264785044,27.439968834858856,34.37989939668696,0.16851676635616242,0
-0.3459261786312532,-0.4132232804039997,1.5387347695629798,7.294935462030817,7.104429954155177,30.58213740738541,32.60858730616928,0.6153246578999946,0
-0.06659487118056662,-0.11400291851720275,8.852673193902255,9.785700712022237,8.275228703482924,23.244355383832286,2.191483275734314,0.48225042149441366,1
-0.21658995432004546,-0.3753392366931756,7.09519160251762,5.477893687879328,8.951403906678776,29.85125436805935,0.6512416062312764,0.09111999659134828,0
0.3432180994924007,0.2674569270381759,8.840907816299602,9.815395837301747,8.401149494403443,25.962005661952016,10.527287944466657,0.42562682443294436,1
0.05197494625707613,-0.11886504303825865,6.360551294369249,2.6559041695613246,6.539055901578731,22.71993679655786,86.85604687548486,0.28772644597627534,0
-0.4935409497331634,-0.43036047981197056,6.634011176720061,9.205983878579861,7.67112720759573,23.75170517225734,1.051429694596514,0.4815481853289801,1
0.10136840348410958,0.38133812566784053,6.125329428449008,2.1505743321827904,5.994902014092004,12.892915183160879,3.05552402726893,0.875256789060988,0
-0.3323955568786189,-0.3690634362436711,7.546496326993856,6.596746920251571,8.221364065057886,23.460596302230748,15.915796224153162,0.18237851394166665,0
-0.27309891141326004,-0.43977470471228375,1.504928424390909,11.326232468169096,6.19184948917563,14.281262397768518,7.014554005060065,0.3494676592304985,0
-0.0058542939678634665,0.08414567247510986,1.8209609200869776,10.085993236075034,6.85743894111261,13.873654241944463,8.833292249077928,0.26850399121373175,0
-0.2475242259190404,-0.32021672181205607,2.881742828448849,3.860492478797066,7.497438796774952,22.964393445126124,17.283447242410148,0.27590879209128444,0
0.1678567448968866,0.2977914379522406,4.14585026155109,4.117177278400958,7.85600524891281,16.42960702399973,107.12682469928559,0.131940213036406,0
-0.33235301845401866,-0.3605559232330131,5.6569345920164755,5.236555735547911,7.291252301283745,21.964431243483112,38.06193694423036,0.439788714336178,0
-0.28568396577740895,-0.34886553468568704,5.4456057112704315,8.11008161176029,8.715266941386306,22.692172596749323,0.15377042193399404,0.2606529437633387,0
-0.2969112680644327,-0.3147070236390013,8.760592037671088,2.675224775328927,8.078591665753823,22.915248004085676,15.179227553048571,0.3789306678934403,1
-0.2696916245065117,-0.19391394841289294,8.927149858369274,7.3403623807030325,8.015779803251366,17.479392964789493,27.456280378031675,0.2436833692207463,1
0.22975746666434385,0.2070154035887782,2.6553299847805616,8.634058623045107,6.516479278412269,26.493411912405996,10.040633461826648,0.8609294171800081,0
0.08863888808309092,0.03896641780372037,5.171411486369668,6.413989149403975,8.859494318036322,21.553823817669606,86.9920207358347,0.5341112845371156,0
0.4129831862036213,0.3931000259057341,2.6947382392940056,9.608618767906767,6.8575478845771904,24.20537840085581,35.80080670139364,0.4838593640602081,0
0.5802932611697764,0.4531077427196879,4.003030811119203,8.263614471458435,8.890033946389675,16.017801930265016,5.5257972423275215,0.5615171147424387,0
-0.409215109579702,-0.36951194935030396,5.43617028612923,5.635990285032944,9.117756045540457,21.108362216020065,1.197194452313185,0.400526597997049,1
-0.07887426180181334,-0.2575469211863044,0.5797100316523639,2.8064078485983703,7.91012522589102,27.4864724163506,13.844952355651037,0.9001488093201782,0
-0.4528600949930299,-0.49727224042958146,19.043892067512957,7.898765968760122,8.325610478143536,26.850888159043507,50.055830328969286,0.48958251685887777,1
-0.33328177832448014,-0.2573432574414058,6.295563672875949,4.588083126677912,5.033664189554505,18.01353658537803,27.637080094549546,0.24914483351608388,1
-0.28902475307670084,-0.25871992478342914,3.1348396822905777,5.533545158228507,7.343998067607698,19.272209047125774,4.2649473091883365,0.3258531880585214,0
-0.41714646224148233,-0.3581144049428433,14.245226286304135,9.38921893248598,8.381732511935631,17.056566349680907,86.13530449518322,0.7485542496074709,1
-0.4155661818695241,-0.422070749141405,3.6383900785850134,15.009250210265419,8.239608214651268,18.717935408695592,2.0522697641604997,0.19278858078182914,1
-0.14328531355607646,-0.026310695457524777,4.85258538260342,7.249771406843846,6.524221329520098,15.004662296467355,23.490521299049576,0.04727765490534181,0
-0.46501552551592207,-0.37254560583894286,3.345882594924278,9.747710317724183,7.265022368105701,21.30912063795763,26.864997161439895,0.2719727383181514,1
0.1526380877412898,0.19725218816605727,12.07569919809057,3.5885934512671773,5.4709075958390825,25.16569199091422,87.89575024871878,0.6948250233582685,1
-0.37532606122525425,-0.28257148349389993,4.208091317877544,8.354178146125271,7.830394272138203,18.074735680994607,9.362974470640367,0.6232057391798618,0
0.7428706910289177,0.8179130464692753,4.902231258960637,7.171013741520661,5.993337279018541,21.546968586694117,30.51182584577579,0.5842053171547658,1
-0.23541533528931854,-0.27936168662400757,9.228248711828266,13.66193898569115,8.404382274230057,20.897507961843218,10.868206214774721,0.14104337784163368,1
-0.07839470742488434,-0.21278459859401772,6.366715232372056,5.639361004323605,8.446179888573926,27.275593657991095,25.176532994727577,0.1330176049380241,0
-0.48860235533981056,-0.4465661427555482,4.33790347413145,6.548140992464109,7.120506548474801,18.942040815977894,1.4067109060965504,0.21022321112443657,1
0.41182752743829176,0.4664364505214346,8.725367463957115,12.546067044646236,7.9170207443632705,19.123919461745743,31.387492668583203,0.5403790050316134,1
0.23585020424087486,0.3448974033547314,20.554706421340494,7.056739402391294,7.326321020751593,17.769894358538195,1.2779279690427983,0.4767285311846483,1
-0.01092523877916625,-0.10455736628369561,5.421899792623645,4.244310199373928,7.693526716011893,16.31245239960756,16.38523625080984,0.07478066431297073,0
-0.5040407646338697,-0.594683870561586,4.806917627048701,26.464828807337394,6.58219246140548,24.64592495723485,6.189618939428224,0.4618779224771554,1
-0.03679993668261393,0.009190089948163109,4.964816063435164,4.308990346549204,7.997994098591928,21.324446018347608,53.980396970895676,0.6648882117280328,0
-0.43642931380517647,-0.4435460126904851,9.838051768929457,7.153844891432208,6.187051815820467,22.27404929911651,6.002356170353161,0.8614357912119791,1
0.3387065790420082,0.15013041798489535,3.128273825522246,8.787621451787338,6.036055870136495,28.373205780976985,9.459181285437078,0.31485558406807673,0
0.14275841955595178,0.18026923593137087,3.7924394415873306,8.446978086569285,7.402457346666407,28.660403629639358,25.59052528280945,0.15402280256169837,0
-0.07136828845367918,-0.25661057995257464,1.7816398968185452,6.7202687614372225,7.331005376310976,13.768828460825983,23.429265907035337,0.2945193085609578,0
-0.8309126989741966,-0.9254383541615343,2.202689871585858,6.7370343100001895,7.7178413844414,25.239173365477836,27.69990038987278,0.3551474847067672,1
-0.39502479359770915,-0.2598566563116984,3.2848467466455897,6.57013294108692,6.980394007810937,23.128234628555944,7.635672070927843,0.8516740641181104,0
0.1063283394799617,0.28881624126067323,4.333769872658359,4.229285518790741,9.008553332628471,19.69204500427032,45.70789440201565,0.1683971289768655,1
0.2638651075169467,0.14229947066975052,12.9545877972167,21.652255024747525,7.628483991503553,23.638418435139712,50.111409825838265,0.7298672505734167,1
0.23275094344763944,0.19981178970637,6.181714640800137,6.619398740613142,7.68630542281298,13.368083823896072,16.606795412517258,0.3274395615358042,0
-0.5776039006724366,-0.573341648364566,2.5928376504282666,9.95888877315163,7.657787101925637,29.313211713881998,25.483517422112342,0.45922335575957973,1
-0.009534307956128793,0.16858838480202804,2.8956560748350118,6.250575697830656,8.302327895158463,24.57472048535954,79.7884549733256,0.3904345683931433,0
0.20465456494487885,0.1553676701624387,10.225138120330277,6.188038558237712,7.9608139315875714,17.674011275836705,30.428092283515817,0.9825073296367269,1
-0.5975006696746735,-0.6451890719780013,8.810693984243196,5.88424340214273,7.853614319766623,19.07294889090238,19.903881689529904,0.4398801083479421,1
-0.10237135461197092,0.05250120123431529,4.558027417870135,3.4044285745588105,8.088787283892472,13.484267622262799,12.636900188538956,0.10333022325048923,1
-0.017847280507463134,-0.05532619577928894,3.4366051897723255,6.818840412726562,6.040308290362247,20.43021375081873,30.256496539474604,0.4632664271443329,0
-0.19022937545402047,-0.11800920455737471,8.801830413797978,6.028487637157069,6.070521879531378,19.586340113797085,28.602467736252716,0.35075334421395143,1
-0.6556485566203605,-0.8033628531316033,2.469470422893255,13.273402947164387,7.439153003758845,15.374448064381205,77.36749044385147,0.28072256320468914,1
-0.1977094330221186,-0.21483270743135122,5.670165119012029,4.061896331160191,7.341860893854478,25.88351116854889,4.838510219280702,0.2620349526544298,0
-0.19819162907650723,-0.3641513129091477,17.524421011873386,5.536853677748118,7.963847875238566,28.38398594847238,8.837506207565559,0.47829146868808475,1
-0.14442172136432627,-0.2499650994598967,5.069354081309818,4.7151454625282785,7.516013521746804,21.86319754977761,11.635821282541565,0.7305407532775517,0
-0.26904142762752087,-0.18512129211229453,2.81407697450763,15.19954049808144,7.965491947563368,20.47176558576816,2.2048002907277415,0.2071251646172876,1
-0.2329036459724402,-0.23789418508111146,5.732898341491713,4.7840897531039355,6.503523784350971,24.17492301065897,95.3483337656954,0.22971631550461796,0
-0.11191188470409337,-0.14382245875939084,3.3804024437008366,9.787929299403853,7.491404343673044,21.901805187524786,60.03357437571374,0.5821174750367633,0
0.03273638149091332,-0.04213858090717844,1.9416351788443298,12.002089224827953,6.427154609633773,16.589103918844067,66.09086522129068,0.6159285458967511,0
-0.19132802885700018,-0.21339363618112844,6.825199805156181,6.8684505642121625,7.809486347497121,18.736610067063694,32.548261128990895,0.6501941969689697,0
-0.22289467851040057,-0.1927833618003312,8.764422597969176,3.7120879182979243,5.997371966109343,20.517819966259847,30.73784101714031,0.22354504046153,1
-0.07229378852366258,0.02599783212251361,3.71900439516709,3.7356546237050448,7.7786480788327035,23.24093297238348,40.4964381495629,0.5366731935639713,0
-0.6762747777685544,-0.9387894461782347,3.573904142334583,11.357542178955542,6.32480049528231,22.04668358938234,15.115543125146235,0.5710958647845474,1
0.04311053816793742,-0.04006557925834356,2.516982504831065,3.93418203288238,7.193177765422564,23.05184689993558,7.8194575963181325,0.35230739288917406,0
-0.10016892913688764,-0.08425930491798707,4.096113673696637,8.989105153385959,8.2159421531594,14.375860083580392,32.12813119279298,0.6853809567854773,0
-0.08809194202073145,-0.09797825361696004,3.1981706365103513,7.82383274170678,7.681903990878734,25.326088720424647,26.472888662044795,0.4275901876135211,0
0.18822029227833917,0.22855791653101168,2.4433752631197327,8.922411362302858,6.183471821020559,22.01707942004256,72.79415220049006,0.1816733442907989,0
-0.6858446590144744,-0.659090630401819,13.947514191619396,9.353890976203818,6.962084924244781,34.76354527075077,10.598031828576783,0.803599698555032,1
-0.6921501609576891,-0.7226369472570299,5.929237907821837,4.63281468999094,6.298897179618558,20.061828149117936,3.7307665356238884,0.13115068047923853,1
-0.017858846402944148,-0.07054416600166186,6.3182171056116205,4.5368634828655345,6.144193200315845,23.61729247554686,73.38753848463827,0.46958872356136827,0
-0.10213505653855473,-0.12668520551210483,7.614388958935718,10.564122253815588,7.594130540907179,36.146095811042514,14.589292455666786,0.6824560757700693,0
-0.048946917042420345,0.06592731793985393,7.117964004136403,5.394218299598684,7.948238674848082,22.970458147515895,48.729070115000745,0.3026876685357151,0
-0.23863812255173367,-0.3118389158423051,3.497799401488056,1.868107252787254,7.852484736572552,21.661847303619915,27.03003721253406,0.20009836925580357,0
0.09930610227197934,0.09302542995758378,5.277917324481355,10.220317480711453,7.982101451903801,17.065390526246745,19.227019097862485,0.30662803554929685,1
0.17979165289733598,0.1981258742971781,3.813630831307781,4.4011653404751945,7.490471319291345,29.641331836044927,16.597396126015138,0.774851610537381,0
0.045194688185458104,0.2012297811729039,5.830356658265044,9.333106698909944,7.2812878250000255,16.20449206911715,115.07218670384557,0.22234907400009055,0
-0.17824853752137493,-0.20827936334500624,5.5014656115902225,14.826422968446863,6.641544538350148,24.13560458424061,52.54540136726546,0.5432191299765212,0
-0.7323068162843208,-0.6364261506832247,3.5622908798593613,7.4512457161209396,7.147936262599601,19.63222339345809,40.44360056593627,0.5719379879669394,0
0.13077086241113842,0.25396880273764066,2.0186334372238224,12.156729877598865,6.442921291739063,21.05331868710989,12.011246601004844,0.3057456054274008,0
0.2665185998652778,0.260143173366213,4.892689900648114,7.97968422812272,6.823867578298464,14.880338656949709,19.3730189885635,0.32556824013888847,0
0.09336752359519399,0.07229562568751774,3.964732182132581,16.3416107889868,7.5711414963504335,28.715636108669475,14.85977467546711,0.7659463047738323,1
-0.363892728210252,-0.3967980954150736,1.441633219896399,4.344655398264174,7.405755129967262,20.61101347040862,109.42513232932319,0.7970344074080401,0
0.10213831810032734,0.0765560046760691,6.077522086435361,7.358767870241417,9.95178243031582,15.924551705534832,95.92028655530687,0.47316384040147447,0
0.15815891238843363,0.2435828984461169,7.998110028611292,10.345801678799964,6.423363521995994,28.26345298520046,31.785507031493083,0.6298514986767942,0
0.3676448743397257,0.3907458720652771,20.430193601641314,6.718024388432427,7.399921023334574,19.47931593481348,87.76901758155695,0.3497510442405196,1
-0.36283297726838726,-0.33930400635140034,3.544090250047457,13.145894418127147,6.361014311037021,23.673036458653606,10.65935416052611,0.028804571695252884,0
-0.16793637536324155,-0.28045872640122504,3.243888816456996,5.953505645918177,7.18977129922404,26.207081910671832,37.36485101488811,0.2142484386699422,1
0.12418161534303654,0.027432607605513082,2.3033103752606348,20.79443859705218,7.222325454307852,24.3701716528716,36.34224326217445,0.041741567480080045,1
-0.08277697856855268,0.13156770390914532,5.079359362491926,21.351003739646742,8.175904020986511,11.016822247504823,21.986667273647225,0.34826025366089425,1
-0.43519828061538246,-0.4529808531442514,5.060123592189699,8.508247593001865,7.140266768625663,25.476783504888935,12.063237266464903,0.04065099015741022,1
0.024384885508010892,-0.05309231404982513,2.754462156727969,9.74057927959814,7.346944319955073,21.49693118667436,61.45932327227164,0.1445569779269867,0
0.07359849014455,0.21670840670347974,4.035144330802062,13.407787807644386,7.155745630022224,20.354856515983336,54.10550525787439,0.3384884157144966,0
-0.07361113110069942,-0.045430276232344205,1.3672488742364022,4.081241782304112,6.379158604754233,21.45462525512389,17.003568130701584,0.8146606156436541,0
-0.03412452184601676,0.0236909698404354,7.813289365167951,3.834350244564899,6.978318102565514,13.949836030294591,6.527394451582989,0.526082644602511,0
-0.17761177050571905,-0.1914164780338724,2.822413709464124,13.84895054625431,7.194450627932945,22.960854573309014,13.103924570324828,0.3869388744015804,0
0.3434836807148177,0.3116163716571373,4.38945989669321,8.473928685083175,7.559060706725107,15.17804313145345,62.039475887313,0.5537080610954047,0
-0.37020765511380294,-0.38716629236353195,1.904051429357083,6.597873347351719,7.94715782977986,20.570801452216845,41.973547328958965,0.3203980012366728,0
-0.27619622882913364,-0.4144700458589963,3.1600499686036523,7.430265944601494,7.312322792231177,22.781322157691054,10.9305618819683,0.638780361938093,0
-0.09670434594174232,-0.10549708688373206,3.7895425321449165,2.241127895276545,7.298258988814923,27.37018543993807,33.96996356499299,0.08198997482256104,0
0.16368620831026778,0.1932895160145295,4.451430440478179,6.717518683166835,6.123349473210357,17.901934200701426,3.3182278201400637,0.4761484626120831,0
-0.5492119510283611,-0.36416562764398563,5.97652627859445,5.070688617657991,7.931787613805081,29.257936859229943,37.06077690406676,0.5533196896135893,1
-0.4930890249296318,-0.48448911842911024,10.627500731606945,11.693531396359434,6.943281690279967,26.734266267575737,14.420442945261977,0.3326191569113673,1
-0.7113185523204153,-0.9447362565414458,6.956152819222227,12.152262776456068,8.097698590583821,19.85295128754732,36.98043992822257,0.37137898766357574,1
-0.09019143242401877,-0.0995899757024809,7.982875827189615,9.858560036878037,8.553151958283356,16.456253667986985,35.01670122547576,0.4693302029563904,0
-0.4354917451619632,-0.16154133185113262,10.672415968437292,9.004543870226268,7.349667978645596,14.780919088847895,4.576629358384338,0.09891319420093138,1
-0.21536503300537502,-0.12872840950687103,6.308038225415129,3.494976408669175,6.681350975387286,23.358769257665696,43.37615366454487,0.8302358878123003,0
0.09841345696751241,0.017324562586653547,4.384061959434818,9.927627628513868,7.486641109530962,18.31357925229593,20.764246485723433,0.1836446510230179,0
-0.292462816234854,-0.23335216479179832,8.21093780212719,10.121875499860053,7.778961598414911,27.996784026408577,127.09188182261278,0.6764436521909942,1
-0.030615393176990635,-0.10481673566596467,8.53184447131561,13.771432349251146,7.247583999002623,18.602380850858648,32.32916331882014,0.5097217463633379,1
-0.1898013723255166,-0.3251821242802024,6.613675182663457,21.308475539358973,7.048769272496541,17.49664509974014,22.157499878131585,0.08588250514186371,1
0.10163429452893102,0.0667973582055238,1.8724045149882735,3.1699621990056532,7.950825768557931,23.16813175622157,9.892961822323626,0.157621363908807,0
0.04253842020440263,0.05169106412828875,2.705059499414461,6.0846036405817046,7.898062619755356,18.569765714202884,24.723398318278456,0.17924183534760188,0
-0.30758010885238296,-0.49479565909572254,3.800328603434708,5.098093678992756,7.222968287738274,22.042749966844017,8.160811433778582,0.2728740136478883,0
-0.1505955260201358,-0.26551145507399937,7.154722387329811,8.054682458533962,6.176747067791448,26.929946650292607,32.51984616754343,0.2828517227600992,0
0.21312301931614833,0.2141565756343838,4.42465428868801,7.438735904564724,7.865102548303562,22.586146658343623,46.02138854751017,0.7737485722085854,0
0.01801306107622909,-0.02280425652266633,8.865090782888869,6.572925161421253,6.886138245246899,22.60482230351362,32.28097398839307,0.285010212842842,1
-0.5190886173253394,-0.47960749021073035,9.86646839389421,12.35180468453342,7.671472860296247,23.025733544542092,65.82006335771597,0.20150660422755332,1
0.09668541835141478,-0.02478141437944137,9.20274934451993,4.2601011085865395,7.620925785343229,13.534505048573035,3.462879212377459,0.1601293294946725,1
-0.4253831867308715,-0.35397181187554144,9.23799008467293,4.390483098740365,5.988842058365868,23.95918874965245,5.313197096710057,0.6506365711635809,1
0.3237539209883018,0.20537801128228228,2.405610354957765,4.427731448193087,7.564865347529259,22.79965788362948,68.84155629005755,0.1154889809629472,0
0.20722965195230744,0.3715030821460704,5.9869452056117565,6.17084762105794,7.911626020299565,26.464486634917105,0.7293448258902087,0.7087248555740336,0
-0.013034357224479765,-0.18461018566231144,3.112675281127127,3.997642818507798,8.00972193224839,25.029054005685595,5.78204324386077,0.7464918534802594,0
-0.05283014696914199,-0.16208557400748325,1.6662243543999125,7.211768860974019,7.59389260087705,20.99025684197243,40.68757795483318,0.273987349749812,0
-0.162709676808226,-0.12097259650504308,3.771667912633589,6.802259950876349,5.918251164840328,27.161964457553452,25.286250813609097,0.5898056781319593,0
0.10355718542000841,0.26998051056977224,9.922869855193719,4.98654080041139,8.52166484974931,20.536846511936396,3.424352816092999,0.39718938269494775,1
-0.2112334508386185,-0.17972914722700142,5.9088144231320125,11.43733640404762,7.828818134034064,23.235785520388525,2.190662882995166,0.1345963052188299,0
-0.02932903880803185,0.02695675321020726,15.039583464573413,7.172467487011042,6.537344536503618,20.44425284760322,6.799053774816715,0.44157331140365114,1
0.1615803099558353,0.16333400012314114,4.984524871123233,12.57013398954491,6.869789567873381,24.308789024616058,9.663912746704119,0.5648108103145041,0
-0.2685419630576769,-0.37118180846919624,19.466239397288053,6.702463024217873,7.684979367435616,20.11755108681119,54.40291802226172,0.5491150725076733,1
-0.2848578219972084,-0.33387165682114633,4.985395485190786,7.300205919333078,8.043827354638605,30.23775804470784,31.22380894269313,0.40603456221207024,0
-0.45830964421733766,-0.5795006162154653,4.542548406973331,5.5767646569696305,7.109629714921839,32.086813686128195,24.48064077842738,0.06191708846053139,1
-0.4193418238378517,-0.5472128206155389,2.0799959513544017,7.363068265234681,8.16042032590326,26.369691270930026,1.3251384394122498,0.07001187511625331,1
-0.6485185934324507,-0.608343701500476,8.726266753309478,10.549892318218198,6.065786536719858,29.706483247070143,14.240742571962377,0.3282267258521878,1
0.11894863670465888,0.006630838495862712,3.3158862146148573,6.015460372262767,6.66603279112497,14.303927595704764,33.302875715136416,0.5675491620245364,0
0.4426743626248313,0.47462976329716744,3.0397382701148765,9.575483034554486,5.848508792126334,14.893111283625027,49.10271493059719,0.20868132121498145,0
0.32759868304109163,0.19741640781898187,9.6671963849254,4.921564754520886,6.782075885704245,20.392197166843935,28.71125322245696,0.44463533630747276,1
-0.5878253465879549,-0.5581870445762794,8.979404816016848,10.799774807561846,8.706461747635275,22.206154826294387,16.878045703639764,0.29210943955127155,1
0.11745640146685998,0.06858814457056372,8.839504475992156,5.529221822335595,9.146241787668322,21.008962909501673,72.04260695656052,0.24936071566859908,1
0.32663190497706696,0.46729345834213143,3.606310831793752,11.31172656353585,7.687672374584354,13.789323751835232,1.3757946419586475,0.3653656314498951,0
-0.23704299422159922,-0.2046711046636927,4.346689325840171,7.617805005771711,6.989256634185156,27.757958531618232,31.208067642624513,0.5530201741709664,0
-0.06956577080498516,0.05401251849442899,4.32359555889798,15.80737916389937,7.322688079319246,32.77099116678468,27.06651618551104,0.13917160498975942,1
-0.7023679152414011,-0.7779325868839203,7.167170228245574,4.149409922870399,7.878671912666418,28.404938395863113,22.814038765464666,0.18988984042452964,1
-0.019979149607007557,-0.01436481558259083,11.383202468415236,3.5321671756437385,6.249615318688734,27.427616343932357,14.765362118994272,0.6463090284738636,1
-0.4190679188304153,-0.5171766346420431,5.589489354197019,5.4297406860424715,7.042000659215036,23.130598025728016,19.140973836629108,0.11014616827408179,1
-0.04010949462654565,-0.08147001890098746,14.65724351590162,3.6976390669953094,8.6479144595602,17.785013146364314,15.330650944138918,0.49149056211795483,1
-0.5683608766566641,-0.594571298931127,7.677674108380577,3.7011091788225445,6.66343194453731,22.362640263179838,11.457406921928024,0.22516111211781,1
0.06285746734327877,-0.009728354725435165,3.892767574996045,10.08223919394706,6.900780080590765,32.527940184207516,16.836865461491264,0.12323469879128078,1
0.20735380262800693,0.08580351674343742,7.368593477429642,7.373633546979985,7.510554924785152,20.24005943746472,54.61389753656609,0.37809669851972644,0
-0.3349539585145503,-0.47630569087981556,12.472973296354526,5.8133646198191755,7.726513807603768,19.72521376088029,14.794511030768357,0.6466095185740648,0
-0.4410767744231303,-0.67505158599387,14.864463881959198,6.089212124488076,6.999996763040422,27.53651829551957,26.98088140248881,0.14920741820336716,1
-0.7468069127649943,-0.8524415591153401,9.135197472785155,5.481513055328065,7.561571506601564,27.86843025372798,11.791350194162085,0.5525395391255448,1
-0.1799240602225531,-0.11717467055536866,4.5512625236340245,16.86405753248695,7.986351626991552,17.760490971125982,0.7316879401170747,0.1695950912244111,0
-0.27447818028448157,-0.43432803348580984,3.9352879175507303,5.115356767195109,9.069161459010918,20.692576933812887,8.388296260469165,0.5201819820667614,1
-0.5653058237044164,-0.702118108329747,6.332161848736039,3.81497095354724,7.399004496452175,19.490472520492826,3.3792982798878466,0.44062302207121495,1
0.03590562689365148,0.214995484016943,12.236027786445458,11.001430488398167,7.46696214772755,22.34844689530545,13.14094303065237,0.35778121711663885,1
-0.23499111455939475,-0.29864071954422017,5.81395739046635,6.633431144304014,8.72196187678361,27.518433354757462,2.4208405324742484,0.4500303790841253,0
-0.4227207875935697,-0.3906161866770861,5.8868386576444385,20.478731185292375,7.060667313361524,17.979862394359543,28.326423874446142,0.07176310668621515,1
-0.26637172169213413,-0.20214000704208468,4.622051770101274,5.679692992198162,6.440517573790255,27.44832406118468,28.328102840736168,0.09447974699355609,0
0.22139136167888465,0.2876439746570127,3.681297834486212,11.279558326806868,7.70019918052717,22.508256244606542,14.948944566734225,0.12560434766298662,0
0.08088108312656667,-0.07135033993423931,4.066242262780307,12.693609340740174,8.360940020070332,33.63096068157139,0.7863959018889339,0.3438989222243648,0
-0.13900781844954696,-0.16211378643949598,4.861055479317916,5.693539345810564,7.788837708159749,23.594154421854366,50.97509910009413,0.7253303514885736,0
0.08573150553945574,-0.07609122141238348,12.564306767216992,5.096426541714607,7.422387473962203,21.515407151853672,37.02577628909494,0.4781430878467322,1
-0.4482735869160217,-0.20364180102498936,3.8813061472744885,10.704703940445862,6.341285301492129,24.873573635579962,13.460175885542053,0.6124001407930947,1
-0.09028896978189084,-0.24977649618345088,4.625420314041427,9.849748865365239,7.453304603785302,20.31426881056395,75.0218261658512,0.2895247465059983,0
-0.05580330085405884,-0.16058732274104087,2.6665177394770914,3.649882406377321,8.486523941053068,13.023634383240871,0.7823137224060257,0.10186558886931799,0
-0.24095095254961807,-0.34501103803376854,6.889363082414288,4.202931179904484,6.512706334768623,20.79739412864451,13.521726578981724,0.38551435919346255,0
0.030637500787225352,-0.1190285468850627,10.175750697497365,2.0787879292205997,7.304202260957383,20.718531954653876,11.84264257370631,0.41508178572147064,1
-0.3341300363933354,-0.19887064541768085,11.878127783978362,9.951202787090523,7.190012214273311,14.03841269725094,0.09403611809497557,0.517075689027305,1
0.05294621233283536,0.29519100244118496,5.0633013679924375,6.482371420897054,6.941836343489804,21.634824051027536,22.941508989367417,0.3562627319849462,0
0.06555763145938756,0.017982719528125822,6.325648569363857,6.813628444574702,7.698338403615205,11.664448876953013,33.1170192136135,0.2514340394281731,0
-0.9751479642091199,-1.1071902788935608,4.0872395138653665,3.17173244476282,7.854644193004806,20.261565824222604,54.91897289286786,0.13059368439335173,1
0.2570917110530353,0.03339916118043318,6.1522090215242535,4.267161377789079,7.846261523834749,23.21797996022336,42.93010349594036,0.5022318129918677,0
-1.0,-1.0244108718522102,5.410703338364085,5.818372268745607,6.7185521891079,22.48498088569116,21.155301893028458,0.2510651858570262,1
-0.2848147076668376,-0.31645124998298196,4.641133533199298,5.279530640520634,6.183213044533054,19.94465263556591,6.485019192725661,0.2669743861080834,0
0.20760441027732648,0.14247479764131205,4.867849290226154,7.837485357994424,7.709910749224583,21.572347990259644,3.098347786638045,0.4042661040022621,0
-0.1951860175757322,-0.17304849217810936,5.877628534126034,9.892076303786736,7.095264766813878,18.079677812610846,49.7292239856307,0.5970506064703789,0
-0.5398557947408626,-0.5003384804593141,3.7565783849444614,22.98418302153028,8.970649903749429,22.054082597112675,56.30581749575718,0.30551407454158025,1
-0.42812111851500123,-0.39581279272121117,3.8748305187544116,7.315471470691669,9.007607756811957,22.290432032958854,42.021782363656385,0.11953901768252681,1
0.20807172389618592,0.1764592366993372,12.483617793140168,12.906116309845544,9.092551835516833,17.498750110492452,81.69979926100457,0.25241130325767097,1
-0.6764513591645914,-0.7866135421220176,22.790141709805482,4.879357793488676,6.7479112791722295,23.33849600254549,77.31541312749093,0.35060987801059784,1
0.23869733028860515,0.30528064006927674,2.175763920910969,3.1980039274680014,7.9554952693936745,23.307263275402267,50.631900573088096,0.43352556404108405,0
-0.11653062971268681,-0.11527925377053376,2.1050038105586912,6.195660803628486,8.196762013801187,21.168950432094643,42.90614635189183,0.21629239492956243,0
-0.45771859913273005,-0.368882846649265,2.523655140759181,3.3239011592371757,8.106683386835522,34.10523518143409,67.89321066658032,0.16981678310997544,1
-0.27493452169080734,-0.1959269667435842,4.212376387258153,7.4434658734884565,7.216481644644913,21.29648806657846,22.039027625536786,0.427049879660893,0
-0.40516730233049236,-0.5473435092352039,7.671163560083969,5.001675407194073,8.523331922372261,20.60382877313491,9.978390247250514,0.2959249340633741,1
0.15986756025755858,0.016445339511798246,6.390111805782652,2.781149430956945,7.500379989093219,19.888034453961335,9.96428487050341,0.6077459849864837,0
0.11972834292885148,0.04417427105479864,4.969000345087609,17.602000721303018,7.602484899948352,17.145303884618002,44.374398841583414,0.08291320263319026,1
-0.615748340162814,-0.7213748809918807,6.155594408053472,5.647534868265602,6.269733238578285,25.429486799217017,45.833274711292,0.3163260565209134,1
-0.22107763555580023,-0.14555245795819016,2.958695039293939,3.2582503489560164,8.01581197565839,18.56876515990275,14.865818146301798,0.39368442300073336,0
-0.35895569870328314,-0.3238247311044914,3.8710521247320826,11.577758596548808,7.291670629142072,19.160259265011234,6.941520111956373,0.31429629891669364,0
0.2880529905378111,0.3979713899163422,4.427978994185191,5.133013012952693,7.87182308968042,19.30879220230701,68.16353508320847,0.48246359419583484,0
-0.5050297354379263,-0.46538105369683447,1.7323349778705304,12.744286032573644,7.688090959843695,17.075282420757446,75.55411131056175,0.2906056857759934,1
0.3812687314055041,0.402133689592841,2.2327050498019596,5.1207598316566285,7.644749261331016,13.244583337276385,17.216996801931508,0.2573467675323568,0
-0.10998842185508127,0.009984556179335774,2.286587115291505,5.6381226964871916,7.463429142026652,19.685300664204032,14.343990477687216,0.6614570270013106,0
-0.4485803219140263,-0.4016075879405214,7.088437491293292,8.77946836155964,8.129279787728363,26.366676563561455,19.26939486631257,0.40114932751601257,1
-0.30318225520278336,-0.29637215885901147,5.192488017672672,9.940424145703728,7.340885970491947,22.984899027326218,2.268442524485663,0.5634751690606248,0
-0.3404856522305352,-0.19244034883746663,6.466511097630613,10.850833189208902,6.335842064437613,29.802876350940625,45.61375613897064,0.6106411904899233,0
-0.4823855206046518,-0.4708674322893728,1.486176933429532,7.064833370399367,7.955164485099147,25.75478152494592,8.187731999503617,0.4052200382288376,1
-0.0715519420808873,-0.10198600257267947,1.8401737350182032,9.624465640641938,6.852795580070689,24.619824051370223,39.461494014452626,0.4819434393910309,0
-0.468374665207553,-0.5521569910853179,6.672064045485586,10.727540395315849,6.440590525854288,31.413245113263574,16.987800345032532,0.36805247286008613,1
-0.7541098626214566,-0.6838073167169155,0.8460288781752022,8.16849408436626,6.682205332685921,21.514272024983942,44.308986382876085,0.6896308439608583,1
-0.21390294125445192,-0.09019788707020503,9.34440356181571,6.880359774393961,7.726665903485537,22.31537836752476,13.026894961993806,0.025739392994550834,1
-0.6408568589253647,-0.6459155990687077,1.5008171311542202,3.587130308514962,7.42278495752412,21.94267789169931,17.838765522403232,0.17200049610133056,1
-0.3256482604202561,-0.1948566980422722,7.433575257757279,9.97006474954024,5.793853576261722,29.71893365591775,32.305722582562105,0.516554803511958,0
-0.37273086658100674,-0.5697323697781643,2.6296459704851185,7.546522412785331,7.193075245557864,22.012576582295456,2.77031571254307,0.5341102693727788,0
-0.3613648216077443,-0.3669101590885358,8.409333576948816,6.008601787588606,8.435384979979812,18.758613129614478,32.241712197751475,0.5080284016024833,1
0.5002889304770461,0.4962794392666025,30.71946670759243,13.997562142807915,7.138963463253297,24.93837768981426,3.5875471187010755,0.3834113033567544,1
-0.08307652984912878,-0.15577596708986347,1.1457889304051772,3.6185854273499154,7.367618757257926,17.91870094471486,16.883850492666042,0.40520722753676675,0
-0.026388697301400366,0.21199740649678697,6.8020653140112595,16.810743190931067,8.334393149861722,24.667357563069626,39.45715498350417,0.5153947387097745,1
-0.6329194889026883,-0.6395387521715644,1.5145257775524728,7.307223362866874,8.136391406563629,24.069204670709176,24.88033472056734,0.4645345210257736,1
-0.29618894009107655,-0.33696201725151986,5.789589282074995,8.66038422394704,8.317400870121368,21.05298666096752,19.245962780396702,0.6098120067953537,0
-0.03540921101754642,-0.03281299967419592,3.9587831863330316,6.0646567327696275,5.281957111957038,24.829057860434133,18.549084910718392,0.5292657793953498,1
-0.4073586738739019,-0.6076400477264848,4.844622822393235,3.210618326719469,8.886818430753689,14.561050348458242,23.534012483417367,0.5052513773272028,1
0.1724188530553956,0.09643206052090407,2.593447921470551,6.890854176902474,8.009120348342343,22.81481060662493,30.092704027518707,0.5813649962856435,0
-0.460808975770309,-0.3624849788257686,7.158673265569353,8.735301448831837,9.46918113121932,19.68617307666634,5.7817432806487865,0.3253078878321196,1
-0.1859098407595527,-0.24880437625283017,1.8794614954456916,10.361662772215354,6.874139175380573,36.31131788642261,50.993231466517685,0.3948866868368896,0
-0.2758154919926676,-0.35870300827269475,9.440249007656618,6.692472590040167,6.089239515480871,22.77912534820104,37.71719671113964,0.4807015357566128,1
-0.050703802185425216,0.08024876146601481,3.505908948731503,2.4687947581778875,7.505774765380141,19.018039751082814,21.72614567687556,0.6454167894653837,0
-0.29214702155662775,-0.15812158146144487,1.9316713131699768,3.4183887957372354,7.279702136194271,15.10849131973459,2.151379071643332,0.09122415945236796,0
-0.1812680881212812,-0.12956904090516702,11.669307379283003,20.614811285438957,8.022931186891856,28.52703098397133,9.342533490511666,0.4586912347671588,1
-0.17083902753339567,-0.2163507609372624,4.304213421089674,4.279054218180054,8.359942675669085,20.24983640238111,89.60664036160486,0.6884814948679552,0
-0.32031632721739034,-0.3442634337290227,14.077553552581158,15.082343109435786,7.430164684096402,18.043239664622902,20.224295707867743,0.5873446479196063,1
0.04552816054913378,-0.03488683560836213,9.32606975129754,4.631851273594733,7.30743356334982,23.6814960700453,62.28979213731271,0.505727111767826,1
-0.028483487548772418,-0.1279607994516369,2.776281874036146,6.744801399611822,7.918175855612902,25.24859415702827,9.872677467605298,0.4525621919893909,0
-0.1265841835759502,-0.23102583240679342,4.258879593370233,10.100693953961768,7.294937067446002,25.169764666047644,30.404892018479885,0.5140178599177418,0
-0.22913750003858743,-0.2909429407171082,4.81927144331302,4.903272192895604,7.22801431928257,22.098752115296808,15.831645171651271,0.18798582011912743,0
0.13896320915599908,0.03549111008752458,11.198523284297881,16.380761514967478,8.329707950940229,22.7959506844336,21.293888495727813,0.7067179517908112,1
-0.1707502731442544,-0.32712078499856934,5.82704859656297,7.674200963276602,8.507822285522858,23.160185378403515,48.9349379279563,0.05021859803417607,0
-0.19200918634778116,-0.1700689193723906,4.981721792052932,9.30382329949098,8.367172995090474,23.681981328144367,36.90620661600244,0.6057985378623133,0
-0.0685929910335622,-0.045133432944218496,3.9751888155323116,6.463665010404431,7.36541622981958,24.12442597950741,20.313449405997382,0.048067382885426224,0
0.4089760048912552,0.5790552807340869,4.347781776000907,10.271367228964612,5.788168809797454,27.47226375652773,141.99538777485432,0.6558831907905431,1
-0.5021068624063612,-0.5689406992418314,9.803654765484648,16.271195054138175,7.381435130885722,22.28207431012925,27.132515700171645,0.49301250065585783,1
0.13095706791660638,0.16056712687893343,4.491663892396494,6.919593541924471,6.893615989858361,17.915983670848192,16.353452353631017,0.3764973557993476,0
-0.6679513483714314,-0.6366800904439512,3.5360194213413245,17.546533260317496,7.3962199847915295,21.278541484479828,81.40741204885232,0.4458254530647982,1
-0.03481805253141282,-0.060201808643966126,3.1940691535282744,5.442301796923626,6.963127285825913,25.768904093674983,25.145828963097742,0.3973768028021724,0
0.3725248482826192,0.44695820715758683,3.2147220752915024,10.82705419302861,7.483408115627518,13.067360208075772,11.748388684562858,0.023472130672388344,1
0.04660055734019214,0.12412347602526358,1.9323606735021146,9.436235965002373,6.668579496614749,13.096239023140194,91.71028497910895,0.32872072939178865,0
-0.04881247643806216,-0.016071366918308162,2.857007690355747,4.3306123990225425,6.4754260506252965,26.59138060696162,9.757961711641533,0.5182909236920733,0
-0.26813484064092263,-0.2936988111457022,11.012733182552163,8.222751227833983,8.478153186056714,29.60061408425664,10.477822066877117,0.7906310734112317,1
-0.09068583985343373,-0.12643885070888725,3.95919389889319,7.416319938047785,6.724273909305877,15.673999824902632,10.149300327080763,0.3654616076219152,0
-0.1756188446210069,-0.3123942345007128,6.839037471104702,4.8230374785922026,7.500265300205083,22.502296354164475,2.005629386088466,0.30409085653073803,0
-0.3357929823794066,-0.41638476024117577,1.0128276668853113,8.837475130199758,8.263611877282269,20.002274435414925,3.8602593127045406,0.052009754542162924,0
-0.18696268464246096,-0.24916343703262975,6.3027546595454265,7.949784115815993,8.231443300983658,20.695849438791882,4.849615041353671,0.2601711561924318,0
-0.040485651812068146,-0.15288282805501158,4.068150108683372,7.125689734748391,8.13587856393228,23.52765504378208,2.5023884673467025,0.38426246588618534,0
-0.3301651205591921,-0.2861727238904257,3.3572963296530545,7.139989212318985,7.742293211601228,15.535648854946256,17.690592781450462,0.5260160333562234,0
-0.3418845462054052,-0.22222175930670418,4.99569216690208,7.063882789691283,8.07920264682948,16.463912497537994,43.4526851614791,0.1768614215558765,0
-0.5080730312776524,-0.5988792745105673,3.3284437343604467,6.148143641708588,8.598470506084924,20.493744135393875,4.406758632197878,0.6225547822422468,1
0.01721750782666881,0.045561651401132525,1.2531683796202908,7.924165761284225,7.840018075196299,21.2731220105292,8.385665038134006,0.47246854998191323,0
0.06359697859011809,-0.03981413536285294,7.79395758350453,5.355065277410882,6.030238122548653,16.370224471579142,73.54368786811007,0.36308378369625827,0
-0.03050186672904477,-0.06099408382296098,5.18521100852918,27.893808474832806,7.0771734350799225,25.94823837394592,16.067718884748395,0.739610276769293,1
0.18955114781859975,0.12051818990082216,3.7122365073219914,3.6522133361113367,8.05709605737767,19.912195134444833,3.291505512921009,0.3939363008474329,1
-0.07363970887578175,-0.013450144015137597,2.5100151193137776,5.515884173223761,6.998323253032477,19.890911969665773,14.630546044447852,0.6166003109012307,0
0.017603281209726998,-0.050275536174490834,1.8553725107803394,5.738104605567707,8.796084911566915,23.413293951149505,89.20203968503994,0.4906724208882089,0
-0.008848772308731156,0.09231726906193352,5.126051241284556,20.49634765626218,7.449456137466854,21.355458619662503,25.900105351280438,0.4316691903311271,1
-0.12746200582546235,-0.15203408319168227,11.799587534239414,3.81878639696031,7.568199017087549,26.187384064529066,0.08460300683167522,0.3399158119212823,1
-0.25924654843889416,-0.32420691939837726,5.062699737850739,9.142749392074448,8.399795359121388,17.332887310996668,137.76445139369284,0.11976371898128232,1
0.5642457847375734,0.438915258503057,1.9549078100568587,8.366177022277146,7.353720082152566,15.013067014682631,86.36953590147543,0.0935131068498306,1
