filename,fold,true_label_id,true_label,pred_label_id,pred_label,logit_乱采,logit_乱建,logit_乱堆,logit_乱占,logit_有漂浮物,logit_正常,prob_乱采,prob_乱建,prob_乱堆,prob_乱占,prob_有漂浮物,prob_正常
00000.jpg,0,4,有漂浮物,4,有漂浮物,,,,,,,6.9877180473904e-05,0.00012644698817610608,3.875600629829902e-05,3.6021703806419e-05,0.9994747731974518,0.0002541249237935141
00006.jpg,0,4,有漂浮物,4,有漂浮物,,,,,,,2.2679743893545987e-07,1.6197857511566033e-06,7.459242376115602e-09,4.038203871298766e-06,0.9999912714362765,2.8363174197044528e-06
00008.jpg,0,4,有漂浮物,4,有漂浮物,,,,,,,0.00011111980564549872,0.0010960037508202989,0.0010169928849726032,0.0029722441820508867,0.9930015443134841,0.0018020950630266426
00011.jpg,0,4,有漂浮物,4,有漂浮物,,,,,,,6.643862167592808e-07,1.758601197792923e-05,6.832397657255811e-07,0.00011602049628459463,0.9998534890086663,1.1556857088661808e-05
00015.jpg,0,4,有漂浮物,4,有漂浮物,,,,,,,1.3460077595086403e-07,5.994881772799162e-07,3.432144148200107e-09,2.558788708564738e-06,0.9999801978489822,1.6505841211898505e-05
00017.jpg,0,4,有漂浮物,4,有漂浮物,,,,,,,8.331853640281934e-06,0.00024170441034106048,2.303373082743516e-06,8.633362994045604e-06,0.9997304388005533,8.588199388720695e-06
00021.jpg,0,4,有漂浮物,4,有漂浮物,,,,,,,0.0007593472493185331,0.0019171242121871171,0.002518162078665339,0.00026481693570719377,0.9929760864622783,0.0015644630618435074
00025.jpg,0,4,有漂浮物,4,有漂浮物,,,,,,,0.00042728531424260217,0.002149594145295076,0.0002321857102628495,0.002832006987248566,0.954229778715914,0.040129149127036835
00026.jpg,0,4,有漂浮物,4,有漂浮物,,,,,,,0.00018141211892570025,0.001615155347248566,8.134603035282896e-05,0.0018746972229491258,0.991637481326654,0.0046099079538699265
00031.jpg,0,4,有漂浮物,4,有漂浮物,,,,,,,7.136353668575122e-07,5.632600891008187e-05,5.069612233492198e-06,0.0007377826016295108,0.9975188850182359,0.001681223123624154
00035.jpg,0,4,有漂浮物,4,有漂浮物,,,,,,,0.00013365088118845388,4.384865179676528e-05,1.837319027401368e-05,4.988705167564973e-05,0.99473904417077,0.005015196054295188
00039.jpg,0,4,有漂浮物,4,有漂浮物,,,,,,,4.8687764526820124e-05,0.0008709016467548971,4.959188392447096e-06,0.0009531382458424197,0.99783615351257,0.00028615964191346034
00043.jpg,0,4,有漂浮物,4,有漂浮物,,,,,,,2.9404984511572136e-06,9.869890138356111e-06,1.793700731806725e-05,2.9432071314785933e-06,0.9997387335442899,0.000227575852671012
00048.jpg,0,4,有漂浮物,4,有漂浮物,,,,,,,4.440792039399307e-06,2.651113757429048e-05,4.183198989058988e-06,0.0011888936433756044,0.9987293705388887,4.660068913298783e-05
00052.jpg,0,4,有漂浮物,4,有漂浮物,,,,,,,1.0570249412378772e-07,2.9931742141987627e-07,6.948167407726476e-09,3.778236438396089e-07,0.9999984406672554,7.695410176916732e-07
00056.jpg,0,4,有漂浮物,4,有漂浮物,,,,,,,2.9904717651322498e-06,1.6769434283719427e-05,1.5430763485665275e-06,7.289873964472941e-06,0.9999664994780509,4.907665587191086e-06
00061.jpg,0,4,有漂浮物,4,有漂浮物,,,,,,,4.077918680421707e-06,4.393399639086087e-06,9.162288691815602e-07,8.944807810467046e-05,0.9995901030224834,0.0003110613522232855
00066.jpg,0,4,有漂浮物,4,有漂浮物,,,,,,,7.972110168277959e-06,7.77817162411132e-06,8.517579911204035e-07,1.002155134224082e-05,0.9999232330028973,5.014340597682964e-05
00071.jpg,0,4,有漂浮物,4,有漂浮物,,,,,,,6.22922826146379e-05,0.0002177849044395829,0.0001160643132048615,0.020789380505637313,0.9730013843675264,0.005813093626577207
00072.jpg,0,4,有漂浮物,4,有漂浮物,,,,,,,2.4193346152289934e-05,9.33289820634707e-05,5.2669199889796305e-06,2.7301323422986568e-06,0.9998550225362571,1.9458083195983356e-05
00077.jpg,0,4,有漂浮物,4,有漂浮物,,,,,,,0.00010909029519229028,9.394193510997451e-05,0.0001491716473081596,0.00019786879375982414,0.9876334367475411,0.011816490581088744
00081.jpg,0,4,有漂浮物,4,有漂浮物,,,,,,,9.702257709001946e-07,3.54634812677188e-07,7.287275218734045e-08,1.0623332768396527e-07,0.9999952706903744,3.2253429622159185e-06
00086.jpg,0,4,有漂浮物,4,有漂浮物,,,,,,,6.041987416405706e-05,7.158426786750414e-05,0.0012072021412546869,0.07098242011693409,0.925363949429525,0.002314424170254608
00090.jpg,0,4,有漂浮物,4,有漂浮物,,,,,,,2.3872308178307133e-07,2.496070859582764e-05,1.1731818095957666e-06,3.9014628991459175e-06,0.999917328147624,5.2397775989538156e-05
00094.jpg,0,4,有漂浮物,4,有漂浮物,,,,,,,1.0088795774712991e-07,2.1051089227958827e-06,3.579579647236329e-08,2.2864069530950825e-05,0.9999131829378044,6.171119998768894e-05
00095.jpg,0,4,有漂浮物,4,有漂浮物,,,,,,,1.5023175259404967e-05,0.0003355551144039018,0.000128168078422945,1.4153637523592543e-05,0.9988374983405516,0.0006696016538384131
00100.jpg,0,5,正常,4,有漂浮物,,,,,,,2.339899604266829e-06,1.1932328002288699e-05,6.374757120291859e-06,2.799151678356685e-05,0.9998566183520864,9.474314640302497e-05
00104.jpg,0,4,有漂浮物,4,有漂浮物,,,,,,,1.9188819307624396e-06,9.117765379948338e-06,8.65838773035837e-06,1.2345481571989436e-06,0.9998111580966285,0.00016791232017337947
00108.jpg,0,4,有漂浮物,4,有漂浮物,,,,,,,1.9181575239370182e-07,2.3773523005147512e-05,2.9397481632415093e-06,1.1981436483187548e-05,0.9997320720682831,0.00022904140831283822
00113.jpg,0,4,有漂浮物,4,有漂浮物,,,,,,,3.499646656494249e-05,6.162854586298474e-05,1.8420782865326666e-05,7.55748752577529e-05,0.9876278750587927,0.012181504270656448
00115.jpg,0,4,有漂浮物,4,有漂浮物,,,,,,,6.144537923217803e-05,0.00024060378118166435,0.0001500510400787569,0.0012049582599713885,0.9974656914746766,0.0008772500648594584
00120.jpg,0,4,有漂浮物,4,有漂浮物,,,,,,,4.193404839411761e-06,2.1296914377404828e-05,1.0991732660826465e-06,3.066320983098948e-05,0.9999095041653782,3.3243132307933517e-05
00125.jpg,0,4,有漂浮物,4,有漂浮物,,,,,,,0.005158969975022711,0.0009443765903371664,0.0006804858503451349,0.006051478122901737,0.9524460080274962,0.03471868143389697
00132.jpg,0,4,有漂浮物,4,有漂浮物,,,,,,,8.589893386076863e-09,1.3017618102464788e-05,8.441743105797333e-08,6.867891361022373e-08,0.9999812743167338,5.546378925609237e-06
00136.jpg,0,4,有漂浮物,4,有漂浮物,,,,,,,1.2674223218098733e-06,2.031039760254641e-05,2.0080116057808904e-06,7.461206947589926e-05,0.9998961766669925,5.625432001505909e-06
00137.jpg,0,4,有漂浮物,4,有漂浮物,,,,,,,0.00014289207187034414,0.0006565287739973668,9.915967127505447e-05,0.0003813010690152881,0.9865394793642139,0.012180639049627996
00141.jpg,0,4,有漂浮物,4,有漂浮物,,,,,,,4.659226714420074e-06,1.2447367404787601e-05,2.1369877424808668e-06,0.00022568863562146427,0.9996544714170891,0.00010059636542797183
00146.jpg,0,4,有漂浮物,4,有漂浮物,,,,,,,5.54625014734422e-07,7.255505174670834e-06,9.937462056543699e-08,1.4049965308988928e-06,0.9999507438552401,3.9941643419097545e-05
00151.jpg,0,4,有漂浮物,4,有漂浮物,,,,,,,2.7014376040866237e-05,1.0121189744913783e-05,6.539608369735761e-06,5.665086544354629e-05,0.9980581798961893,0.0018414940642116735
00156.jpg,0,4,有漂浮物,4,有漂浮物,,,,,,,1.4364353654176596e-09,6.262527616905478e-08,3.556432602173934e-10,5.98109181619456e-08,0.9999997273235437,1.4844818355868264e-07
00157.jpg,0,4,有漂浮物,4,有漂浮物,,,,,,,0.0022095797388486656,0.00032026270086070577,1.2047599814786385e-05,0.00010414848713899758,0.9885405120131187,0.008813449460218345
00163.jpg,0,4,有漂浮物,4,有漂浮物,,,,,,,6.755215677017877e-08,3.57618170226522e-05,7.4616678298995e-08,4.103299748279249e-06,0.9999496239098882,1.0368804505796506e-05
00168.jpg,0,4,有漂浮物,4,有漂浮物,,,,,,,5.3338772293009196e-08,5.270949039145445e-07,1.1650310684323867e-07,4.483796346223742e-06,0.9999791582668117,1.5661000058925868e-05
00173.jpg,0,4,有漂浮物,4,有漂浮物,,,,,,,1.2418249398493577e-07,4.47447270723999e-06,2.598376750910541e-06,1.353053257096553e-06,0.9999789168747713,1.2533040019363149e-05
00178.jpg,0,4,有漂浮物,4,有漂浮物,,,,,,,1.5568813896065393e-06,5.7906165987362855e-06,6.558738137774569e-07,9.544472140805847e-07,0.9999736470402417,1.739514074209404e-05
00182.jpg,0,4,有漂浮物,4,有漂浮物,,,,,,,3.681625289568913e-05,1.8501078501480413e-05,1.1210603823340495e-06,6.882200577024942e-05,0.9961842872035037,0.003690452398946704
00187.jpg,0,4,有漂浮物,4,有漂浮物,,,,,,,7.134577557404904e-05,0.0010631272308205646,0.001398114209563214,0.00035673182133892043,0.9965443699021462,0.0005663110605571383
00191.jpg,0,4,有漂浮物,4,有漂浮物,,,,,,,1.3529698451882332e-07,8.001729936598896e-07,7.689762280570167e-07,7.199584726059996e-07,0.9999964858318988,1.0897634223206962e-06
00195.jpg,0,4,有漂浮物,4,有漂浮物,,,,,,,1.0712790885579573e-05,1.2742824584404275e-05,1.6059713843032275e-06,4.695211269111511e-05,0.9997688637322899,0.0001591225681647005
00200.jpg,0,4,有漂浮物,4,有漂浮物,,,,,,,2.0276567307853037e-07,1.203171315661699e-05,5.2323102773374913e-08,2.7451804435349503e-06,0.9999612169789248,2.3751038699358537e-05
00204.jpg,0,4,有漂浮物,4,有漂浮物,,,,,,,0.0025162903884955175,0.0006837750512908927,0.00611749770830706,0.0010452931558618617,0.9744678148633596,0.015169328832684893
00209.jpg,0,4,有漂浮物,4,有漂浮物,,,,,,,5.6996744869163726e-06,0.00016492997001503958,1.2493190600787271e-05,0.0004604819162958843,0.9992295794259766,0.00012681582262494783
00211.jpg,0,4,有漂浮物,4,有漂浮物,,,,,,,0.00014246143047800302,0.00011717197221786193,5.847136324543529e-05,5.965500015306922e-06,0.9994375421581263,0.00023838757591706806
00218.jpg,0,4,有漂浮物,4,有漂浮物,,,,,,,9.278456426172799e-07,1.626827887138132e-05,9.693120146460989e-07,9.487789455267911e-07,0.9999699694063215,1.0916378204322908e-05
00223.jpg,0,4,有漂浮物,4,有漂浮物,,,,,,,5.8601908449659585e-06,3.381038073047885e-05,1.470276015773668e-05,9.970008420177678e-07,0.9999388921911748,5.737476249936867e-06
00227.jpg,0,4,有漂浮物,4,有漂浮物,,,,,,,2.585196008077084e-06,5.5395692340464465e-06,1.426444219538762e-07,4.690561438894863e-05,0.9999398400185425,4.986957404445671e-06
00231.jpg,0,4,有漂浮物,4,有漂浮物,,,,,,,9.848018964665751e-05,0.0032085270006569303,2.9831045341221042e-05,3.4223161176359965e-05,0.9949880269493924,0.001640911653786494
00444.jpg,0,4,有漂浮物,4,有漂浮物,,,,,,,9.729213004626335e-05,3.320317704405175e-06,0.0002645902708742617,0.0005598701254496727,0.9990587685460711,1.615860985428558e-05
00456.jpg,0,4,有漂浮物,4,有漂浮物,,,,,,,0.00022387435932118586,1.4382424029002297e-06,7.025808263841231e-05,0.0006855951710385195,0.9990065190126208,1.2315131978094499e-05
00469.jpg,0,4,有漂浮物,4,有漂浮物,,,,,,,2.373967095622403e-05,1.0146508000870907e-06,2.2253225653949643e-05,3.500437245008059e-05,0.9999143730000186,3.615080121175594e-06
00474.jpg,0,4,有漂浮物,4,有漂浮物,,,,,,,2.5046523611746318e-05,1.5483175239423364e-06,8.45405412908451e-05,0.0001671527729782693,0.9997113352275053,1.0376617089893765e-05
00475.jpg,0,4,有漂浮物,4,有漂浮物,,,,,,,1.2755740733898397e-05,8.393664753596866e-07,3.5303073229731616e-05,1.1658886390360968e-05,0.9999363442932676,3.098639903060761e-06
00477.jpg,0,4,有漂浮物,4,有漂浮物,,,,,,,4.464628632260602e-05,4.776932826359361e-06,0.0001249848455098405,2.131852891510114e-05,0.9997896975667216,1.4575839704412147e-05
00483.jpg,0,4,有漂浮物,4,有漂浮物,,,,,,,1.4272282151311473e-05,3.656556509315997e-07,2.581706211350036e-05,6.476671873849883e-05,0.999890110245286,4.668036059890825e-06
00489.jpg,0,4,有漂浮物,4,有漂浮物,,,,,,,7.643644662744333e-05,3.1889440962809345e-06,3.332272309399492e-05,0.0002810399043698143,0.9995934844904383,1.252749137398526e-05
00494.jpg,0,4,有漂浮物,4,有漂浮物,,,,,,,0.0004862003114130606,0.00012923732841857666,0.001002441834963685,0.00021242859481685996,0.9937943215408094,0.00437537038957845
00498.jpg,0,4,有漂浮物,4,有漂浮物,,,,,,,0.0490931189811939,0.00026490576898339103,0.010665123367908631,0.005338537526699423,0.9306597406490252,0.0039785737061893076
00502.jpg,0,4,有漂浮物,4,有漂浮物,,,,,,,3.258898829758376e-08,8.771249759326264e-07,9.363312156412363e-08,1.5860100994166345e-07,0.9999987034328082,1.3461909609371623e-07
00507.jpg,0,4,有漂浮物,4,有漂浮物,,,,,,,4.1642383386152497e-08,1.7319588589153169e-06,9.534057329345191e-08,4.1163063525913625e-07,0.9999974632176651,2.5620988391586887e-07
00511.jpg,0,4,有漂浮物,4,有漂浮物,,,,,,,1.0263733855488369e-08,7.19275364355274e-07,4.666581591406082e-08,2.821789042669122e-08,0.9999991470179704,4.855922506735457e-08
00516.jpg,0,4,有漂浮物,4,有漂浮物,,,,,,,4.401408003301599e-08,1.2506617079606491e-06,5.7808552562620904e-08,4.5809869055617927e-07,0.9999981592755752,3.0141393703950396e-08
00520.jpg,0,4,有漂浮物,4,有漂浮物,,,,,,,9.282340764395332e-08,2.660719154381528e-06,1.0014353758923637e-07,3.6207387395019415e-06,0.9999924741306512,1.0514445098508052e-06
00524.jpg,0,4,有漂浮物,4,有漂浮物,,,,,,,4.053205273112351e-06,8.180991235344501e-07,5.470415121093695e-06,1.9145339761838964e-06,0.9999845301882373,3.2135582686004628e-06
00528.jpg,0,4,有漂浮物,4,有漂浮物,,,,,,,1.8742019563720894e-05,9.258251473827032e-06,0.00031804520893944017,9.783609256713942e-05,0.9992995098498146,0.00025660857764133805
00535.jpg,0,4,有漂浮物,4,有漂浮物,,,,,,,0.0002715354080643561,3.4938747906698334e-05,0.002089301209469681,0.00029754480268182623,0.9949522377849886,0.0023544420468888092
00546.jpg,0,4,有漂浮物,4,有漂浮物,,,,,,,0.00023857847726705206,4.422962912727415e-05,0.0031209563440295768,0.00016642878189712445,0.9952663835111087,0.0011634232565701343
00547.jpg,0,4,有漂浮物,4,有漂浮物,,,,,,,0.00011643688196328586,1.740447830522342e-05,0.001082261160427175,4.554665114615341e-05,0.9971365522900708,0.0016017985380874112
00553.jpg,0,4,有漂浮物,4,有漂浮物,,,,,,,1.11295145842831e-05,1.7096558977733733e-05,2.693572253407221e-05,5.833472294107472e-06,0.9997153989374801,0.00022360579412957922
00557.jpg,0,4,有漂浮物,4,有漂浮物,,,,,,,4.2184766639727065e-05,5.6268520507828764e-05,3.94357910345815e-05,3.1259773727524975e-05,0.9982412438790159,0.0015896072690745615
00558.jpg,0,4,有漂浮物,4,有漂浮物,,,,,,,1.4383414825764555e-05,3.061664174805497e-05,2.3269363458971443e-05,2.6105512165024514e-05,0.9994705453095397,0.0004350797582623523
00563.jpg,0,4,有漂浮物,4,有漂浮物,,,,,,,5.743250892732952e-05,5.3058366064948074e-05,4.7191415359059636e-05,2.8642507024016384e-05,0.9990910993520085,0.0007225758506161892
00567.jpg,0,4,有漂浮物,4,有漂浮物,,,,,,,2.9871486892275913e-05,1.2418975262389098e-05,2.7375736777375293e-05,1.3485369915277292e-05,0.9997192610122223,0.0001975874189304745
00568.jpg,0,4,有漂浮物,4,有漂浮物,,,,,,,4.141300476003216e-05,7.450714765967501e-05,8.134112261840164e-05,1.990264006749639e-05,0.9991384717306303,0.0006443643542642188
00572.jpg,0,4,有漂浮物,4,有漂浮物,,,,,,,3.447377761226734e-05,8.153745365718792e-05,8.367548599549301e-05,2.7488764845358714e-05,0.9991623096611226,0.0006105148567670511
00576.jpg,0,4,有漂浮物,4,有漂浮物,,,,,,,1.4188452586540463e-05,3.100846658901766e-05,3.022999430185987e-05,1.3399486308528457e-05,0.9992563240483472,0.0006548495518667678
00582.jpg,0,4,有漂浮物,4,有漂浮物,,,,,,,9.402956789394853e-05,0.00015087115715769204,1.73527038140196e-05,0.0020153321944052474,0.9964332188525643,0.0012891955241648857
00586.jpg,0,4,有漂浮物,4,有漂浮物,,,,,,,0.0021297501414086067,8.288545022860456e-05,0.00011162502186297706,0.013813557717128935,0.9809581284226154,0.0029040532467554305
00587.jpg,0,4,有漂浮物,4,有漂浮物,,,,,,,2.2243391591331975e-06,1.238753804644439e-05,3.97387313038963e-06,2.398048839674186e-05,0.9999557151337639,1.7186275036320709e-06
00591.jpg,0,4,有漂浮物,4,有漂浮物,,,,,,,2.6721749228310963e-06,1.2772871304450602e-05,1.1641007708055684e-05,9.130018976523961e-06,0.9999623539214187,1.4300056694244522e-06
00592.jpg,0,4,有漂浮物,4,有漂浮物,,,,,,,2.745866623673502e-06,1.30215427242946e-05,1.613594079999543e-05,1.1901937237491052e-05,0.9999533776997577,2.817012856781835e-06
00596.jpg,0,4,有漂浮物,4,有漂浮物,,,,,,,3.6869431141786373e-06,1.584134451296622e-05,2.3278935547448728e-05,2.4445120426926695e-05,0.9999290065070969,3.741149301502129e-06
00600.jpg,0,4,有漂浮物,4,有漂浮物,,,,,,,2.5082085280728978e-06,5.989253052152684e-06,3.9364388186686776e-06,0.00013876945019750803,0.999847998934939,7.977144645398901e-07
00605.jpg,0,4,有漂浮物,4,有漂浮物,,,,,,,5.138926123403269e-06,4.3760518687332525e-06,8.399400415969111e-06,5.095525774472943e-05,0.9999305028348769,6.27528970247533e-07
00609.jpg,0,4,有漂浮物,4,有漂浮物,,,,,,,5.385781407630059e-05,1.4104193278347243e-05,3.1114388709362706e-05,0.00014397230070128342,0.9997558586720577,1.0926311770485416e-06
00613.jpg,0,4,有漂浮物,4,有漂浮物,,,,,,,9.52730352516855e-05,9.502548627095504e-05,0.00015784875220020198,0.00016406905686647128,0.9994468700132638,4.0913656146772914e-05
00618.jpg,0,4,有漂浮物,4,有漂浮物,,,,,,,0.0009625925060254906,2.4086695906036826e-05,0.00022560603824315178,0.003474482013294341,0.9952508328602886,6.239988624237839e-05
00624.jpg,0,4,有漂浮物,4,有漂浮物,,,,,,,0.00030987208745933203,1.2668800888763858e-05,1.2582818005397946e-05,0.0024087206297003774,0.9972339341947404,2.2221469205788683e-05
00628.jpg,0,4,有漂浮物,4,有漂浮物,,,,,,,0.002931410017305011,6.930246440806128e-05,0.00028508960062018676,0.009788683517419348,0.9867482097271305,0.00017730467311682206
00633.jpg,0,4,有漂浮物,4,有漂浮物,,,,,,,0.0007675289689006618,0.00014625752976551074,0.00015376017206647323,0.24568097302637074,0.7528900824842495,0.0003613978186472805
00639.jpg,0,4,有漂浮物,4,有漂浮物,,,,,,,0.0014298687072904768,3.295585821463117e-06,2.125864399383036e-05,0.0027738337200783475,0.9957684766694794,3.2666733365438755e-06
00646.jpg,0,4,有漂浮物,4,有漂浮物,,,,,,,8.629687049582922e-05,2.392605511582299e-06,1.7282345701468108e-05,0.0003893454918988761,0.9995042732489775,4.094374146054982e-07
00651.jpg,0,4,有漂浮物,4,有漂浮物,,,,,,,7.923842949407495e-05,1.7867301721140585e-05,6.796159726017682e-05,0.0010842685899783387,0.9987454853637072,5.178717839065534e-06
00655.jpg,0,4,有漂浮物,4,有漂浮物,,,,,,,4.7604058276949124e-05,6.855164070805284e-05,0.0001362523666193506,9.142899241050442e-05,0.9965057562029542,0.0031504067390309676
00659.jpg,0,4,有漂浮物,4,有漂浮物,,,,,,,3.242313312065144e-05,2.100176737408318e-05,0.00010444063508412403,5.802536066666438e-05,0.9989668377338357,0.0008172713699186566
00663.jpg,0,4,有漂浮物,4,有漂浮物,,,,,,,3.516986189047209e-05,3.342049345110088e-05,6.94167417641005e-05,0.00010470325694388773,0.9996308038372556,0.00012648580869482074
00667.jpg,0,4,有漂浮物,4,有漂浮物,,,,,,,1.7948068460911553e-05,0.00013303761145112925,7.614164582810503e-05,3.1274020055757706e-05,0.9984023634385167,0.001339235215687414
00671.jpg,0,4,有漂浮物,4,有漂浮物,,,,,,,5.528186345613174e-05,1.5824136723565168e-05,0.00016540339742985484,2.576763564962382e-05,0.9990847764908968,0.0006529464758442268
00677.jpg,0,4,有漂浮物,4,有漂浮物,,,,,,,4.217206764250763e-06,4.497187484112356e-06,8.892205877775136e-05,9.525141035943762e-06,0.9998897470513649,3.09135457312168e-06
00678.jpg,0,4,有漂浮物,4,有漂浮物,,,,,,,1.252910791499769e-05,6.118302317385681e-06,0.00026771609005699353,3.6760640291168705e-05,0.9996731540645726,3.7217948467685005e-06
00683.jpg,0,4,有漂浮物,4,有漂浮物,,,,,,,2.819746571578817e-06,1.215392795574193e-05,4.749445743441355e-06,0.0001334405159141455,0.9998382776534266,8.558710388538393e-06
00684.jpg,0,4,有漂浮物,4,有漂浮物,,,,,,,9.470340734055186e-07,4.302278507849887e-06,4.376176208848442e-06,5.812190005165793e-05,0.9999231026419262,9.14996923216556e-06
00689.jpg,0,4,有漂浮物,4,有漂浮物,,,,,,,9.522522695895953e-06,7.218699236755197e-05,8.247442775759785e-06,0.0002604295540747218,0.9992096229237989,0.0004399905642871187
00691.jpg,0,4,有漂浮物,4,有漂浮物,,,,,,,4.0926142080599635e-06,4.2041365130806205e-05,1.5070406704768799e-05,2.8340022302229016e-05,0.9998602080438843,5.0247547769751225e-05
00692.jpg,0,4,有漂浮物,4,有漂浮物,,,,,,,1.6420229941625194e-05,0.00012688927270478766,5.637767961473508e-05,0.002208783756227793,0.9973865928667911,0.0002049361947197386
00696.jpg,0,4,有漂浮物,4,有漂浮物,,,,,,,0.00010350898099807935,6.05893247763028e-06,0.00036993623542372404,2.0607061700907744e-05,0.9994896412014895,1.024758791013722e-05
00702.jpg,0,4,有漂浮物,4,有漂浮物,,,,,,,1.614769917504645e-05,6.1997466450770925e-06,0.00010663479806954493,5.305852290001309e-05,0.9998163274724697,1.6317607404128846e-06
00706.jpg,0,4,有漂浮物,4,有漂浮物,,,,,,,0.00010798957697393262,1.7243915595211384e-05,0.0002694521491322247,0.00041984449394363713,0.9991739669852714,1.1502879083606996e-05
00711.jpg,0,4,有漂浮物,4,有漂浮物,,,,,,,8.519774708721849e-06,5.941893312830223e-06,8.561558663054948e-05,4.034711886170437e-05,0.999842402266172,1.7173360314022816e-05
00715.jpg,0,4,有漂浮物,4,有漂浮物,,,,,,,3.8919338982093695e-06,2.1240191158578376e-06,2.6224318393928737e-05,1.579700065028513e-05,0.9999498454662487,2.117261693084304e-06
00719.jpg,0,4,有漂浮物,4,有漂浮物,,,,,,,6.5418003008658816e-06,3.0603003907113193e-06,8.016113521860134e-06,0.00010596573493399443,0.9998736194594915,2.7965913609859273e-06
00723.jpg,0,4,有漂浮物,4,有漂浮物,,,,,,,1.8964737405314884e-05,3.4145220512099754e-06,6.0285082182071664e-05,2.5397311443466917e-05,0.9998844165074107,7.5218395074523825e-06
00727.jpg,0,4,有漂浮物,4,有漂浮物,,,,,,,2.652407796310727e-07,5.538310938727952e-07,5.061414678998165e-06,7.195382410347025e-06,0.9999867390003636,1.851306735473886e-07
00731.jpg,0,4,有漂浮物,4,有漂浮物,,,,,,,1.9833777539423655e-07,3.0009759473399307e-07,6.655608376454362e-07,2.3773929053187418e-06,0.9999962292554704,2.2935541648905624e-07
00736.jpg,0,4,有漂浮物,4,有漂浮物,,,,,,,5.765520396375309e-06,8.526069185381133e-06,1.6588846801515923e-05,6.825106554993199e-05,0.999896849934498,4.018563568647924e-06
00741.jpg,0,4,有漂浮物,4,有漂浮物,,,,,,,2.8565970783313446e-06,3.301035754138635e-06,7.27420425571115e-06,5.41033456167911e-05,0.9999305234844458,1.9413328491781242e-06
00747.jpg,0,4,有漂浮物,4,有漂浮物,,,,,,,3.8854937260196535e-05,0.0001700026322760799,0.00025552671148352623,0.0007421617384014075,0.9985887600724836,0.00020469390809520674
00751.jpg,0,4,有漂浮物,4,有漂浮物,,,,,,,7.830845283351803e-05,2.200940820165091e-05,0.0003910631700762074,0.0017971135553432828,0.9976704754146267,4.102999891856316e-05
00757.jpg,0,4,有漂浮物,3,乱占,,,,,,,0.003898032489482018,0.00037974186264954675,0.00025615193454431594,0.8565243006156842,0.13751093459737546,0.0014308385002645722
00761.jpg,0,4,有漂浮物,4,有漂浮物,,,,,,,7.232283518795688e-06,7.018083363933736e-06,8.3125061385539e-06,0.00013534544375197756,0.9997496619783796,9.242970484699549e-05
00766.jpg,0,4,有漂浮物,4,有漂浮物,,,,,,,1.0386502295469866e-05,5.3460948708066946e-05,1.504607456303779e-05,3.867990465655381e-05,0.9998277393104006,5.468725937628579e-05
00771.jpg,0,4,有漂浮物,4,有漂浮物,,,,,,,1.8951773970881588e-05,6.981277872649643e-05,0.00021152371341511773,2.402766611143927e-05,0.9994406014935231,0.00023508257425295507
00775.jpg,0,4,有漂浮物,4,有漂浮物,,,,,,,6.113043988344028e-06,8.956415920039346e-06,2.3252171830750386e-06,4.7286788217760426e-06,0.9999103743197468,6.750232433992138e-05
00779.jpg,0,4,有漂浮物,4,有漂浮物,,,,,,,0.000744184748241481,0.00018364568378744794,0.00018942873320959675,0.008142125951395676,0.9903908605801799,0.0003497543031858143
00781.jpg,0,4,有漂浮物,4,有漂浮物,,,,,,,0.0003100127213562204,5.2931780783555145e-05,7.357334051616893e-05,0.0014513848204965717,0.9980886708452914,2.3426491555951426e-05
00784.jpg,0,4,有漂浮物,4,有漂浮物,,,,,,,8.965361274303706e-05,9.417950552259082e-06,3.2125757162005045e-05,0.0007732489351042162,0.9990916250214377,3.928723000880815e-06
00789.jpg,0,4,有漂浮物,4,有漂浮物,,,,,,,1.5648588435072069e-06,1.338546673651425e-05,4.797083823700127e-06,0.00030897137205511264,0.9996618075419571,9.473676584051973e-06
00793.jpg,0,4,有漂浮物,4,有漂浮物,,,,,,,0.00010436334844559038,5.505327385671842e-05,0.0007804114717902876,8.764941619075276e-05,0.9973480541085444,0.0016244683811722728
00797.jpg,0,4,有漂浮物,4,有漂浮物,,,,,,,3.4751242618680608e-06,1.6378854563730498e-06,5.7371585968621635e-06,0.0005120118106825035,0.9994687257198651,8.412301137456774e-06
00798.jpg,0,4,有漂浮物,4,有漂浮物,,,,,,,7.509806573199971e-07,1.344516657680813e-06,2.455936611630249e-06,0.00016763297925523435,0.9998264351630005,1.3804238176319506e-06
00802.jpg,0,4,有漂浮物,4,有漂浮物,,,,,,,1.0337091097760135e-05,5.551365068844436e-06,3.5525317710979984e-06,0.00030996582831322567,0.9996672484340636,3.344749685419544e-06
00808.jpg,0,4,有漂浮物,4,有漂浮物,,,,,,,1.985609866087885e-06,2.602055663452347e-06,2.724411324582244e-06,0.00020164761018394173,0.9997852164193802,5.8238935819072855e-06
00812.jpg,0,4,有漂浮物,4,有漂浮物,,,,,,,9.195621618801398e-06,1.3449523980904673e-05,1.6711036345668262e-06,0.000840528414576712,0.9991105417982267,2.461353796220536e-05
00817.jpg,0,4,有漂浮物,4,有漂浮物,,,,,,,5.027424424048743e-05,1.0179276591808983e-05,1.3955278500194038e-05,0.00018682099200726765,0.999720834904383,1.7935304277030235e-05
00819.jpg,0,4,有漂浮物,4,有漂浮物,,,,,,,0.00013503267149337728,0.0002102587447420647,0.0001100972691669187,0.00045935912996935673,0.9989404243423063,0.00014482784232197689
00823.jpg,0,4,有漂浮物,4,有漂浮物,,,,,,,8.440575418711347e-06,3.154139087858001e-05,4.283199520643791e-06,0.00012052741076217569,0.9997731505628192,6.205686060067467e-05
00829.jpg,0,4,有漂浮物,4,有漂浮物,,,,,,,2.2617172029994203e-05,1.746222507804417e-05,1.210522320151754e-05,0.00015608545464881738,0.9997426869909193,4.904293412244131e-05
00830.jpg,0,4,有漂浮物,4,有漂浮物,,,,,,,8.066361760837846e-06,8.158069167647538e-06,6.128314248477023e-06,6.285801886353595e-05,0.9998798212891641,3.496794679545663e-05
00831.jpg,0,4,有漂浮物,4,有漂浮物,,,,,,,6.658499384116102e-05,3.1915614240362514e-05,5.4209539140883456e-05,0.0003805981558301103,0.9992956253247098,0.0001710663722377514
00836.jpg,0,4,有漂浮物,4,有漂浮物,,,,,,,2.9136355660549802e-05,3.228562173249117e-05,6.371593500265226e-05,0.000338629358234195,0.9994806461478685,5.558658150160515e-05
00840.jpg,0,4,有漂浮物,4,有漂浮物,,,,,,,3.0043995568272472e-05,3.535090867842794e-05,3.587759762736974e-05,0.0013693970634400942,0.9984993431726935,2.998726199227719e-05
00846.jpg,0,4,有漂浮物,4,有漂浮物,,,,,,,1.6315657992057815e-05,8.106583020089785e-06,3.6747214479250657e-05,0.00014980456039762164,0.9997815016007838,7.524383327124455e-06
00850.jpg,0,4,有漂浮物,4,有漂浮物,,,,,,,5.605344932862688e-06,5.8809708121459765e-06,1.6029738981073374e-05,0.00011344847227635649,0.9998547170149059,4.3184580914637064e-06
00855.jpg,0,4,有漂浮物,4,有漂浮物,,,,,,,8.604610183454464e-06,1.2866496127840059e-05,1.1239715513213346e-05,0.0002543745910677946,0.9997011425935497,1.1771993557851573e-05
00857.jpg,0,4,有漂浮物,4,有漂浮物,,,,,,,1.5633152080293204e-05,2.648370947130623e-05,8.35626309820124e-06,0.00018809604847594652,0.9997047971715451,5.663365532907789e-05
00860.jpg,0,4,有漂浮物,4,有漂浮物,,,,,,,1.728265144218504e-05,1.6212872280404157e-05,2.5895416893992213e-06,0.00015241564472661735,0.9996702747501061,0.00014122453975526264
00865.jpg,0,4,有漂浮物,4,有漂浮物,,,,,,,1.2291922861340572e-05,2.0192474585035844e-05,1.7902438632613594e-05,0.00029844997369064667,0.9996306107100853,2.055248014488627e-05
00869.jpg,0,4,有漂浮物,4,有漂浮物,,,,,,,1.7174276793923533e-06,3.38026520444626e-06,2.817682839292181e-06,2.3599709106213722e-05,0.9999668925594343,1.5923557364180168e-06
00873.jpg,0,4,有漂浮物,4,有漂浮物,,,,,,,4.582579505385115e-06,1.2285866081152604e-05,9.254821586420551e-06,5.1290929498634655e-05,0.9999060269400619,1.6558863266686986e-05
00880.jpg,0,4,有漂浮物,4,有漂浮物,,,,,,,4.959057520250627e-05,1.0405562785623501e-05,3.4495429892013515e-05,0.0008581921194001258,0.9990230158095921,2.4300503127815985e-05
00884.jpg,0,4,有漂浮物,4,有漂浮物,,,,,,,2.066671491032153e-05,7.227953247698088e-06,2.7392781978457893e-05,2.717122490556321e-05,0.9998991804566131,1.8360868344944916e-05
00888.jpg,0,4,有漂浮物,4,有漂浮物,,,,,,,3.14802235149593e-06,3.2058451237315177e-06,1.9188580099411578e-06,0.00011680790453158556,0.9998725139047852,2.405465198054751e-06
00891.jpg,0,4,有漂浮物,4,有漂浮物,,,,,,,9.69398917662004e-05,9.585669222890064e-05,8.598669999830006e-05,5.2377146007910254e-05,0.9995013980338665,0.00016744153613240084
00897.jpg,0,4,有漂浮物,4,有漂浮物,,,,,,,5.890595113635093e-07,6.147245940713238e-07,1.8679854575229732e-06,1.819089153313881e-06,0.9999923767577968,2.7323834867909627e-06
00901.jpg,0,4,有漂浮物,4,有漂浮物,,,,,,,1.3322912621381241e-05,8.039075866111577e-06,4.464758113813036e-06,5.2786692414696854e-05,0.9999135731368091,7.813424174850526e-06
00905.jpg,0,4,有漂浮物,4,有漂浮物,,,,,,,4.798654127615271e-05,1.1860814272857051e-05,7.063360555041597e-06,6.168492047961884e-05,0.9998558291466719,1.5575216744378253e-05
00911.jpg,0,4,有漂浮物,4,有漂浮物,,,,,,,0.00028710391476296213,0.00016218185753386514,0.00018646383816275816,0.0004811529748294436,0.9987893824050207,9.371500969023326e-05
00915.jpg,0,4,有漂浮物,4,有漂浮物,,,,,,,5.990207153598917e-05,1.1696740344820218e-05,7.838354423509362e-06,0.0001175107083906222,0.9996984501986919,0.00010460192661315648
00919.jpg,0,4,有漂浮物,4,有漂浮物,,,,,,,1.27532684684537e-05,1.3152779255780777e-05,3.227403761174006e-05,6.169380111113643e-05,0.9998465130401762,3.361307337671651e-05
00923.jpg,0,4,有漂浮物,4,有漂浮物,,,,,,,0.00019995456583527768,0.00017035223255660526,0.0010264705554467897,0.00095014641101625,0.9974193108031867,0.0002337654319582965
00930.jpg,0,4,有漂浮物,4,有漂浮物,,,,,,,1.4027024051321693e-05,4.973912943161625e-05,5.56039564930832e-06,5.9231272501081476e-05,0.999857685624528,1.3756553838651315e-05
00934.jpg,0,4,有漂浮物,4,有漂浮物,,,,,,,6.412722839234307e-05,4.4293023150991606e-05,3.717113409229307e-05,0.0003657224449798887,0.9994503701792807,3.8315990103780296e-05
00939.jpg,0,4,有漂浮物,4,有漂浮物,,,,,,,0.0011020766258324846,0.0002805731682901016,0.0002700526235441675,0.007313546334781018,0.9908121933895145,0.0002215578580376031
00944.jpg,0,4,有漂浮物,4,有漂浮物,,,,,,,0.00011325960207553245,0.00010300614405973485,0.00026724026169507644,0.0001627309885610719,0.999343058966088,1.0704037520407074e-05
00945.jpg,0,4,有漂浮物,4,有漂浮物,,,,,,,8.523504475405114e-05,0.00013109870867037605,5.280871636873566e-05,0.00019178402841764174,0.9995309974989782,8.076002811001723e-06
00950.jpg,0,4,有漂浮物,4,有漂浮物,,,,,,,8.27779064588803e-06,6.427695778530551e-05,1.2057135716446058e-05,4.3021222931997725e-05,0.9986559820456024,0.0012163848473181733
00955.jpg,0,4,有漂浮物,4,有漂浮物,,,,,,,8.990969948916128e-05,6.206850932938902e-05,4.687364930861828e-06,0.0013527566172884683,0.9984442831680052,4.629464095692645e-05
00959.jpg,0,4,有漂浮物,4,有漂浮物,,,,,,,4.403648444121944e-06,1.30166606309902e-05,8.67176145827826e-06,6.968519195872998e-05,0.9998732725506451,3.09501868628959e-05
00964.jpg,0,4,有漂浮物,4,有漂浮物,,,,,,,2.1162388878695804e-05,3.452393860230298e-05,8.684008080956247e-05,0.00019929447504359572,0.9995473232168047,0.0001108558998611133
00965.jpg,0,4,有漂浮物,4,有漂浮物,,,,,,,4.7149534009724886e-05,8.096991189354427e-05,9.680455231371914e-05,0.00042144602966703734,0.9990603164277992,0.00029331354431672355
00969.jpg,0,4,有漂浮物,4,有漂浮物,,,,,,,0.0004496253014980275,7.102904697174927e-05,0.00019938252444755232,0.0010897444079653032,0.9977461030945878,0.00044411562452978094
00974.jpg,0,4,有漂浮物,4,有漂浮物,,,,,,,9.128067869093005e-06,9.16901616847641e-06,5.432628358070593e-07,2.1756888652458558e-05,0.9999584868546834,9.159097909222037e-07
00979.jpg,0,4,有漂浮物,4,有漂浮物,,,,,,,4.5405378658244213e-07,8.831580660460984e-07,4.6184489324027936e-06,6.563002085176481e-06,0.9999868532007168,6.281364130753997e-07
00982.jpg,0,4,有漂浮物,4,有漂浮物,,,,,,,3.52856163899176e-05,1.2990498315631895e-06,1.5380294314184113e-05,8.996946677055032e-06,0.9999359369904371,3.101102350219306e-06
00984.jpg,0,4,有漂浮物,4,有漂浮物,,,,,,,2.3221859552613074e-07,2.313467487720916e-05,7.922748755747202e-07,2.2435134276980212e-05,0.9999428364766757,1.0569220699088252e-05
00986.jpg,0,4,有漂浮物,4,有漂浮物,,,,,,,3.133776567458703e-07,1.1891417317517606e-05,1.386821178465379e-06,7.68657107016381e-05,0.9998967315675702,1.2811105575353564e-05
00987.jpg,0,4,有漂浮物,4,有漂浮物,,,,,,,2.962262247616404e-06,1.6076829978885177e-05,4.8184128604579636e-06,0.00043740915428435324,0.999472675172138,6.605816849071782e-05
00993.jpg,0,4,有漂浮物,4,有漂浮物,,,,,,,3.2125906447793918e-06,2.1820318224238872e-05,1.5472607714171448e-06,0.000359710060818302,0.999565089880888,4.861988865312448e-05
01001.jpg,0,4,有漂浮物,4,有漂浮物,,,,,,,1.2296647413309713e-06,6.971058996136412e-06,5.28356500782142e-07,0.00029307485218532214,0.9996912534525362,6.942615040489137e-06
01004.jpg,0,4,有漂浮物,4,有漂浮物,,,,,,,2.051663922168392e-06,5.3525807381165396e-05,5.597781317646258e-06,0.0007766139581125114,0.9991369230451987,2.5287744067839437e-05
01006.jpg,0,4,有漂浮物,4,有漂浮物,,,,,,,3.8045587121637315e-07,7.902200648458728e-05,1.4934778697303498e-06,0.00011828950132591027,0.99978588552494,1.492903350852015e-05
01011.jpg,0,4,有漂浮物,4,有漂浮物,,,,,,,1.4124381695649712e-05,8.817401226966144e-05,2.17785997451105e-05,0.003657805840719205,0.996110282722715,0.00010783444285534632
01015.jpg,0,4,有漂浮物,4,有漂浮物,,,,,,,7.519957742457021e-07,0.00013503768964448357,5.804167815734357e-07,2.611449123814677e-05,0.9998236025513704,1.391285519126747e-05
01019.jpg,0,4,有漂浮物,4,有漂浮物,,,,,,,2.3076645388204918e-07,3.439646730762872e-05,3.143898960705497e-07,1.6226197900299626e-05,0.9999363060249132,1.2526153528918686e-05
01024.jpg,0,4,有漂浮物,4,有漂浮物,,,,,,,4.4612197530309935e-07,8.935111605443857e-06,2.776890124699804e-07,7.120963472538796e-05,0.9999087097686221,1.0421674059157063e-05
01026.jpg,0,4,有漂浮物,4,有漂浮物,,,,,,,8.145974586859787e-09,4.006796060776812e-06,6.894102144866311e-08,3.462790352255508e-07,0.999994187897215,1.3819406930431142e-06
01029.jpg,0,4,有漂浮物,4,有漂浮物,,,,,,,7.4607148963965e-07,4.743705097094664e-06,1.370930464791472e-07,1.964503085362687e-05,0.9999713744259568,3.353673556211832e-06
01033.jpg,0,4,有漂浮物,4,有漂浮物,,,,,,,6.049815761891263e-08,1.4590349629054449e-06,8.696575356017182e-08,2.766196446557539e-06,0.9999949968444327,6.304602465794794e-07
01037.jpg,0,4,有漂浮物,4,有漂浮物,,,,,,,1.490772330653763e-07,2.8641669075058414e-05,2.0664234638799354e-07,1.822078747719761e-05,0.9999463526426414,6.429181226899813e-06
01042.jpg,0,4,有漂浮物,4,有漂浮物,,,,,,,8.741629471184251e-07,5.806877239653185e-06,5.113918744879481e-07,0.00014221215806140428,0.9998335315432116,1.7063866665743846e-05
01046.jpg,0,4,有漂浮物,4,有漂浮物,,,,,,,8.112671276634826e-07,1.742663458354759e-05,1.4084006928058198e-06,0.00042383071546959485,0.999535227409713,2.129557241353064e-05
01050.jpg,0,4,有漂浮物,4,有漂浮物,,,,,,,7.706286590729681e-08,1.6970518556307983e-06,2.4921134888450577e-08,7.492075091272746e-06,0.9999894329483863,1.2759406661014744e-06
01052.jpg,0,4,有漂浮物,4,有漂浮物,,,,,,,2.1091418538277955e-06,7.084184155934797e-07,1.0535485728908156e-06,0.0001337887681149665,0.9998547715796444,7.568543398202377e-06
01056.jpg,0,4,有漂浮物,4,有漂浮物,,,,,,,1.2534363136324313e-06,1.1870872883008924e-06,2.655938903726529e-06,0.00018185088562110252,0.9998107041379733,2.3485138997463683e-06
01060.jpg,0,4,有漂浮物,4,有漂浮物,,,,,,,8.996847303421302e-06,1.208693162206906e-06,3.078940227102114e-06,0.0015272298158943737,0.9984549972223064,4.488481106389826e-06
01065.jpg,0,4,有漂浮物,4,有漂浮物,,,,,,,1.0466920823472396e-06,5.722580480726963e-06,3.376335304957182e-06,6.511926687773389e-05,0.9999029786138544,2.1756511399783513e-05
01069.jpg,0,4,有漂浮物,4,有漂浮物,,,,,,,9.736131605609338e-05,4.007036616701108e-05,0.00013027056492564377,0.00017473700027513991,0.9986475796401192,0.0009099811124570234
01074.jpg,0,4,有漂浮物,4,有漂浮物,,,,,,,1.299078439152708e-06,7.485534999092463e-06,2.151703647803581e-06,2.4273818228803193e-05,0.9999140356732236,5.075419146151738e-05
01079.jpg,0,4,有漂浮物,4,有漂浮物,,,,,,,8.642505545815225e-06,1.3206207306640453e-05,1.1478883525862456e-05,5.2852369698533344e-05,0.9998271383578737,8.668167604944258e-05
01083.jpg,0,4,有漂浮物,4,有漂浮物,,,,,,,4.551127616185463e-07,7.321305053207358e-07,1.9739633234846675e-07,1.2654872545423206e-06,0.9999929851453554,4.3647277906776654e-06
01091.jpg,0,4,有漂浮物,4,有漂浮物,,,,,,,0.00014066684220614758,5.495743665368796e-05,0.0003274336417234026,3.899645020659305e-05,0.9986203244962912,0.000817621132918943
01095.jpg,0,4,有漂浮物,4,有漂浮物,,,,,,,0.00015021765350438636,4.111413239667328e-05,0.0002137633219027129,2.7337541032023964e-05,0.9986024020220382,0.000965165329125948
01100.jpg,0,4,有漂浮物,4,有漂浮物,,,,,,,0.0007135723031443611,4.389296737777514e-05,0.0013796384497253007,0.0010078947731068542,0.9967906860893364,6.431541730923587e-05
01101.jpg,0,4,有漂浮物,4,有漂浮物,,,,,,,1.1707474363633394e-05,2.608041759179881e-05,8.066531469498113e-05,6.155828476161024e-05,0.9997431456313859,7.684287720221596e-05
01106.jpg,0,4,有漂浮物,4,有漂浮物,,,,,,,3.7841676284266935e-05,0.00010304914709305588,0.0006126008822606536,0.0009063359066425712,0.9982745747107764,6.559767694317903e-05
01108.jpg,0,4,有漂浮物,4,有漂浮物,,,,,,,7.237328878251217e-05,8.732696249817399e-05,0.00040371912666184754,0.00038551948352309533,0.9987007826688933,0.0003502784696411287
01113.jpg,0,4,有漂浮物,4,有漂浮物,,,,,,,5.087148311126695e-05,1.2521434461433271e-05,0.0008220134467486951,8.794431215269994e-05,0.9989750683123481,5.1581011177749894e-05
01114.jpg,0,4,有漂浮物,4,有漂浮物,,,,,,,0.0001990069542221044,2.1886677428122055e-05,0.002298351814034715,7.50071165450521e-05,0.997136431562423,0.0002693158753471224
01118.jpg,0,4,有漂浮物,4,有漂浮物,,,,,,,0.0001156485103959994,3.368768400286701e-05,0.001416331247105135,6.437735072871121e-05,0.998324113117558,4.5842090209232255e-05
01119.jpg,0,4,有漂浮物,4,有漂浮物,,,,,,,0.0001885830351911501,0.00013543768091150223,0.0005819898479814237,0.0004602281240956178,0.9985168066724183,0.0001169546394019977
01125.jpg,0,4,有漂浮物,4,有漂浮物,,,,,,,0.00013024914491221475,0.00026564330769318455,0.0010869480290799638,0.000295020474682754,0.9975901458908623,0.0006319931527695296
01132.jpg,0,4,有漂浮物,4,有漂浮物,,,,,,,5.6196033386104504e-05,0.00010712348530473441,0.0005463239642060074,9.405468308233095e-05,0.9991236585104278,7.264332359290761e-05
01136.jpg,0,4,有漂浮物,4,有漂浮物,,,,,,,0.00011808591020067762,3.174610311939144e-05,0.0013204699466666165,0.0001772209157608736,0.9983044442056668,4.8032918585523974e-05
01141.jpg,0,4,有漂浮物,4,有漂浮物,,,,,,,0.0018307533906461904,0.00019723886114634352,0.004918345105063519,0.0013757694078699028,0.9912785822307278,0.00039931100454607853
01145.jpg,0,4,有漂浮物,4,有漂浮物,,,,,,,4.146924017872295e-06,7.1398826881154336e-06,6.168018324469926e-06,9.553584985882917e-06,0.9993627541875396,0.0006102374024439885
01146.jpg,0,4,有漂浮物,4,有漂浮物,,,,,,,3.6280293369621256e-06,9.70558143691397e-06,8.64384990274836e-06,3.269389007636369e-05,0.9986286476450759,0.0013166810041709254
01147.jpg,0,4,有漂浮物,4,有漂浮物,,,,,,,8.623876042447028e-07,5.822160253243675e-06,3.377261443468711e-06,1.246919206960935e-05,0.9997186754916007,0.0002587935070287666
01153.jpg,0,4,有漂浮物,4,有漂浮物,,,,,,,4.017068559405298e-06,1.3188057243056866e-05,3.538383578875064e-06,1.6818440165108992e-05,0.9994414435430273,0.0005209945074262903
01157.jpg,0,4,有漂浮物,4,有漂浮物,,,,,,,1.2298060156236924e-05,6.584422189666272e-05,1.41678171266546e-05,5.063100088611569e-05,0.9960632878834565,0.0037937710164776847
01161.jpg,0,4,有漂浮物,4,有漂浮物,,,,,,,7.972160130956811e-06,1.608443972839914e-05,6.832578770344095e-06,1.553142412187754e-05,0.9992388594348209,0.0007147199624274855
01163.jpg,0,4,有漂浮物,4,有漂浮物,,,,,,,2.559996272848073e-05,9.638625821178337e-06,1.5855953660852693e-05,0.00011409679913569952,0.9987146201898122,0.001120188468841728
01167.jpg,0,4,有漂浮物,4,有漂浮物,,,,,,,1.7416115185753e-05,3.2580694766471205e-05,3.08221812317344e-05,0.0001195043191372979,0.9953128236202593,0.004486853069419384
01171.jpg,0,4,有漂浮物,4,有漂浮物,,,,,,,2.5285875282844823e-05,2.638315694457512e-05,1.977100472114696e-05,0.00010484120946680701,0.9943720818045431,0.005451636949041506
01176.jpg,0,4,有漂浮物,4,有漂浮物,,,,,,,2.1238639285132165e-06,6.803498415662104e-07,9.155756129883034e-08,2.2530325416838525e-05,0.9999739304346379,6.434686140946657e-07
01180.jpg,0,4,有漂浮物,4,有漂浮物,,,,,,,3.5177799408513707e-06,4.168858205689627e-07,1.1231461638283365e-07,2.5894093705913922e-05,0.9999687052874875,1.3536384287802805e-06
01181.jpg,0,4,有漂浮物,4,有漂浮物,,,,,,,9.529629625885376e-06,1.094502344435352e-06,1.5972295365567818e-06,5.1532022458588375e-05,0.9999344608967731,1.78571926129657e-06
01185.jpg,0,4,有漂浮物,4,有漂浮物,,,,,,,1.5693116125338085e-05,6.705204861431867e-06,2.3662827040495133e-07,0.0006318454310028674,0.999344684698876,8.349208640668752e-07
01189.jpg,0,4,有漂浮物,4,有漂浮物,,,,,,,6.835644124328115e-05,1.9349308258677325e-06,6.201931271814652e-07,2.3562726024490523e-05,0.9999043512266598,1.1744821194092874e-06
01193.jpg,0,4,有漂浮物,4,有漂浮物,,,,,,,0.00013597625359450675,6.350237335071443e-07,2.0252095926583356e-07,3.1107889774749525e-05,0.9998317527818151,3.2553012288047555e-07
01197.jpg,0,4,有漂浮物,4,有漂浮物,,,,,,,1.8058851459729497e-05,2.3682777058956682e-07,3.555035418824911e-08,2.830142855493139e-05,0.999953297149476,7.019238445541788e-08
01200.jpg,0,4,有漂浮物,4,有漂浮物,,,,,,,0.011451037562278096,1.8788886780826444e-05,0.012071027928726158,0.00012866030319196118,0.9762754777060294,5.500761299361468e-05
01203.jpg,0,4,有漂浮物,4,有漂浮物,,,,,,,0.0002297569336505336,2.7910805884780554e-06,3.2330502289678925e-07,0.0006420036679192058,0.9991176425613056,7.482451513224433e-06
01207.jpg,0,4,有漂浮物,4,有漂浮物,,,,,,,6.70424767210064e-06,5.186617889647224e-06,7.798468458294946e-07,0.0002907194055687081,0.9996947116613656,1.8982206582890429e-06
01213.jpg,0,4,有漂浮物,4,有漂浮物,,,,,,,0.00014172899214213368,3.269277875862077e-06,1.3074312019013898e-06,0.002472045727753155,0.9973766123850415,5.036185985555829e-06
01220.jpg,0,4,有漂浮物,4,有漂浮物,,,,,,,0.00024187657545310997,3.729878011862626e-05,2.8988760962062762e-06,0.002852532618180524,0.9968591130530678,6.280097083550149e-06
01222.jpg,0,4,有漂浮物,4,有漂浮物,,,,,,,0.002531160959882748,0.00010352995697321313,0.004282153265811554,0.0001681549899367539,0.9917179693452639,0.0011970314821318955
01225.jpg,0,4,有漂浮物,4,有漂浮物,,,,,,,0.0005027053751880912,9.209720376071933e-05,0.0018259761446739297,0.0005457033889120333,0.9967893522131114,0.00024416567435383044
01226.jpg,0,4,有漂浮物,4,有漂浮物,,,,,,,0.0018473969896067564,0.00022684470600220315,0.004094596909168084,0.0012031609199864176,0.9924914727452624,0.00013652772997427905
01227.jpg,0,4,有漂浮物,4,有漂浮物,,,,,,,0.0014536706546120813,4.610591407241656e-05,0.0015771543807021524,0.001068564003492777,0.9957735318668723,8.097318024831524e-05
01228.jpg,0,4,有漂浮物,4,有漂浮物,,,,,,,0.0008332447802244867,3.4688012156367605e-05,0.0008068807882328913,0.0004266614649916343,0.9976845613581934,0.00021396359620146172
01232.jpg,0,4,有漂浮物,4,有漂浮物,,,,,,,3.9808244782497185e-05,0.0001315823787515368,7.385865509450541e-05,0.0001967372347524832,0.9995360294779048,2.1984008714400575e-05
01239.jpg,0,4,有漂浮物,4,有漂浮物,,,,,,,0.0008374683575024695,0.00015560858768557328,0.0011447038994069783,0.00158450444384028,0.9961972292227164,8.048548884829867e-05
01243.jpg,0,4,有漂浮物,4,有漂浮物,,,,,,,0.0012596566839555789,0.00011299793493055588,0.02441208637917402,0.001327395801778766,0.9728630546251484,2.4808575012584355e-05
02048.jpg,0,3,乱占,3,乱占,,,,,,,0.01230209123015933,3.1956661721252815e-05,0.00021710445715113837,0.9721875563130684,0.01518415308392283,7.713825397713612e-05
02053.jpg,0,0,乱采,0,乱采,,,,,,,0.9663281408300216,2.438483498599058e-05,0.0021346182689194844,0.0025205326736924645,0.028865583302948288,0.00012674008943207218
02054.jpg,0,0,乱采,0,乱采,,,,,,,0.9450561868889846,9.488059133698804e-05,0.02345418974839558,0.0007665457369593249,0.030187712411697383,0.00044048462262594163
02059.jpg,0,3,乱占,3,乱占,,,,,,,0.012088476212147353,0.0016765736330367166,0.024961412586809183,0.9269303559299877,0.008418283092486184,0.0259248985455329
02063.jpg,0,0,乱采,0,乱采,,,,,,,0.9751671883881614,7.20854806457185e-05,0.004412764998890776,0.003866373617706132,0.015330736645639817,0.0011508508689560338
02067.jpg,0,0,乱采,0,乱采,,,,,,,0.9507776349146629,0.0006968598641294654,0.005224400012653308,0.0025605160875980617,0.03745270976539108,0.0032878793555649647
02071.jpg,0,0,乱采,0,乱采,,,,,,,0.9949314914185762,2.0738758722885666e-05,3.5318402499207415e-05,0.004816084403482094,4.989640144820322e-05,0.00014647061527161775
02075.jpg,0,3,乱占,3,乱占,,,,,,,0.0010014893929902106,0.0010121854050424825,0.0001829754682208734,0.9755092374470806,0.02126531339610496,0.001028798890560768
02079.jpg,0,3,乱占,3,乱占,,,,,,,0.0032911425400005147,1.0056402904345105e-05,8.750152391933615e-05,0.9929696554580338,0.003334351982553939,0.00030729209258788877
02085.jpg,0,3,乱占,4,有漂浮物,,,,,,,0.0018092489409915861,7.045193143302649e-05,3.0461556937959914e-05,0.21282931681040734,0.7850008862139718,0.0002596345462582447
02086.jpg,0,3,乱占,3,乱占,,,,,,,0.0009870155676595632,8.516270783104217e-05,1.8395026658840445e-05,0.9382888486490121,0.06024930637964148,0.0003712716691968774
02090.jpg,0,3,乱占,3,乱占,,,,,,,0.00012838326647223486,0.0004152458626193255,4.203640699434984e-06,0.9665401310956935,0.03010309619557361,0.0028089399389418486
02094.jpg,0,0,乱采,0,乱采,,,,,,,0.9878255228411312,6.662109413239e-06,0.0001596996952344126,0.011042223728834212,0.0006665820563884364,0.000299309568998447
02098.jpg,0,2,乱堆,2,乱堆,,,,,,,9.185296469437424e-05,5.794583788810228e-05,0.9975547502463815,4.588392357300887e-05,0.0015223273539592107,0.0007272396735038117
02100.jpg,0,2,乱堆,2,乱堆,,,,,,,0.00012265504057242703,3.865830809858311e-05,0.9961200725765853,2.835825127973654e-05,0.0030644975243682565,0.0006257582990957385
02104.jpg,0,2,乱堆,2,乱堆,,,,,,,0.00014459329996467416,0.00010535868536578458,0.9963845297219646,0.0001567560032058632,0.0004611281628733882,0.002747634126625751
02108.jpg,0,2,乱堆,2,乱堆,,,,,,,0.0005153442924795507,0.00016184275087215543,0.9887665192562827,0.00043035206669005615,0.0007669492759569498,0.009358992357718574
02114.jpg,0,3,乱占,3,乱占,,,,,,,0.0015776687668107082,6.251633096799609e-05,0.0010486363389123885,0.9821316841805953,0.014983276031046454,0.00019621835166710555
02118.jpg,0,3,乱占,3,乱占,,,,,,,0.0014690133143619474,2.368536033004147e-05,0.00035279979207007,0.972688408485913,0.025418515547071308,4.757750025374753e-05
02119.jpg,0,3,乱占,3,乱占,,,,,,,0.001639180963716734,1.282953468223935e-05,0.0001256155284359582,0.9911848869833351,0.0069789727264639905,5.85142633661194e-05
02123.jpg,0,0,乱采,0,乱采,,,,,,,0.9891206554361491,4.51991062960989e-05,0.000965064219551882,0.000319500308902867,0.009424808505384259,0.00012477242371604846
02127.jpg,0,3,乱占,3,乱占,,,,,,,0.0007062672900809435,0.00010309540998890928,0.0003209267908908727,0.997779288040834,0.0007791978043188657,0.00031122466388629763
02132.jpg,0,3,乱占,3,乱占,,,,,,,0.0005951441106223019,0.00018285330325356537,0.00013331426920285165,0.9981556529996405,0.0007426891211555075,0.00019034619612543247
02134.jpg,0,3,乱占,3,乱占,,,,,,,0.004854876816713218,0.0005261266166631137,0.0009645117373954829,0.9886586281553305,0.004532647428572255,0.0004632092453255721
02138.jpg,0,2,乱堆,2,乱堆,,,,,,,0.0008484092814804727,0.0002579764986278218,0.7504060293580918,6.845557955775047e-05,0.24702558481044073,0.0013935444718014855
02142.jpg,0,2,乱堆,2,乱堆,,,,,,,0.00048394740329487214,3.770916322156433e-06,0.9991334299683124,6.0697635932034525e-06,0.0003646471479365199,8.134800541023749e-06
02146.jpg,0,3,乱占,3,乱占,,,,,,,0.0008399325824126263,5.945380755914441e-05,5.666814354060922e-05,0.9939027691840192,0.004847267140200555,0.00029390914226789405
02150.jpg,0,2,乱堆,3,乱占,,,,,,,0.0018432895554727205,9.333236437711808e-05,0.00019322857839023196,0.9976146884194841,0.00010972138825786529,0.00014573969401806777
00002.jpg,1,4,有漂浮物,4,有漂浮物,,,,,,,8.310599919874134e-08,7.52545171797955e-07,1.2894935138096405e-07,4.9193449016730234e-08,0.9999812266181929,1.775958783593425e-05
00003.jpg,1,4,有漂浮物,4,有漂浮物,,,,,,,5.703101720937331e-08,7.304014319250205e-07,3.729523548275527e-09,8.43826152040301e-07,0.9999982569948903,1.0801698497911557e-07
00007.jpg,1,4,有漂浮物,4,有漂浮物,,,,,,,8.075935402183289e-07,1.290916496662018e-05,1.0281946829424058e-07,3.505366326641988e-06,0.9999816458215256,1.0292341725158417e-06
00012.jpg,1,4,有漂浮物,4,有漂浮物,,,,,,,3.503613684385276e-07,1.1456392888817294e-06,5.356921171545787e-06,6.518744242277761e-08,0.9999909891926796,2.0926980492116967e-06
00018.jpg,1,4,有漂浮物,4,有漂浮物,,,,,,,5.200067040460709e-06,3.2086756859823144e-05,5.1823926977161394e-05,5.5800774748601876e-05,0.999094823871736,0.0007602646026379564
00022.jpg,1,4,有漂浮物,4,有漂浮物,,,,,,,7.05241170588036e-05,4.367992876793131e-05,0.0003205934260457343,1.108944673088284e-06,0.9995474290758877,1.666450756674326e-05
00027.jpg,1,4,有漂浮物,4,有漂浮物,,,,,,,1.6184997928668706e-06,5.757607459691063e-06,1.4401811669101775e-07,6.250889248476582e-05,0.9999033885616592,2.6582420486712954e-05
00032.jpg,1,4,有漂浮物,4,有漂浮物,,,,,,,0.001088606753944851,0.0038952562999531085,0.00021884124412062403,0.0005584727923215515,0.9939272966412601,0.0003115262683996143
00036.jpg,1,4,有漂浮物,4,有漂浮物,,,,,,,0.005323657524418541,0.0005962650905677813,0.0003515008781685924,0.005104949868164634,0.9394380009007829,0.04918562573789756
00040.jpg,1,4,有漂浮物,4,有漂浮物,,,,,,,2.26143148057729e-06,2.6138341669100204e-06,1.8286385580023387e-06,4.897247651672423e-08,0.9999879313786922,5.315744625889592e-06
00044.jpg,1,4,有漂浮物,4,有漂浮物,,,,,,,1.1904851420358143e-05,6.388167940434114e-05,5.569114924104607e-06,1.1950258414666862e-06,0.999857957902289,5.9491426120487186e-05
00046.jpg,1,4,有漂浮物,4,有漂浮物,,,,,,,2.9312076735817963e-05,5.343758820699458e-05,4.27708011690837e-06,2.2134043470403026e-05,0.9997634469121742,0.00012739229929551441
00049.jpg,1,4,有漂浮物,4,有漂浮物,,,,,,,0.00016342433164599808,0.00034571175085677455,3.57163214389908e-05,7.357851544922515e-05,0.9992671591333473,0.0001144099472617788
00053.jpg,1,4,有漂浮物,4,有漂浮物,,,,,,,0.00028835871931988144,0.0008295365394928013,0.0007321575435824759,0.00015992618625353577,0.9978383878152755,0.00015163319607573294
00057.jpg,1,4,有漂浮物,4,有漂浮物,,,,,,,1.9150023538165342e-07,3.032243309868225e-06,3.589982772831848e-07,2.4141114565500313e-07,0.9999507910039189,4.538484311289483e-05
00063.jpg,1,4,有漂浮物,4,有漂浮物,,,,,,,8.322662434277982e-06,6.589154272725331e-05,1.3500805441350884e-05,0.00010663052642834532,0.9996962134438021,0.00010944101916663754
00068.jpg,1,4,有漂浮物,4,有漂浮物,,,,,,,8.041474595028694e-06,4.2255516706305836e-05,4.257244769974747e-05,3.93553071966074e-05,0.9940754150939701,0.00579236015983206
00073.jpg,1,4,有漂浮物,4,有漂浮物,,,,,,,7.948377397686683e-07,5.69511601159517e-06,1.1848233687924014e-06,6.79207655350284e-05,0.9990083709978439,0.000916033459500984
00075.jpg,1,4,有漂浮物,4,有漂浮物,,,,,,,7.44682652615328e-05,7.401708377847251e-05,0.002270280720677305,4.072530891454039e-06,0.9973528118566426,0.00022434954274854347
00078.jpg,1,4,有漂浮物,4,有漂浮物,,,,,,,2.079044648032489e-07,2.0330997112652815e-05,9.162898292902489e-07,1.4342677112803222e-06,0.9999751762837772,1.934257104730165e-06
00082.jpg,1,4,有漂浮物,4,有漂浮物,,,,,,,3.354051491107297e-06,1.8176928503299475e-05,2.0230326250878246e-05,0.0002904699316366788,0.9991628766865159,0.0005048920756022904
00087.jpg,1,4,有漂浮物,4,有漂浮物,,,,,,,9.392302480329079e-07,1.3129409706772975e-05,6.47261470753271e-05,0.00010480973763789856,0.9995397642092307,0.00027663126610130343
00091.jpg,1,4,有漂浮物,4,有漂浮物,,,,,,,0.0023110072186068756,0.003504045382354889,0.0006868754096023285,0.00023912590533448167,0.9930257552645414,0.00023319081955994447
00096.jpg,1,5,正常,4,有漂浮物,,,,,,,1.4318067801257595e-05,2.0310351940479574e-05,5.412632377527992e-06,2.2858236682939937e-07,0.9999319396913567,2.77906741570324e-05
00097.jpg,1,4,有漂浮物,4,有漂浮物,,,,,,,0.0003617816190069921,0.0007928602800024811,0.00593118016930338,5.041875112876732e-05,0.9927011022170865,0.00016265696347175703
00101.jpg,1,4,有漂浮物,4,有漂浮物,,,,,,,7.099870727213093e-06,5.653925601563376e-05,2.5517609153217397e-05,0.00014305850845142403,0.9995778348194773,0.00018994993617521303
00105.jpg,1,4,有漂浮物,4,有漂浮物,,,,,,,5.904394732519276e-06,1.3573459865559473e-05,1.533555246505422e-05,1.4165560322718858e-06,0.9981715688609812,0.001792201175923185
00109.jpg,1,4,有漂浮物,4,有漂浮物,,,,,,,4.136552035946257e-05,5.31776366574941e-05,6.94423186960898e-06,0.00023408648220809154,0.9994725591406661,0.0001918669882393061
00117.jpg,1,4,有漂浮物,4,有漂浮物,,,,,,,3.863600752660424e-06,1.1883891483525782e-05,9.379901984596184e-06,0.000133108622867306,0.9986854702279038,0.0011562937550083354
00121.jpg,1,4,有漂浮物,4,有漂浮物,,,,,,,6.092605802582546e-05,4.019381893843504e-05,4.068216581770916e-06,0.002331889200502185,0.9975419460536028,2.097665234906242e-05
00126.jpg,1,4,有漂浮物,4,有漂浮物,,,,,,,1.1175914207750638e-05,2.2501166944257457e-05,4.219508209691256e-05,2.3017566318664224e-06,0.9881511114359862,0.011770714644133049
00130.jpg,1,4,有漂浮物,4,有漂浮物,,,,,,,4.451639495244747e-08,5.377708628319431e-06,2.1359147234180738e-06,2.1331789360219674e-06,0.9999216614486155,6.864723270186104e-05
00131.jpg,1,4,有漂浮物,4,有漂浮物,,,,,,,3.1364365072846824e-05,7.197942117776336e-05,1.0054098222608216e-05,4.839997622447708e-05,0.9994479129624123,0.0003902891768900636
00133.jpg,1,4,有漂浮物,4,有漂浮物,,,,,,,3.536837001192768e-05,9.988194100322458e-05,0.00019758860177757664,9.06566395621163e-06,0.9934420124953655,0.0062160829278855995
00138.jpg,1,4,有漂浮物,4,有漂浮物,,,,,,,0.00027869498061610303,0.0008304278865398175,4.434907732113591e-05,0.00022517838430766813,0.9979013856698592,0.000719964001356191
00142.jpg,1,4,有漂浮物,4,有漂浮物,,,,,,,0.00010253522397310985,0.0001581416470898953,5.437517148144626e-05,2.2533774828493984e-06,0.9994319869419266,0.0002507076380461856
00147.jpg,1,4,有漂浮物,4,有漂浮物,,,,,,,1.106673888259444e-06,3.27385135718176e-05,5.496177356519207e-07,3.888161659648121e-06,0.9998945635414395,6.715349170508961e-05
00152.jpg,1,4,有漂浮物,4,有漂浮物,,,,,,,1.8114292341501735e-06,4.135502510307221e-06,6.258159721253551e-08,1.1243371908250378e-06,0.9996982422178095,0.00029462393165812623
00158.jpg,1,4,有漂浮物,4,有漂浮物,,,,,,,0.0018565833522444966,0.0016562799719287988,4.714668076118062e-06,0.0009560731008879663,0.9930136095353364,0.0025127393715261084
00160.jpg,1,4,有漂浮物,4,有漂浮物,,,,,,,2.1783293385973525e-06,3.106337600679595e-05,2.5338514036654548e-05,1.0895242853216283e-05,0.9999096009548535,2.0923582911325436e-05
00164.jpg,1,4,有漂浮物,4,有漂浮物,,,,,,,1.275269365853933e-06,5.028951472724787e-06,3.9159535015511254e-06,5.88340476502137e-07,0.9999810461937514,8.145291431967225e-06
00169.jpg,1,4,有漂浮物,4,有漂浮物,,,,,,,1.5041547560076086e-08,2.2160438798777523e-07,2.971805768572377e-08,1.756024604735266e-07,0.9999944311170853,5.126916460898175e-06
00172.jpg,1,4,有漂浮物,4,有漂浮物,,,,,,,5.470769749885791e-07,2.7113622674192094e-05,2.9155146288175397e-06,9.363058458348922e-08,0.9999149447960878,5.438535904950222e-05
00174.jpg,1,4,有漂浮物,4,有漂浮物,,,,,,,1.0459952191682076e-05,0.00010157008104551735,0.0010056263130697376,1.4752908941586576e-06,0.9985926059580759,0.0002882624047230597
00179.jpg,1,4,有漂浮物,4,有漂浮物,,,,,,,3.8403834742563466e-06,1.0163699969066135e-05,2.2945791194351485e-06,7.279747633629362e-08,0.9999803755240709,3.2530158900037217e-06
00183.jpg,1,4,有漂浮物,4,有漂浮物,,,,,,,5.685430068935604e-06,2.6217495127643387e-05,8.503332164542241e-06,1.1323105316479213e-06,0.9999573331663099,1.1282657973011354e-06
00188.jpg,1,4,有漂浮物,4,有漂浮物,,,,,,,7.966839385872639e-07,3.0142886732540064e-05,1.8724628999210931e-06,4.3466741100712926e-07,0.9999476590666756,1.909423234239241e-05
00192.jpg,1,4,有漂浮物,4,有漂浮物,,,,,,,0.0009594491875568779,0.0038289173123541576,0.001305644237221805,0.0006118230445372706,0.7919110601596003,0.20138310605872944
00196.jpg,1,4,有漂浮物,4,有漂浮物,,,,,,,1.6797620675737564e-05,9.080895287222611e-05,0.0003692280999697179,1.8831063309485394e-05,0.9976747688161783,0.0018295654469946
00201.jpg,1,4,有漂浮物,4,有漂浮物,,,,,,,3.791143600234897e-08,1.0175409440656735e-05,1.2545627545652819e-06,9.40797874998655e-08,0.9999876438423954,7.941941859269328e-07
00205.jpg,1,4,有漂浮物,4,有漂浮物,,,,,,,0.00423925796788722,0.00038857554819939777,0.0005279176203108326,0.00014419617949500897,0.9939935094972071,0.0007065431869004425
00208.jpg,1,4,有漂浮物,4,有漂浮物,,,,,,,2.3275646723126937e-07,1.758532747911011e-05,2.294053647058943e-06,2.3540282292313269e-07,0.9999753386065765,4.3138530072186664e-06
00212.jpg,1,4,有漂浮物,4,有漂浮物,,,,,,,6.93019602228094e-07,1.0745275327365592e-05,1.145643819294702e-06,4.289350785570797e-06,0.9999211398561578,6.19868543077827e-05
00217.jpg,1,4,有漂浮物,4,有漂浮物,,,,,,,4.747135817553189e-05,0.000333487517037271,0.00011611583515434911,9.107136430081855e-06,0.9988351212924049,0.0006586968607977877
00219.jpg,1,4,有漂浮物,4,有漂浮物,,,,,,,3.120143717120074e-06,1.1944557621353429e-05,3.542887645630384e-06,1.4585081422764453e-06,0.9999664228957489,1.3511007124793712e-05
00224.jpg,1,4,有漂浮物,4,有漂浮物,,,,,,,1.0062000111955382e-05,0.0002685703868740315,2.6383850959778887e-05,6.0946168517045056e-06,0.9995443923627929,0.00014449678240949766
00228.jpg,1,4,有漂浮物,4,有漂浮物,,,,,,,3.4578677644399446e-06,9.096835515711251e-05,1.342158503203553e-05,1.2527253892787094e-06,0.9998535989788255,3.730048783151333e-05
00232.jpg,1,4,有漂浮物,4,有漂浮物,,,,,,,4.862257535517466e-05,0.00012362806831383574,1.0186969217130976e-05,8.139745252577639e-05,0.9957900499731746,0.003946114961413571
00446.jpg,1,4,有漂浮物,4,有漂浮物,,,,,,,0.00017038918668451955,1.1746600665845575e-05,0.0009516002859075286,0.0005722652462612084,0.9982057566577687,8.824202271206914e-05
00447.jpg,1,4,有漂浮物,4,有漂浮物,,,,,,,0.0003006330866418973,1.767602245779314e-05,0.00218072876205018,0.0010116005534884015,0.9961804339124237,0.0003089276629379935
00448.jpg,1,4,有漂浮物,4,有漂浮物,,,,,,,2.3450000600854525e-05,2.7365778176456768e-06,0.00018799460270400807,6.0174298636537805e-05,0.9997092191670673,1.6425353173713388e-05
00449.jpg,1,4,有漂浮物,4,有漂浮物,,,,,,,2.142901731442302e-05,3.206625996670561e-06,0.00013289523389398172,0.00012224233669285957,0.9996892864194438,3.0940366658338455e-05
00450.jpg,1,4,有漂浮物,4,有漂浮物,,,,,,,1.6391684361040235e-05,2.2655401913601516e-06,0.00018919062288972601,8.481207293381273e-05,0.9996857222655279,2.161781409599775e-05
00451.jpg,1,4,有漂浮物,4,有漂浮物,,,,,,,3.037562915250798e-05,3.3592776548398317e-06,0.0001202826718470802,7.694973684751403e-05,0.9997536888213607,1.5343863137289735e-05
00452.jpg,1,4,有漂浮物,4,有漂浮物,,,,,,,5.0332694350391405e-05,2.6609972395632e-06,0.00025294108091752747,0.00023838804605834694,0.9994336985550955,2.1978626338628174e-05
00457.jpg,1,4,有漂浮物,4,有漂浮物,,,,,,,0.00031707125082161563,2.864417762175592e-06,0.00011519684154274254,0.00020035130878429317,0.9993410510757907,2.3465105298379716e-05
00459.jpg,1,4,有漂浮物,4,有漂浮物,,,,,,,9.519141390520596e-05,3.3396743120442206e-06,0.00014294168896385325,0.00031357527345708545,0.9994315637861213,1.3388163240561101e-05
00470.jpg,1,4,有漂浮物,4,有漂浮物,,,,,,,1.4072352067897197e-05,1.5231725326267334e-06,3.207792679360617e-05,3.035156163427688e-05,0.9999156576704302,6.31731654123023e-06
00478.jpg,1,4,有漂浮物,4,有漂浮物,,,,,,,3.9763771824856094e-05,2.055945203951199e-06,0.00014606319335242802,4.838300113407963e-06,0.9998049913234676,2.287466037827791e-06
00479.jpg,1,4,有漂浮物,4,有漂浮物,,,,,,,0.00011015463945002276,2.653616060363084e-06,0.000182559742604676,8.711763411622532e-05,0.9996065885480376,1.092581973096804e-05
00484.jpg,1,4,有漂浮物,4,有漂浮物,,,,,,,9.548711506363728e-05,1.1379944530434975e-06,1.4324512995509992e-05,8.662649558343545e-05,0.9997956854627967,6.738419107770484e-06
00490.jpg,1,4,有漂浮物,4,有漂浮物,,,,,,,1.2032331785051807e-05,3.1615520270279983e-06,3.3750438107564624e-05,2.6310917176435444e-05,0.9999184389234516,6.3058374523339e-06
00495.jpg,1,4,有漂浮物,4,有漂浮物,,,,,,,0.00018274344239891784,1.303266455946608e-05,1.162758735377905e-06,6.192031158476675e-05,0.999736525292442,4.615530279380036e-06
00499.jpg,1,4,有漂浮物,4,有漂浮物,,,,,,,1.6020848376817283e-05,3.8567440581127854e-05,4.544620831906989e-06,8.849132163532772e-05,0.9998122288349123,4.0146933662669345e-05
00503.jpg,1,4,有漂浮物,4,有漂浮物,,,,,,,2.4361976141331033e-06,9.902171461384878e-06,2.1837621844861456e-07,1.2189845551166639e-05,0.9999737278806707,1.5255284842104608e-06
00508.jpg,1,4,有漂浮物,4,有漂浮物,,,,,,,2.7497231622329147e-08,1.6468007195545646e-06,1.4068720675111361e-07,2.623969922890538e-07,0.9999978346644016,8.795344817800726e-08
00512.jpg,1,4,有漂浮物,4,有漂浮物,,,,,,,7.702737723043649e-08,1.8231229092841575e-06,3.01558671132364e-08,4.897531494981366e-07,0.9999972458863476,3.3405434910443535e-07
00517.jpg,1,4,有漂浮物,4,有漂浮物,,,,,,,3.6285548333919824e-07,7.271590799831779e-06,4.021050674322992e-07,3.87643160971776e-06,0.9999876709858418,4.1603119790334926e-07
00521.jpg,1,4,有漂浮物,4,有漂浮物,,,,,,,0.0006487489157568303,0.002733643377653421,0.003906700358640993,0.000343394329034508,0.9921651414630244,0.0002023715558900661
00525.jpg,1,4,有漂浮物,4,有漂浮物,,,,,,,6.125531173086712e-05,1.0425268847177101e-05,0.0007310740771730582,5.539740861863518e-05,0.9989377139382747,0.00020413399535548028
00529.jpg,1,4,有漂浮物,4,有漂浮物,,,,,,,0.00011426286501566462,5.2010909481533994e-05,0.0008981884257358152,0.0005402569654282636,0.9957026455268894,0.002692635307449419
00537.jpg,1,4,有漂浮物,4,有漂浮物,,,,,,,8.818226559632681e-05,1.05380115408485e-05,0.0005680833543064458,9.875986420806994e-05,0.9990782598386279,0.00015617666572036106
00549.jpg,1,4,有漂浮物,4,有漂浮物,,,,,,,0.00016439920500760916,1.8291746485596578e-05,0.0008335876623685387,0.0008662363637552332,0.9980042214611899,0.00011326356119318788
00554.jpg,1,4,有漂浮物,4,有漂浮物,,,,,,,1.0680885658533846e-05,1.4366144589992124e-05,2.379454986780871e-05,2.3187319178121592e-05,0.9998042894664236,0.00012368163428189992
00559.jpg,1,4,有漂浮物,4,有漂浮物,,,,,,,0.00010253450990950727,5.246224436270282e-05,0.00012605700063606168,6.825177357915166e-05,0.9988010220072636,0.0008496724642487122
00560.jpg,1,4,有漂浮物,4,有漂浮物,,,,,,,6.535788861729771e-05,1.280864693729284e-05,3.5362974763539184e-05,4.7865403448006804e-05,0.9995465930449153,0.00029201204131847855
00564.jpg,1,4,有漂浮物,4,有漂浮物,,,,,,,0.00010634889430962528,5.7191152093381883e-05,0.0001772609855671375,6.464122116766034e-05,0.9989575609737609,0.0006369967731012942
00569.jpg,1,4,有漂浮物,4,有漂浮物,,,,,,,2.1522997255293866e-05,3.434489731302841e-05,4.0336381953115215e-05,3.844316713822377e-05,0.9996461346219281,0.00021921793441228963
00573.jpg,1,4,有漂浮物,4,有漂浮物,,,,,,,3.451124877456246e-05,5.497060527316686e-05,3.354100072131867e-05,3.649093054666001e-05,0.9995634057406408,0.00027708047404359547
00577.jpg,1,4,有漂浮物,4,有漂浮物,,,,,,,3.811946089027965e-05,8.145462921802375e-05,6.851485781647595e-05,7.186820220882043e-05,0.9990976351615569,0.0006424076883094402
00578.jpg,1,4,有漂浮物,4,有漂浮物,,,,,,,2.531547438976558e-05,3.6746713093923066e-05,4.4448082150800836e-05,3.512291408948413e-05,0.9995594891377322,0.00029887767854398615
00580.jpg,1,4,有漂浮物,4,有漂浮物,,,,,,,8.663804878201916e-05,2.6052462796724707e-05,2.9633561041381043e-05,1.089025657410109e-05,0.9996357395349558,0.00021104613584999483
00583.jpg,1,4,有漂浮物,4,有漂浮物,,,,,,,0.01631434227308104,3.17359427360441e-05,0.0004994870305851486,0.0011363354131596957,0.98200905046394,9.048876498028326e-06
00588.jpg,1,4,有漂浮物,4,有漂浮物,,,,,,,7.425049523803994e-06,1.1452885360584146e-05,1.9741863682932925e-05,3.6857005233648946e-06,0.9999536558635871,4.0386373223579945e-06
00593.jpg,1,4,有漂浮物,4,有漂浮物,,,,,,,6.895324286539092e-06,1.5461585696778474e-05,2.177658619130626e-05,8.495951879447925e-06,0.9999307562428839,1.6614309062115165e-05
00597.jpg,1,4,有漂浮物,4,有漂浮物,,,,,,,4.426939242048077e-06,3.5483990064789143e-06,5.8093320245625965e-06,6.1506976925577195e-06,0.999979348778165,7.158538694571075e-07
00601.jpg,1,4,有漂浮物,4,有漂浮物,,,,,,,1.4307070491302149e-05,8.679126714636494e-06,2.736950952287315e-05,2.1401909644111802e-05,0.9999231968243992,5.045559227980222e-06
00606.jpg,1,4,有漂浮物,4,有漂浮物,,,,,,,3.9958107902168806e-06,7.440653668594e-06,7.756283503900896e-06,5.688075213494112e-05,0.9999186833299246,5.2431699777982285e-06
00610.jpg,1,4,有漂浮物,4,有漂浮物,,,,,,,4.424298317292596e-06,7.901048753787044e-07,2.9079707956735703e-06,3.3761283113432483e-06,0.9999883818842513,1.1961344901871428e-07
00614.jpg,1,4,有漂浮物,4,有漂浮物,,,,,,,1.2603585042843297e-05,6.585482438967715e-06,1.555755894156472e-05,2.9066543633330446e-05,0.9999350916929745,1.0951369688393482e-06
00615.jpg,1,4,有漂浮物,4,有漂浮物,,,,,,,1.4054426108933636e-06,2.9528497048569197e-06,5.8908784366520425e-06,2.4338144621447385e-06,0.9999862910976189,1.0259171665167286e-06
00619.jpg,1,4,有漂浮物,4,有漂浮物,,,,,,,1.019530565564523e-05,1.583621096665573e-05,9.339471403346568e-06,5.396089722334227e-05,0.9998454642686772,6.520384607373639e-05
00623.jpg,1,4,有漂浮物,4,有漂浮物,,,,,,,0.0007608390877838651,3.339644059344227e-05,3.614457959658121e-05,0.011484272961501585,0.9875759155230532,0.0001094314074710854
00625.jpg,1,4,有漂浮物,4,有漂浮物,,,,,,,0.0014597006491304761,4.454234353223425e-05,3.6839781055516905e-05,0.0053138945536809765,0.9930792810671106,6.574160549019785e-05
00629.jpg,1,4,有漂浮物,4,有漂浮物,,,,,,,0.0002608332580120188,7.866778604673966e-05,3.5795586342084706e-05,0.012827856425824674,0.9864887502071985,0.00030809673657594347
00634.jpg,1,4,有漂浮物,4,有漂浮物,,,,,,,2.91495236840527e-06,2.150312403497626e-06,4.929627182039137e-06,1.0895767363366158e-05,0.999953549697346,2.5559643336775088e-05
00640.jpg,1,4,有漂浮物,4,有漂浮物,,,,,,,0.0003588084874164689,1.107954546568339e-05,4.079520683725463e-05,0.003732568690410087,0.9958516696312075,5.078438663156013e-06
00641.jpg,1,4,有漂浮物,4,有漂浮物,,,,,,,0.00015995837052453483,1.4027083835852238e-05,2.9511758014010168e-05,0.0013817606962179725,0.9984121294930144,2.6125983931885387e-06
00642.jpg,1,4,有漂浮物,4,有漂浮物,,,,,,,0.00011075207779635103,8.871652760972046e-06,3.507018477813547e-05,0.0011792038448098826,0.9986645471760444,1.5550638105031003e-06
00644.jpg,1,4,有漂浮物,4,有漂浮物,,,,,,,4.107948602011511e-06,1.3134204101799436e-06,2.6510828008119036e-07,7.393712509219065e-05,0.999920187561129,1.8883648647887624e-07
00647.jpg,1,4,有漂浮物,4,有漂浮物,,,,,,,4.545805888014751e-05,2.556312611619789e-06,4.2144164535839395e-06,0.00013125826532367705,0.9998157922370244,7.207097063753337e-07
00649.jpg,1,4,有漂浮物,4,有漂浮物,,,,,,,7.009891793553855e-05,2.0506456565792756e-06,8.075484347924349e-07,0.000321986709699783,0.999604783110609,2.7306766433825085e-07
00652.jpg,1,4,有漂浮物,4,有漂浮物,,,,,,,1.8824756922927332e-05,3.600354316944374e-06,2.1704608596084926e-06,0.00022315055902863776,0.999751846575272,4.0729359978360105e-07
00656.jpg,1,4,有漂浮物,4,有漂浮物,,,,,,,4.619695518362037e-05,6.9206540823992e-05,0.00018240028110527154,0.00013395254330556534,0.9979606880884836,0.001607555591097866
00660.jpg,1,4,有漂浮物,4,有漂浮物,,,,,,,3.836525248827712e-05,0.00017450121167447848,5.8694488798316687e-05,0.00019231954410102697,0.9984050747016936,0.0011310448012444095
00664.jpg,1,4,有漂浮物,4,有漂浮物,,,,,,,8.735711555570075e-05,0.00010570308164437465,0.00010893483459720439,0.00018858476258966044,0.9981477273228343,0.001361692882778808
00668.jpg,1,4,有漂浮物,4,有漂浮物,,,,,,,1.6071094239866486e-05,0.00010190528534290598,0.00013677558329105874,5.6155567883728574e-05,0.9988595650217202,0.0008295274475219806
00672.jpg,1,4,有漂浮物,4,有漂浮物,,,,,,,0.00011582035923989385,4.107238588576317e-05,0.0012732219552866223,3.844339497340301e-05,0.9983862406887147,0.00014520121589974236
00673.jpg,1,4,有漂浮物,4,有漂浮物,,,,,,,0.00014881024140135448,4.190964702297904e-05,0.0004878205171719367,8.60108037379395e-05,0.9990355827983203,0.00019986599234543057
00674.jpg,1,4,有漂浮物,4,有漂浮物,,,,,,,3.149320027633638e-05,2.6864932671339745e-05,0.00020347466104954552,1.9016504169566636e-05,0.9995962626456669,0.00012288805616630452
00679.jpg,1,4,有漂浮物,4,有漂浮物,,,,,,,1.5035866471767851e-05,1.4833309906771808e-05,0.00010346041819443583,3.449448649565877e-05,0.9998148857748365,1.7290144095024075e-05
00685.jpg,1,4,有漂浮物,4,有漂浮物,,,,,,,2.6216265930287385e-05,8.09427230096284e-05,0.0001992402406643759,0.000763461087651428,0.9985562339269819,0.00037390575576240487
00693.jpg,1,4,有漂浮物,4,有漂浮物,,,,,,,1.3629918593412808e-05,0.00016073359773002035,0.0001003517052501121,0.00015440220027931298,0.999091043051474,0.00047983952667303854
00698.jpg,1,4,有漂浮物,4,有漂浮物,,,,,,,0.00012258693237526038,1.3554994867040049e-05,0.0005252256788927008,7.306311957664771e-05,0.9992553187716721,1.0250502616406288e-05
00703.jpg,1,4,有漂浮物,4,有漂浮物,,,,,,,1.9373509579863355e-05,9.016739063721041e-06,0.00014573674490525344,0.0001236932654896545,0.9997008995082088,1.2802327525556403e-06
00707.jpg,1,4,有漂浮物,4,有漂浮物,,,,,,,0.00026496502620105113,7.930775707637149e-05,0.0007305067513360242,0.008897906959967639,0.9899872594936884,4.005401173052186e-05
00708.jpg,1,4,有漂浮物,4,有漂浮物,,,,,,,0.0001552164138110493,1.8110221051186044e-05,0.0005701187295059392,0.0015635472858662885,0.9976886072653962,4.4000843693196685e-06
00712.jpg,1,4,有漂浮物,4,有漂浮物,,,,,,,1.430999699548595e-06,9.347529440097982e-07,8.029521333915955e-06,2.306325859079894e-06,0.9999871647301086,1.336700548808079e-07
00716.jpg,1,4,有漂浮物,4,有漂浮物,,,,,,,2.3007074145272702e-06,1.0034245021247133e-06,7.212678395826625e-06,3.4686586287820996e-06,0.9999857500427966,2.644882621178773e-07
00720.jpg,1,4,有漂浮物,4,有漂浮物,,,,,,,1.5019976231110267e-06,2.0993438493710446e-06,1.9081101692782907e-05,3.1383488430890692e-06,0.9999734115789289,7.67629062802501e-07
00724.jpg,1,4,有漂浮物,4,有漂浮物,,,,,,,3.5976861670639404e-05,8.462770799311793e-06,0.00037259309915417657,9.91434743609936e-06,0.9995650261598926,8.026761047082165e-06
00728.jpg,1,4,有漂浮物,4,有漂浮物,,,,,,,1.0128701106866382e-06,4.914102047809542e-06,4.801226099801183e-05,3.084387929963395e-05,0.9999148055947643,4.112927796793062e-07
00732.jpg,1,4,有漂浮物,4,有漂浮物,,,,,,,7.852726676346639e-07,3.0891784453821483e-06,2.45160921285091e-06,2.493829670597221e-06,0.9999910932411861,8.68688175882422e-08
00737.jpg,1,4,有漂浮物,4,有漂浮物,,,,,,,3.313049945791997e-07,3.4085193408742836e-06,8.302378728948403e-07,8.365443381179225e-06,0.9999869692877723,9.520663834880864e-08
00743.jpg,1,4,有漂浮物,4,有漂浮物,,,,,,,1.7272527750109564e-05,2.514558287283216e-05,0.0014096462102608665,4.792293241668976e-05,0.9984852473921549,1.4765354544582114e-05
00744.jpg,1,4,有漂浮物,4,有漂浮物,,,,,,,1.0556035096173712e-06,4.739367834525019e-06,0.00011576330754039935,5.059030516392615e-06,0.9998715279601967,1.8547304022533338e-06
00748.jpg,1,4,有漂浮物,4,有漂浮物,,,,,,,4.516550578993242e-06,4.7379143439737825e-05,2.2836751078204015e-05,0.00022902369679013405,0.9996678693916292,2.8374466483730543e-05
00752.jpg,1,4,有漂浮物,4,有漂浮物,,,,,,,6.125541822336016e-06,1.0938358919630932e-05,2.7438948860459816e-06,0.000656413586689534,0.9993188217416693,4.956876013144415e-06
00753.jpg,1,4,有漂浮物,4,有漂浮物,,,,,,,2.375149784212879e-05,6.438533053126147e-05,6.75567257938913e-05,0.003946159906468571,0.9958023836173242,9.576292204005556e-05
00754.jpg,1,4,有漂浮物,4,有漂浮物,,,,,,,1.635362986296044e-05,0.0001736230153360171,6.096821527887416e-05,0.0008526670128173668,0.9986800143808694,0.0002163737458353879
00758.jpg,1,4,有漂浮物,4,有漂浮物,,,,,,,0.0033277269855571576,0.0005200119746732769,0.004090606984068792,0.009017954644569262,0.9821723838930395,0.0008713155180919439
00762.jpg,1,4,有漂浮物,4,有漂浮物,,,,,,,2.4599025940131783e-05,1.1300847297149158e-05,2.9030071073326035e-05,5.951152262241493e-05,0.9998135349156676,6.202361739943778e-05
00763.jpg,1,4,有漂浮物,4,有漂浮物,,,,,,,4.960049768728767e-05,1.5496157746242035e-05,6.639967085649915e-05,6.914330387298352e-05,0.9995447185094847,0.0002546418603523803
00767.jpg,1,4,有漂浮物,4,有漂浮物,,,,,,,7.309758818358343e-05,3.402509215848168e-05,2.1039907392009905e-05,9.077850094143048e-05,0.9997063914051565,7.466750616804753e-05
00772.jpg,1,4,有漂浮物,4,有漂浮物,,,,,,,3.647896116386392e-06,2.8198622313147472e-05,4.5572513677196126e-05,1.0531715970726668e-05,0.9998012379027921,0.00011081134913062924
00776.jpg,1,4,有漂浮物,4,有漂浮物,,,,,,,1.3410850691508693e-05,4.2801062451565606e-05,1.5237124139262907e-05,4.3916076435048135e-05,0.9994971023402853,0.00038753254599729127
00780.jpg,1,4,有漂浮物,4,有漂浮物,,,,,,,0.00012441810042642705,0.00010519396544936545,4.2434306479622504e-05,0.0013384139432443072,0.9983044506634916,8.508902090850657e-05
00786.jpg,1,4,有漂浮物,4,有漂浮物,,,,,,,5.137798679777875e-06,6.645006556561484e-06,9.13772243802503e-06,0.00023512493271881903,0.9997403618097125,3.592729894118728e-06
00790.jpg,1,4,有漂浮物,4,有漂浮物,,,,,,,0.00035416890701641415,0.0006032887768452673,5.190755516932598e-05,0.026530485647775423,0.9714436683619662,0.0010164807512275842
00794.jpg,1,4,有漂浮物,4,有漂浮物,,,,,,,5.565688658841708e-06,4.089275620436305e-06,6.242477640613055e-06,7.078701989144075e-05,0.9999098934932266,3.4220449620776537e-06
00799.jpg,1,4,有漂浮物,4,有漂浮物,,,,,,,1.7839864800431168e-06,2.7128801935219344e-06,4.131925733195403e-06,0.00015124483740318166,0.9998377871069195,2.339263270600227e-06
00803.jpg,1,4,有漂浮物,4,有漂浮物,,,,,,,2.0115235955851205e-05,2.1325548028432557e-05,3.0352679687621956e-06,0.0005650629411766224,0.9993787067904704,1.1754216399952172e-05
00805.jpg,1,4,有漂浮物,4,有漂浮物,,,,,,,8.063939439232365e-05,4.4984253743337595e-05,2.294297095838693e-05,0.008169251132176978,0.9916449619076132,3.7220341115768715e-05
00809.jpg,1,4,有漂浮物,4,有漂浮物,,,,,,,1.975348340966452e-05,1.408370431235052e-05,8.519744287201806e-06,0.00047568908428266034,0.9994726370390744,9.316944633508915e-06
00814.jpg,1,4,有漂浮物,4,有漂浮物,,,,,,,1.4148559878312556e-05,1.153150526383157e-05,6.738917159495751e-06,1.9307385397472724e-05,0.9999468372198604,1.4364124403427448e-06
00816.jpg,1,4,有漂浮物,4,有漂浮物,,,,,,,0.0010919293323443137,8.087329163530997e-05,0.00014057340475222976,0.003274658568801216,0.9951528386007188,0.0002591268017480465
00820.jpg,1,4,有漂浮物,4,有漂浮物,,,,,,,6.71290645570397e-05,0.00011002985380930144,3.341693155215974e-05,0.0011062421649846094,0.9985591840971276,0.0001239978879692298
00824.jpg,1,4,有漂浮物,4,有漂浮物,,,,,,,4.199086332558875e-05,5.08410449692334e-05,5.013422907991199e-05,0.0004196203700120552,0.9993011761119143,0.00013623738069896496
00825.jpg,1,4,有漂浮物,4,有漂浮物,,,,,,,1.8266696389258946e-05,3.495879075418038e-05,1.800160589194625e-05,0.000305861923158357,0.9995559373436943,6.697364011204052e-05
00832.jpg,1,4,有漂浮物,4,有漂浮物,,,,,,,1.6132861036290885e-05,2.3802933100471984e-05,1.2320605278113772e-05,0.00019989021778008798,0.9996892977517996,5.85556310054414e-05
00833.jpg,1,4,有漂浮物,4,有漂浮物,,,,,,,1.8470749132285313e-05,2.8805477732972908e-05,2.0650369315849445e-05,0.00022010233953879616,0.9996183239250436,9.364713923652946e-05
00837.jpg,1,4,有漂浮物,4,有漂浮物,,,,,,,2.3583522843436956e-05,6.020023734738615e-05,3.28146709987894e-05,0.0008706129947607311,0.9988250284691489,0.00018776010490093096
00842.jpg,1,4,有漂浮物,4,有漂浮物,,,,,,,6.623303381071925e-05,1.904012153017402e-05,0.000125534866227854,0.0008835759698947664,0.9988232609361642,8.23550723721565e-05
00844.jpg,1,4,有漂浮物,4,有漂浮物,,,,,,,5.861619417855155e-05,1.576838726799853e-05,0.00013651839207660303,0.0001996823201566774,0.999565273156859,2.4141549461075713e-05
00847.jpg,1,4,有漂浮物,4,有漂浮物,,,,,,,1.1929216171471581e-05,9.832790779441617e-06,3.5335543413506894e-05,0.00020593384924217365,0.9997105998568067,2.6368743586798935e-05
00851.jpg,1,4,有漂浮物,4,有漂浮物,,,,,,,4.145161476188506e-06,1.0359635087166467e-05,6.837041364405764e-06,0.00029094814347009964,0.9996802474571089,7.462561493116737e-06
00852.jpg,1,4,有漂浮物,4,有漂浮物,,,,,,,6.7301755716833895e-06,6.613870988767148e-06,9.08160986100226e-06,0.00031945929420393565,0.9996536006685736,4.514380801092591e-06
00856.jpg,1,4,有漂浮物,4,有漂浮物,,,,,,,3.975344709507407e-06,4.298370975888587e-06,2.396713902466801e-07,2.9516126026006606e-05,0.9999588523289051,3.1181579932750088e-06
00861.jpg,1,4,有漂浮物,4,有漂浮物,,,,,,,3.627482873591505e-05,4.793723403157635e-05,7.762787113032648e-06,0.00036807836304120266,0.9992220817754282,0.00031786501164988046
00866.jpg,1,4,有漂浮物,4,有漂浮物,,,,,,,2.0832412564319062e-05,3.839547425217457e-05,1.4654847154972153e-05,0.0004062329790385966,0.9994330987636307,8.67855233591476e-05
00870.jpg,1,4,有漂浮物,4,有漂浮物,,,,,,,3.090418215692485e-06,9.340164539499535e-06,6.686207854602797e-06,5.050813935180469e-05,0.9999231814114943,7.1936585441408936e-06
00875.jpg,1,4,有漂浮物,4,有漂浮物,,,,,,,2.770489195333689e-05,7.122997237847878e-05,1.686237178363425e-05,8.96246569914591e-05,0.9996377668540583,0.00015681125283477105
00881.jpg,1,4,有漂浮物,4,有漂浮物,,,,,,,4.479019948109577e-06,4.846474637638723e-06,1.0525686670318108e-05,4.082409432263056e-05,0.9999303666631212,8.95806130018628e-06
00885.jpg,1,4,有漂浮物,4,有漂浮物,,,,,,,4.37872964583849e-05,2.0513424443220416e-05,4.087068153056961e-05,0.0001732695410171591,0.9995688205119951,0.0001527385445556161
00889.jpg,1,4,有漂浮物,4,有漂浮物,,,,,,,0.00016331509543092082,8.125885830473138e-05,0.0012997817360024411,0.0002279007330017337,0.9980357702494879,0.00019197332777215996
00890.jpg,1,4,有漂浮物,4,有漂浮物,,,,,,,1.9329880934754255e-06,3.77923848768436e-06,4.371976259346907e-06,3.6476043490585927e-06,0.9999832398047628,3.0283880475319765e-06
00898.jpg,1,4,有漂浮物,4,有漂浮物,,,,,,,4.5711035404807665e-07,1.4191818285394637e-06,4.521609470603587e-06,2.9823803033359704e-06,0.9999897511744977,8.685435458246358e-07
00902.jpg,1,4,有漂浮物,4,有漂浮物,,,,,,,3.808304449950457e-06,3.146258958313005e-06,1.7045694692008671e-06,6.371282292731198e-05,0.9999257860283088,1.842015886277413e-06
00906.jpg,1,4,有漂浮物,4,有漂浮物,,,,,,,1.687808099432187e-05,9.58435862063401e-06,1.530691329146019e-06,9.410650956151668e-05,0.999868533155213,9.367204281346662e-06
00912.jpg,1,4,有漂浮物,4,有漂浮物,,,,,,,1.218752926356256e-05,1.1746216910470883e-05,3.873187711498715e-06,4.653387010807155e-05,0.9999221733805344,3.485815472056812e-06
00916.jpg,1,4,有漂浮物,4,有漂浮物,,,,,,,0.0001954893006328224,1.4408958893516014e-05,1.8295386037667358e-05,0.009192755077022632,0.9905705898963647,8.46138104873133e-06
00920.jpg,1,4,有漂浮物,4,有漂浮物,,,,,,,5.013392006106127e-05,9.433958408029837e-05,0.00024758386000947407,0.0005332889928675637,0.9989715854393525,0.00010306820362910102
00924.jpg,1,4,有漂浮物,4,有漂浮物,,,,,,,0.0002797322771755972,0.00016377567913417886,0.00035034163053666395,0.0013054140081677921,0.9972819362848501,0.0006188001201356345
00931.jpg,1,4,有漂浮物,4,有漂浮物,,,,,,,1.3808658005916792e-05,5.385682919733392e-05,4.293687608407983e-05,0.0001708698255624571,0.9997005946562773,1.7933154873095457e-05
00935.jpg,1,4,有漂浮物,4,有漂浮物,,,,,,,2.55202853684376e-05,1.975910094258988e-05,3.624148456370242e-05,0.00016831759707876246,0.999736517051408,1.3644480638518613e-05
00936.jpg,1,4,有漂浮物,4,有漂浮物,,,,,,,1.8366050824032245e-05,2.798544694237386e-05,5.64269096958616e-05,0.00015525424831363787,0.9997266799638879,1.5287380336267873e-05
00940.jpg,1,4,有漂浮物,4,有漂浮物,,,,,,,2.6472282764269586e-05,0.00013094036946445457,8.358097936004561e-05,0.0012956894276740531,0.9984551914900635,8.125450673717677e-06
00943.jpg,1,4,有漂浮物,4,有漂浮物,,,,,,,2.6062300240347746e-05,4.8070991710537216e-05,0.00024791808306985245,8.194654373950555e-05,0.9995631668621282,3.283521911143882e-05
00947.jpg,1,4,有漂浮物,4,有漂浮物,,,,,,,3.5402089085253795e-06,3.390432913795325e-05,3.955042024394294e-06,4.706373857139881e-05,0.9996103208103684,0.0003012158709894225
00951.jpg,1,4,有漂浮物,4,有漂浮物,,,,,,,1.9467346561003028e-05,6.236803094095909e-05,7.986217988910606e-06,0.00015628658304553882,0.9995613453698077,0.00019254645165596166
00953.jpg,1,4,有漂浮物,4,有漂浮物,,,,,,,5.6505286021227456e-05,0.0005957920926257467,2.622020562155177e-05,0.0012439592332467962,0.9974432116100531,0.0006343115724314543
00956.jpg,1,4,有漂浮物,4,有漂浮物,,,,,,,0.0010322561807067326,0.0005147133205208457,0.020731580080375147,0.0012099532602005882,0.9762883529917347,0.0002231441664618866
00960.jpg,1,4,有漂浮物,4,有漂浮物,,,,,,,1.7672630680744875e-05,0.00023991086025179447,0.0001686741493074001,0.0006406286658492651,0.9989008296922054,3.228400170541541e-05
00966.jpg,1,4,有漂浮物,4,有漂浮物,,,,,,,2.927657820159952e-05,5.19156466935535e-05,0.00010629854145309464,0.000722220660106182,0.9990417526602412,4.8535913304314685e-05
00971.jpg,1,4,有漂浮物,4,有漂浮物,,,,,,,1.627561353895209e-05,0.00013590328087138435,0.00011662668590492264,0.0005000587356020421,0.9991810138125965,5.012187148612096e-05
00975.jpg,1,4,有漂浮物,4,有漂浮物,,,,,,,5.3928195631584e-05,2.492534222265401e-05,1.2671384819841667e-05,5.706593477271945e-05,0.9998485629624224,2.846180130813013e-06
00981.jpg,1,4,有漂浮物,4,有漂浮物,,,,,,,2.8881971673636578e-05,5.1997187941025526e-06,9.485889840559833e-05,4.384984650767649e-05,0.999822975468731,4.234095888008039e-06
00988.jpg,1,4,有漂浮物,4,有漂浮物,,,,,,,1.183178910654263e-05,5.833776297831665e-05,7.5266165580708e-05,0.0008257741421798145,0.998901148041025,0.00012764209912947502
00990.jpg,1,4,有漂浮物,4,有漂浮物,,,,,,,8.50070650813298e-07,0.0001982011687180018,8.083812050744513e-07,7.952981721299521e-05,0.9996956462041013,2.4964358111777418e-05
00994.jpg,1,4,有漂浮物,4,有漂浮物,,,,,,,4.729429212784555e-06,2.520825968322094e-05,3.385872324068998e-05,0.0006873729517670027,0.9991732034106859,7.562722541032762e-05
00995.jpg,1,4,有漂浮物,4,有漂浮物,,,,,,,3.2975749267721435e-07,6.448809515063864e-05,2.9362372955147926e-06,6.099451527741066e-05,0.9998672207035768,4.030691206976494e-06
01002.jpg,1,4,有漂浮物,4,有漂浮物,,,,,,,4.946465446766853e-07,4.32198190027707e-05,1.1763702424017113e-07,2.1369669228462118e-05,0.9999339478907785,8.503374214709221e-07
01007.jpg,1,4,有漂浮物,4,有漂浮物,,,,,,,6.685863843437976e-08,1.2649027787494767e-05,8.255007503945776e-08,2.910090097323013e-06,0.9999825309857925,1.7604876093049287e-06
01012.jpg,1,4,有漂浮物,4,有漂浮物,,,,,,,7.620338665930867e-06,6.70982408235337e-05,9.320647794792679e-06,0.0009810287828058931,0.9988944431265466,4.0488863363277716e-05
01016.jpg,1,4,有漂浮物,4,有漂浮物,,,,,,,4.090848055439494e-06,0.0006628839610753392,4.615737762557871e-06,0.0002150297587449257,0.9990569021017047,5.647759265694782e-05
01020.jpg,1,4,有漂浮物,4,有漂浮物,,,,,,,3.2039005969122386e-07,6.001289695135044e-05,3.1567683787118794e-07,3.0314076110074597e-05,0.999905688410901,3.3485491401793852e-06
01025.jpg,1,4,有漂浮物,4,有漂浮物,,,,,,,6.027308206436007e-08,3.435077868784322e-05,7.501693118249279e-08,1.848241957425599e-06,0.9999631649177885,5.007715530622926e-07
01030.jpg,1,4,有漂浮物,4,有漂浮物,,,,,,,1.8168878438806906e-06,1.3502336094936506e-05,8.176596943664774e-07,0.00012151042936846467,0.9998406715155421,2.1681171456229085e-05
01034.jpg,1,4,有漂浮物,4,有漂浮物,,,,,,,1.1541430606280481e-07,8.178164014486666e-06,1.5147210699930327e-07,3.915069457619944e-06,0.999977989190151,9.650689963937094e-06
01039.jpg,1,4,有漂浮物,4,有漂浮物,,,,,,,2.013690572157206e-06,1.888524143605521e-05,2.1394266466926274e-06,0.00038147942220045455,0.9995873403442399,8.141874904884208e-06
01043.jpg,1,4,有漂浮物,4,有漂浮物,,,,,,,1.9772551237653236e-07,4.91461177436741e-05,1.5468103872883626e-07,2.216183333204033e-06,0.9999443253905892,3.9599017826477395e-06
01047.jpg,1,4,有漂浮物,4,有漂浮物,,,,,,,2.6475510031068137e-07,1.7966490277195063e-05,3.196045976613056e-07,1.7538451059169257e-05,0.9999631930721022,7.176268635137137e-07
01051.jpg,1,4,有漂浮物,4,有漂浮物,,,,,,,3.89228505139287e-06,1.4370130446326637e-05,2.327895030985048e-05,0.00019342590666594634,0.9997368056093481,2.822711817832461e-05
01053.jpg,1,4,有漂浮物,4,有漂浮物,,,,,,,3.3743247567758145e-06,6.503800772021793e-06,3.918398427996875e-06,0.00021152519186559186,0.9997620760921788,1.2602191998817692e-05
01057.jpg,1,4,有漂浮物,4,有漂浮物,,,,,,,4.504781619204523e-07,5.451178768087947e-07,4.598148837229625e-07,0.0001945673945051967,0.9998032640644073,7.131301648931004e-07
01062.jpg,1,4,有漂浮物,4,有漂浮物,,,,,,,1.6573651564085535e-07,2.138894202479273e-06,8.153547928409172e-07,1.7119451522263412e-05,0.9999768079915172,2.9525714495646135e-06
01066.jpg,1,4,有漂浮物,4,有漂浮物,,,,,,,1.9017007865532536e-06,7.705584421331998e-06,1.059827478300145e-05,9.113032706425772e-05,0.9998834116095439,5.252503401168899e-06
01070.jpg,1,4,有漂浮物,4,有漂浮物,,,,,,,4.788186476567383e-05,5.5013345487500455e-05,0.00014068772570180322,3.3379804228517407e-05,0.9990826568160728,0.0006403804437436617
01073.jpg,1,4,有漂浮物,4,有漂浮物,,,,,,,7.475978390001422e-06,5.740535057637762e-06,2.175742131446141e-06,8.845377545021478e-06,0.9999106846952036,6.507767167205711e-05
01075.jpg,1,4,有漂浮物,4,有漂浮物,,,,,,,5.3366022792921774e-06,4.0805725895201796e-05,1.2391797986901898e-05,4.1308628623139604e-05,0.9997085207382136,0.00019163650700178343
01080.jpg,1,4,有漂浮物,4,有漂浮物,,,,,,,6.427701077849087e-05,2.6500760064032014e-05,0.00017550778695023803,0.00010054915608488607,0.9990291950926024,0.0006039701935200672
01084.jpg,1,4,有漂浮物,4,有漂浮物,,,,,,,2.5057000629444567e-05,0.00010788844332599452,1.213463498745845e-05,0.000433402240338797,0.9983030942514137,0.0011184234293044972
01085.jpg,1,4,有漂浮物,4,有漂浮物,,,,,,,1.6887430312894105e-05,8.486586660063315e-05,1.0239198955498403e-05,0.00025531982834993606,0.9991432492334901,0.0004894384422910173
01092.jpg,1,4,有漂浮物,4,有漂浮物,,,,,,,0.00011346710432107603,4.498669696238798e-05,0.00020017769654471481,3.1154094849227905e-05,0.9992006321820017,0.0004095822253208667
01096.jpg,1,4,有漂浮物,4,有漂浮物,,,,,,,1.2714320830408793e-05,2.0761525095013037e-05,0.0009843912077529262,4.063184927231702e-05,0.9989193616212177,2.213947583173126e-05
01102.jpg,1,4,有漂浮物,4,有漂浮物,,,,,,,2.6022198874207493e-05,7.267505058293541e-05,0.0005941395160525119,8.626775260981722e-05,0.9991554870338184,6.540844806207347e-05
01103.jpg,1,4,有漂浮物,4,有漂浮物,,,,,,,2.9452630673384805e-05,0.00013872414832674402,0.002759526374714791,0.0005689173587800707,0.9964812577255806,2.212176192448666e-05
01107.jpg,1,4,有漂浮物,4,有漂浮物,,,,,,,3.8600884009681535e-06,4.945233405549975e-05,0.0003138294463800631,0.00010454875060483513,0.9995229029581919,5.406422366951313e-06
01115.jpg,1,4,有漂浮物,4,有漂浮物,,,,,,,3.0455889045535967e-05,4.0602016688841344e-05,0.000444105653305644,0.00027353485071588606,0.9991962405465096,1.5061043734331937e-05
01121.jpg,1,4,有漂浮物,4,有漂浮物,,,,,,,6.214231380494012e-05,0.00010055246719423661,0.0008029395884470684,0.000416410911696916,0.9985178149753983,0.00010013974345852689
01122.jpg,1,4,有漂浮物,4,有漂浮物,,,,,,,7.126412543080439e-05,0.00020871390956124896,2.227166828600025e-05,0.0008229372842563356,0.9988383874531612,3.642555930443076e-05
01126.jpg,1,4,有漂浮物,4,有漂浮物,,,,,,,9.2209922417419e-05,0.0001884540038617025,0.001111499047379866,0.0007264589614228753,0.9977388367815567,0.00014254128336141627
01127.jpg,1,4,有漂浮物,4,有漂浮物,,,,,,,0.00010639462172135021,9.202210426974846e-05,0.0007715026323251144,0.00038090773233120825,0.9985414906396507,0.00010768226970197095
01129.jpg,1,4,有漂浮物,4,有漂浮物,,,,,,,3.834294761566289e-05,6.992048458299102e-05,0.0006222599166393683,0.0002035308731521803,0.9990338961437129,3.2049634296952145e-05
01133.jpg,1,4,有漂浮物,4,有漂浮物,,,,,,,4.5319972768487016e-05,0.00018405927194781307,0.0013947632759149658,0.00021913310624946877,0.9980560042213289,0.00010072015179047563
01137.jpg,1,4,有漂浮物,4,有漂浮物,,,,,,,8.38152036384376e-05,3.3397196529277165e-05,0.0026061966933671153,0.00013738243124563596,0.9971196135137473,1.9594961472162085e-05
01142.jpg,1,4,有漂浮物,4,有漂浮物,,,,,,,0.00015220056655459172,9.641598069776835e-05,0.001369058823282795,0.0005230022191982125,0.9977702543012019,8.90681090645322e-05
01148.jpg,1,4,有漂浮物,4,有漂浮物,,,,,,,6.646668185898268e-06,3.034180298622957e-05,1.0124226401469155e-05,1.3698847066743413e-05,0.9986276449412329,0.0013115435141266669
01149.jpg,1,4,有漂浮物,4,有漂浮物,,,,,,,4.589064576665897e-06,3.109825368452521e-05,1.1607287343451177e-05,1.0577477141341822e-05,0.9984074288378226,0.0015346990794313621
01154.jpg,1,4,有漂浮物,4,有漂浮物,,,,,,,8.22853804222835e-06,6.492825055671662e-05,3.032432629097428e-05,2.1255510172418416e-05,0.9986074409185355,0.0012678224564022767
01159.jpg,1,4,有漂浮物,4,有漂浮物,,,,,,,2.0615069496304024e-05,5.772559939845167e-05,2.7671945235091045e-05,5.20945929572157e-05,0.9982520396373901,0.0015898531555229658
01164.jpg,1,4,有漂浮物,4,有漂浮物,,,,,,,1.3410961391457907e-05,2.9474319488279554e-05,1.7623160325132504e-05,3.744613092075277e-05,0.9978158131229906,0.0020862323048837245
01168.jpg,1,4,有漂浮物,4,有漂浮物,,,,,,,1.0368435538846709e-05,2.847219310613928e-05,2.2303899204962738e-05,5.0113796938314093e-05,0.9981944129025326,0.0016943287726789227
01172.jpg,1,4,有漂浮物,4,有漂浮物,,,,,,,1.0654813004655333e-05,1.479535435179763e-05,9.874470875670103e-06,3.481699336706556e-05,0.9994906426344656,0.0004392157339349951
01174.jpg,1,4,有漂浮物,4,有漂浮物,,,,,,,4.49722618343603e-05,8.21028137825474e-05,8.027196349753342e-05,7.931359465308797e-05,0.9949994879154049,0.004713851450827542
01177.jpg,1,4,有漂浮物,4,有漂浮物,,,,,,,1.725383001707495e-05,4.531048686813454e-06,1.1090114433872455e-06,1.8342279092662214e-05,0.9999268363336025,3.192749715765243e-05
01182.jpg,1,4,有漂浮物,4,有漂浮物,,,,,,,1.7823493035041725e-06,1.4642958216443685e-06,3.179064557276146e-08,4.4514984399012926e-07,0.9999948925998102,1.3838145751293837e-06
01186.jpg,1,4,有漂浮物,4,有漂浮物,,,,,,,1.5853671838151987e-05,2.497762024199221e-05,2.0235270576886242e-07,0.00011672026633205738,0.9998310807357257,1.1165353156388553e-05
01190.jpg,1,4,有漂浮物,4,有漂浮物,,,,,,,0.0031207711613063737,8.483487602194144e-06,4.0213092101060295e-05,0.0019369174527904213,0.9948917464749828,1.8683312172186455e-06
01194.jpg,1,4,有漂浮物,4,有漂浮物,,,,,,,3.6141572420734157e-05,5.448558754959868e-07,4.4773288848563495e-08,4.123005251647027e-05,0.9999219637010978,7.504480055878456e-08
01199.jpg,1,4,有漂浮物,4,有漂浮物,,,,,,,4.042785582094354e-05,5.15464279907326e-07,1.4165867255494545e-07,8.317540168604111e-06,0.9999504003313386,1.9714971919354028e-07
01204.jpg,1,4,有漂浮物,4,有漂浮物,,,,,,,0.0005089591721997447,5.632620689009752e-06,5.207314622054535e-07,0.0031926714795117586,0.9962885230717747,3.692924362586419e-06
01208.jpg,1,4,有漂浮物,4,有漂浮物,,,,,,,1.4225077072693717e-05,4.427800398388305e-06,1.0200393993134285e-06,0.0005056581521875582,0.9994741184379811,5.504929608208909e-07
01214.jpg,1,4,有漂浮物,4,有漂浮物,,,,,,,0.00023901899077160646,1.0138506327633116e-05,5.296967164991363e-06,0.0021920399942907186,0.9975421667251316,1.1338816313443019e-05
01217.jpg,1,4,有漂浮物,4,有漂浮物,,,,,,,2.0302747375917464e-05,1.683724193882157e-05,1.3793664119978097e-05,9.946054002750751e-05,0.9998454186471389,4.18715939884992e-06
01221.jpg,1,4,有漂浮物,4,有漂浮物,,,,,,,2.2219662932279745e-05,8.703106774800027e-06,4.591768538096638e-06,4.463356982499131e-05,0.9999168192030695,3.032688860131868e-06
01229.jpg,1,4,有漂浮物,4,有漂浮物,,,,,,,0.0030568514798238267,0.0004130155670280121,0.004575073355963101,0.0008605757136416891,0.9883992677426681,0.002695216140875311
01234.jpg,1,4,有漂浮物,4,有漂浮物,,,,,,,0.0005525867174481448,0.00018419125410493116,0.0009232718842232808,0.0007281246450775764,0.9975075874349628,0.00010423806418320933
01236.jpg,1,4,有漂浮物,4,有漂浮物,,,,,,,0.00034862586384080307,0.00025230514788500354,0.0006331995410309056,0.0007628796451532867,0.9978596853721393,0.00014330442995061729
01237.jpg,1,4,有漂浮物,4,有漂浮物,,,,,,,0.0008192156090798098,0.0002700615854964576,0.002978571339932307,0.00036887527463665457,0.994729886540898,0.0008333896499566438
01240.jpg,1,4,有漂浮物,4,有漂浮物,,,,,,,0.00016114332698583653,0.00015939614132970363,0.0006200901266086468,0.00039607438576594203,0.9986046195956387,5.867642367109637e-05
02043.jpg,1,3,乱占,3,乱占,,,,,,,0.0020721374735031633,4.920526115292861e-05,4.8799873977605413e-05,0.9977482823959812,3.457069589285792e-05,4.7004299492239256e-05
02049.jpg,1,3,乱占,3,乱占,,,,,,,0.020045151612125313,0.0003389267565635873,0.0023725110873697533,0.9434802849526713,0.033481517978289736,0.0002816076129803731
02055.jpg,1,0,乱采,0,乱采,,,,,,,0.934513948997235,4.1715719937837566e-05,2.8410503854743637e-05,0.014231343765080845,0.051183093231341494,1.487782549885945e-06
02056.jpg,1,0,乱采,0,乱采,,,,,,,0.9141723963840547,0.0006265012589656173,0.004412644709925036,0.04053203795340261,0.040148381728960555,0.0001080379646914838
02060.jpg,1,2,乱堆,2,乱堆,,,,,,,0.007331115442913718,0.0009455403263702253,0.6926509159438227,0.0009900065239867226,0.29755069888668034,0.0005317228762263105
02064.jpg,1,0,乱采,0,乱采,,,,,,,0.9995336753945456,1.2947787668410356e-05,0.0001800988217357374,8.666795316430801e-05,0.0001801271829068812,6.482859979310988e-06
02068.jpg,1,0,乱采,0,乱采,,,,,,,0.9949667563194113,6.963287305039543e-06,1.0623080571027351e-05,0.005009635600580711,1.5560643955248383e-06,4.465647736569161e-06
02072.jpg,1,3,乱占,3,乱占,,,,,,,0.003964602059519083,2.5067138908233368e-05,2.316695903226143e-05,0.8238216385502554,0.17213776901460323,2.775627768195144e-05
02076.jpg,1,3,乱占,3,乱占,,,,,,,0.0002954715219789152,0.0006043165313217521,0.00019683260225782483,0.9970300876611785,0.0017725070333214146,0.00010078464994157196
02080.jpg,1,3,乱占,3,乱占,,,,,,,0.0044901643849595595,3.455263335216681e-05,1.7086687273784977e-05,0.9752937563066524,0.019800856943653015,0.00036358304410918604
02087.jpg,1,3,乱占,3,乱占,,,,,,,0.0006220469994572602,0.0001451676926066156,5.621291761097406e-05,0.9704488724034348,0.02850999415544434,0.00021770583144608524
02091.jpg,1,3,乱占,3,乱占,,,,,,,0.0001466311555589883,0.0006281573842096506,7.727926431537597e-05,0.8661166943655736,0.12149445562052444,0.01153678220981793
02095.jpg,1,0,乱采,0,乱采,,,,,,,0.9696310970275445,2.0549571399087208e-05,0.0004463419587582533,0.02735813393086727,0.0021095459247571944,0.00043433158667361896
02099.jpg,1,2,乱堆,2,乱堆,,,,,,,0.003137184628248158,0.00028638250557420756,0.9867486862171441,0.0019530483304272515,0.0023060261965457836,0.0055686721220605
02101.jpg,1,2,乱堆,2,乱堆,,,,,,,0.012528157277049121,0.00041477777640992194,0.9774123890646377,0.0013697827002881425,0.0038712242550686705,0.0044036689265468405
02105.jpg,1,2,乱堆,2,乱堆,,,,,,,0.0004401435528397203,0.0002285357715096706,0.9883720131638887,0.0009473100783337098,0.004072811912421072,0.005939185521007141
02110.jpg,1,2,乱堆,2,乱堆,,,,,,,0.04153459250308603,0.0007825406369209791,0.8908104404686737,0.009997478882356052,0.03011585818980382,0.026759089319159216
02115.jpg,1,3,乱占,3,乱占,,,,,,,0.0006560401307794211,1.4764237994722853e-05,9.430712237765409e-05,0.9974683964495632,0.0017205354464071042,4.595661287783439e-05
02120.jpg,1,3,乱占,3,乱占,,,,,,,0.0008549139896933252,1.7045517836815868e-05,3.2394386432694344e-05,0.9969070183519338,0.002080673082598211,0.00010795467150525722
02124.jpg,1,0,乱采,0,乱采,,,,,,,0.8023714722564269,0.0011931369038496989,0.0750729161610024,0.0023171356248565308,0.115108025635024,0.003937313418840534
02129.jpg,1,3,乱占,3,乱占,,,,,,,0.00493586085186674,0.0012049143690226656,0.01892099064833295,0.8636231452529753,0.105461605502232,0.0058534833755703244
02130.jpg,1,3,乱占,3,乱占,,,,,,,0.001932925481648246,0.00029840841299431903,0.00023844566331066835,0.9930058929189446,0.0017511499411246789,0.002773177581977739
02135.jpg,1,3,乱占,3,乱占,,,,,,,0.0006675330515796776,0.00018452850020355107,0.0002755521279778789,0.9796042283092444,0.013359442731278573,0.005908715279715956
02139.jpg,1,2,乱堆,2,乱堆,,,,,,,0.0005683965623426452,0.00011959006018560742,0.983621335952494,0.0004426083841137146,0.01516690568390576,8.116335695809884e-05
02143.jpg,1,3,乱占,3,乱占,,,,,,,0.0008937212667761703,5.0971993368238046e-05,0.00038001258313088065,0.9955619726062825,0.002508598737211667,0.0006047228132307834
02147.jpg,1,3,乱占,3,乱占,,,,,,,0.00014680062402827658,2.0026132457365386e-05,0.00011678788629526178,0.9981245156985088,0.0011314438141312453,0.0004604258445791147
02486.jpg,1,1,乱建,3,乱占,,,,,,,0.0024869657798685125,0.027055329174839795,0.046218256431904234,0.9195741522117468,0.002243456427746736,0.002421839973893815
00004.jpg,2,4,有漂浮物,4,有漂浮物,,,,,,,0.00023404717286035237,0.00016184367988150898,0.00271883658881577,0.0022441577294709495,0.9940477186757459,0.0005933961532254013
00009.jpg,2,4,有漂浮物,4,有漂浮物,,,,,,,0.023237849241133014,0.0020504889257803977,0.0022550028920248224,0.00015724239407429434,0.9674134557166223,0.004885960830365057
00014.jpg,2,4,有漂浮物,4,有漂浮物,,,,,,,3.0326504388654857e-05,0.00029630069972681316,0.0001420659472924113,2.7438614665788053e-05,0.9992993001303752,0.000204568103551256
00019.jpg,2,4,有漂浮物,4,有漂浮物,,,,,,,3.6602282122858715e-06,2.731215211155445e-06,4.201102555631061e-08,1.001023525078789e-05,0.9999609841482284,2.257216207171274e-05
00023.jpg,2,4,有漂浮物,4,有漂浮物,,,,,,,1.6469922281870505e-05,1.664251939134754e-05,5.5278398987631184e-05,1.3071353466793264e-05,0.9997684091238958,0.00013012868197659875
00028.jpg,2,4,有漂浮物,4,有漂浮物,,,,,,,0.0011011952214640072,0.008967275756187618,5.20118444771001e-05,0.30712766674125924,0.678713299249925,0.004038551186686973
00033.jpg,2,5,正常,4,有漂浮物,,,,,,,4.5524862019194605e-06,2.0074138834422773e-05,9.333867772307952e-06,0.0031195169218343134,0.9968370932781132,9.429307243780133e-06
00037.jpg,2,4,有漂浮物,4,有漂浮物,,,,,,,1.2858130496939827e-05,0.00011351715072591285,9.68569961896855e-05,0.00013394659028580095,0.9993491693292146,0.0002936518030868588
00041.jpg,2,4,有漂浮物,4,有漂浮物,,,,,,,7.919925319072386e-05,8.935314066182729e-05,9.12885232687223e-05,9.192524934828639e-05,0.9990747486257412,0.0005734852077892854
00045.jpg,2,4,有漂浮物,4,有漂浮物,,,,,,,4.86908767123431e-06,1.4964097490022312e-06,3.1512390078409997e-06,1.0821562299493653e-06,0.9999819770775004,7.424029841698392e-06
00050.jpg,2,4,有漂浮物,4,有漂浮物,,,,,,,9.235648935845204e-06,8.686188518751099e-06,5.897877321543603e-05,1.5959612235262729e-06,0.9998930998851785,2.8403542927892273e-05
00054.jpg,2,4,有漂浮物,4,有漂浮物,,,,,,,0.00036993746011648244,0.0006659725791909582,0.00043650595251027075,2.1743040156474966e-05,0.9966168173913198,0.0018890235767059069
00058.jpg,2,4,有漂浮物,4,有漂浮物,,,,,,,0.0001834194333033285,2.4686057249733275e-05,1.932610191544985e-05,1.6375042398599356e-05,0.999718984385143,3.720897998986807e-05
00064.jpg,2,5,正常,4,有漂浮物,,,,,,,0.005713746003780578,0.006990891766539972,0.00766833518084437,0.017311025141609687,0.960354899557555,0.0019611023496701797
00067.jpg,2,4,有漂浮物,4,有漂浮物,,,,,,,0.0008307623855217548,9.77401013252474e-05,1.4291382916059443e-05,0.00025416344987183755,0.9984088149357743,0.00039422774459081027
00069.jpg,2,4,有漂浮物,4,有漂浮物,,,,,,,7.289278080936677e-08,8.867199166054353e-07,2.8174768094257307e-07,2.200340555389858e-05,0.9999649957003295,1.1759533738417675e-05
00074.jpg,2,4,有漂浮物,4,有漂浮物,,,,,,,9.753120829493744e-06,0.00015225481061388436,1.0167197913644348e-05,0.00016617057588484848,0.9978647705548573,0.001796883739900822
00079.jpg,2,4,有漂浮物,4,有漂浮物,,,,,,,1.239720617070672e-05,1.854222234038819e-05,4.261387592980515e-05,4.9914783873665986e-05,0.999687848545015,0.0001886833666703422
00083.jpg,2,4,有漂浮物,4,有漂浮物,,,,,,,6.501248049096673e-06,6.33681275733229e-05,7.074261573015924e-06,0.0028602676434523744,0.9965078876866234,0.0005549010327289429
00084.jpg,2,4,有漂浮物,4,有漂浮物,,,,,,,5.013739641200683e-05,0.00014414112957205285,1.2830473399597513e-05,0.005884088664503153,0.9918616881396055,0.002047114196507603
00088.jpg,2,4,有漂浮物,4,有漂浮物,,,,,,,0.00045149159934430134,5.351810330536362e-05,7.167388757604642e-06,3.427302577161993e-05,0.9992610737623661,0.00019247612045505293
00092.jpg,2,4,有漂浮物,4,有漂浮物,,,,,,,0.0313380028979303,0.0034679333553605616,0.05848050068266019,0.001879114570741746,0.8977203187215376,0.0071141297717695
00098.jpg,2,4,有漂浮物,4,有漂浮物,,,,,,,0.011965256285854469,0.02091293895788131,0.0026519590036695375,0.0024780584400798792,0.8075779290417917,0.15441385827072304
00102.jpg,2,4,有漂浮物,4,有漂浮物,,,,,,,2.6152910739923665e-05,3.900201140388139e-05,5.364090477082761e-06,0.0003623379803109097,0.9994868580463765,8.028496069164321e-05
00106.jpg,2,4,有漂浮物,4,有漂浮物,,,,,,,1.7912320383699734e-05,8.061811442800806e-05,0.0001397452701247013,2.4097967392693505e-06,0.9943452786503082,0.005414035848016195
00112.jpg,2,4,有漂浮物,4,有漂浮物,,,,,,,7.649504871624062e-07,2.653762858095963e-05,2.778016187572716e-06,4.019938881978215e-06,0.9997853823392787,0.00018051712658360674
00116.jpg,2,4,有漂浮物,4,有漂浮物,,,,,,,1.970695601552201e-08,3.1575235477148816e-07,1.0654366155785691e-07,6.653178027695235e-08,0.9999951583178684,4.3331473789866974e-06
00118.jpg,2,4,有漂浮物,4,有漂浮物,,,,,,,0.0002701109736093653,0.0011495299381405531,3.4924910171633536e-06,0.033432580440527805,0.9634973189586817,0.0016469671980232914
00122.jpg,2,4,有漂浮物,4,有漂浮物,,,,,,,1.441107816278396e-07,3.133177875246147e-07,8.165794972360752e-08,2.1985414345569784e-05,0.9999729057134209,4.5697857145445265e-06
00124.jpg,2,4,有漂浮物,4,有漂浮物,,,,,,,6.5279123765357e-08,3.828496039991566e-07,1.128107608716343e-07,1.4076959996318547e-07,0.999963295883602,3.600240730952967e-05
00127.jpg,2,4,有漂浮物,4,有漂浮物,,,,,,,8.874587709521675e-07,8.834263772154694e-06,4.227835522419756e-06,7.262626034239808e-07,0.9999435449885244,4.177919080661796e-05
00134.jpg,2,4,有漂浮物,4,有漂浮物,,,,,,,3.459882570383567e-06,7.193821837975238e-06,2.0150782864544465e-06,0.00016334303919514638,0.9997933212203476,3.06669577625051e-05
00139.jpg,2,4,有漂浮物,4,有漂浮物,,,,,,,4.082421945655202e-06,2.1575863413028427e-05,1.0785962014946258e-05,4.182554141129823e-06,0.9998037387001539,0.00015563449833125032
00143.jpg,2,4,有漂浮物,4,有漂浮物,,,,,,,3.96952961719013e-06,1.2092250179106668e-05,6.7751272778706706e-06,5.168312554475707e-05,0.9997156754507146,0.000209804516666463
00144.jpg,2,4,有漂浮物,4,有漂浮物,,,,,,,0.26782662125917894,0.0011969533494635655,0.012635976178988493,0.000180761821230501,0.7136268693348873,0.004532818056251128
00148.jpg,2,4,有漂浮物,4,有漂浮物,,,,,,,0.0013781607672404756,0.00029872286655898274,0.00043502772050891056,5.8261417921029255e-06,0.9406596266204527,0.05722263588344688
00153.jpg,2,4,有漂浮物,4,有漂浮物,,,,,,,0.0001452111502625943,0.0004773706396725758,6.713270270441794e-05,0.0004316005128620238,0.9652249224739555,0.0336537625205428
00159.jpg,2,4,有漂浮物,4,有漂浮物,,,,,,,4.621561102808578e-05,0.001653987155514062,5.245383348266785e-05,0.04563020657468602,0.9441005318279939,0.008516604997295077
00165.jpg,2,4,有漂浮物,4,有漂浮物,,,,,,,1.699277445859172e-06,4.679148719863446e-06,2.259001870673839e-06,1.9721906943579433e-06,0.9999695983514026,1.9792029866698134e-05
00170.jpg,2,4,有漂浮物,4,有漂浮物,,,,,,,1.0680980787606991e-05,2.2636082568024796e-05,1.0276219445208676e-06,1.0545868676721512e-05,0.9998565245714104,9.858487461273577e-05
00175.jpg,2,4,有漂浮物,4,有漂浮物,,,,,,,1.8279967465162414e-07,3.0644032561437523e-06,2.0265264320377812e-06,1.108275301661355e-06,0.9999754545593148,1.8163436020817557e-05
00180.jpg,2,4,有漂浮物,4,有漂浮物,,,,,,,2.3065700480651182e-05,5.209498171158422e-05,3.0620666691793475e-05,1.8557159162716793e-06,0.9997281810546547,0.0001641818805448678
00184.jpg,2,4,有漂浮物,4,有漂浮物,,,,,,,2.6472248119612186e-06,4.126774177893625e-06,1.3361713450633862e-06,8.34718546012768e-06,0.9999262807410851,5.7261903119927386e-05
00186.jpg,2,4,有漂浮物,4,有漂浮物,,,,,,,8.910372302128292e-07,2.049966318359367e-05,1.8114960435136106e-06,6.906029893581503e-06,0.9996918591607293,0.000278032612919861
00189.jpg,2,4,有漂浮物,4,有漂浮物,,,,,,,7.473146488590206e-07,9.482712174855988e-07,4.451304466538325e-08,4.2084397324645966e-07,0.9999921954825105,5.64357460518021e-06
00193.jpg,2,4,有漂浮物,4,有漂浮物,,,,,,,1.4727481251332497e-07,1.0722362899539979e-06,1.625570330302923e-06,1.0758762207336327e-06,0.9999637809776909,3.229806465561097e-05
00197.jpg,2,4,有漂浮物,4,有漂浮物,,,,,,,6.289008996375234e-05,0.00037244028185302527,0.0019297074103125631,0.0006534865956367717,0.9170049870373217,0.07997648858491206
00202.jpg,2,4,有漂浮物,4,有漂浮物,,,,,,,0.000631305140708094,5.452063828078765e-05,2.0205977470268287e-05,0.0001512276552866783,0.999027231600646,0.00011550898760808058
00207.jpg,2,4,有漂浮物,4,有漂浮物,,,,,,,4.80678904808493e-06,1.4089386362791309e-05,3.795794915389158e-06,4.596250045728182e-06,0.9997573384586786,0.00021537332094932009
00213.jpg,2,4,有漂浮物,4,有漂浮物,,,,,,,0.00033928968056894527,9.871752573395004e-05,0.00146225106965891,1.549160487527436e-05,0.991601893273033,0.006482356846129825
00214.jpg,2,4,有漂浮物,4,有漂浮物,,,,,,,1.0413814711512519e-05,2.195516230787864e-05,8.976919839538834e-06,0.0001254841881928945,0.9996153941536724,0.00021777576127581137
00220.jpg,2,4,有漂浮物,4,有漂浮物,,,,,,,0.002270057560365101,0.001290933905885474,0.00077818913464953,0.000315344388675999,0.9908887720117331,0.004456702998690934
00225.jpg,2,4,有漂浮物,4,有漂浮物,,,,,,,7.58090338764583e-05,6.799471602175553e-05,0.00012003800085112011,5.39099206727384e-06,0.9987996880993946,0.0009310791577886092
00229.jpg,2,4,有漂浮物,4,有漂浮物,,,,,,,3.632698417199847e-08,2.3197183877929205e-07,3.2428736849190436e-07,1.3182712432310904e-07,0.9999868065131158,1.246907356837964e-05
00233.jpg,2,4,有漂浮物,4,有漂浮物,,,,,,,0.00020476207278888035,6.895165612483176e-05,0.0006529399253510946,2.6536897162303458e-05,0.9978777600541334,0.0011690493944394897
00453.jpg,2,4,有漂浮物,4,有漂浮物,,,,,,,0.00012347702034394046,1.04735094194284e-06,2.3804937439993952e-05,0.00023897852546877671,0.9996115844282402,1.107737565195607e-06
00454.jpg,2,4,有漂浮物,4,有漂浮物,,,,,,,0.000501451668626614,2.699083983067048e-06,5.6164686128388575e-05,0.0002981442095559047,0.9991377720187843,3.7683329216443815e-06
00458.jpg,2,4,有漂浮物,4,有漂浮物,,,,,,,0.0010647960775020003,3.753805400934692e-06,0.00012173132596195993,0.0016427144786662097,0.99715972866807,7.2756443989558485e-06
00460.jpg,2,4,有漂浮物,4,有漂浮物,,,,,,,0.0001285530696094103,1.4750843643164023e-06,1.2955625834573282e-05,0.000753864880216685,0.9991014961046876,1.6552352874663234e-06
00461.jpg,2,4,有漂浮物,4,有漂浮物,,,,,,,2.809437788709157e-05,3.333704683336855e-07,3.799037194656964e-06,5.9585034329804596e-05,0.9999072360165607,9.521635593316802e-07
00462.jpg,2,4,有漂浮物,4,有漂浮物,,,,,,,2.725413445835318e-05,1.518557511043912e-06,5.307237438887352e-05,0.00011478230338751447,0.9998018578052309,1.5148250232327254e-06
00463.jpg,2,4,有漂浮物,4,有漂浮物,,,,,,,0.0007480593597963746,4.278489710010623e-06,9.590802920980488e-05,0.001131134202902641,0.9980140076453202,6.612273060870393e-06
00464.jpg,2,4,有漂浮物,4,有漂浮物,,,,,,,1.3198263753651553e-05,6.696458928523903e-07,2.0827662584750276e-05,0.00023065992361099436,0.9997335470700413,1.0974341164530116e-06
00471.jpg,2,4,有漂浮物,4,有漂浮物,,,,,,,9.884025692414478e-05,3.335992733192934e-06,0.0001445949423208002,0.00024284052702691815,0.9995069660622954,3.422218699528694e-06
00476.jpg,2,4,有漂浮物,4,有漂浮物,,,,,,,2.9788315754904648e-05,1.8857537397920828e-06,5.6875705814098194e-05,0.00013431985492351036,0.9997760343289271,1.0960408404365456e-06
00480.jpg,2,4,有漂浮物,4,有漂浮物,,,,,,,0.00011814910165012035,4.317975051150562e-06,0.0002525414007293189,0.0006462880676995472,0.9989687716112258,9.931843643972514e-06
00482.jpg,2,4,有漂浮物,4,有漂浮物,,,,,,,0.002628375898453506,1.1983678311922505e-05,0.000964633870348562,0.0007573111605392573,0.9956259882997033,1.170709264354579e-05
00485.jpg,2,4,有漂浮物,4,有漂浮物,,,,,,,0.0016596446809198512,4.324519363719846e-05,0.0014297690166065597,0.004755644840059323,0.9920210723714322,9.062389734499217e-05
00486.jpg,2,4,有漂浮物,4,有漂浮物,,,,,,,0.00020461659593506596,1.530578389335552e-05,0.0001949141901143167,0.0010960580636215187,0.998467355065793,2.1750300642680873e-05
00487.jpg,2,4,有漂浮物,4,有漂浮物,,,,,,,0.00023611901873059677,4.0384025717224396e-05,0.0010920764458472094,0.001267464102603968,0.9973077554901548,5.620091694627224e-05
00491.jpg,2,4,有漂浮物,4,有漂浮物,,,,,,,4.441466611306132e-06,2.5458431538539096e-06,7.760880195696943e-06,5.439778211431387e-05,0.9999290503173106,1.8037106143602968e-06
00496.jpg,2,4,有漂浮物,4,有漂浮物,,,,,,,1.4115481893162782e-05,1.3072028719613353e-06,5.188046869094931e-06,9.823433348214335e-06,0.9999651447994579,4.4210355598440036e-06
00500.jpg,2,4,有漂浮物,4,有漂浮物,,,,,,,1.6425013540176176e-09,7.664394323862508e-08,3.0046365083996483e-09,7.64875841474328e-08,0.9999998220660359,2.0155298975603337e-08
00504.jpg,2,4,有漂浮物,4,有漂浮物,,,,,,,2.9370658058918433e-06,4.656155219897965e-05,2.0047211699221064e-06,2.3697729916975908e-05,0.9999048084081883,1.9990522719956404e-05
00505.jpg,2,4,有漂浮物,4,有漂浮物,,,,,,,7.848280863191903e-07,4.891839986761885e-06,2.6949352039204483e-07,2.5236765910097705e-06,0.9999870541183032,4.476043512489124e-06
00509.jpg,2,4,有漂浮物,4,有漂浮物,,,,,,,4.006027391070105e-09,1.700360909392717e-07,4.507157317542528e-09,4.2812149238778334e-08,0.9999997263135639,5.232501124471546e-08
00513.jpg,2,4,有漂浮物,4,有漂浮物,,,,,,,2.076359244033081e-08,5.961335495085724e-07,1.2076468602827938e-08,1.8678589069534035e-07,0.9999984114700237,7.727704749865422e-07
00515.jpg,2,4,有漂浮物,4,有漂浮物,,,,,,,7.250058738935677e-08,3.0586477508813213e-06,1.3281169687136507e-07,3.4633220160424823e-06,0.9999907001894968,2.5725284520456634e-06
00518.jpg,2,4,有漂浮物,4,有漂浮物,,,,,,,1.4129325595717183e-08,5.011291070822821e-07,1.0762380167629557e-08,7.675374584699556e-07,0.9999985817626734,1.2467905532385253e-07
00522.jpg,2,4,有漂浮物,4,有漂浮物,,,,,,,0.0008013292184266329,0.0014276817065922531,0.0025686300487744165,8.124564554669719e-05,0.9944020523800877,0.0007190610005722199
00526.jpg,2,4,有漂浮物,4,有漂浮物,,,,,,,3.09938614552021e-05,3.1938483994972916e-05,0.0015859375868810437,0.0001892557423728245,0.9975490505038305,0.0006128238214653148
00530.jpg,2,4,有漂浮物,4,有漂浮物,,,,,,,7.293620499350644e-05,2.03694776426366e-05,0.0002828172776437888,0.0009268273175396007,0.9983551111806197,0.00034193854156083325
00536.jpg,2,4,有漂浮物,4,有漂浮物,,,,,,,0.00035706481842020843,3.465586223361285e-05,0.0024921324003603466,0.0006857994275514415,0.9958864174937413,0.0005439299976930716
00538.jpg,2,4,有漂浮物,4,有漂浮物,,,,,,,7.867438807773245e-05,1.2579025950714433e-05,0.000699844693905377,0.0017746294190950414,0.9973924730107617,4.1799462209533584e-05
00548.jpg,2,4,有漂浮物,4,有漂浮物,,,,,,,0.00015793167472731958,3.626035954653992e-05,0.01140938851763953,0.00033740287450284757,0.9875880055688768,0.00047101100470687223
00551.jpg,2,4,有漂浮物,4,有漂浮物,,,,,,,0.00012057914542586337,3.791845597621768e-05,0.003709731147700478,0.00042129190932483203,0.9951442832042441,0.0005661961373284569
00555.jpg,2,4,有漂浮物,4,有漂浮物,,,,,,,1.2207998541839275e-05,2.5464201415194302e-05,3.7347766566884215e-05,2.4619294771634825e-05,0.9989777184582473,0.0009226422804573053
00561.jpg,2,4,有漂浮物,4,有漂浮物,,,,,,,0.00010735406330744544,5.109430476023231e-05,8.109950215502663e-05,7.214953786404722e-05,0.9979744722305117,0.001713830361401502
00565.jpg,2,4,有漂浮物,4,有漂浮物,,,,,,,8.311566138504756e-06,1.599339096615854e-05,5.895066099827779e-05,6.49929609114233e-05,0.9997946728228421,5.707859814349811e-05
00570.jpg,2,4,有漂浮物,4,有漂浮物,,,,,,,1.3498445387493413e-05,1.659486770209895e-05,3.323871360200076e-05,4.935975113010865e-05,0.9991927531204705,0.000694555101707806
00574.jpg,2,4,有漂浮物,4,有漂浮物,,,,,,,1.4198736527274972e-05,2.6291314427010568e-05,7.398692678429135e-05,2.096950533604719e-05,0.9991395761146058,0.0007249774023195532
00579.jpg,2,4,有漂浮物,4,有漂浮物,,,,,,,2.6381031928404006e-05,4.183206037466921e-05,0.00012566928726181586,1.8635805226757902e-05,0.9994011986569384,0.00038628315827010797
00584.jpg,2,4,有漂浮物,4,有漂浮物,,,,,,,0.000728616133652955,2.2582689529611412e-05,7.988936356984081e-05,0.0006267438618616965,0.9984912953729675,5.087257841827243e-05
00589.jpg,2,4,有漂浮物,4,有漂浮物,,,,,,,1.0182131614111958e-05,1.4930125298408524e-05,2.476269421627294e-05,3.3563672233139417e-06,0.999936613712908,1.015496874002329e-05
00594.jpg,2,4,有漂浮物,4,有漂浮物,,,,,,,2.8780633248603615e-05,1.4455889545716856e-05,3.177601276242759e-05,3.1483610324313154e-06,0.9998995410196754,2.2298083735470088e-05
00598.jpg,2,4,有漂浮物,4,有漂浮物,,,,,,,5.8139052502695774e-05,2.7679497316251e-05,0.00011456583994711074,1.782500843676734e-05,0.9997681773445716,1.3613257225555119e-05
00602.jpg,2,4,有漂浮物,4,有漂浮物,,,,,,,6.875240452773955e-06,4.444551744234277e-06,5.405707729781096e-06,6.310892985823491e-06,0.999975021552868,1.9420542194263948e-06
00603.jpg,2,4,有漂浮物,4,有漂浮物,,,,,,,1.4642652097987368e-06,2.8951572133896618e-06,2.798433838094086e-06,2.9688903482940443e-06,0.9999874738291672,2.3994242233186366e-06
00607.jpg,2,4,有漂浮物,4,有漂浮物,,,,,,,3.5616282245240864e-05,1.641698214733647e-05,3.986383737035109e-05,1.9814533041611607e-05,0.9998774982263414,1.0790138854054999e-05
00611.jpg,2,4,有漂浮物,4,有漂浮物,,,,,,,0.00010989989958505536,2.0634321758659402e-05,5.727666114996174e-05,3.525328883467247e-05,0.9997711244494348,5.81137923691906e-06
00616.jpg,2,4,有漂浮物,4,有漂浮物,,,,,,,3.565655264987319e-05,0.0001879149678818298,3.874622493144356e-06,0.014891355392566029,0.9848628800356816,1.83184287274537e-05
00620.jpg,2,4,有漂浮物,4,有漂浮物,,,,,,,1.4395745219486345e-05,2.2715275635389577e-06,3.872905731288639e-07,0.00010516882844496189,0.9998771932588074,5.833493915407926e-07
00626.jpg,2,4,有漂浮物,4,有漂浮物,,,,,,,0.0007507537660398015,4.0916818092053295e-05,2.6797065838398055e-05,0.05134619658856739,0.9478150793563737,2.0256405088754364e-05
00630.jpg,2,4,有漂浮物,4,有漂浮物,,,,,,,0.0008541527965603971,3.959012331666336e-05,0.0001204011579576546,0.009582488979420479,0.9893762898231728,2.7077119572085626e-05
00631.jpg,2,4,有漂浮物,4,有漂浮物,,,,,,,4.2137541554271133e-05,5.756830130641339e-06,4.272414909741309e-06,0.0017854104195035908,0.9981613238675081,1.098926393557629e-06
00635.jpg,2,4,有漂浮物,4,有漂浮物,,,,,,,0.00012730881823039468,6.722316275857546e-06,3.1623347915891035e-05,0.0016781001935596914,0.9981555943186807,6.510053374970269e-07
00637.jpg,2,4,有漂浮物,4,有漂浮物,,,,,,,0.0013314458044622114,1.904072116014685e-05,0.00013473122043022493,0.0068322318151507215,0.991681206932629,1.3435061677920838e-06
00643.jpg,2,4,有漂浮物,4,有漂浮物,,,,,,,4.678596577681365e-05,3.172067210998886e-05,3.1221699100719295e-05,0.002153901702774821,0.997732632270559,3.737689678760753e-06
00648.jpg,2,4,有漂浮物,4,有漂浮物,,,,,,,1.2862100856698862e-05,2.217384094961944e-06,7.085530541943062e-06,0.0003126760846190575,0.9996649669970019,1.9190288556423003e-07
00653.jpg,2,4,有漂浮物,4,有漂浮物,,,,,,,1.3557038220196616e-05,1.5869425040353374e-06,9.218809769799453e-06,0.0002792023775912889,0.9996963268342128,1.0799770185118317e-07
00657.jpg,2,4,有漂浮物,4,有漂浮物,,,,,,,0.00010380537565476105,4.2984162237056465e-05,0.00012285462246053392,0.00019052547253192367,0.9983949939291681,0.0011448364379478073
00661.jpg,2,4,有漂浮物,4,有漂浮物,,,,,,,7.208959121347639e-05,0.00011166554197565733,0.00017526839273816994,0.00024720878224569417,0.9951559646126915,0.004237803079135515
00665.jpg,2,4,有漂浮物,4,有漂浮物,,,,,,,2.12807691922999e-05,5.5224029263288805e-05,0.0001646020632563147,6.629452922477796e-05,0.9987189024749925,0.000973696134070814
00669.jpg,2,4,有漂浮物,4,有漂浮物,,,,,,,9.010668432479837e-05,4.651105109139287e-05,0.0005573660382523656,0.0001873064892521412,0.9972626496556432,0.0018560600814361101
00675.jpg,2,4,有漂浮物,4,有漂浮物,,,,,,,3.6676875309786376e-05,1.045882991176521e-05,0.00028378289447923276,9.348283148817592e-05,0.9995688254184887,6.773150322401268e-06
00680.jpg,2,4,有漂浮物,4,有漂浮物,,,,,,,6.377274656573446e-05,5.89019850486e-05,0.0013990312473983841,0.0002377899515013871,0.9980385534411974,0.00020195062828867063
00681.jpg,2,4,有漂浮物,4,有漂浮物,,,,,,,2.29860525727795e-05,2.7324569788562257e-05,0.0003913157903356506,0.00032372389199647244,0.9992087531652751,2.5896530031562444e-05
00686.jpg,2,4,有漂浮物,4,有漂浮物,,,,,,,2.6820239587101498e-05,2.675934174720126e-05,1.023312279341522e-05,0.0013152642450731235,0.9986157213230016,5.201727797598536e-06
00690.jpg,2,4,有漂浮物,4,有漂浮物,,,,,,,3.0282986116048e-07,7.91922510378209e-06,2.5010705062423273e-06,7.727889004146966e-06,0.999979693425446,1.8555600785919537e-06
00694.jpg,2,4,有漂浮物,4,有漂浮物,,,,,,,7.105890819441089e-06,1.2020429184362769e-05,1.1142449771954746e-05,0.00015935729814067003,0.9998065482988323,3.825633251448386e-06
00697.jpg,2,4,有漂浮物,4,有漂浮物,,,,,,,4.554336415696209e-05,4.355843650444795e-06,0.00016694832280922522,8.481764582161235e-05,0.9996965497778785,1.7850456834399587e-06
00699.jpg,2,4,有漂浮物,4,有漂浮物,,,,,,,0.0003187800024880259,2.3430237070044115e-05,0.00016703363089974103,0.0009019295046706274,0.9985876061999145,1.2204249569812645e-06
00704.jpg,2,4,有漂浮物,4,有漂浮物,,,,,,,2.5591485529737878e-05,3.1676263509259214e-06,2.528065794326667e-05,0.000187760609363226,0.9997574061939868,7.934268258786008e-07
00709.jpg,2,4,有漂浮物,4,有漂浮物,,,,,,,0.004173127830063411,0.0005922467730401063,0.004506322531683017,0.04265794052854095,0.9457537975660628,0.0023165647706097515
00713.jpg,2,4,有漂浮物,4,有漂浮物,,,,,,,5.789052625491432e-06,3.972008879199956e-06,1.4254914792980502e-05,0.00010020377740493539,0.9998734214048353,2.3588414621530674e-06
00717.jpg,2,4,有漂浮物,4,有漂浮物,,,,,,,1.4400496924202166e-05,2.4055164463642443e-06,6.444300904663736e-05,5.572439523221476e-06,0.9999097525724991,3.4259655605610686e-06
00721.jpg,2,4,有漂浮物,4,有漂浮物,,,,,,,2.5814777301353485e-05,2.186231392388486e-05,0.0010487789740921906,0.00016369362265844357,0.9987182212224835,2.162908954050875e-05
00725.jpg,2,4,有漂浮物,4,有漂浮物,,,,,,,1.904622887218738e-05,4.123001902349342e-06,0.00012543464178667226,7.285761037078048e-06,0.9998404676227531,3.642743648527525e-06
00729.jpg,2,4,有漂浮物,4,有漂浮物,,,,,,,1.2761437830521632e-07,2.1092917877990416e-07,1.0102636592997403e-06,4.0215008338579e-06,0.9999945564404691,7.32514807016193e-08
00733.jpg,2,4,有漂浮物,4,有漂浮物,,,,,,,1.916237908080807e-07,5.611692082483525e-07,1.5540200775012395e-06,4.889565217857521e-06,0.9999921894667944,6.141549112014999e-07
00738.jpg,2,4,有漂浮物,4,有漂浮物,,,,,,,6.3991011327097e-09,2.6280495842588407e-07,3.67047464975398e-08,1.8210689698381073e-06,0.999997776073847,9.694837702916837e-08
00740.jpg,2,4,有漂浮物,4,有漂浮物,,,,,,,1.0530837251300107e-06,7.616430644956783e-07,6.883448670775755e-06,1.2392688942792353e-05,0.999978389961557,5.19174039811058e-07
00745.jpg,2,4,有漂浮物,4,有漂浮物,,,,,,,3.322727610210511e-07,2.5608742785936036e-06,4.018053986579546e-06,3.383830542552041e-05,0.999957125616868,2.1248766801563283e-06
00749.jpg,2,4,有漂浮物,4,有漂浮物,,,,,,,5.6240829227423166e-06,5.963294020470484e-06,2.0246590001746883e-05,0.0010887173082830487,0.9988680778402212,1.1370884550766614e-05
00755.jpg,2,4,有漂浮物,4,有漂浮物,,,,,,,0.003677453875818589,7.743699178734607e-05,0.002624312243896187,0.008917187172316652,0.9846383813279969,6.522838818434221e-05
00759.jpg,2,4,有漂浮物,4,有漂浮物,,,,,,,0.00010472481373769995,2.775982857797669e-06,7.045768531344443e-06,9.456774097041876e-06,0.9998701378578869,5.858802889320869e-06
00764.jpg,2,4,有漂浮物,4,有漂浮物,,,,,,,6.309526305241364e-05,1.2419550540353981e-05,2.911629193824878e-05,6.771670943660269e-05,0.999496332144212,0.00033132004082034495
00768.jpg,2,4,有漂浮物,4,有漂浮物,,,,,,,1.3053022403466068e-06,3.6500896163032063e-07,2.148416830694832e-06,3.8090549897498336e-06,0.999991139085723,1.2331312543940175e-06
00773.jpg,2,4,有漂浮物,4,有漂浮物,,,,,,,1.0597159112960035e-05,2.7078397596366547e-05,2.703032359403489e-05,1.3186774021223418e-05,0.9983729666322402,0.0015491407134353185
00777.jpg,2,4,有漂浮物,4,有漂浮物,,,,,,,2.764643341506607e-05,4.5460045081628983e-05,2.7770186593419166e-05,0.0002421946526806088,0.9982368092862081,0.0014201193960212254
00782.jpg,2,4,有漂浮物,4,有漂浮物,,,,,,,0.0035361090078431063,0.00030717760430103315,0.0010447681277047675,0.02203014739015974,0.9730196592481584,6.213862183297581e-05
00785.jpg,2,4,有漂浮物,4,有漂浮物,,,,,,,0.0024537931222806783,0.0003626237076695233,0.0009818269434180734,0.02118374668132439,0.9748897490909801,0.0001282604543273018
00787.jpg,2,4,有漂浮物,4,有漂浮物,,,,,,,3.879364830037345e-05,3.5040189799349903e-06,4.559121497116719e-06,0.002312618977217583,0.9976402700771168,2.5415688823267e-07
00791.jpg,2,4,有漂浮物,4,有漂浮物,,,,,,,0.00020326032530716277,0.00012198582328282794,0.0013288682412196458,0.0003403745540824524,0.9903370708209421,0.007668440235165831
00795.jpg,2,4,有漂浮物,4,有漂浮物,,,,,,,5.75324314243855e-06,1.2107461840782514e-06,3.6277391530815617e-06,0.00012273471883956735,0.9998658208528344,8.526998464832077e-07
00800.jpg,2,4,有漂浮物,4,有漂浮物,,,,,,,6.005077459087204e-06,3.0130916861373635e-06,7.391771777009269e-06,0.0010376651395812466,0.9989437682706497,2.1566488469313265e-06
00806.jpg,2,4,有漂浮物,4,有漂浮物,,,,,,,8.029917908693284e-07,3.8538510853572836e-07,8.773646616349578e-07,7.258300092200259e-05,0.9999250189113098,3.3234620737149837e-07
00810.jpg,2,4,有漂浮物,4,有漂浮物,,,,,,,6.165292101232054e-06,3.081917548068939e-06,3.585372597807238e-06,0.0006805721530269382,0.9993046877160816,1.907548644275193e-06
00813.jpg,2,4,有漂浮物,4,有漂浮物,,,,,,,6.4585381873215056e-06,3.426537379898961e-06,3.8104299540843344e-06,4.661552147037852e-06,0.9999803612874518,1.2816548798658477e-06
00815.jpg,2,4,有漂浮物,4,有漂浮物,,,,,,,8.134676036921999e-07,6.143931070878841e-07,1.6110003913980874e-06,0.0001413697215407454,0.9998549170567652,6.743605916811239e-07
00821.jpg,2,4,有漂浮物,4,有漂浮物,,,,,,,1.0962102645074202e-05,1.6898240155921357e-05,1.1907514140139769e-05,0.0003617706164278699,0.999591178608888,7.282917743142834e-06
00827.jpg,2,4,有漂浮物,4,有漂浮物,,,,,,,4.705225262398943e-06,4.257194493174768e-06,2.149567881857552e-06,0.0002555539873816582,0.9997315223919616,1.8116330194205182e-06
00834.jpg,2,4,有漂浮物,4,有漂浮物,,,,,,,1.5663461782948356e-05,1.1823502385646588e-05,1.8543032936807675e-05,0.00024056609980648518,0.99970669255497,6.7113481181326605e-06
00838.jpg,2,4,有漂浮物,4,有漂浮物,,,,,,,2.229216669764666e-06,5.823775085959072e-06,2.8461265531267295e-06,9.59315942104663e-05,0.9998916007645442,1.5685229362992316e-06
00841.jpg,2,4,有漂浮物,4,有漂浮物,,,,,,,0.00013004587011822768,2.505966854730974e-05,0.00019764500757040205,0.0015081798675609084,0.9981347060864117,4.363499791273575e-06
00843.jpg,2,4,有漂浮物,4,有漂浮物,,,,,,,0.00021339574677091497,2.355044967819739e-05,0.0001746590949873305,0.0016554506488686738,0.9979288148262023,4.129233492605766e-06
00848.jpg,2,4,有漂浮物,4,有漂浮物,,,,,,,9.99140360755328e-06,5.852174160004941e-06,4.3348159410648445e-05,0.0001403232867901282,0.999799260216458,1.2247595736681702e-06
00853.jpg,2,4,有漂浮物,4,有漂浮物,,,,,,,5.045711891579938e-06,1.6861474207977658e-05,2.4356341528476367e-06,0.0006659913012757339,0.9993064405961838,3.2252822879385117e-06
00858.jpg,2,4,有漂浮物,4,有漂浮物,,,,,,,4.959212798639471e-06,5.728153354873435e-06,2.6886535123432564e-06,0.00015178944690529925,0.9998314550734672,3.37945996162095e-06
00862.jpg,2,4,有漂浮物,4,有漂浮物,,,,,,,1.852311218886552e-05,1.5559830446122114e-05,4.735339722274054e-06,0.00048504233830025606,0.9994709787283984,5.16065094401616e-06
00863.jpg,2,4,有漂浮物,4,有漂浮物,,,,,,,2.041038460633135e-05,1.7583248046815727e-05,7.015781808488042e-06,0.0007231819005519431,0.9992244974232111,7.311261775444416e-06
00867.jpg,2,4,有漂浮物,4,有漂浮物,,,,,,,8.590760478997314e-06,7.94788000459248e-06,7.184516203709463e-06,0.00014712672160479233,0.9998259703245257,3.1797971820488253e-06
00871.jpg,2,4,有漂浮物,4,有漂浮物,,,,,,,3.5628137097403975e-06,4.764200107125581e-06,2.8116287298005976e-06,0.00010328393910997889,0.9998835668487506,2.01056959258593e-06
00876.jpg,2,4,有漂浮物,4,有漂浮物,,,,,,,6.627430853283166e-05,6.124305134620066e-05,4.331775685414407e-05,0.0008232020340597524,0.9989754490969275,3.051375227961854e-05
00882.jpg,2,4,有漂浮物,4,有漂浮物,,,,,,,4.23346568051314e-06,5.802641297947294e-06,1.3912928363758692e-05,8.4055650552592e-05,0.9998889298599218,3.065454183491945e-06
00886.jpg,2,4,有漂浮物,4,有漂浮物,,,,,,,3.84911580621349e-05,8.22831117248098e-06,9.107557854557434e-05,7.477003980243856e-05,0.999784961468468,2.4734439493944433e-06
00892.jpg,2,4,有漂浮物,4,有漂浮物,,,,,,,0.00017007281911047097,3.0559007455620577e-05,0.00016635003848610274,0.00010168237122307822,0.9995267260796972,4.609684027546984e-06
00893.jpg,2,4,有漂浮物,4,有漂浮物,,,,,,,6.355655743126185e-05,1.6702993571919702e-05,0.00014120394278664228,8.789641966997107e-05,0.9996889385442519,1.7015422881421531e-06
00894.jpg,2,4,有漂浮物,4,有漂浮物,,,,,,,2.0419676485414753e-05,2.5099048266669066e-06,1.0956508123173015e-05,2.168375062678502e-05,0.999944236214488,1.9394544997808003e-07
00895.jpg,2,4,有漂浮物,4,有漂浮物,,,,,,,0.00022002856910348145,2.610154638434511e-05,0.00014759713735428237,0.00011409771309104134,0.9994868112752252,5.3637588418488595e-06
00899.jpg,2,4,有漂浮物,4,有漂浮物,,,,,,,4.089531705006239e-07,4.170894961321174e-07,2.0210701445179726e-06,2.182818296341123e-06,0.9999948318010443,1.382678481267339e-07
00903.jpg,2,4,有漂浮物,4,有漂浮物,,,,,,,1.0995848080119119e-05,2.820060695418532e-06,3.627642386565729e-06,6.437696119103133e-05,0.9999167422044772,1.4372831698031368e-06
00909.jpg,2,4,有漂浮物,4,有漂浮物,,,,,,,0.00014902229410110985,1.3214324895940506e-05,1.672230138971109e-05,0.0007872254642517501,0.9990299488738136,3.866741548083081e-06
00913.jpg,2,4,有漂浮物,4,有漂浮物,,,,,,,3.7055457369577323e-06,4.544243311710123e-06,2.1971952635695354e-06,1.5510807844523283e-05,0.9999726907220498,1.3514857934463503e-06
00917.jpg,2,4,有漂浮物,4,有漂浮物,,,,,,,4.541745749560292e-07,2.987213202374046e-07,3.1787972746630117e-07,2.2460832252498993e-06,0.9999965370056896,1.4613546258732607e-07
00921.jpg,2,4,有漂浮物,4,有漂浮物,,,,,,,0.00036045439107132074,9.023260090077093e-05,0.0017932984415172256,0.000970149525099914,0.9967804180688838,5.446972527042116e-06
00925.jpg,2,4,有漂浮物,4,有漂浮物,,,,,,,0.00010966533454265327,4.760396708400823e-05,3.7202420858894244e-05,0.000486389791561334,0.9993155471229259,3.591363027275232e-06
00927.jpg,2,4,有漂浮物,4,有漂浮物,,,,,,,0.0001657417673489792,3.657806149712918e-05,3.322012197276288e-05,0.0008131743992566421,0.9989478733179333,3.4123319911913964e-06
00928.jpg,2,4,有漂浮物,4,有漂浮物,,,,,,,6.9780279535885625e-06,6.370223443750165e-06,5.8734832713721996e-06,6.429602764298325e-05,0.9999160082064829,4.7403120545557444e-07
00929.jpg,2,4,有漂浮物,4,有漂浮物,,,,,,,4.675564557509285e-05,1.8586456487766544e-05,9.63810090023353e-06,0.0007011931312405871,0.9992228248899339,1.0017758623562862e-06
00932.jpg,2,4,有漂浮物,4,有漂浮物,,,,,,,1.817101395730741e-05,3.473181126099766e-05,2.33083645876034e-05,0.00028763367732805674,0.9996338722623851,2.2828704807136797e-06
00937.jpg,2,4,有漂浮物,4,有漂浮物,,,,,,,5.411638114941607e-05,3.7923260082583206e-05,7.886536776723362e-05,0.0002740425195942859,0.9995507755159565,4.276955450137904e-06
00941.jpg,2,4,有漂浮物,4,有漂浮物,,,,,,,1.1887180885899806e-06,1.499148938334911e-06,3.74170510981714e-06,3.536311725832642e-05,0.999958031887079,1.7542352598346269e-07
00946.jpg,2,4,有漂浮物,4,有漂浮物,,,,,,,7.112287117815825e-06,8.872999003791804e-06,2.3126928130726996e-05,0.000363424497046978,0.9995953328809004,2.1304078004940937e-06
00948.jpg,2,4,有漂浮物,4,有漂浮物,,,,,,,9.065755010421895e-07,2.3485401734033727e-06,1.1510815641989836e-06,8.760626122118818e-05,0.9999067483426144,1.2391989257631688e-06
00952.jpg,2,4,有漂浮物,4,有漂浮物,,,,,,,2.07302401309323e-05,3.4047076169071614e-05,4.162687517237463e-05,0.00048070484227691763,0.9994197219540677,3.16901218291174e-06
00957.jpg,2,4,有漂浮物,4,有漂浮物,,,,,,,3.594253822782933e-05,4.265881397757281e-05,7.288242908830975e-05,0.003222596162498216,0.9966229955066068,2.9245496012159726e-06
00961.jpg,2,4,有漂浮物,4,有漂浮物,,,,,,,0.00022474144001731824,0.00022296008780417663,0.00047354459739393744,0.0009265625184016692,0.9981374707343736,1.4720622009270726e-05
00962.jpg,2,4,有漂浮物,4,有漂浮物,,,,,,,6.847316072813446e-05,4.8416143418622e-05,0.00025455892554258306,0.0007838565053639775,0.9988412042930246,3.4909719221231867e-06
00967.jpg,2,4,有漂浮物,4,有漂浮物,,,,,,,2.0833671840056144e-05,2.2932399254019765e-05,0.000117903387768855,0.0004960526555175378,0.999341036088064,1.2417975555692881e-06
00972.jpg,2,4,有漂浮物,4,有漂浮物,,,,,,,3.1326290261476945e-06,6.991443569215651e-06,3.728866616043707e-05,0.00010623586862912398,0.9998456678803083,6.83512306851949e-07
00976.jpg,2,4,有漂浮物,4,有漂浮物,,,,,,,4.965846012334989e-07,1.244822835291448e-06,2.3459161044193658e-07,1.3794244049516126e-06,0.9999964367707911,2.0780575688399928e-07
00977.jpg,2,4,有漂浮物,4,有漂浮物,,,,,,,3.373145062373666e-06,8.06850079609503e-06,8.80529562090474e-06,5.7194158861414754e-05,0.9999213279318556,1.23096780355141e-06
00980.jpg,2,4,有漂浮物,4,有漂浮物,,,,,,,5.9923199768111025e-06,9.54920417305539e-06,9.704777510051022e-06,1.8584327323081522e-05,0.9999439701455294,1.2199225487634322e-05
00983.jpg,2,4,有漂浮物,4,有漂浮物,,,,,,,8.93240461556191e-05,3.0274555949324015e-06,2.0475229354288596e-05,3.4802383520750764e-05,0.9998502575959621,2.113289412327323e-06
00989.jpg,2,4,有漂浮物,4,有漂浮物,,,,,,,5.306492624101886e-07,4.128484466769968e-06,4.0012061339585355e-06,0.00023288067982149744,0.9997553083097184,3.1506705970994897e-06
00992.jpg,2,4,有漂浮物,4,有漂浮物,,,,,,,5.065734919462881e-08,4.71594475972967e-06,3.5694495443983826e-07,8.579654233188647e-05,0.9999067444837961,2.3354268086203656e-06
00996.jpg,2,4,有漂浮物,4,有漂浮物,,,,,,,1.2446729005789601e-08,3.868033679854311e-07,3.3635310746672145e-08,1.0402127720950045e-05,0.9999888745007142,2.90486157223232e-07
01003.jpg,2,4,有漂浮物,4,有漂浮物,,,,,,,5.109229581149591e-08,1.842082055300264e-06,3.237506535231879e-07,0.00011904976388591418,0.9998784467635012,2.8654760831077876e-07
01008.jpg,2,4,有漂浮物,4,有漂浮物,,,,,,,5.703409146099213e-08,2.6978192031484846e-06,3.222288885416871e-07,5.3382317397777126e-05,0.9999420765126367,1.4640877824856872e-06
01010.jpg,2,4,有漂浮物,4,有漂浮物,,,,,,,7.80207721793551e-07,7.683745424399882e-06,2.554031614206712e-06,0.000758110622946564,0.999227857900411,3.0134918820956233e-06
01013.jpg,2,4,有漂浮物,4,有漂浮物,,,,,,,1.6854722405160044e-08,8.453076723158197e-07,5.705604822761373e-08,7.045095214953224e-06,0.9999914891370656,5.46549276483763e-07
01017.jpg,2,4,有漂浮物,4,有漂浮物,,,,,,,1.7014044823032034e-08,3.8375602243731465e-07,2.2284624170507633e-08,3.335138778043352e-06,0.9999961752229913,6.658353916365768e-08
01022.jpg,2,4,有漂浮物,4,有漂浮物,,,,,,,4.517079173172521e-07,4.494542747219837e-06,1.307858176095643e-06,0.0001389823069664718,0.9998513901426251,3.3734415675731888e-06
01027.jpg,2,4,有漂浮物,4,有漂浮物,,,,,,,6.309167374307699e-09,1.3632628243567014e-07,7.184503962152527e-09,1.013923100269674e-06,0.9999987776200591,5.86368868841556e-08
01031.jpg,2,4,有漂浮物,4,有漂浮物,,,,,,,1.410829217634182e-07,1.5125327476112567e-06,3.450145512169696e-07,0.00015868022871957842,0.9998386923895204,6.287515393137615e-07
01035.jpg,2,4,有漂浮物,4,有漂浮物,,,,,,,1.0729388005687999e-07,1.0556560468962417e-06,1.3791922335082693e-07,0.00021920452235699766,0.9997792557602191,2.388482735099798e-07
01040.jpg,2,4,有漂浮物,4,有漂浮物,,,,,,,5.391136629924158e-07,5.1444490126024155e-06,1.5720564722912254e-06,0.0010471163464181893,0.9989426811228226,2.9469116114624097e-06
01044.jpg,2,4,有漂浮物,4,有漂浮物,,,,,,,1.0724385360775198e-07,7.236301859837303e-06,4.196486401631226e-07,0.0001700158867432586,0.9998193515946336,2.8693242694499575e-06
01048.jpg,2,4,有漂浮物,4,有漂浮物,,,,,,,8.081852108041554e-09,1.1124220072589585e-07,1.1284789342688626e-08,2.089751557534022e-06,0.9999977111091537,6.853044659911041e-08
01054.jpg,2,4,有漂浮物,4,有漂浮物,,,,,,,1.3173707333348421e-07,1.6786912663799472e-06,1.1399492323784333e-06,1.2874608540867771e-05,0.9999809799093976,3.1951044893075333e-06
01058.jpg,2,4,有漂浮物,4,有漂浮物,,,,,,,9.049941391494544e-06,3.3033079898228716e-06,7.464710722511409e-06,0.0012655307423166879,0.9987134126444424,1.2386531370810058e-06
01061.jpg,2,4,有漂浮物,4,有漂浮物,,,,,,,5.841224856982485e-07,1.2225050694231059e-06,3.5199125423898413e-06,0.0001707699014549182,0.9998228327762699,1.0707821774865717e-06
01063.jpg,2,4,有漂浮物,4,有漂浮物,,,,,,,2.6746342367226873e-07,8.191807306643014e-07,3.577926032697781e-07,4.5049370749397e-05,0.999952681134867,8.250576260110587e-07
01067.jpg,2,4,有漂浮物,4,有漂浮物,,,,,,,6.887246880234053e-07,1.6690458763538247e-06,2.2576980310315606e-06,0.0003063319830627548,0.9996848854260216,4.167122320157068e-06
01071.jpg,2,4,有漂浮物,4,有漂浮物,,,,,,,7.113664025958334e-05,1.9381337317100507e-05,5.8745852890497126e-05,4.162829545737154e-05,0.9995398587765496,0.00026924909752579766
01076.jpg,2,4,有漂浮物,4,有漂浮物,,,,,,,3.1543033049716785e-05,8.966886030226549e-06,1.5476412228604427e-05,6.71742171490646e-05,0.9998377402665525,3.9099184990010363e-05
01077.jpg,2,4,有漂浮物,4,有漂浮物,,,,,,,7.909044614501449e-05,8.23223212689117e-06,8.616458614363864e-05,3.336916366068545e-05,0.9993203637820719,0.0004727797898518664
01081.jpg,2,4,有漂浮物,4,有漂浮物,,,,,,,1.101198671588673e-05,1.3746882603371405e-05,1.3939918250656615e-05,6.221222606317785e-05,0.9998671224359252,3.196655044182488e-05
01087.jpg,2,4,有漂浮物,4,有漂浮物,,,,,,,5.89865502482777e-05,8.019492937198632e-06,0.002198736150617758,0.00014822716943758935,0.9975853834573106,6.471794484918072e-07
01088.jpg,2,4,有漂浮物,4,有漂浮物,,,,,,,0.00023660004620128358,2.0501875461885883e-05,0.004147166007956717,0.00038921229631814764,0.9952051016962397,1.4180778222991314e-06
01093.jpg,2,4,有漂浮物,4,有漂浮物,,,,,,,0.0003830860670113781,8.074457186618192e-05,0.00042813819217225765,0.00021679084218613405,0.9972093048324794,0.0016819354942846471
01097.jpg,2,4,有漂浮物,4,有漂浮物,,,,,,,1.947811689853978e-05,1.3182711340465125e-05,0.0017849088822095701,0.00018445230132548978,0.9979880512322545,9.926755971225587e-06
01098.jpg,2,4,有漂浮物,4,有漂浮物,,,,,,,9.016784741344762e-05,6.547338096553511e-05,0.0004744554813071211,0.0001438346683442266,0.9991892656848617,3.680293710798683e-05
01104.jpg,2,4,有漂浮物,4,有漂浮物,,,,,,,1.7322082823392223e-05,7.360476417800765e-05,0.0003600772011978144,3.4943768856212706e-05,0.9995017718894396,1.2280293505114948e-05
01109.jpg,2,4,有漂浮物,4,有漂浮物,,,,,,,0.00039498509175168783,5.6099243113657474e-05,0.005389980739663122,0.00041906983117319033,0.9937317413874528,8.123706845626776e-06
01110.jpg,2,4,有漂浮物,4,有漂浮物,,,,,,,4.452648022210589e-05,2.7274748679771756e-05,0.002275750302472153,0.00010863294087193543,0.9975397881029203,4.027424833632791e-06
01112.jpg,2,4,有漂浮物,4,有漂浮物,,,,,,,3.6303801596703126e-05,7.917320058368814e-06,0.00041475650033066536,5.769747593772327e-05,0.9994819864481088,1.338453967652966e-06
01116.jpg,2,4,有漂浮物,4,有漂浮物,,,,,,,2.5084677398778315e-05,2.0010861067997225e-05,0.0009507894779815872,4.697931095167796e-05,0.9989553910246644,1.7446479357321229e-06
01120.jpg,2,4,有漂浮物,4,有漂浮物,,,,,,,0.00020214504242254327,7.857170864848389e-05,0.0007278422450073334,0.0011165270640167582,0.9978684521762337,6.461763671172147e-06
01123.jpg,2,4,有漂浮物,4,有漂浮物,,,,,,,2.1568465132431924e-05,4.271414008844853e-05,0.0002090384257831558,0.00018184181911152678,0.9995407248583267,4.112291557808047e-06
01128.jpg,2,4,有漂浮物,4,有漂浮物,,,,,,,3.8743161183426115e-05,0.00011138916266685042,0.00016132754040802552,0.0002694672331764769,0.9994105646152275,8.508287337604774e-06
01134.jpg,2,4,有漂浮物,4,有漂浮物,,,,,,,0.0002998109767610087,6.105591071936811e-05,0.003234914857456355,0.00026266417527286465,0.9961328403266474,8.713753143060725e-06
01138.jpg,2,4,有漂浮物,4,有漂浮物,,,,,,,0.00024082703317036862,2.3808477307228196e-05,0.002304417934828509,0.0002858145317644862,0.9971408166840091,4.315338920375141e-06
01139.jpg,2,4,有漂浮物,4,有漂浮物,,,,,,,0.00034325032972131115,3.57480880813496e-05,0.0032396197229708898,0.0003008325388258902,0.9960757141307098,4.8351896907874175e-06
01143.jpg,2,4,有漂浮物,4,有漂浮物,,,,,,,0.0011775706230760866,0.00011000780932963635,0.002701365907602949,0.0006697428667716414,0.9952936686017165,4.7644191502982444e-05
01150.jpg,2,4,有漂浮物,4,有漂浮物,,,,,,,6.21423302505732e-06,1.4129022449279113e-05,1.4845191646221282e-05,3.157468268488469e-05,0.9989907931399316,0.0009424437302632197
01155.jpg,2,4,有漂浮物,4,有漂浮物,,,,,,,8.714611916689642e-06,4.36452514013218e-05,2.960133891862257e-05,5.8120229681597633e-05,0.997049082914546,0.002810835653535641
01160.jpg,2,4,有漂浮物,4,有漂浮物,,,,,,,4.859490984798679e-06,2.395446072446254e-05,1.9472846672132743e-05,7.929134068269403e-05,0.9988945183602074,0.0009779035007284591
01165.jpg,2,4,有漂浮物,4,有漂浮物,,,,,,,6.30115740605256e-05,0.00012745849489633498,0.0003168834379085599,0.0002502417558645571,0.9902910453285075,0.008951359408762545
01169.jpg,2,4,有漂浮物,4,有漂浮物,,,,,,,1.6274612684538983e-06,7.5917582303774135e-06,5.1917074856892745e-06,7.831218065128207e-06,0.9997087108819837,0.00026904697296656777
01173.jpg,2,4,有漂浮物,4,有漂浮物,,,,,,,1.7958768868899685e-06,7.40407088727918e-06,1.1144920391647725e-05,2.017913279048568e-05,0.9998294107392081,0.00013006525983569447
01178.jpg,2,4,有漂浮物,4,有漂浮物,,,,,,,8.984803977910197e-06,6.271338918244026e-06,1.92102085644516e-06,9.217842986956654e-06,0.9999645537246946,9.051268565727364e-06
01183.jpg,2,4,有漂浮物,4,有漂浮物,,,,,,,3.7757135781190285e-05,1.8661412613412913e-06,6.607637660163326e-07,0.00010881656313300756,0.9998501360246724,7.633713859209054e-07
01187.jpg,2,4,有漂浮物,4,有漂浮物,,,,,,,2.269665488381214e-05,3.038490515641796e-07,2.6190278827135638e-08,5.057571431063124e-06,0.9999716832867728,2.324475820165297e-07
01191.jpg,2,4,有漂浮物,4,有漂浮物,,,,,,,0.00020688406132783965,3.7234112407751926e-06,1.961552982449579e-06,6.304801484787343e-05,0.9997229094777582,1.473481842786497e-06
01195.jpg,2,4,有漂浮物,4,有漂浮物,,,,,,,2.7941460575431122e-05,4.136647243590911e-07,3.663184311575096e-08,3.462395907044424e-05,0.9999368660276138,1.1825617290875344e-07
01201.jpg,2,4,有漂浮物,4,有漂浮物,,,,,,,3.86299509624359e-05,2.1405983826086895e-06,2.8676277713810843e-07,7.880186368859565e-06,0.9999506146463175,4.4785519160709224e-07
01205.jpg,2,4,有漂浮物,4,有漂浮物,,,,,,,1.0133171235737915e-05,4.5082034446033905e-07,5.7766103502042144e-08,6.262125228850014e-06,0.9999827938300156,3.0228707192942607e-07
01209.jpg,2,4,有漂浮物,4,有漂浮物,,,,,,,1.117129301249254e-06,1.1571797681932031e-06,5.4403126047211646e-08,0.0010450296435479233,0.9989520567295672,5.849146893902684e-07
01210.jpg,2,4,有漂浮物,4,有漂浮物,,,,,,,3.0593676389752746e-06,6.189991392176058e-07,1.0500775157975118e-07,0.0018504169825394302,0.9981455445484801,2.5509445065145943e-07
01211.jpg,2,4,有漂浮物,4,有漂浮物,,,,,,,2.198066749467782e-05,1.9007348649790677e-06,9.446316368633182e-07,0.002413943017384858,0.9975602487732514,9.821753671159944e-07
01215.jpg,2,4,有漂浮物,4,有漂浮物,,,,,,,6.0401654870310736e-05,1.272618125390902e-05,5.780581541686163e-05,0.00042530340825228786,0.9994386232942317,5.139645974844495e-06
01216.jpg,2,4,有漂浮物,4,有漂浮物,,,,,,,2.7002239511693156e-05,1.252407507015123e-05,3.394658218113001e-05,0.0005974336391245687,0.9993212888244498,7.804639662658977e-06
01219.jpg,2,4,有漂浮物,4,有漂浮物,,,,,,,3.8291598084165557e-05,5.197276119669491e-05,3.4035046740307065e-06,0.000549580848960881,0.9993362100516872,2.0541235396913288e-05
01223.jpg,2,4,有漂浮物,4,有漂浮物,,,,,,,0.0019982182632861524,0.0001161531134023811,0.002694456659753325,0.0008563943530314694,0.9941665349021128,0.00016824270841381375
01230.jpg,2,4,有漂浮物,4,有漂浮物,,,,,,,0.0009947666857538487,0.00018889838341027386,0.0023152751893718766,0.0007067083510875472,0.995170135600878,0.0006242157894986337
01235.jpg,2,4,有漂浮物,4,有漂浮物,,,,,,,0.000367038237232299,3.654872381927781e-05,0.002756025565541378,0.0005575347734097704,0.9962551242585517,2.7728441445711657e-05
01241.jpg,2,4,有漂浮物,4,有漂浮物,,,,,,,0.002569985265250037,9.185849540526075e-05,0.006177301798754754,0.0012282875537452354,0.9898500267515479,8.254013529669939e-05
02044.jpg,2,3,乱占,3,乱占,,,,,,,0.003102627650584466,0.04101955712392269,0.00033174793668273595,0.5570645101166142,0.3979593449371353,0.0005222122350606593
02045.jpg,2,3,乱占,3,乱占,,,,,,,0.06947262800681452,0.00043998898494328274,0.05485697948220957,0.8366413201052891,0.038545127768368125,4.395565237536218e-05
02047.jpg,2,3,乱占,3,乱占,,,,,,,0.005199787925383006,1.632187625428093e-05,0.00017363439491592284,0.9936299829362798,0.0009767381756481178,3.5346915188114497e-06
02050.jpg,2,3,乱占,3,乱占,,,,,,,0.0006529869202053834,0.00011250144845413931,0.001857388618449789,0.9953354500016329,0.002032273260552956,9.399750704797578e-06
02057.jpg,2,0,乱采,0,乱采,,,,,,,0.9895530308573425,0.0001552035170573927,0.005824218080791823,0.003996163569542163,0.00046270540866096417,8.678566604837883e-06
02061.jpg,2,2,乱堆,2,乱堆,,,,,,,0.028053264040206704,0.000761668511038869,0.8200298794532841,0.0017416262672833556,0.1492768893532113,0.00013667237497575998
02065.jpg,2,0,乱采,0,乱采,,,,,,,0.9427963588202524,0.00011992825589815014,0.0007925595705281068,0.04874864001039448,0.007535453562079407,7.059780847558076e-06
02069.jpg,2,0,乱采,0,乱采,,,,,,,0.9542802286943861,6.033107477281117e-05,0.00020826981730912792,0.04529539906887923,0.00015433281934525473,1.438525307515991e-06
02073.jpg,2,3,乱占,3,乱占,,,,,,,0.020052511226650093,0.026085243557751308,0.021852878490447165,0.8884783793122157,0.025336119655940043,0.018194867756995515
02077.jpg,2,3,乱占,3,乱占,,,,,,,0.0001372677010651657,0.00012357672620618674,0.00015096707983660007,0.8143713234972243,0.18516170576837238,5.515922729540662e-05
02081.jpg,2,3,乱占,3,乱占,,,,,,,0.000429864604377906,0.00027516971140491785,0.00038518643802386087,0.9931885048943844,0.005685777858775669,3.549649303326791e-05
02083.jpg,2,3,乱占,3,乱占,,,,,,,0.0017216581136905024,0.0006897410880455029,0.006677771482191479,0.9878773089534673,0.003002540473505647,3.097988909957122e-05
02088.jpg,2,3,乱占,3,乱占,,,,,,,0.0009521972127234504,0.005766498346049538,0.0007783198735596473,0.8537739684313835,0.1305223532624196,0.008206662873864012
02092.jpg,2,0,乱采,0,乱采,,,,,,,0.9346394056217932,0.000689066570447281,0.015997316049293983,0.04236369925585049,0.006216633670180353,9.38788324348942e-05
02096.jpg,2,0,乱采,0,乱采,,,,,,,0.9928894552629354,6.895366763312655e-06,0.00035986717117702014,0.006439885690761129,0.00029349767252080547,1.0398835842299981e-05
02102.jpg,2,2,乱堆,2,乱堆,,,,,,,0.0003486362852363261,0.0001332906795527758,0.9923861259785538,0.001960229122488085,0.005108981318783429,6.27366153855739e-05
02106.jpg,2,2,乱堆,2,乱堆,,,,,,,0.0035948226852328072,0.00013769650732138816,0.9943708803003973,0.0008121004142392136,0.0010406166090515926,4.388348375776115e-05
02111.jpg,2,5,正常,2,乱堆,,,,,,,0.011349629394869755,0.00032936760974349333,0.9269656775725098,0.04958412242456656,0.011415539075445163,0.0003556639228653309
02112.jpg,2,3,乱占,3,乱占,,,,,,,0.0019011336753646548,0.00010030383167122208,0.00033795328842697213,0.9949785907220108,0.002678270361432537,3.748121094062532e-06
02116.jpg,2,3,乱占,3,乱占,,,,,,,0.00338053628566519,4.5667743987384166e-05,0.0005488958206581598,0.9945368061713683,0.0014818298547022745,6.2641236186712615e-06
02121.jpg,2,3,乱占,3,乱占,,,,,,,0.000842406876564664,1.304655479581807e-05,5.165419650460484e-05,0.9986645621116308,0.0004256284424743858,2.7018180299033087e-06
02125.jpg,2,0,乱采,0,乱采,,,,,,,0.995340792147278,8.14479574451916e-05,0.0024643315011151495,2.6516101183692984e-05,0.002002623655831776,8.428863714617685e-05
02131.jpg,2,3,乱占,3,乱占,,,,,,,5.201949916468082e-05,5.72470688627429e-05,1.841979323519267e-05,0.9996470549479651,0.0001696463627549479,5.561232801726906e-05
02136.jpg,2,3,乱占,3,乱占,,,,,,,0.00024462627700172674,0.00566411973092811,0.0008925372437185221,0.8826149211841964,0.1095331371253386,0.0010506584388168697
02140.jpg,2,2,乱堆,2,乱堆,,,,,,,0.0010032576013957863,6.058738885796238e-05,0.9455909927701779,2.1969695259951237e-05,0.053163457181878586,0.00015973536242972153
02144.jpg,2,3,乱占,3,乱占,,,,,,,0.0008744338368174526,0.00011104559945038183,0.0006591631237529466,0.9949559080195394,0.0033656184275787458,3.383099286101894e-05
02148.jpg,2,3,乱占,3,乱占,,,,,,,0.0008322239063045385,6.470534921561951e-05,0.00047955194972153686,0.9960961986987146,0.002507242293574069,2.007780246980401e-05
02487.jpg,2,1,乱建,4,有漂浮物,,,,,,,0.0008550148673497986,0.0020902804192870625,9.212144992191783e-05,0.01527843131742135,0.9812281485914108,0.0004560033546090627
02488.jpg,2,1,乱建,4,有漂浮物,,,,,,,4.3514029073598926e-05,0.00917722989419334,0.00016844494433716726,0.0013493867724401131,0.9891296233809173,0.00013180097903846182
00005.jpg,3,4,有漂浮物,4,有漂浮物,,,,,,,3.0051985863199787e-07,1.756367188431342e-06,2.385519303580046e-06,2.489870798541047e-06,0.9999575671509146,3.5500571936312386e-05
00010.jpg,3,4,有漂浮物,4,有漂浮物,,,,,,,2.419492637591411e-06,1.577834629019489e-05,5.855019656985208e-07,2.337284466798604e-07,0.9999573744942247,2.3608436435247827e-05
00013.jpg,3,4,有漂浮物,4,有漂浮物,,,,,,,2.023495584824538e-07,3.13004719145463e-07,6.241038807655487e-08,1.2042636143228505e-07,0.9999985329770417,7.688319310696427e-07
00016.jpg,3,4,有漂浮物,4,有漂浮物,,,,,,,1.5071746272329776e-05,7.80651016807015e-05,4.140016063835859e-06,1.9726090211550455e-06,0.9998657599259603,3.49906010018109e-05
00020.jpg,3,4,有漂浮物,4,有漂浮物,,,,,,,0.00964734736937819,0.004757695599407904,0.033279524844803766,0.04139044069459652,0.9102590801437148,0.0006659113480989755
00024.jpg,3,4,有漂浮物,4,有漂浮物,,,,,,,1.0948448805797479e-05,1.852080673681094e-05,6.6765593248229e-05,1.2846992088397026e-05,0.9969692156995511,0.002921702459569574
00029.jpg,3,4,有漂浮物,4,有漂浮物,,,,,,,8.089948102376075e-05,8.774868164975079e-05,3.506644100474202e-05,0.00029867564945469145,0.998999336773757,0.0004982729731101777
00030.jpg,3,4,有漂浮物,4,有漂浮物,,,,,,,2.5691683738472404e-05,0.0014933075736238276,0.00012504952882429792,0.0010452222263534854,0.9720816478345442,0.02522908115291582
00034.jpg,3,4,有漂浮物,4,有漂浮物,,,,,,,2.5029555853433856e-06,3.2210425831075654e-05,1.0247263060400622e-06,1.7579108591620775e-06,0.9999463284222699,1.6175559148439704e-05
00038.jpg,3,4,有漂浮物,4,有漂浮物,,,,,,,0.00011989340757596581,0.0010738983040903564,7.728136826192706e-05,0.0006458378922889131,0.9949205959741483,0.0031624930536343575
00042.jpg,3,4,有漂浮物,4,有漂浮物,,,,,,,9.304625020852207e-06,9.806736012818447e-05,4.8159152301193396e-05,6.814939910596768e-05,0.9987519488166928,0.0010243706467509528
00047.jpg,3,4,有漂浮物,4,有漂浮物,,,,,,,0.00029225039493495906,7.76747051479093e-05,5.118326568191723e-05,3.961774779164681e-05,0.9992541978102443,0.0002850760761991614
00051.jpg,3,4,有漂浮物,4,有漂浮物,,,,,,,5.568419451178949e-06,6.325250416648891e-06,3.065197505301753e-07,1.231309678552481e-07,0.9999449689343075,4.270774510625922e-05
00055.jpg,3,4,有漂浮物,4,有漂浮物,,,,,,,0.0001203781816473435,3.693658065035053e-05,0.00015276394823424467,6.321300742688659e-07,0.9994935898397773,0.0001956993196165615
00059.jpg,3,4,有漂浮物,4,有漂浮物,,,,,,,6.044240213286783e-07,2.3110745232545837e-05,1.922045395075905e-06,6.507271097715884e-08,0.9999727476656332,1.5500470069038096e-06
00060.jpg,3,4,有漂浮物,4,有漂浮物,,,,,,,9.964674901535194e-07,1.1270250590086653e-06,2.6264000486863425e-06,1.0863296376046516e-07,0.999930173664444,6.496780999453137e-05
00065.jpg,3,4,有漂浮物,4,有漂浮物,,,,,,,1.6846712525574693e-05,9.381670510895345e-06,1.1710494825222191e-06,3.471711043838422e-06,0.9999218796111915,4.724924524548094e-05
00070.jpg,3,4,有漂浮物,4,有漂浮物,,,,,,,1.7471739603198803e-05,7.246896135682346e-05,6.361674765602975e-05,1.911909270043952e-05,0.9402095993995667,0.05961772405911667
00076.jpg,3,4,有漂浮物,4,有漂浮物,,,,,,,3.8490718573891393e-07,5.001126710827976e-06,3.432996367397418e-07,2.3411286720546397e-06,0.999709900657434,0.00028202888036060487
00080.jpg,3,4,有漂浮物,4,有漂浮物,,,,,,,1.4887175390395063e-05,6.395603784321552e-05,3.7446010144184456e-05,6.867313503579746e-05,0.9987316270585345,0.0010834105830520157
00085.jpg,3,4,有漂浮物,4,有漂浮物,,,,,,,0.001330927641681968,0.004683977816500891,0.0029756716391843405,0.002495160629166337,0.9767937070034722,0.011720555269994286
00089.jpg,3,4,有漂浮物,4,有漂浮物,,,,,,,2.1744603523156964e-05,2.3238032560844998e-05,1.737932097384287e-05,9.144713998019158e-07,0.9994125853475887,0.0005241382239536915
00093.jpg,3,4,有漂浮物,4,有漂浮物,,,,,,,4.505749397073802e-05,2.658565668753121e-05,0.00012852477846809655,8.027877278330887e-05,0.9901206963050131,0.009598856993077252
00099.jpg,3,4,有漂浮物,4,有漂浮物,,,,,,,2.385250052754309e-06,5.891929016007373e-05,1.2033745629338767e-06,2.5287829985513246e-06,0.9996875490061268,0.0002474142960990369
00103.jpg,3,4,有漂浮物,4,有漂浮物,,,,,,,0.0010426860845855867,0.029412361656867135,0.005382918079803495,0.0011171548772658329,0.9396515913199959,0.023393287981481995
00107.jpg,3,4,有漂浮物,4,有漂浮物,,,,,,,1.000612995247375e-06,2.3579859478103595e-05,5.672999223754639e-06,0.006546353615666167,0.9933498151906889,7.357772194767885e-05
00110.jpg,3,4,有漂浮物,4,有漂浮物,,,,,,,1.1611185578003312e-06,4.77374797938856e-06,1.6999221218256622e-06,5.809101258370445e-08,0.9999873069180424,5.000202285971258e-06
00111.jpg,3,4,有漂浮物,4,有漂浮物,,,,,,,6.3693278634935095e-06,2.780320569677803e-06,3.6176346499946802e-06,4.884590399285442e-09,0.9999800980900769,7.1297422493661105e-06
00114.jpg,3,5,正常,4,有漂浮物,,,,,,,5.310520260627822e-05,0.001809846741703417,0.00011028864795512505,0.009469258128029994,0.9879341398407347,0.0006233614389703288
00119.jpg,3,4,有漂浮物,4,有漂浮物,,,,,,,0.00016425867904096376,0.001449523083693999,4.5248177371354394e-06,1.941169456199474e-05,0.9983299007046224,3.2381020343583975e-05
00123.jpg,3,4,有漂浮物,4,有漂浮物,,,,,,,2.539870500526784e-06,0.0001320986333287024,0.004583142712369999,3.62047308853845e-06,0.9952414845933991,3.711371731300298e-05
00129.jpg,3,4,有漂浮物,4,有漂浮物,,,,,,,9.665131475828895e-07,3.897992771748691e-06,7.025113998529777e-06,7.3860916358898e-07,0.9998544204403846,0.00013295133053399562
00135.jpg,3,4,有漂浮物,4,有漂浮物,,,,,,,1.7378824106852393e-06,6.510466721525976e-06,7.042738625320762e-06,1.1122579791962483e-06,0.9999184477784617,6.514887580156309e-05
00140.jpg,3,4,有漂浮物,4,有漂浮物,,,,,,,7.737928230718659e-06,9.003678258666105e-06,6.613757351173981e-07,5.983329719000299e-07,0.9999785876816656,3.4110031381109577e-06
00145.jpg,3,4,有漂浮物,4,有漂浮物,,,,,,,7.286105353815258e-07,2.093459746574492e-05,4.095904032650181e-06,4.1606956533164336e-05,0.9991566250591561,0.0007760088722769318
00149.jpg,3,4,有漂浮物,4,有漂浮物,,,,,,,5.754445576692616e-06,3.4608880986282295e-06,9.650743388403161e-06,1.8247709563357088e-06,0.9996436755741237,0.0003356335778561353
00150.jpg,3,4,有漂浮物,4,有漂浮物,,,,,,,0.00014738581316960607,0.00401309194203796,5.000029374346419e-05,0.006589891363993306,0.9779387422406397,0.011260888346415976
00154.jpg,3,4,有漂浮物,4,有漂浮物,,,,,,,4.26078981764084e-06,0.0010371675520977114,1.590316529138514e-05,5.999718487134762e-06,0.9976628896711182,0.0012737791031879055
00161.jpg,3,4,有漂浮物,4,有漂浮物,,,,,,,9.962073782142104e-05,7.101025908819804e-05,0.000556605351036091,7.852973817941852e-05,0.9881908224216092,0.011003411492265785
00166.jpg,3,4,有漂浮物,4,有漂浮物,,,,,,,5.484295014138821e-05,9.272726136051419e-05,6.322032080473496e-05,8.976672779303468e-05,0.9969250337035293,0.002774409036371046
00171.jpg,3,4,有漂浮物,4,有漂浮物,,,,,,,4.389578196061215e-06,3.22223029059247e-05,6.78703777566878e-06,5.71115835827781e-06,0.9998213555298892,0.0001295343928749465
00176.jpg,3,4,有漂浮物,4,有漂浮物,,,,,,,8.264492947171816e-07,7.796907656313614e-06,7.825582074408948e-06,7.074334967266306e-09,0.9998630242018094,0.00012051978482999661
00181.jpg,3,4,有漂浮物,4,有漂浮物,,,,,,,9.70323933865895e-07,4.695006677411044e-06,1.8015910849211527e-06,1.3838551355938876e-06,0.9999213688457339,6.978037743414301e-05
00185.jpg,3,4,有漂浮物,4,有漂浮物,,,,,,,9.859699086153421e-08,9.458910803113071e-07,2.206861635165903e-08,2.8068640040908613e-07,0.9999875066894174,1.1146067494783667e-05
00190.jpg,3,4,有漂浮物,4,有漂浮物,,,,,,,2.664498642180662e-07,1.2733223923954762e-06,3.5868138812192283e-08,2.504605370507225e-06,0.999991090408341,4.829345893129415e-06
00194.jpg,3,4,有漂浮物,4,有漂浮物,,,,,,,5.45972825246545e-05,0.0004255460111485672,0.00019824752416925233,4.240010324652044e-05,0.9985292222491053,0.0007499868298058024
00198.jpg,3,4,有漂浮物,4,有漂浮物,,,,,,,6.636443490187317e-07,3.910446528168575e-05,6.672965246194844e-07,1.3167706617329232e-05,0.9997803132802703,0.00016608360695696445
00199.jpg,3,4,有漂浮物,4,有漂浮物,,,,,,,0.0063621625447472996,0.0024274949433913218,0.004588456579587249,0.001299411062182611,0.9684388829391871,0.016883591930904537
00203.jpg,3,4,有漂浮物,4,有漂浮物,,,,,,,0.0008293618117577834,0.0010547225802828458,0.00023237410875755305,3.259861985606633e-05,0.9977440007687197,0.0001069421106259967
00206.jpg,3,4,有漂浮物,4,有漂浮物,,,,,,,0.0004314161458338764,0.0022668127138662027,0.0006701323053742036,1.6976422676295834e-05,0.9964865072869478,0.00012815512530179481
00210.jpg,3,4,有漂浮物,4,有漂浮物,,,,,,,0.0025569940314687273,0.0017831098639986148,0.00012630851009923368,2.574501744616253e-05,0.9943535194914768,0.0011543230855106132
00215.jpg,3,4,有漂浮物,4,有漂浮物,,,,,,,0.0010850337801229825,0.0004071590745242271,0.0002618080118302674,0.00020616360152672474,0.9779549169917072,0.020084918540288564
00221.jpg,3,4,有漂浮物,4,有漂浮物,,,,,,,8.483016948459629e-06,5.588987853658526e-05,1.4111407250554693e-05,1.4936400749000098e-05,0.9998848888415208,2.169045499467443e-05
00222.jpg,3,4,有漂浮物,4,有漂浮物,,,,,,,1.593411266994224e-06,9.335423052313289e-05,1.651203643471692e-06,2.2836520817957242e-05,0.9998034461936954,7.711844005299685e-05
00226.jpg,3,4,有漂浮物,4,有漂浮物,,,,,,,9.437970917812387e-06,8.551339851757032e-05,0.0001156310121721134,1.2733535033383811e-05,0.9993453916628966,0.0004312924204623702
00230.jpg,3,4,有漂浮物,4,有漂浮物,,,,,,,2.0036665114293963e-06,5.357779536179879e-06,7.735486147522339e-06,1.7664398303286552e-08,0.9999722192592592,1.2666144147430183e-05
00443.jpg,3,4,有漂浮物,4,有漂浮物,,,,,,,0.0001734257890655221,1.0703158983570231e-05,0.0009453929371569327,0.00023887478763413435,0.9985805589191783,5.104440798165238e-05
00445.jpg,3,4,有漂浮物,4,有漂浮物,,,,,,,0.00025980959153991715,1.112765694601611e-05,0.0009365962391690356,0.0005684601435886122,0.9981138357959571,0.00011017057279920738
00455.jpg,3,4,有漂浮物,4,有漂浮物,,,,,,,0.0001767457692537393,4.006040798172578e-06,7.884606033492061e-05,0.00044603127871409374,0.9992583980249123,3.597282598683223e-05
00465.jpg,3,4,有漂浮物,4,有漂浮物,,,,,,,0.00012102014522730454,2.5476980448707853e-06,4.639402721541594e-05,0.00022270957570498474,0.9995807340577377,2.6594496069839516e-05
00466.jpg,3,4,有漂浮物,4,有漂浮物,,,,,,,0.00013799462988502774,3.8131355366787696e-06,6.448537980600193e-05,0.0006397091551496128,0.9991067018794612,4.729582016144217e-05
00467.jpg,3,4,有漂浮物,4,有漂浮物,,,,,,,0.00010099903813310019,3.3005678184087397e-06,3.354800490337981e-05,0.000808563509088182,0.9989230424252764,0.00013054645478052196
00468.jpg,3,4,有漂浮物,4,有漂浮物,,,,,,,5.282389319688134e-05,2.9997421257290655e-06,7.092351585382077e-05,0.0004120288136418689,0.9994315975302943,2.962650488721738e-05
00472.jpg,3,4,有漂浮物,4,有漂浮物,,,,,,,0.00010229171518899226,7.964825537902499e-06,0.0002478981848583189,0.00013277758715728676,0.9994581988000142,5.086888724332156e-05
00473.jpg,3,4,有漂浮物,4,有漂浮物,,,,,,,8.50995347991358e-06,8.576068673808231e-07,2.5492690110180935e-05,2.405914196152845e-05,0.9999335443192534,7.536288327653947e-06
00481.jpg,3,4,有漂浮物,4,有漂浮物,,,,,,,0.01521971620545629,8.045275518280798e-05,0.022877143951004184,0.0016832548869843613,0.9585746663909468,0.0015647658104256073
00488.jpg,3,4,有漂浮物,4,有漂浮物,,,,,,,0.00014601729846124798,1.5229206357772535e-05,0.00022847298879459228,0.0001917019152625599,0.99940756310453,1.1015486593903173e-05
00492.jpg,3,4,有漂浮物,4,有漂浮物,,,,,,,0.000412693718400319,1.0972007273075669e-05,0.00026492293877121816,0.0003969910150228237,0.998789466344342,0.00012495397619059648
00493.jpg,3,4,有漂浮物,4,有漂浮物,,,,,,,0.0005635097403121185,1.3277138100783462e-05,0.00023834651825629583,0.001225742932699172,0.9977426209611475,0.00021650270948421772
00497.jpg,3,4,有漂浮物,4,有漂浮物,,,,,,,0.06529752783949282,0.0007946782758410034,0.030307505550349063,0.0021867777419100633,0.8955467590966794,0.005866751495727598
00501.jpg,3,4,有漂浮物,4,有漂浮物,,,,,,,4.678812627209042e-08,1.4140881187858577e-06,4.274872330502937e-08,3.7168991528883275e-07,0.9999978981672025,2.2651791365496928e-07
00506.jpg,3,4,有漂浮物,4,有漂浮物,,,,,,,1.8985888282885867e-07,5.513119134764111e-06,5.890580255602776e-08,6.212989520958515e-07,0.9999930988238372,5.179933904592738e-07
00510.jpg,3,4,有漂浮物,4,有漂浮物,,,,,,,2.463837402149636e-08,2.5179050820293604e-06,2.8035472321964136e-08,1.9650738004801076e-07,0.9999970879739697,1.4493972175684974e-07
00514.jpg,3,4,有漂浮物,4,有漂浮物,,,,,,,2.455807288379813e-08,2.836516435208235e-06,4.5058713052924615e-08,8.266961965733722e-08,0.9999968807873825,1.3040977669561794e-07
00519.jpg,3,4,有漂浮物,4,有漂浮物,,,,,,,7.24722427390498e-07,9.148649457738556e-06,5.89215528115059e-07,9.698626553758518e-06,0.9999790127630327,8.260230002562821e-07
00523.jpg,3,4,有漂浮物,4,有漂浮物,,,,,,,0.0007544316637819753,2.57857694860584e-05,4.68572221270229e-05,0.0018624999405497029,0.9973022464559911,8.178948064144255e-06
00527.jpg,3,4,有漂浮物,4,有漂浮物,,,,,,,8.277997520312117e-05,2.624722126990021e-05,0.0015548610919729913,0.000372545996671201,0.9978329367109582,0.00013062900392448148
00531.jpg,3,4,有漂浮物,4,有漂浮物,,,,,,,0.00044543329981546734,5.181380954980079e-05,0.002152079728818885,0.003365098652185044,0.9931213839786757,0.000864190530955132
00532.jpg,3,4,有漂浮物,4,有漂浮物,,,,,,,0.00019735835905765103,3.8649861715676986e-05,0.0018718231182914295,0.001903182692178524,0.9954035428600339,0.0005854431087228304
00533.jpg,3,4,有漂浮物,4,有漂浮物,,,,,,,0.00040401189306263,5.194181108101154e-05,0.0026019679794340523,0.0028873570457588586,0.9933589181545955,0.000695803116067983
00534.jpg,3,4,有漂浮物,4,有漂浮物,,,,,,,0.0002222810441772719,3.6407725902208405e-05,0.0018028620713752346,0.002326663820107769,0.9950065387296866,0.00060524660875103
00539.jpg,3,4,有漂浮物,4,有漂浮物,,,,,,,2.9779064523172433e-05,6.1287541711328905e-06,0.00035866778509205675,0.0002349728505076527,0.9993158249537486,5.462659195755478e-05
00540.jpg,3,4,有漂浮物,4,有漂浮物,,,,,,,2.9594704978642203e-05,3.743140407354977e-06,0.00014679085831096006,0.00019546912362805902,0.9995810589368588,4.334323581610029e-05
00541.jpg,3,4,有漂浮物,4,有漂浮物,,,,,,,5.0188329504134774e-05,3.938630493943049e-06,0.0002311628773562152,0.00025553322555672337,0.9994038357336229,5.534120346594781e-05
00542.jpg,3,4,有漂浮物,4,有漂浮物,,,,,,,0.00012357961967409447,1.1873675335012763e-05,0.0015661409901015166,0.00040243454723846837,0.9977644932460834,0.0001314779215672769
00543.jpg,3,4,有漂浮物,4,有漂浮物,,,,,,,0.00018960718014830833,1.3193495101639986e-05,0.0016747348616015071,0.0007018929380993486,0.9972743649952065,0.00014620652984281252
00544.jpg,3,4,有漂浮物,4,有漂浮物,,,,,,,0.00013146725427852304,9.66891456159175e-06,0.0015638728650325283,0.0003137857725339628,0.9978591139034537,0.00012209129013967474
00545.jpg,3,4,有漂浮物,4,有漂浮物,,,,,,,0.0002357851536270828,0.00012480554887975132,0.00389535615332207,0.0024790645827521786,0.9918100363016084,0.0014549522598105613
00550.jpg,3,4,有漂浮物,4,有漂浮物,,,,,,,0.00013475422935352603,1.9722183328892925e-05,0.002746868938693883,0.00048039918718475143,0.9961886823375563,0.00042957312388281545
00552.jpg,3,4,有漂浮物,4,有漂浮物,,,,,,,5.9819670622851255e-05,4.329516710577052e-05,0.0019477327382558742,0.0010995350235174254,0.9962887876739506,0.0005608297265475454
00556.jpg,3,4,有漂浮物,4,有漂浮物,,,,,,,3.031990152064245e-05,2.4420611896707535e-05,9.641977010833599e-05,9.539094545242992e-06,0.999834304199138,4.996422791098133e-06
00562.jpg,3,4,有漂浮物,4,有漂浮物,,,,,,,7.65038660044012e-05,3.455530472653184e-05,0.0001403585104022313,2.0283489403622827e-05,0.9997174716629171,1.0827166546068787e-05
00566.jpg,3,4,有漂浮物,4,有漂浮物,,,,,,,2.4514082626763226e-05,2.70299883064491e-05,6.853028717116805e-05,5.935569345942099e-06,0.9998681163064592,5.8737660904917035e-06
00571.jpg,3,4,有漂浮物,4,有漂浮物,,,,,,,1.7808338740203093e-05,3.035422027943244e-05,4.270027333477271e-05,1.351178910678307e-05,0.9998905309062798,5.094472259055766e-06
00575.jpg,3,4,有漂浮物,4,有漂浮物,,,,,,,4.89291282635332e-06,8.98943003045695e-06,3.0113112103384492e-05,1.7880417387522604e-06,0.999951195335852,3.021167449036764e-06
00581.jpg,3,4,有漂浮物,4,有漂浮物,,,,,,,1.375388523349343e-05,2.7743843429130057e-05,9.736322161570598e-05,6.170833627595347e-06,0.9998491987771237,5.769438970398073e-06
00585.jpg,3,4,有漂浮物,4,有漂浮物,,,,,,,0.0001517125318546901,5.023488262558886e-05,0.00012273669849451635,0.00034967484228634,0.9991294416866523,0.00019619935808670944
00590.jpg,3,4,有漂浮物,4,有漂浮物,,,,,,,0.00045457009497315635,0.000689704593193332,0.0014417256664688595,6.23956879027442e-05,0.9972553630564241,9.624090103777026e-05
00595.jpg,3,4,有漂浮物,4,有漂浮物,,,,,,,1.880388265898638e-05,6.49578292076835e-05,0.00017044992477754757,8.297949520376983e-06,0.9997283070981038,9.183315731812877e-06
00599.jpg,3,4,有漂浮物,4,有漂浮物,,,,,,,1.832637073000686e-05,3.745771910615182e-05,1.8238344882670254e-05,2.9909324372072457e-05,0.9998940619201017,2.0063208073636126e-06
00604.jpg,3,4,有漂浮物,4,有漂浮物,,,,,,,2.522405869576863e-05,4.201764510434916e-05,2.5712357158967515e-05,5.8709486268476924e-05,0.9998395213361896,8.81511658284936e-06
00608.jpg,3,4,有漂浮物,4,有漂浮物,,,,,,,0.0008756388879558993,0.0003190231381099375,0.0072313972044225575,0.00015299841898048532,0.9911765346136404,0.00024440773689059827
00612.jpg,3,4,有漂浮物,4,有漂浮物,,,,,,,9.555790070936014e-05,0.00013726461945865866,0.0001670194114769903,0.00015406421608404165,0.9994408154106399,5.2784416310526965e-06
00617.jpg,3,4,有漂浮物,4,有漂浮物,,,,,,,0.00011289683808546578,2.3279768976277747e-05,0.00014116941120063874,0.0005960902898954266,0.999085710684899,4.08530069431395e-05
00621.jpg,3,4,有漂浮物,4,有漂浮物,,,,,,,0.0003444454644594446,0.00012734419866708102,0.0002266791163147759,0.0006494375742601441,0.9985335197615264,0.0001185738847721776
00622.jpg,3,4,有漂浮物,4,有漂浮物,,,,,,,0.0002553716826558682,3.80211682511363e-05,1.7258256057245048e-05,0.0021222443047334643,0.997514694347535,5.241024076724973e-05
00627.jpg,3,4,有漂浮物,4,有漂浮物,,,,,,,0.00022437478265821512,0.00012887749671168855,0.0004583867038636006,0.0017051853447465086,0.9971553990336027,0.00032777663841725857
00632.jpg,3,4,有漂浮物,4,有漂浮物,,,,,,,0.00023898425001058263,8.682351884467261e-05,0.00015098650533479656,0.00015534338589724166,0.9992953427870608,7.251955285213626e-05
00636.jpg,3,4,有漂浮物,4,有漂浮物,,,,,,,0.0003275364852768633,1.4554153151359745e-05,3.2515875246055214e-05,0.00036473757368536567,0.9992569468585413,3.70905409902669e-06
00638.jpg,3,4,有漂浮物,4,有漂浮物,,,,,,,0.0004721748892963246,1.3583378563148819e-05,0.00010682951797767597,0.000961427555901038,0.998427699230284,1.8285427978022754e-05
00645.jpg,3,4,有漂浮物,4,有漂浮物,,,,,,,4.0590516012710116e-05,6.231665890625503e-06,2.6861087987339294e-06,0.00018096501911081802,0.9997646674980327,4.8591921543898386e-06
00650.jpg,3,4,有漂浮物,4,有漂浮物,,,,,,,0.0008408678106392564,1.0256564424909249e-05,5.091231778794228e-06,0.0030321880334951003,0.9961102064827791,1.3898768827364427e-06
00654.jpg,3,4,有漂浮物,4,有漂浮物,,,,,,,4.37985760687031e-05,4.163670784588778e-05,1.4650089358083028e-05,0.0007148187202449745,0.9991646175289092,2.047837757305175e-05
00658.jpg,3,4,有漂浮物,4,有漂浮物,,,,,,,3.333071611058516e-05,2.4395308409945185e-05,9.89522063335236e-05,2.3401070962326982e-05,0.9998062247605011,1.3695937682393495e-05
00662.jpg,3,4,有漂浮物,4,有漂浮物,,,,,,,5.58984943904206e-05,2.0434721965561595e-05,0.00014267907436831375,1.4941305314172407e-05,0.9997443699179234,2.1676486038223168e-05
00666.jpg,3,4,有漂浮物,4,有漂浮物,,,,,,,1.3401251805004053e-05,3.3158583191278855e-05,8.495037339980593e-05,1.1565487216265791e-05,0.9998358841881222,2.10401162654054e-05
00670.jpg,3,4,有漂浮物,4,有漂浮物,,,,,,,3.40057860962445e-05,2.3663664497580337e-05,0.00023052547667259664,7.442595849036812e-06,0.9996752687592153,2.9093717669179402e-05
00676.jpg,3,4,有漂浮物,4,有漂浮物,,,,,,,1.5728749111316556e-05,2.445626656322705e-05,0.0006447600040552152,4.299502814032027e-05,0.9992614650352609,1.059491686884215e-05
00682.jpg,3,4,有漂浮物,4,有漂浮物,,,,,,,8.206535850000526e-05,1.3811926797482918e-05,0.00042917717078791044,1.0768603925917162e-05,0.9994242114477677,3.9965492220976415e-05
00687.jpg,3,4,有漂浮物,4,有漂浮物,,,,,,,3.6037513606402056e-06,1.0863153787057634e-05,8.185420288491857e-06,0.00022717179997550757,0.9997433558483018,6.820026286469181e-06
00688.jpg,3,4,有漂浮物,4,有漂浮物,,,,,,,1.8655254567432875e-06,2.0724053690821883e-05,9.15894406971804e-06,1.5339402140281293e-05,0.9999517884647486,1.1236098937256416e-06
00695.jpg,3,4,有漂浮物,4,有漂浮物,,,,,,,8.477140972627388e-05,9.536956420798457e-06,0.00016621556769964857,0.00013609147573188297,0.9995908941906031,1.2490399818320242e-05
00700.jpg,3,4,有漂浮物,4,有漂浮物,,,,,,,0.0006543869047536863,6.331552910479057e-05,0.0010505405444102933,0.0034931636255980925,0.9946057495902582,0.00013284380587484846
00701.jpg,3,4,有漂浮物,4,有漂浮物,,,,,,,0.00014524537467031646,1.850990684902126e-05,0.0006535394675388439,0.00040516976658710145,0.9987070261663861,7.050931796850871e-05
00705.jpg,3,4,有漂浮物,4,有漂浮物,,,,,,,3.319042922295854e-05,2.417060555289462e-05,0.00011692624821308652,0.0006578442177629142,0.999160643586915,7.224912333200715e-06
00710.jpg,3,4,有漂浮物,4,有漂浮物,,,,,,,7.258673816379941e-07,5.890214774963072e-07,2.430468711789241e-07,6.308225154163509e-07,0.9999964589677036,1.3522740505766525e-06
00714.jpg,3,4,有漂浮物,4,有漂浮物,,,,,,,4.14725435213028e-06,8.96651751941941e-06,6.883465866027586e-06,6.298546456452352e-05,0.9999089558178461,8.06147985163786e-06
00718.jpg,3,4,有漂浮物,4,有漂浮物,,,,,,,1.1722891499550265e-05,1.860445244350735e-05,3.6125389230590356e-05,8.878446190047723e-05,0.9998333761709729,1.1386633952986061e-05
00722.jpg,3,4,有漂浮物,4,有漂浮物,,,,,,,2.280628605739239e-05,2.382423862598886e-05,2.9803208681600726e-05,1.5308066679265103e-05,0.9999040079834931,4.250216462704325e-06
00726.jpg,3,4,有漂浮物,4,有漂浮物,,,,,,,8.797508760723912e-06,4.516887979202676e-06,3.9075814380695544e-05,1.025045385173222e-05,0.9999355539819658,1.8053530620233613e-06
00730.jpg,3,4,有漂浮物,4,有漂浮物,,,,,,,1.354299728760262e-06,6.810526903036502e-06,1.117798644881503e-05,1.3204255633561383e-05,0.9999652768456488,2.176085636913767e-06
00734.jpg,3,4,有漂浮物,4,有漂浮物,,,,,,,7.96344236453846e-06,3.7784423974760766e-06,1.5198078546622517e-05,1.4964071828742716e-06,0.9999694897478021,2.0738817064317857e-06
00735.jpg,3,4,有漂浮物,4,有漂浮物,,,,,,,6.703389613902163e-06,7.544252201961783e-06,3.986128709428585e-06,2.5723973503703923e-05,0.9999504206967555,5.621559215400425e-06
00739.jpg,3,4,有漂浮物,4,有漂浮物,,,,,,,8.3483183058442e-06,0.00011301016383426632,4.811578609757231e-06,5.244184097177465e-05,0.9998097651893092,1.1622908969176533e-05
00742.jpg,3,4,有漂浮物,4,有漂浮物,,,,,,,0.0023031407533885455,0.00030637052064485165,0.027933273600295336,0.0006003556329135677,0.967080963538712,0.0017758959540457452
00746.jpg,3,4,有漂浮物,4,有漂浮物,,,,,,,1.9846322871594823e-06,0.00019044600499226855,3.652397344215383e-05,2.4759360152636228e-05,0.9997327271539227,1.3558875202914242e-05
00750.jpg,3,4,有漂浮物,4,有漂浮物,,,,,,,7.882172223144516e-05,4.310790606276701e-05,9.498102693453314e-05,0.001201452223050582,0.9984516908276202,0.00012994629410045954
00756.jpg,3,4,有漂浮物,4,有漂浮物,,,,,,,0.008311589888935262,0.09166615022057369,0.05495495107552313,0.04905383353567223,0.7926554436070393,0.003358031672256219
00760.jpg,3,4,有漂浮物,4,有漂浮物,,,,,,,5.723607014844374e-06,2.4224831892743853e-06,4.160024918656889e-06,2.1856349230551283e-06,0.9999843022645761,1.2059853779377315e-06
00765.jpg,3,4,有漂浮物,4,有漂浮物,,,,,,,5.3338572057586725e-06,2.483269146410293e-05,9.812232099709102e-06,1.6168169601381664e-05,0.999939827461347,4.025588281999992e-06
00769.jpg,3,4,有漂浮物,4,有漂浮物,,,,,,,3.379415153460666e-07,9.572989694432321e-07,2.3360256798693023e-07,1.2763350795877086e-07,0.9999981843394462,1.5918399305549345e-07
00770.jpg,3,4,有漂浮物,4,有漂浮物,,,,,,,9.334968472631532e-06,4.638966864336486e-05,6.0162340633442715e-05,3.752600633836852e-06,0.999875135647175,5.224774441590463e-06
00774.jpg,3,4,有漂浮物,4,有漂浮物,,,,,,,5.05280833459217e-06,1.0401393308715958e-05,1.1711205001469884e-05,1.8063046875057552e-06,0.9999623080855324,8.720203135324365e-06
00778.jpg,3,4,有漂浮物,4,有漂浮物,,,,,,,1.1280530892027009e-05,5.631100068647329e-05,1.5930590126358656e-05,1.1087018563175381e-05,0.9998899289221861,1.5461937545667084e-05
00783.jpg,3,4,有漂浮物,4,有漂浮物,,,,,,,0.0013505820495041299,7.36820185924844e-05,0.00017036056715612953,0.0095176185542577,0.9887832003686015,0.00010455644188800078
00788.jpg,3,4,有漂浮物,4,有漂浮物,,,,,,,2.126576918826204e-06,3.0487728438976167e-06,2.501400413042414e-06,9.114943632418656e-05,0.9998986196557322,2.554157767739807e-06
00792.jpg,3,4,有漂浮物,4,有漂浮物,,,,,,,4.3004686287344327e-05,1.336475448896114e-05,0.00036735160532184866,5.64454654090179e-06,0.9995461102218868,2.4524185474318793e-05
00796.jpg,3,4,有漂浮物,4,有漂浮物,,,,,,,6.788005007337189e-06,3.3991858118032992e-06,6.887816111778832e-06,0.00012727081516879647,0.999826520523568,2.9133654332302466e-05
00801.jpg,3,4,有漂浮物,4,有漂浮物,,,,,,,1.8203771678371277e-05,3.3965688386843044e-06,4.051488765668435e-06,0.0001844343552207603,0.9997706312832447,1.9282532251899634e-05
00804.jpg,3,4,有漂浮物,4,有漂浮物,,,,,,,0.00048784728464551904,0.00017304025333911562,4.019908052830576e-05,0.00065364856537694,0.9985659618086921,7.930300741808826e-05
00807.jpg,3,4,有漂浮物,4,有漂浮物,,,,,,,4.535859497355347e-06,2.4772463404025407e-06,2.690704671985591e-06,8.961249762723446e-05,0.9998795822337525,2.110145811049269e-05
00811.jpg,3,4,有漂浮物,4,有漂浮物,,,,,,,0.00036822983332207863,9.220889854933617e-05,2.8024860971196367e-05,0.0009139260900435924,0.9983651536426384,0.00023245667447549672
00818.jpg,3,4,有漂浮物,4,有漂浮物,,,,,,,0.0002547810823226312,0.00021616392999199635,3.413199002480257e-05,0.0005007570623983031,0.9987296956913534,0.0002644702439090354
00822.jpg,3,4,有漂浮物,4,有漂浮物,,,,,,,7.6806086915121e-05,0.00014080477150915584,4.810257249201971e-05,0.0012209611228195425,0.9984340380303948,7.928741586943983e-05
00826.jpg,3,4,有漂浮物,4,有漂浮物,,,,,,,2.1558772109728227e-05,2.940055927380932e-05,1.281043914700152e-05,0.00014058037084440153,0.9997818593611809,1.3790497444205123e-05
00828.jpg,3,4,有漂浮物,4,有漂浮物,,,,,,,3.916794851313761e-05,5.380494019121668e-05,9.27202583439777e-06,0.0005639957699783094,0.9992779543911086,5.580492437438122e-05
00835.jpg,3,4,有漂浮物,4,有漂浮物,,,,,,,3.858452982389897e-05,2.0399957962741422e-05,1.8166700069228257e-05,0.0002724110898736324,0.9996086572813112,4.178044095939623e-05
00839.jpg,3,4,有漂浮物,4,有漂浮物,,,,,,,7.681608361789464e-06,2.1624927261738487e-05,1.230132770463015e-05,0.00017453112299958191,0.9997721148014831,1.1746212189152285e-05
00845.jpg,3,4,有漂浮物,4,有漂浮物,,,,,,,0.00018727933608723795,1.69030042508086e-05,6.885215720048836e-05,0.0011358749194239895,0.9985188673675455,7.222321549193535e-05
00849.jpg,3,4,有漂浮物,4,有漂浮物,,,,,,,1.4368434724484696e-05,1.3223331335912056e-05,3.700717989007609e-05,0.00020879604288115612,0.9997146114140617,1.199359710685777e-05
00854.jpg,3,4,有漂浮物,4,有漂浮物,,,,,,,4.391603212204237e-06,1.9708253619788228e-05,1.0835125634382312e-06,0.00017327678979629102,0.9997768249000262,2.471494078212947e-05
00859.jpg,3,4,有漂浮物,4,有漂浮物,,,,,,,2.1965287954125937e-05,3.17267316228777e-05,4.889641613647023e-06,0.0022322282209468565,0.9975116735313204,0.00019751658654196548
00864.jpg,3,4,有漂浮物,4,有漂浮物,,,,,,,1.1429801310490933e-05,1.4930810452359037e-05,2.8263231716624916e-05,7.427388838891718e-05,0.9998592928698897,1.180939824175702e-05
00868.jpg,3,4,有漂浮物,4,有漂浮物,,,,,,,2.947228408572275e-06,7.061612816279502e-06,1.3983017216649518e-06,3.9464572745068346e-05,0.9999441257682243,5.002516084157875e-06
00872.jpg,3,4,有漂浮物,4,有漂浮物,,,,,,,1.958992344865846e-05,2.522267286310232e-05,6.693690232570605e-05,0.00018607368247435752,0.9996868100606566,1.5366758231492917e-05
00874.jpg,3,4,有漂浮物,4,有漂浮物,,,,,,,2.572680995787952e-05,2.1348212779469323e-05,1.3459678393112345e-05,0.0003085282951373813,0.9996028746579836,2.8062345748627624e-05
00877.jpg,3,4,有漂浮物,4,有漂浮物,,,,,,,4.365031402028103e-06,1.285947566973413e-05,3.0511348216409256e-06,1.693015023318917e-05,0.9999533311153675,9.463092506009538e-06
00878.jpg,3,4,有漂浮物,4,有漂浮物,,,,,,,0.00015140275881903408,0.00012131030273635385,4.1944352373109306e-05,0.0013379560942733517,0.9982729250505402,7.44614412579325e-05
00879.jpg,3,4,有漂浮物,4,有漂浮物,,,,,,,5.263933665149337e-06,8.932030067973747e-06,1.7051988816023392e-06,2.3788933649474383e-05,0.9999495873362685,1.0722567467220664e-05
00883.jpg,3,4,有漂浮物,4,有漂浮物,,,,,,,3.496896799193835e-05,8.918793007866498e-06,3.177589157310449e-05,8.00111708500173e-05,0.9998240907305096,2.023444606741147e-05
00887.jpg,3,4,有漂浮物,4,有漂浮物,,,,,,,1.282897142579961e-05,4.98936239172719e-06,1.2983268785507338e-05,2.978877281782331e-05,0.999927975233047,1.1434391532069264e-05
00896.jpg,3,4,有漂浮物,4,有漂浮物,,,,,,,4.230711454038481e-06,8.467589355340786e-06,7.317399377650057e-06,5.57978405616724e-05,0.9998820098586589,4.217660059236215e-05
00900.jpg,3,4,有漂浮物,4,有漂浮物,,,,,,,0.0002737314491672739,2.2215413388847198e-05,2.0577811751583205e-05,0.0007142459888951211,0.9989172395396629,5.1989797134385883e-05
00904.jpg,3,4,有漂浮物,4,有漂浮物,,,,,,,1.0978783968668482e-05,4.35213480221811e-06,1.7586744755952135e-06,6.783272864513911e-05,0.9998998035060049,1.5274172103314005e-05
00907.jpg,3,4,有漂浮物,4,有漂浮物,,,,,,,0.00012957377981606742,2.1426406561863373e-05,1.934198424407259e-05,0.0005053277426576466,0.9992694235022082,5.4906584512060666e-05
00908.jpg,3,4,有漂浮物,4,有漂浮物,,,,,,,0.00026240798549731167,3.961186837962538e-05,4.7555048604568735e-05,0.00139468028481108,0.9981689359680451,8.680884466235002e-05
00910.jpg,3,4,有漂浮物,4,有漂浮物,,,,,,,0.0006768832109461182,8.89536963029925e-05,0.0002642255942303733,0.0012114186970073662,0.9975412763281275,0.000217242473385735
00914.jpg,3,4,有漂浮物,4,有漂浮物,,,,,,,3.513391347046324e-05,1.375473086112035e-05,1.1414386039106114e-05,5.752714507378647e-05,0.999857292078487,2.4877746068576987e-05
00918.jpg,3,4,有漂浮物,4,有漂浮物,,,,,,,0.00010337235516406725,0.00012814328021992303,0.0002417482008809143,0.0007744429576233788,0.9985765187807353,0.0001757744253765211
00922.jpg,3,4,有漂浮物,4,有漂浮物,,,,,,,0.00022609617773276634,0.00022979271921740025,0.0004079194814946039,0.002145867475260373,0.9967655572364147,0.00022476690988012176
00926.jpg,3,4,有漂浮物,4,有漂浮物,,,,,,,0.0002965233812444377,0.00011359990171447518,3.4838504885477705e-05,0.0014008350851720671,0.9979913288147728,0.00016287431221067222
00933.jpg,3,4,有漂浮物,4,有漂浮物,,,,,,,2.7009140492881867e-05,6.0399396679557456e-05,1.6721590121898973e-05,0.00012976900122330275,0.9997522311518292,1.3869719653114224e-05
00938.jpg,3,4,有漂浮物,4,有漂浮物,,,,,,,2.1155281937018934e-05,3.488033261999899e-05,3.402821587131077e-05,6.932054449450576e-05,0.9998293412666961,1.1274358381249928e-05
00942.jpg,3,4,有漂浮物,4,有漂浮物,,,,,,,0.00013416721218355193,0.00015456731949127535,0.0005626833130116743,0.0007725488270153021,0.9982381265858379,0.00013790674246029217
00949.jpg,3,4,有漂浮物,4,有漂浮物,,,,,,,5.17012512297745e-06,3.0188395806041205e-05,4.188990345669298e-06,2.612831739786997e-05,0.999551056355799,0.00038326781552841543
00954.jpg,3,4,有漂浮物,4,有漂浮物,,,,,,,2.4199382290221123e-05,7.377607799438818e-05,3.963557543566246e-06,0.0002044038202466538,0.9995200213374144,0.00017363582451083694
00958.jpg,3,4,有漂浮物,4,有漂浮物,,,,,,,0.0007995295925750717,0.00020558457923329005,0.000571321091388805,0.0068356210625760555,0.9902726898780833,0.001315253796143327
00963.jpg,3,4,有漂浮物,4,有漂浮物,,,,,,,2.8507441021857038e-05,4.4452400030136844e-05,4.339454493807378e-05,0.0002180430028742396,0.9993958267663944,0.00026977584474135975
00968.jpg,3,4,有漂浮物,4,有漂浮物,,,,,,,2.8074697384271234e-05,2.7573169880244693e-05,1.9165835303371756e-05,0.00035726299656352876,0.9994143333196979,0.00015358998117059733
00970.jpg,3,4,有漂浮物,4,有漂浮物,,,,,,,9.86549141101242e-06,5.057631378805186e-05,6.888336306162673e-06,0.0004243567680337646,0.9994673430929198,4.096999754111648e-05
00973.jpg,3,4,有漂浮物,4,有漂浮物,,,,,,,1.786553656239642e-05,0.00015811941257339927,0.00010687536177705301,0.00011385271950702855,0.9995886242883232,1.4662681256873418e-05
00978.jpg,3,4,有漂浮物,4,有漂浮物,,,,,,,6.425929715754782e-05,0.00041847052313923787,8.929938566512184e-05,0.00011975092745418388,0.9990770796499069,0.00023114021667702743
00985.jpg,3,4,有漂浮物,4,有漂浮物,,,,,,,7.243008430043618e-07,1.587679845469911e-05,3.740562443311834e-06,3.461569479206169e-05,0.9999378002638294,7.242379637498708e-06
00991.jpg,3,4,有漂浮物,4,有漂浮物,,,,,,,1.359078984061155e-07,1.2191709023903226e-05,1.0256603218081852e-06,6.628443790628772e-06,0.9999779143298841,2.103949081247697e-06
00997.jpg,3,4,有漂浮物,4,有漂浮物,,,,,,,3.9846865437002484e-07,5.08057577732708e-05,1.1547574326266512e-06,3.9830957329282074e-05,0.9999029522446052,4.85781420540883e-06
00998.jpg,3,4,有漂浮物,4,有漂浮物,,,,,,,1.274595541589287e-07,9.375202640140452e-06,4.0089689191875075e-07,1.602149603051792e-05,0.9999720455766478,2.0293682355756775e-06
00999.jpg,3,4,有漂浮物,4,有漂浮物,,,,,,,6.595248020586022e-08,4.543557507352257e-05,3.00291146960177e-07,2.6060046599916297e-06,0.9999508244275793,7.677490599754428e-07
01000.jpg,3,4,有漂浮物,4,有漂浮物,,,,,,,4.4107886656811627e-07,0.00013922308440800552,3.5651811984107796e-06,0.00013986834633359973,0.999710942796717,5.95951247633122e-06
01005.jpg,3,4,有漂浮物,4,有漂浮物,,,,,,,1.4904535220945428e-06,2.8379563548191542e-05,1.7237947534536477e-05,0.00013783206542854182,0.9998122541448885,2.8058250780141226e-06
01009.jpg,3,4,有漂浮物,4,有漂浮物,,,,,,,4.0859805931881965e-07,2.510356633056352e-05,2.6902553145603028e-06,0.00014718985791581986,0.9998205107210342,4.097001345535226e-06
01014.jpg,3,4,有漂浮物,4,有漂浮物,,,,,,,1.0404378794361484e-06,2.623031045156645e-05,4.339778857579957e-06,1.482145242860054e-05,0.9999522030642165,1.3649561663869927e-06
01018.jpg,3,4,有漂浮物,4,有漂浮物,,,,,,,8.968363340953198e-08,8.03847813087867e-06,1.7855557619837128e-07,1.4625486498327752e-06,0.9999897759917845,4.5474222508347603e-07
01021.jpg,3,4,有漂浮物,4,有漂浮物,,,,,,,1.2145408360842997e-07,3.972849149173375e-06,2.0954035294334397e-07,1.8727787667360432e-05,0.9999761523296081,8.160391387405129e-07
01023.jpg,3,4,有漂浮物,4,有漂浮物,,,,,,,4.463723395694215e-08,7.232797022331409e-06,3.9067104248916837e-07,1.25206232222836e-05,0.9999788486006874,9.626707913239327e-07
01028.jpg,3,4,有漂浮物,4,有漂浮物,,,,,,,3.0729289066615737e-07,3.287034262533713e-05,6.283091677678044e-07,1.3517696211793856e-05,0.9999511373250521,1.5390340522713496e-06
01032.jpg,3,4,有漂浮物,4,有漂浮物,,,,,,,2.349621187418559e-07,6.541988950046685e-06,2.3396702391199263e-06,4.496313814972681e-06,0.9999855464646904,8.406001865328195e-07
01036.jpg,3,4,有漂浮物,4,有漂浮物,,,,,,,2.0454545733553473e-06,4.9717591591686614e-05,5.767073265819341e-06,0.00021982450727483496,0.9997100688533098,1.2576519984510378e-05
01038.jpg,3,4,有漂浮物,4,有漂浮物,,,,,,,8.830425106280559e-07,5.3314758666002245e-06,1.0469583256226272e-06,0.00015860251850679204,0.9998322141484147,1.9218563755722872e-06
01041.jpg,3,4,有漂浮物,4,有漂浮物,,,,,,,1.7080675166196144e-07,1.2815036348469245e-05,2.682073871026426e-07,1.0809661291382828e-05,0.9999747571488944,1.1791393269306412e-06
01045.jpg,3,4,有漂浮物,4,有漂浮物,,,,,,,4.5093824429263725e-07,2.8616060178975066e-05,1.2168638149932266e-06,3.2107111047121696e-05,0.9999347007845515,2.908242163114841e-06
01049.jpg,3,4,有漂浮物,4,有漂浮物,,,,,,,1.234789988050226e-07,5.384468406250981e-06,3.628094373644987e-07,3.398975755559245e-05,0.9999584562935272,1.683192074785591e-06
01055.jpg,3,4,有漂浮物,4,有漂浮物,,,,,,,3.6973875905475827e-07,3.0213546169131232e-06,4.967710757214549e-06,8.897493686746256e-05,0.9998966850979125,5.981161086811756e-06
01059.jpg,3,4,有漂浮物,4,有漂浮物,,,,,,,5.309640919440301e-07,1.4450409016624646e-06,5.567305090279305e-07,3.277554412822062e-05,0.999963203717535,1.4880028341952492e-06
01064.jpg,3,4,有漂浮物,4,有漂浮物,,,,,,,3.677703968443554e-05,1.3250824830830954e-05,6.193957321360683e-05,0.006554602325201291,0.9932895015283313,4.392870873840605e-05
01068.jpg,3,4,有漂浮物,4,有漂浮物,,,,,,,3.052070613022724e-06,1.7748958655116292e-06,2.4565412984685746e-06,0.00010825863465018365,0.9998792412480082,5.216609564659451e-06
01072.jpg,3,4,有漂浮物,4,有漂浮物,,,,,,,1.2546824123706159e-05,3.056304300773111e-05,2.4171662936509077e-05,1.2605682363508209e-05,0.9998920548055346,2.8057982033980955e-05
01078.jpg,3,4,有漂浮物,4,有漂浮物,,,,,,,0.00037501735268917263,6.73620085715137e-05,0.0003726311397778598,0.00012592360601278933,0.9979782239742695,0.0010808419186790384
01082.jpg,3,4,有漂浮物,4,有漂浮物,,,,,,,6.887997621853545e-05,0.00015415403149274224,0.00021108585703768275,0.000283612496182055,0.9955928760853662,0.0036893915537027826
01086.jpg,3,5,正常,4,有漂浮物,,,,,,,7.973333224330266e-06,3.884328125315309e-05,9.632358528791596e-05,6.179953682841708e-06,0.9998216024543494,2.9077392202424373e-05
01089.jpg,3,4,有漂浮物,4,有漂浮物,,,,,,,0.00017157792684823736,1.3981836562109191e-05,0.0013478718836570183,0.0003047464180121814,0.9981064568512138,5.536508370678085e-05
01090.jpg,3,4,有漂浮物,4,有漂浮物,,,,,,,0.0004075974339848479,2.7158967167808704e-05,0.0008969188405854504,0.00017581320581088887,0.998258914203344,0.00023359734910709154
01094.jpg,3,4,有漂浮物,4,有漂浮物,,,,,,,8.098373356694275e-05,8.876134142193763e-06,0.00012611667261456413,8.559606119191993e-06,0.9997688802294022,6.583624155047387e-06
01099.jpg,3,4,有漂浮物,4,有漂浮物,,,,,,,5.5266875909087376e-05,2.9161337419741606e-05,0.0003358105323670684,5.4720265181640553e-05,0.9995139916035936,1.1049385528918218e-05
01105.jpg,3,4,有漂浮物,4,有漂浮物,,,,,,,4.7629182991352676e-05,7.816212821212439e-05,0.0009087786313352713,8.798313710128305e-05,0.9988582599699419,1.9186950418063114e-05
01111.jpg,3,4,有漂浮物,4,有漂浮物,,,,,,,0.000479119339300613,0.00020275022195364876,0.0010168269673334364,0.0030776535695729236,0.9950613946912513,0.00016225521058790032
01117.jpg,3,4,有漂浮物,4,有漂浮物,,,,,,,0.000164021208093935,3.2699212291505365e-05,0.0006898081219872882,5.1296002881282335e-05,0.9985593848900081,0.0005027905647377372
01124.jpg,3,4,有漂浮物,4,有漂浮物,,,,,,,4.0514828408555504e-05,0.0007758920612593592,0.0006540027845253999,0.000963963408420627,0.997524595264657,4.103165272908664e-05
01130.jpg,3,4,有漂浮物,4,有漂浮物,,,,,,,6.016786650854925e-05,0.000163737842752767,8.61556368100086e-05,0.0001702022910652995,0.9994702847572323,4.9451605631065885e-05
01131.jpg,3,4,有漂浮物,4,有漂浮物,,,,,,,0.0007079546475713278,0.0006481407161765589,0.0006543195601242478,0.0023439066179273705,0.9950746233397081,0.0005710551184924513
01135.jpg,3,4,有漂浮物,4,有漂浮物,,,,,,,0.0003068094298752021,6.403236184033348e-05,0.00197293439978266,0.0005310575368303106,0.9970238356305253,0.00010133064114619982
01140.jpg,3,4,有漂浮物,4,有漂浮物,,,,,,,0.00031350646993809453,6.11378587390036e-05,0.002591660811902438,0.0002896581073976151,0.9964764564786188,0.0002675802734040795
01144.jpg,3,4,有漂浮物,4,有漂浮物,,,,,,,1.5430640574586258e-06,1.5472148109692212e-06,5.995944311069248e-06,7.653912669227315e-07,0.9999859226653043,4.225720249238891e-06
01151.jpg,3,4,有漂浮物,4,有漂浮物,,,,,,,2.5942148173883806e-06,6.301148752994582e-06,1.2266134649793777e-05,2.053080348972298e-06,0.999959751609572,1.703381185890361e-05
01152.jpg,3,4,有漂浮物,4,有漂浮物,,,,,,,3.646177095075149e-06,1.2221652199390542e-05,9.99154312234194e-06,1.3271634567180463e-06,0.9999641681101089,8.64535401760144e-06
01156.jpg,3,4,有漂浮物,4,有漂浮物,,,,,,,2.676509658040364e-06,6.565521163814492e-06,1.2464186538609715e-05,1.8232655480324576e-06,0.9999612635461881,1.5206970903370804e-05
01158.jpg,3,4,有漂浮物,4,有漂浮物,,,,,,,1.9134043455245596e-06,4.798869867412393e-06,7.534073677884513e-06,2.7248128462027843e-06,0.9999747138059022,8.315033360832112e-06
01162.jpg,3,4,有漂浮物,4,有漂浮物,,,,,,,9.18317557583378e-06,2.9470163849473454e-06,1.4323453556900277e-05,4.55176508052565e-06,0.9999602512081371,8.743381264439098e-06
01166.jpg,3,4,有漂浮物,4,有漂浮物,,,,,,,8.749011376117007e-06,8.514145723438785e-06,2.1554479284661232e-05,7.759663467845045e-06,0.9999406562917356,1.2766408412269276e-05
01170.jpg,3,4,有漂浮物,4,有漂浮物,,,,,,,2.751443072765307e-06,4.900943700953455e-06,6.559471613951224e-06,9.700167343771236e-07,0.999978347207358,6.470917519824256e-06
01175.jpg,3,4,有漂浮物,4,有漂浮物,,,,,,,2.746667423267466e-06,1.1594684518810061e-05,5.851287077628375e-07,2.0542977563046836e-05,0.9999625836123581,1.946929428965461e-06
01179.jpg,3,4,有漂浮物,4,有漂浮物,,,,,,,1.076190496181971e-05,7.170436372516476e-06,1.6884995144886683e-06,1.8262370215851535e-05,0.9999567756315257,5.34115740948357e-06
01184.jpg,3,4,有漂浮物,4,有漂浮物,,,,,,,0.00023839460660707827,7.35610348301399e-05,1.7575190373995453e-06,0.0021931012775770814,0.9974424124270773,5.077313487088703e-05
01188.jpg,3,4,有漂浮物,4,有漂浮物,,,,,,,3.833936043312412e-05,7.838761158430303e-07,2.336654467274129e-07,1.2274862124943495e-05,0.9999483396773954,2.8558484146528536e-08
01192.jpg,3,4,有漂浮物,4,有漂浮物,,,,,,,6.069182051726465e-05,4.0427068058748605e-07,1.0164391299359586e-07,3.736771721812138e-05,0.9999014153895086,1.915816240801925e-08
01196.jpg,3,4,有漂浮物,4,有漂浮物,,,,,,,0.000424850202093123,9.870267634817327e-07,1.4331562727164774e-07,0.00010201475084186113,0.9994718354176335,1.6928704074939454e-07
01198.jpg,3,4,有漂浮物,4,有漂浮物,,,,,,,0.000752911263568088,9.164111681151766e-06,1.1377443458463229e-06,7.452984018908781e-05,0.9991618543119735,4.0272824239284137e-07
01202.jpg,3,4,有漂浮物,4,有漂浮物,,,,,,,6.649574923061756e-05,1.0143052681269599e-06,4.174429576136341e-07,0.00023371342800721518,0.9996981498176857,2.0925685059787092e-07
01206.jpg,3,4,有漂浮物,4,有漂浮物,,,,,,,8.189170789369843e-05,2.1489961352607148e-06,1.5504101864974325e-07,0.00017415903141840128,0.9997415152673166,1.2995621740923353e-07
01212.jpg,3,4,有漂浮物,4,有漂浮物,,,,,,,7.474052618499669e-05,0.00011989400984451095,2.236386669777678e-06,7.437085245095877e-05,0.9997220543557088,6.703869141023761e-06
01218.jpg,3,4,有漂浮物,4,有漂浮物,,,,,,,2.6741735008544293e-05,1.5936339178080785e-05,1.486437378451504e-05,7.320097585277286e-05,0.9998616865728909,7.570003285247647e-06
01224.jpg,3,4,有漂浮物,4,有漂浮物,,,,,,,0.0009946691470559214,5.190675564947351e-05,0.0014749900497245095,0.00011899021187120774,0.9973371603231156,2.2283512583334898e-05
01231.jpg,3,4,有漂浮物,4,有漂浮物,,,,,,,0.0002779669188772919,5.621130575580727e-05,0.0006010478764710759,0.00018476772481526858,0.9988212845781542,5.8721595926292005e-05
01233.jpg,3,4,有漂浮物,4,有漂浮物,,,,,,,0.0004916955673038027,5.589735539476508e-05,0.0009833246625660158,0.00016241568764123308,0.9982425963790428,6.40703480514186e-05
01238.jpg,3,4,有漂浮物,4,有漂浮物,,,,,,,0.0001593244377460233,0.0002283854779400148,0.0009025274460188824,0.00045923686500170017,0.9981787244508934,7.180132240004042e-05
01242.jpg,3,4,有漂浮物,4,有漂浮物,,,,,,,0.002461590524572912,0.001351957647490637,0.006947200565518944,0.0007224018569730264,0.9882147989906767,0.00030205041476765685
02046.jpg,3,3,乱占,3,乱占,,,,,,,0.009351547483070578,0.0011576625767738622,0.00564255107620524,0.9660634779840575,0.017481121392847444,0.0003036394870456634
02051.jpg,3,3,乱占,3,乱占,,,,,,,0.0017571744747641896,5.870652289671399e-05,0.0001214947420148369,0.9967374870998894,0.0010988548654943973,0.0002262822949404715
02052.jpg,3,0,乱采,0,乱采,,,,,,,0.9896445202352722,1.5737898551359704e-05,0.003898508036361069,0.0004527460105073311,0.0059554620648424005,3.30257544653314e-05
02058.jpg,3,3,乱占,3,乱占,,,,,,,0.006621688964258688,0.000433747460239527,0.0019097489265416947,0.9711391806173922,0.013750050901009555,0.00614558313055829
02062.jpg,3,3,乱占,4,有漂浮物,,,,,,,1.1267315650799727e-05,0.0004047716141831102,9.226069966399182e-07,0.019411014997671172,0.9801617054395632,1.0318025935064624e-05
02066.jpg,3,0,乱采,0,乱采,,,,,,,0.9957576988864134,8.544428494296392e-05,0.00095209082818506,0.0007037649074322665,0.0020979175416739374,0.00040308355135236116
02070.jpg,3,0,乱采,0,乱采,,,,,,,0.9922100086151586,2.868463158613543e-05,5.2803531357011995e-05,0.0072921668662725685,0.00021324686778172237,0.0002030894878439618
02074.jpg,3,3,乱占,3,乱占,,,,,,,0.00019885044352402833,0.00042194108487648486,0.0002646398856527253,0.9153564465928503,0.0832092202710621,0.0005489017220342757
02078.jpg,3,3,乱占,3,乱占,,,,,,,0.007581992569847013,4.300622551294634e-05,0.00017821176894520583,0.8801192119810678,0.11142859528356358,0.0006489821710634883
02082.jpg,3,3,乱占,3,乱占,,,,,,,0.002509494958977915,0.0015599882930212436,0.004679422287687298,0.740835149472532,0.23906415104660636,0.011351793941175204
02084.jpg,3,3,乱占,3,乱占,,,,,,,0.005265776524285187,0.0019958018271827443,0.05747813399648489,0.9318655302845302,0.0029390617364770046,0.0004556956310398591
02089.jpg,3,3,乱占,4,有漂浮物,,,,,,,0.0005437991423272476,0.0013181936679478121,3.0157882373760746e-06,0.003937808869111469,0.9941831079195118,1.4074612864272877e-05
02093.jpg,3,0,乱采,0,乱采,,,,,,,0.8923928764110967,0.003686556435918481,0.027383853030059156,0.03657574842547721,0.038890497983448055,0.0010704677140004777
02097.jpg,3,2,乱堆,2,乱堆,,,,,,,0.0002438584974134631,4.79925984288496e-05,0.9978699818979886,5.2108938159583774e-05,0.0013552197927766778,0.0004308382752325478
02103.jpg,3,2,乱堆,2,乱堆,,,,,,,0.005587447933272514,0.000273657880096047,0.9592834097115949,0.0034884742631612385,0.007949315884293928,0.023417694327581617
02107.jpg,3,2,乱堆,2,乱堆,,,,,,,0.003785354021040907,0.0001411746277025203,0.9803689685591986,0.0007651259858252794,0.0004311960970654471,0.014508180709167292
02109.jpg,3,2,乱堆,2,乱堆,,,,,,,0.0018203550157603453,0.0001190133959528935,0.9711194796765862,0.00038217806790420515,0.000685956064218396,0.025873017779578244
02113.jpg,3,3,乱占,3,乱占,,,,,,,0.00011998048029868709,6.991842567280848e-06,3.5260075379824438e-06,0.9998010959650905,5.5671311057827434e-05,1.2734393447700408e-05
02117.jpg,3,3,乱占,3,乱占,,,,,,,0.0005319988446998749,2.420805088881359e-05,8.887208880480671e-06,0.9905523437945087,0.00882845849410028,5.410360692193716e-05
02122.jpg,3,2,乱堆,2,乱堆,,,,,,,0.1442015293941328,0.002364789894913019,0.6415463719162889,0.03855389981261005,0.1652732742668804,0.008060134715174897
02126.jpg,3,0,乱采,0,乱采,,,,,,,0.976303541805715,0.0003366078929892569,0.014630678892097387,0.0001781763121103206,0.007974705994847339,0.000576289102240651
02128.jpg,3,3,乱占,3,乱占,,,,,,,0.020151785963147716,0.00401779887570679,0.027151719035410866,0.7906677983416686,0.15525472426281833,0.002756173521247844
02133.jpg,3,3,乱占,3,乱占,,,,,,,0.00030652162244895883,0.00015013807595143675,0.0001927885730357409,0.9990629540699602,0.00022253086319426568,6.506679540957842e-05
02137.jpg,3,3,乱占,3,乱占,,,,,,,0.0063991620061246614,0.00010449589644706276,0.0001924831493488522,0.9089877129687399,0.08365059140843624,0.0006655545709033848
02141.jpg,3,2,乱堆,2,乱堆,,,,,,,0.0006402873071266269,2.5811159258153253e-05,0.9842480777880035,9.15605365819739e-06,0.015048099506739465,2.8568185214055906e-05
02145.jpg,3,3,乱占,3,乱占,,,,,,,0.0007138730074855766,0.0005443556958750419,0.001229356701333143,0.9940896612292036,0.002343274277502536,0.001079479088600164
02149.jpg,3,3,乱占,3,乱占,,,,,,,0.00426004985445371,0.0004972851093424408,0.00045613243233031677,0.991937179802465,0.0025195786632478735,0.0003297741381605112
02489.jpg,3,1,乱建,1,乱建,,,,,,,0.00045660134349979,0.5096453838944859,0.01096522844891699,0.005796844774868502,0.45669328271557785,0.01644265882265101
